P	有中国特色的社会主义	yǒu zhōng guó tè shǎi de shè huì zhǔ yì
P	一尺水翻腾做一丈波	yī chǐ shuǐ fān téng zuò yī zhàng bō
P	一尺水翻腾做百丈波	yī chǐ shuǐ fān téng zuò bǎi zhàng bō
P	做一天和尚撞一天钟	zuò yī tiān hé shàng zhuàng yī tiān zhōng
P	做一日和尚撞一天钟	zuò yī rì hé shàng zhuàng yī tiān zhōng
P	做一日和尚撞一日钟	zuò yī rì hé shàng zhuàng yī rì zhōng
P	当一天和尚撞一天钟	dāng yì tiān hé shàng zhuàng yì tiān zhōng
P	搬起石头打自己的脚	bān qǐ shí tóu dǎ zì jǐ de jiǎo
P	桨声灯影里的秦淮河	jiǎng shēng dēng yǐng lǐ de qín huái hé
P	一把钥匙开一把锁	yī bǎ yào shi kāi yī bǎ suǒ
P	一文钱难倒英雄汉	yī wén qián nán dǎo yīng xióng hàn
P	不知人间有羞耻事	bù zhī rén jiān yǒu xiū chǐ shì
P	不识人间有羞耻事	bù shí rén jiān yǒu xiū chǐ shì
P	丑媳妇总得见公婆	chǒu xí fù zǒng de jiàn gōng pó
P	世界大学生运动会	shì jiè dà xué shēng yùn dòng huì
P	中国国际广播电台	zhōng guó guó jì guǎng bō diàn tái
P	中国科学技术大学	zhōng guó kē xué jì shù dà xué
P	全国人民代表大会	quán guó rén mín dài biǎo dà huì
P	冠状动脉血栓形成	guān zhuàng dòng mài xuè shuān xíng chéng
P	吃着碗里瞧着锅里	chī zhe wǎn lǐ qiáo zhe guō lǐ
P	和平共处五项原则	hé píng gòng chǔ wǔ xiàng yuán zé
P	国际复兴开发银行	guó jì fù xīng kāi fā yín háng
P	多一事不如少一事	duō yī shì bù rú shǎo yī shì
P	多一事不如省一事	duō yī shì bù rú shěng yī shì
P	家家有本难念的经	jiā jiā yǒu běn nán niàn de jīng
P	巧妇难为无米之炊	qiǎo fù nán wéi wú mǐ zhī chuī
P	差之毫厘失之千里	chā zhī háo lí shī zhī qiān lǐ
P	急惊风撞着慢郎中	jí jīng fēng zhuàng zhe màn láng zhōng
P	新疆维吾尔自治区	xīn jiāng wéi wú ěr zì zhì qū
P	无面目见江东父老	wú miàn mù jiàn jiāng dōng fù lǎo
P	旧的不去新的不来	jiù de bù qù xīn de bù lái
P	死诸葛吓走生仲达	sǐ zhū gé xià zǒu shēng zhòng dá
P	死诸葛能走生仲达	sǐ zhū gé néng zǒu shēng zhòng dá
P	燕雀安知鸿鹄之志	yàn què ān zhī hóng hú zhī zhì
P	狗口里吐不出象牙	gǒu kǒu lǐ tǔ bù chū xiàng yá
P	狗口里生不出象牙	gǒu kǒu lǐ shēng bù chū xiàng yá
P	狗嘴里吐不出象牙	gǒu zuǐ lǐ tǔ bù chū xiàng yá
P	癞蛤蟆想吃天鹅肉	lài há ma xiǎng chī tiān é ròu
P	百尺竿头更进一步	bǎi chǐ gān tóu gèng jìn yī bù
P	知其不可为而为之	zhī qí bù kě wéi ér wéi zhī
P	蝇附骥尾而致千里	yíng fù jì wěi ér zhì qiān lǐ
P	行百里者半于九十	xíng bǎi lǐ zhě bàn yú jiǔ shí
P	跑了和尚跑不了寺	pǎo le hé shàng pǎo bù le sì
P	跑了和尚跑不了庙	pǎo le hé shàng pǎo bù le miào
P	阿拉伯联合酋长国	ā lā bó lián hé qiú zhǎng guó
P	一个巴掌拍不响	yī gè bā zhǎng pāi bù xiǎng
P	一个萝卜一个坑	yī gè luó bo yī gè kēng
P	一人做事一人当	yì rén zuò shì yì rén dāng
P	一口吸尽西江水	yī kǒu xī jìn xī jiāng shuǐ
P	一叶落知天下秋	yī yè luò zhī tiān xià qiū
P	一块石头落了地	yī kuài shí tou luò le dì
P	一朝天子一朝臣	yī cháo tiān zǐ yī cháo chén
P	一波才动万波随	yī bō cái dòng wàn bō suí
P	一钱不落虚空地	yī qián bù luò xū kōng dì
P	七次量衣一次裁	qī cì liáng yī yī cì cái
P	万丈高楼平地起	wàn zhàng gāo lóu píng dì qǐ
P	三句话不离本行	sān jù huà bù lí běn háng
P	三过其门而不入	sān guò qí mén ér bù rù
P	上梁不正下梁歪	shàng liáng bù zhèng xià liáng wāi
P	不为五斗米折腰	bù wèi wǔ dǒu mǐ zhé yāo
P	不以一眚掩大德	bù yǐ yī shěng yǎn dà dé
P	不到长城非好汉	bú dào cháng chéng fēi hǎo hàn
P	不到黄河心不死	bù dào huáng hé xīn bù sǐ
P	不念僧面念佛面	bù niàn sēng miàn niàn fó miàn
P	不敢越雷池一步	bù gǎn yuè léi chí yī bù
P	不是冤家不聚头	bù shì yuān jiā bù jù tóu
P	不看僧面看佛面	bù kàn sēng miàn kàn fó miàn
P	不管三七二十一	bù guǎn sān qī èr shí yī
P	不能登大雅之堂	bù néng dēng dà yǎ zhī táng
P	不见棺材不下泪	bù jiàn guān cái bù xià lèi
P	不见棺材不落泪	bù jiàn guān cái bù luò lèi
P	不识庐山真面目	bù shí lú shān zhēn miàn mù
P	东南亚国家联盟	dōng nán yà guó jiā lián méng
P	东方不亮西方亮	dōng fāng bù liàng xī fāng liàng
P	丢下耙儿弄扫帚	diū xià pá er nòng sào zhǒu
P	中华人民共和国	zhōng huá rén mín gòng hé guó
P	中国人民解放军	zhōng guó rén mín jiě fàng jūn
P	中国农工民主党	zhōng guó nóng gōng mín zhǔ dǎng
P	中国民主促进会	zhōng guó mín zhǔ cù jìn huì
P	二万五千里长征	èr wàn wǔ qiān lǐ cháng zhēng
P	五一国际劳动节	wǔ yī guó jì láo dòng jié
P	人心不足蛇吞象	rén xīn bù zú shé tūn xiàng
P	人民英雄纪念碑	rén mín yīng xióng jì niàn bēi
P	人生何处不相逢	rén shēng hé chù bù xiāng féng
P	人生自古谁无死	rén shēng zì gǔ shéi wú sǐ
P	今日有酒今日醉	jīn rì yǒu jiǔ jīn rì zuì
P	今朝有酒今朝醉	jīn zhāo yǒu jiǔ jīn zhāo zuì
P	众人拾柴火焰高	zhòng rén shí chái huǒ yàn gāo
P	偷鸡不着蚀把米	tōu jī bù zhe shí bǎ mǐ
P	兔子不吃窝边草	tù zi bù chī wō biān cǎo
P	八千里路云和月	bā qiān lǐ lù yún hé yuè
P	八字还没有一撇	bā zì hái méi yǒu yī piě
P	六一国际儿童节	liù yī guó jì ér tóng jié
P	共产主义青年团	gòng chǎn zhǔ yì qīng nián tuán
P	兵在精而不在多	bīng zài jīng ér bù zài duō
P	冒天下之大不韪	mào tiān xià zhī dà bù wěi
P	初生之犊不惧虎	chū shēng zhī dú bù jù hǔ
P	初生之犊不畏虎	chū shēng zhī dú bù wèi hǔ
P	初生牛犊不怕虎	chū shēng niú dú bù pà hǔ
P	勿谓言之不预也	wù wèi yán zhī bù yù yě
P	千日打柴一日烧	qiān rì dǎ chái yī rì shāo
P	半部论语治天下	bàn bù lún yǔ zhì tiān xià
P	占着茅坑不拉屎	zhān zhe máo kēng bù lā shǐ
P	只重衣衫不重人	zhǐ zhòng yī shān bù zhòng rén
P	各人自扫门前雪	gè rén zì sǎo mén qián xuě
P	吕端大事不糊涂	lǚ duān dà shì bù hú tú
P	含着骨头露着肉	hán zhe gǔ tóu lù zhe ròu
P	听其言而观其行	tīng qí yán ér guān qí xíng
P	咬人狗儿不露齿	yǎo rén gǒu ér bù lòu chǐ
P	四海之内皆兄弟	sì hǎi zhī nèi jiē xiōng dì
P	夏虫不可以语冰	xià chóng bù kě yǐ yǔ bīng
P	多米尼加共和国	duō mǐ ní jiā gòng hé guó
P	多行不义必自毙	duō xíng bù yì bì zì bì
P	失败为成功之母	shī bài wéi chéng gōng zhī mǔ
P	奥林匹克运动会	ào lín pǐ kè yùn dòng huì
P	好了疮疤忘了痛	hǎo le chuāng bā wàng le tòng
P	好女不穿嫁时衣	hǎo nǚ bù chuān jià shí yī
P	好心做了驴肝肺	hǎo xīn zuò le lǘ gān fèi
P	好汉不吃眼前亏	hǎo hàn bù chī yǎn qián kuī
P	宰相肚里好撑船	zǎi xiàng dù lǐ hǎo chēng chuán
P	小不忍则乱大谋	xiǎo bù rěn zé luàn dà móu
P	尽信书不如无书	jìn xìn shū bù rú wú shū
P	山雨欲来风满楼	shān yǔ yù lái fēng mǎn lóu
P	带着铃铛去做贼	dài zhe líng dāng qù zuò zéi
P	强中更有强中手	qiáng zhōng gèng yǒu qiáng zhōng shǒu
P	强中自有强中手	qiáng zhōng zì yǒu qiáng zhōng shǒu
P	强将手下无弱兵	qiáng jiàng shǒu xià wú ruò bīng
P	强龙不压地头蛇	qiáng lóng bù yā dì tóu shé
P	当面输心背面笑	dāng miàn shū xīn bèi miàn xiào
P	得饶人处且饶人	dé ráo rén chù qiě ráo rén
P	心有余而力不足	xīn yǒu yú ér lì bù zú
P	心有灵犀一点通	xīn yǒu líng xī yī diǎn tōng
P	心病还须心药医	xīn bìng hái xū xīn yào yī
P	恶语伤人六月寒	è yǔ shāng rén liù yuè hán
P	成也萧何败萧何	chéng yě xiāo hé bài xiāo hé
P	打开天窗说亮话	dǎ kāi tiān chuāng shuō liàng huà
P	打破沙锅问到底	dǎ pò shā guō wèn dào dǐ
P	打破砂锅问到底	dǎ pò shā guō wèn dào dǐ
P	拔了萝卜地皮宽	bá le luó bo dì pí kuān
P	挑得篮里便是菜	tiǎo dé lán lǐ biàn shì cài
P	挟天子以令天下	xié tiān zǐ yǐ lìng tiān xià
P	挟天子以令诸侯	xié tiān zǐ yǐ lìng zhū hóu
P	敬酒不吃吃罚酒	jìng jiǔ bù chī chī fá jiǔ
P	新官上任三把火	xīn guān shàng rèn sān bǎ huǒ
P	无事不登三宝殿	wú shì bù dēng sān bǎo diàn
P	无可奈何花落去	wú kě nài hé huā luò qù
P	春蚕到死丝方尽	chūn cán dào sǐ sī fāng jìn
P	是非只为多开口	shì fēi zhǐ wèi duō kāi kǒu
P	有一利必有一弊	yǒu yī lì bì yǒu yī bì
P	有其父必有其子	yǒu qí fù bì yǒu qí zǐ
P	有缘千里来相会	yǒu yuán qiān lǐ lái xiāng huì
P	有过之而无不及	yǒu guò zhī ér wú bù jí
P	有钱能使鬼推磨	yǒu qián néng shǐ guǐ tuī mò
P	朝里无人莫做官	cháo lǐ wú rén mò zuò guān
P	朝闻道夕死可矣	zhāo wén dào xī sǐ kě yǐ
P	条条大路通罗马	tiáo tiáo dà lù tōng luó mǎ
P	来而不往非礼也	lái ér bù wǎng fēi lǐ yě
P	树欲息而风不停	shù yù xī ér fēng bù tíng
P	树欲静而风不停	shù yù jìng ér fēng bù tíng
P	树欲静而风不宁	shù yù jìng ér fēng bù níng
P	树欲静而风不止	shù yù jìng ér fēng bù zhǐ
P	横挑鼻子竖挑眼	héng tiāo bí zi shù tiāo yǎn
P	横眉冷对千夫指	héng méi lěng duì qiān fū zhǐ
P	此地无银三百两	cǐ dì wú yín sān bǎi liǎng
P	浪子回头金不换	làng zǐ huí tóu jīn bù huàn
P	清官能断家务事	qīng guān néng duàn jiā wù shì
P	清官难断家务事	qīng guān nán duàn jiā wù shì
P	燕雀安知鸿鹄志	yàn què ān zhī hóng hú zhì
P	燕雀岂知雕鹗志	yàn què qǐ zhī diāo è zhì
P	牛不喝水强按头	niú bù hē shuǐ qiǎng àn tóu
P	牵一发而动全身	qiān yī fà ér dòng quán shēn
P	狗嘴吐不出象牙	gǒu zuǐ tǔ bù chū xiàng yá
P	王顾左右而言他	wáng gù zuǒ yòu ér yán tā
P	男儿有泪不轻弹	nán ér yǒu lèi bù qīng tán
P	画虎不成反类犬	huà hǔ bù chéng fǎn lèi quǎn
P	画虎不成反类狗	huà hǔ bù chéng fǎn lèi gǒu
P	画虎画皮难画骨	huà hǔ huà pí nán huà gǔ
P	画龙不成反为狗	huà lóng bù chéng fǎn wéi gǒu
P	留取丹心照汗青	liú qǔ dān xīn zhào hàn qīng
P	皇天不负苦心人	huáng tiān bù fù kǔ xīn rén
P	眉毛胡子一把抓	méi máo hú zi yī bǎ zhuā
P	知人知面不知心	zhī rén zhī miàn bù zhī xīn
P	知其一不知其二	zhī qí yī bù zhī qí èr
P	磨刀不误砍柴工	mó dāo bù wù kǎn chái gōng
P	神龙见首不见尾	shén lóng jiàn shǒu bù jiàn wěi
P	秤砣虽小压千斤	chèng tuó suī xiǎo yā qiān jīn
P	竹篮打水一场空	zhú lán dǎ shuǐ yī cháng kōng
P	第一次世界大战	dì yí cì shì jiè dà zhàn
P	糟糠之妻不下堂	zāo kāng zhī qī bù xià táng
P	置之死地而后快	zhì zhī sǐ dì ér hòu kuài
P	置之死地而后生	zhì zhī sǐ dì ér hòu shēng
P	羊毛出在羊身上	yáng máo chū zài yáng shēn shàng
P	老而不死是为贼	lǎo ér bù sǐ shì wéi zéi
P	老虎头上扑苍蝇	lǎo hǔ tóu shàng pū cāng yíng
P	老虎屁股摸不得	lǎo hǔ pì gǔ mō bù dé
P	聪明反被聪明误	cōng míng fǎn bèi cōng míng wù
P	胜败乃兵家常事	shèng bài nǎi bīng jiā cháng shì
P	胳膊拧不过大腿	gē bó nǐng bù guò dà tuǐ
P	船到桥门自会直	chuán dào qiáo mén zì huì zhí
P	英雄无用武之地	yīng xióng wú yòng wǔ zhī dì
P	行百里者半九十	xíng bǎi lǐ zhě bàn jiǔ shí
P	见其一未见其二	jiàn qí yī wèi jiàn qí èr
P	解铃还是系铃人	jiě líng hái shì xì líng rén
P	解铃还需系铃人	jiě líng hái xū xì líng rén
P	解铃还须系铃人	jiě líng hái xū xì líng rén
P	解铃须用系铃人	jiě líng xū yòng xì líng rén
P	识二五而不知十	shí èr wǔ ér bù zhī shí
P	识时务者为俊杰	shí shí wù zhě wéi jùn jié
P	赔了夫人又折兵	péi le fū rén yòu zhé bīng
P	起死人而肉白骨	qǐ sǐ rén ér ròu bái gǔ
P	跳到黄河洗不清	tiào dào huáng hé xǐ bù qīng
P	跳在黄河洗不清	tiào zài huáng hé xǐ bù qīng
P	跳进黄河洗不清	tiào jìn huáng hé xǐ bù qīng
P	车到山前必有路	chē dào shān qián bì yǒu lù
P	近水楼台先得月	jìn shuǐ lóu tái xiān dé yuè
P	这山望着那山高	zhè shān wàng zhe nà shān gāo
P	远来和尚好看经	yuǎn lái hé shàng hǎo kàn jīng
P	远水救不了近火	yuǎn shuǐ jiù bù liǎo jìn huǒ
P	远水救不得近火	yuǎn shuǐ jiù bù dé jìn huǒ
P	远水解不了近渴	yuǎn shuǐ jiě bù liǎo jìn kě
P	道不同不相为谋	dào bù tóng bù xiāng wéi móu
P	酒逢知己千杯少	jiǔ féng zhī jǐ qiān bēi shǎo
P	醉翁之意不在酒	zuì wēng zhī yì bù zài jiǔ
P	长江后浪推前浪	cháng jiāng hòu làng tuī qián làng
P	闭塞眼睛捉麻雀	bì sè yǎn jīng zhuō má què
P	饱人不知饿人饥	bǎo rén bù zhī è rén jī
P	饱汉不知饿汉饥	bǎo hàn bù zhī è hàn jī
P	马克思列宁主义	mǎ kè sī liè níng zhǔ yì
P	高分子功能材料	gāo fēn zǐ gōng néng cái liào
P	黑云压城城欲摧	hēi yún yā chéng chéng yù cuī
P	一代不如一代	yī dài bù rú yī dài
P	一动不如一静	yī dòng bù rú yī jìng
P	一十八层地狱	yī shí bā céng dì yù
P	一块石头落地	yī kuài shí tóu luò dì
P	一客不烦二主	yī kè bù fán èr zhǔ
P	一尺水十丈波	yī chǐ shuǐ shí zhàng bō
P	一山不藏二虎	yī shān bù cáng èr hǔ
P	一床锦被遮盖	yī chuáng jǐn bèi zhē gài
P	一步一个脚印	yī bù yī gè jiǎo yìn
P	一派胡言乱语	yí pài hú yán luàn yǔ
P	一竿子插到底	yī gān zi chā dào dǐ
P	一蟹不如一蟹	yī xiè bù rú yī xiè
P	万变不离其宗	wàn biàn bù lí qí zōng
P	万夫不当之勇	wàn fū bù dāng zhī yǒng
P	三句不离本行	sān jù bù lí běn háng
P	三寸不烂之舌	sān cùn bù làn zhī shé
P	三折肱为良医	sān zhé gōng wéi liáng yī
P	三拳不敌四手	sān quán bù dí sì shǒu
P	三月不知肉味	sān yuè bù zhī ròu wèi
P	上气不接下气	shàng qì bù jiē xià qì
P	不为名不为利	bù wéi míng bù wéi lì
P	不值识者一笑	bù zhí shí zhě yí xiào
P	不分青红皂白	bù fēn qīng hóng zào bái
P	不受欢迎的人	bù shòu huān yíng de rén
P	不可同日而语	bù kě tóng rì ér yǔ
P	不得已而为之	bù dé yǐ ér wéi zhī
P	不得已而用之	bù dé yǐ ér yòng zhī
P	不惜一切代价	bù xī yí qiè dài jià
P	不敢为天下先	bù gǎn wéi tiān xià xiān
P	不法古不修今	bù fǎ gǔ bù xiū jīn
P	不登大雅之堂	bù dēng dà yǎ zhī táng
P	不知天高地厚	bù zhī tiān gāo dì hòu
P	不知老之将至	bù zhī lǎo zhī jiāng zhì
P	不费吹灰之力	bù fèi chuī huī zhī lì
P	不足为外人道	bù zú wéi wài rén dào
P	不问事实真相	bú wèn shì shí zhēn xiàng
P	不问年龄大小	bú wèn nián líng dà xiǎo
P	不问是非曲直	bú wèn shì fēi qū zhí
P	不问青红皂白	bù wèn qīng hóng zào bái
P	东风压倒西风	dōng fēng yā dǎo xī fēng
P	中国农业银行	zhōng guó nóng yè yín háng
P	中国工农红军	zhōng guó gōng nóng hóng jūn
P	中国民主同盟	zhōng guó mín zhǔ tóng méng
P	中文信息处理	zhōng wén xìn xī chǔ lǐ
P	丹之所藏者赤	dān zhī suǒ cáng zhě chì
P	为五斗米折腰	wèi wǔ dǒu mǐ zhé yāo
P	主观唯心主义	zhǔ guān wéi xīn zhǔ yì
P	乌头白马生角	wū tóu bái mǎ shēng jiǎo
P	九鼎不足为重	jiǔ dǐng bù zú wéi zhòng
P	二者不可得兼	èr zhě bù kě dé jiān
P	井水不犯河水	jǐng shuǐ bù fàn hé shuǐ
P	人不可以貌相	rén bù kě yǐ mào xiàng
P	人不知鬼不觉	rén bù zhī guǐ bù jué
P	人人得而诛之	rén rén dé ér zhū zhī
P	人民代表大会	rén mín dài biǎo dà huì
P	人民内部矛盾	rén mín nèi bù máo dùn
P	人造地球卫星	rén zào dì qiú wèi xīng
P	以天下为己任	yǐ tiān xià wéi jǐ rèn
P	传闻不如亲见	chuán wén bù rú qīn jiàn
P	伸手不见五指	shēn shǒu bù jiàn wǔ zhǐ
P	何其相似乃尔	hé qí xiāng sì nǎi ěr
P	使出浑身解数	shǐ chū hún shēn xiè shù
P	使功不如使过	shǐ gōng bù rú shǐ guò
P	倒抽一口冷气	dào chōu yì kǒu lěng qì
P	入宝山而空回	rù bǎo shān ér kōng huí
P	全球定位系统	quán qiú dìng wèi xì tǒng
P	八字没见一撇	bā zì méi jiàn yī piě
P	八竿子打不着	bā gān zǐ dǎ bù zháo
P	共产主义社会	gòng chǎn zhǔ yì shè huì
P	共产主义道德	gòng chǎn zhǔ yì dào dé
P	冠状动脉硬化	guān zhuàng dòng mài yìng huà
P	冠状动脉阻塞	guān zhuàng dòng mài zǔ sè
P	几十年如一日	jǐ shí nián rú yí rì
P	出污泥而不染	chū wū ní ér bù rǎn
P	出淤泥而不染	chū yū ní ér bù rǎn
P	前言不搭后语	qián yán bù dā hòu yǔ
P	动脉粥样硬化	dòng mài zhōu yàng yìng huà
P	勿谓言之不预	wù wèi yán zhī bù yù
P	化干戈为玉帛	huà gān gē wéi yù bó
P	化腐朽为神奇	huà fǔ xiǔ wéi shén qí
P	北京医科大学	běi jīng yī kē dà xué
P	北京师范大学	běi jīng shī fàn dà xué
P	北京林业大学	běi jīng lín yè dà xué
P	北京理工大学	běi jīng lǐ gōng dà xué
P	北京科技大学	běi jīng kē jì dà xué
P	北方交通大学	běi fāng jiāo tōng dà xué
P	千闻不如一见	qiān wén bù rú yī jiàn
P	卑之无甚高论	bēi zhī wú shèn gāo lùn
P	危急存亡之秋	wēi jí cún wáng zhī qiū
P	反其道而行之	fǎn qí dào ér xíng zhī
P	发昏章第十一	fā hūn zhāng dì shí yī
P	口惠而实不至	kǒu huì ér shí bù zhì
P	可望而不可即	kě wàng ér bù kě jí
P	可望而不可及	kě wàng ér bù kě jí
P	吃不了兜着走	chī bù liǎo dōu zhe zǒu
P	吃人不吐骨头	chī rén bù tǔ gú tou
P	吉人自有天相	jí rén zì yǒu tiān xiàng
P	听见风就是雨	tīng jiàn fēng jiù shì yǔ
P	呒虾米输入法	wǔ xiā mǐ shū rù fǎ
P	哀莫大于心死	āi mò dà yú xīn sǐ
P	唯恐天下不乱	wéi kǒng tiān xià bú luàn
P	唵嘛呢叭咪吽	ǎn ma ne ba mī hōng
P	善为士者不武	shàn wéi shì zhě bù wǔ
P	嗔拳不打笑面	chēn quán bù dǎ xiào miàn
P	国家资本主义	guó jiā zī běn zhǔ yì
P	圣人不为而成	shèng rén bù wéi ér chéng
P	地方民族主义	dì fāng mín zú zhǔ yì
P	地球资源卫星	dì qiú zī yuán wèi xīng
P	地理信息系统	dì lǐ xìn xī xì tǒng
P	士为知己者死	shì wèi zhī jǐ zhě sǐ
P	士可杀不可辱	shì kě shā bù kě rǔ
P	处于昏睡状态	chǔ yú hūn shuì zhuàng tài
P	处于昏迷状态	chǔ yú hūn mí zhuàng tài
P	大开方便之门	dà kāi fāng biàn zhī mén
P	大连理工大学	dà lián lǐ gōng dà xué
P	天时地利人和	tiān shí dì lì rén hé
P	天有不测风云	tiān yǒu bù cè fēng yún
P	太岁头上动土	tài suì tóu shàng dòng tǔ
P	如堕五里雾中	rú duò wǔ lǐ wù zhōng
P	客观唯心主义	kè guān wéi xīn zhǔ yì
P	家丑不可外扬	jiā chǒu bù kě wài yáng
P	家丑不可外谈	jiā chǒu bù kě wài tán
P	岌岌不可终日	jí jí bù kě zhōng rì
P	差人去请医生	chāi rén qù qǐng yī shēng
P	强不知以为知	qiǎng bù zhī yǐ wéi zhī
P	强扭的瓜不甜	qiáng niǔ de guā bù tián
P	当面锣对面鼓	dāng miàn luó duì miàn gǔ
P	彼一时此一时	bǐ yì shí cǐ yì shí
P	忙得不亦乐乎	máng de bú yì lè hū
P	恭敬不如从命	gōng jìng bù rú cóng mìng
P	惊天地泣鬼神	jīng tiān dì qì guǐ shén
P	惶惶不可终日	huáng huáng bù kě zhōng rì
P	打肿脸充胖子	dǎ zhǒng liǎn chōng pàng zi
P	拆东墙补西墙	chāi dōng qiáng bǔ xī qiáng
P	拉大旗作虎皮	lā dà qí zuò hǔ pí
P	拨云雾见青天	bō yún wù jiàn qīng tiān
P	挂羊头卖狗肉	guà yáng tóu mài gǒu ròu
P	损有余补不足	sǔn yǒu yú bǔ bù zú
P	捷雷不及掩耳	jié léi bù jí yǎn ěr
P	掷地作金石声	zhì dì zuò jīn shí shēng
P	摸着石头过河	mō zhe shí tou guò hé
P	放射性同位素	fàng shè xìng tóng wèi sù
P	放长线钓大鱼	fàng cháng xiàn diào dà yú
P	政治体制改革	zhèng zhì tǐ zhì gǎi gé
P	政治协商会议	zhèng zhì xié shāng huì yì
P	救寒莫如重裘	jiù hán mò rú chóng qiú
P	敢怒而不敢言	gǎn nù ér bù gǎn yán
P	敢怨而不敢言	gǎn yuàn ér bù gǎn yán
P	敬鬼神而远之	jìng guǐ shén ér yuǎn zhī
P	无所不尽其极	wú suǒ bù jìn qí jí
P	无所不用其极	wú suǒ bù yòng qí jí
P	明人不做暗事	míng rén bù zuò àn shì
P	是非自有公论	shì fēi zì yǒu gōng lùn
P	有一搭没一搭	yǒu yī dā méi yī dā
P	有志不在年高	yǒu zhì bù zài nián gāo
P	有志者事竟成	yǒu zhì zhě shì jìng chéng
P	有眼不识泰山	yǒu yǎn bù shí tài shān
P	有过之无不及	yǒu guò zhī wú bù jí
P	未可同日而语	wèi kě tóng rì ér yǔ
P	格林尼治时间	gé lín ní zhì shí jiān
P	死无葬身之地	sǐ wú zàng shēn zhī dì
P	死马当活马医	sǐ mǎ dāng huó mǎ yī
P	毕其功于一役	bì qí gōng yú yī yì
P	民为贵君为轻	mín wéi guì jūn wéi qīng
P	求人不如求己	qiú rén bù rú qiú jǐ
P	汉语拼音方案	hàn yǔ pīn yīn fāng àn
P	江水不犯河水	jiāng shuǐ bù fàn hé shuǐ
P	江海不逆小流	jiāng hǎi bù nì xiǎo liú
P	河水不犯井水	hé shuǐ bù fàn jǐng shuǐ
P	河海不择细流	hé hǎi bù zé xì liú
P	泰山不让土壤	tài shān bù ràng tǔ rǎng
P	洲际弹道导弹	zhōu jì dàn dào dǎo dàn
P	海水不可斗量	hǎi shuǐ bù kě dǒu liáng
P	滑天下之大稽	huá tiān xià zhī dà jī
P	烟不出火不进	yān bù chū huǒ bù jìn
P	热锅上的蚂蚁	rè guō shàng de mǎ yǐ
P	爱博而情不专	ài bó ér qíng bù zhuān
P	牛头不对马嘴	niú tóu bù duì mǎ zuǐ
P	牛头不对马面	niú tóu bù duì mǎ miàn
P	狗彘不食其余	gǒu zhì bù shí qí yú
P	狗猪不食其余	gǒu zhū bù shí qí yú
P	班禅额尔德尼	bān chán é ěr dé ní
P	电荷耦合器件	diàn hè ǒu hé qì jiàn
P	男女授受不亲	nán nǚ shòu shòu bù qīn
P	疾雷不及塞耳	jí léi bù jí sāi ěr
P	疾雷不及掩耳	jí léi bù jí yǎn ěr
P	疾雷不暇掩耳	jí léi bù xiá yǎn ěr
P	疾霆不暇掩目	jí tíng bù xiá yǎn mù
P	百动不如一静	bǎi dòng bù rú yī jìng
P	百思不得其解	bǎi sī bù dé qí jiě
P	百星不如一月	bǎi xīng bù rú yī yuè
P	百闻不如一见	bǎi wén bù rú yī jiàn
P	皇皇不可终日	huáng huáng bù kě zhōng rì
P	看人下菜碟儿	kàn rén xià cài dié ér
P	真金不怕火炼	zhēn jīn bù pà huǒ liàn
P	知识密集产业	zhī shí mì jí chǎn yè
P	知识就是力量	zhī shí jiù shì lì liàng
P	社会主义革命	shè huì zhǔ yì gé mìng
P	神不知鬼不晓	shén bù zhī guǐ bù xiǎo
P	神不知鬼不觉	shén bù zhī guǐ bù jué
P	科学社会主义	kē xué shè huì zhǔ yì
P	稂不稂莠不莠	láng bù láng yǒu bù yǒu
P	立于不败之地	lì yú bù bài zhī dì
P	第一信号系统	dì yī xìn hào xì tǒng
P	第二信号系统	dì èr xìn hào xì tǒng
P	翻手云覆手雨	fān shǒu yún fù shǒu yǔ
P	老死不相往来	lǎo sǐ bù xiāng wǎng lái
P	老虎头上搔痒	lǎo hǔ tóu shàng sāo yǎng
P	耳闻不如目见	ěr wén bù rú mù jiàn
P	耳闻不如面见	ěr wén bù rú miàn jiàn
P	职工代表大会	zhí gōng dài biǎo dà huì
P	能量不灭定律	néng liàng bú miè dìng lǜ
P	脸不红心不跳	liǎn bù hóng xīn bú tiào
P	英雄所见略同	yīng xióng suǒ jiàn lüè tóng
P	菱角磨作鸡头	líng jiǎo mó zuò jī tóu
P	血栓心内膜炎	xuè shuān xīn nèi mó yán
P	行不得也哥哥	xíng bù dé yě gē gē
P	表壮不如里壮	biǎo zhuàng bù rú lǐ zhuàng
P	装在闷葫芦里	zhuāng zài mèn hú lú lǐ
P	觥饭不及壶飧	gōng fàn bù jí hú sūn
P	请将不如激将	qǐng jiàng bù rú jī jiàng
P	贫无立锥之地	pín wú lì zhuī zhī dì
P	贵冠履轻头足	guì guān lǚ qīng tóu zú
P	资本主义社会	zī běn zhǔ yì shè huì
P	起死人肉白骨	qǐ sǐ rén ròu bái gǔ
P	迅雷不及掩耳	xùn léi bù jí yǎn ěr
P	过五关斩六将	guò wǔ guān zhǎn liù jiàng
P	过屠门而大嚼	guò tú mén ér dà jué
P	远井不解近渴	yuǎn jǐng bù jiě jìn kě
P	远亲不如近邻	yuǎn qīn bù rú jìn lín
P	远水不救近火	yuǎn shuǐ bù jiù jìn huǒ
P	远水不解近渴	yuǎn shuǐ bù jiě jìn kě
P	送佛送到西天	sòng fó sòng dào xī tiān
P	闻名不如见面	wén míng bù rú jiàn miàn
P	阿尔卑斯山脉	ā ěr bēi sī shān mài
P	鞭长不及马腹	biān cháng bù jí mǎ fù
P	预应力混凝土	yù yìng lì hùn níng tǔ
P	风湿性关节炎	fēng shī xìng guān jié yán
P	风牛马不相及	fēng niú mǎ bù xiāng jí
P	风马牛不相及	fēng mǎ niú bù xiāng jí
P	驴唇不对马嘴	lǘ chún bù duì mǎ zuǐ
P	驴头不对马嘴	lǘ tóu bù duì mǎ zuǐ
P	高不凑低不就	gāo bù còu dī bù jiù
P	高不成低不就	gāo bù chéng dī bù jiù
P	高不辏低不就	gāo bù còu dī bù jiù
P	高分子化合物	gāo fēn zǐ huà hé wù
P	鸡蛋里找骨头	jī dàn lǐ zhǎo gǔ tóu
P	一个心眼儿	yí gè xīn yǎn ér
P	一分子甲烷	yī fēn zǐ jiǎ wán
P	一去不复返	yī qù bù fù fǎn
P	一夫一妻制	yī fū yī qī zhì
P	一字长蛇阵	yī zì cháng shé zhèn
P	一报还一报	yī bào huán yī bào
P	一时半会儿	yī shí bàn huì er
P	一星半点儿	yī xīng bàn diǎn er
P	一棍子打死	yī gùn zi dǎ sǐ
P	一棒一条痕	yī bàng yī tiáo hén
P	一渊不两蛟	yī yuān bù liǎng jiāo
P	一溜烟跑掉	yí liù yān pǎo diào
P	一物降一物	yī wù xiáng yī wù
P	一百二十行	yī bǎi èr shí háng
P	一百八十度	yī bǎi bā shí dù
P	一身而二任	yī shēn ér èr rèn
P	一身都是胆	yī shēn dōu shì dǎn
P	一退六二五	yī tuì liù èr wǔ
P	一醉解千愁	yī zuì jiě qiān chóu
P	一问三不知	yī wèn sān bù zhī
P	一鞭一条痕	yī biān yī tiáo hén
P	一饭三吐哺	yī fàn sān tǔ bǔ
P	七叶一枝花	qī yè yī zhī huā
P	三八妇女节	sān bā fù nǚ jié
P	三夫成市虎	sān fū chéng shì hǔ
P	三思而后行	sān sī ér hòu xíng
P	三杯通大道	sān bēi tōng dà dào
P	三百六十行	sān bǎi liù shí háng
P	不以人废言	bù yǐ rén fèi yán
P	不以辞害志	bù yǐ cí hài zhì
P	不可能事件	bù kě néng shì jiàn
P	不吃烟火食	bù chī yān huǒ shí
P	不平等条约	bù píng děng tiáo yuē
P	不幸而言中	bù xìng ér yán zhòng
P	不打不相识	bù dǎ bù xiāng shí
P	不期然而然	bù qī rán ér rán
P	不正当竞争	bù zhèng dāng jìng zhēng
P	不知者不罪	bù zhī zhě bù zuì
P	不等价交换	bù děng jià jiāo huàn
P	不结盟国家	bù jié méng guó jiā
P	不结盟运动	bù jié méng yùn dòng
P	不能赞一词	bù néng zàn yī cí
P	不能赞一辞	bù néng zàn yī cí
P	世上无难事	shì shàng wú nán shì
P	东印度公司	dōng yìn dù gōng sī
P	东风吹马耳	dōng fēng chuī mǎ ěr
P	东风射马耳	dōng fēng shè mǎ ěr
P	两雄不并立	liǎng xióng bù bìng lì
P	个体所有制	gè tǐ suǒ yǒu zhì
P	中国共产党	zhōng guó gòng chǎn dǎng
P	中国工程院	zhōng guó gōng chéng yuàn
P	中国福利会	zhōng guó fú lì huì
P	中国致公党	zhōng guó zhì gōng dǎng
P	临时抱佛脚	lín shí bào fó jiǎo
P	为饥寒所迫	wéi jī hán suǒ pò
P	主观能动性	zhǔ guān néng dòng xìng
P	久旱逢甘雨	jiǔ hàn féng gān yǔ
P	乌拉尔山脉	wū la ěr shān mài
P	九牛拉不转	jiǔ niú lā bù zhuàn
P	乳犊不怕虎	rǔ dú bù pà hǔ
P	事后诸葛亮	shì hòu zhū gé liàng
P	事无三不成	shì wú sān bù chéng
P	二七大罢工	èr qī dà bà gōng
P	二十四节气	èr shí sì jié qì
P	五四青年节	wǔ sì qīng nián jié
P	五胡十六国	wǔ hú shí liù guó
P	亚得里亚海	yà de lǐ yà hǎi
P	人不可貌相	rén bù kě mào xiàng
P	人心隔肚皮	rén xīn gé dù pí
P	人民大会堂	rén mín dà huì táng
P	人生如朝露	rén shēng rú zhāo lù
P	人生路不熟	rén shēng lù bù shú
P	人生面不熟	rén shēng miàn bù shú
P	人间重晚晴	rén jiān zhòng wǎn qíng
P	他乡遇故知	tā xiāng yù gù zhī
P	他们自己的	tā men zì jǐ de
P	何乐而不为	hé lè ér bù wéi
P	你们自己的	nǐ men zì jǐ de
P	供孩子上学	gōng hái zi shàng xué
P	供旅客休息	gōng lǚ kè xiū xī
P	供读者参考	gōng dú zhě cān kǎo
P	供销合作社	gōng xiāo hé zuò shè
P	侯门深似海	hóu mén shēn sì hǎi
P	信用合作社	xìn yòng hé zuò shè
P	倒卖违禁品	dǎo mài wéi jìn pǐn
P	候风地动仪	hòu fēng dì dòng yí
P	像煞有介事	xiàng shà yǒu jiè shì
P	先下手为强	xiān xià shǒu wéi qiáng
P	全民所有制	quán mín suǒ yǒu zhì
P	八一建军节	bā yī jiàn jūn jié
P	八九不离十	bā jiǔ bù lí shí
P	八字没一撇	bā zì méi yī piě
P	六一儿童节	liù yī ér tóng jié
P	六耳不同谋	liù ěr bù tóng móu
P	共产党宣言	gòng chǎn dǎng xuān yán
P	兵败如山倒	bīng bài rú shān dǎo
P	军中无戏言	jūn zhōng wú xì yán
P	农林牧副渔	nóng lín mù fù yú
P	冰炭不同器	bīng tàn bù tóng qì
P	冰炭不同炉	bīng tàn bù tóng lú
P	准噶尔盆地	zhǔn gá ěr pén dì
P	凭一己之力	píng yì jǐ zhī lì
P	出口加工区	chū kǒu jiā gōng qū
P	分子和分母	fēn zǐ hé fēn mǔ
P	分子物理学	fēn zǐ wù lǐ xué
P	分子生物学	fēn zǐ shēng wù xué
P	分子生物學	fēn zǐ shēng wù xué
P	分子运动论	fēn zǐ yùn dòng lùn
P	创造性思维	chuàng zào xìng sī wéi
P	到目前为止	dào mù qián wéi zhǐ
P	功率放大器	gōng lǜ fàng dà qì
P	助理工程师	zhù lǐ gōng chéng shī
P	助理研究员	zhù lǐ yán jiū yuán
P	努瓦克肖特	nǔ wǎ kè xiāo tè
P	劳动生产率	láo dòng shēng chǎn lǜ
P	十万八千里	shí wàn bā qiān lǐ
P	十八层地狱	shí bā céng dì yù
P	十年九不遇	shí nián jiǔ bù yù
P	十指有长短	shí zhǐ yǒu cháng duǎn
P	半农半牧区	bàn nóng bàn mù qū
P	华氏温度计	huà shì wēn dù jì
P	卑卑不足道	bēi bēi bù zú dào
P	单丝不成线	dān sī bù chéng xiàn
P	单子叶植物	dān zi yè zhí wù
P	单板计算机	dān bǎn jì suàn jī
P	卖狗皮膏药	mài gǒu pí gāo yào
P	南亚次大陆	nán yà cì dà lù
P	印度尼西亚	yìn dù ní xī yà
P	原子反应堆	yuán zǐ fǎn yìng duī
P	反右派斗争	fǎn yòu pài dòu zhēng
P	发展中国家	fā zhǎn zhōng guó jiā
P	发展心理学	fā zhǎn xīn lǐ xué
P	发生炉煤气	fā shēng lú méi qì
P	只读存储器	zhī dú cún chǔ qì
P	可望不可即	kě wàng bù kě jí
P	右传之八章	yòu chuán zhī bā zhāng
P	司马昭之心	sī mǎ zhāo zhī xīn
P	吃力不讨好	chī lì bù tǎo hǎo
P	吃硬不吃软	chī yìng bù chī ruǎn
P	吃粮不管事	chī liáng bù guǎn shì
P	吃软不吃硬	chī ruǎn bù chī yìng
P	名不见经传	míng bú jiàn jīng zhuàn
P	后来者居上	hòu lái zhě jū shàng
P	吾家千里驹	wú jiā qiān lǐ jū
P	哀的美敦书	āi dì měi dūn shū
P	哈萨克斯坦	hā sà kè sī tǎn
P	哑子吃黄连	yǎ zǐ chī huáng lián
P	哑巴吃黄连	yǎ bā chī huáng lián
P	唐宋八大家	táng sòng bā dà jiā
P	商务办事处	shāng wù bàn shì chù
P	喷气发动机	pēn qì fā dòng jī
P	喷气式飞机	pēn qì shì fēi jī
P	嘴尖舌头快	zuǐ jiān shé tóu kuài
P	四海皆兄弟	sì hǎi jiē xiōng dì
P	国家所有制	guó jiā suǒ yǒu zhì
P	国际互联网	guó jì hù lián wǎng
P	国际儿童节	guó jì ér tóng jié
P	国际劳动节	guó jì láo dòng jié
P	国际单位制	guó jì dān wèi zhì
P	国际妇女节	guó jì fù nǚ jié
P	图穷匕首见	tú qióng bǐ shǒu xiàn
P	地中海气候	dì zhōng hǎi qì hòu
P	地球物理学	dì qiú wù lǐ xué
P	地理数据库	dì lǐ shù jù kù
P	坐山观虎斗	zuò shān guān hǔ dòu
P	垂直地带性	chuí zhí dì dài xìng
P	垂直平分线	chuí zhí píng fēn xiàn
P	埃塞俄比亚	āi sāi é bǐ yà
P	埃菲尔铁塔	āi fēi ěr tiě tǎ
P	城市社会学	chéng shì shè huì xué
P	塔尖上功德	tǎ jiān shàng gōng dé
P	塔里木盆地	tǎ lǐ mù pén dì
P	墙倒众人推	qiáng dǎo zhòng rén tuī
P	多普勒效应	duō pǔ lè xiào yìng
P	多民族国家	duō mín zú guó jiā
P	大事不糊涂	dà shì bù hú tú
P	大旱望云霓	dà hàn wàng yún ní
P	大汉族主义	dà hàn zú zhǔ yì
P	大眼望小眼	dà yǎn wàng xiǎo yǎn
P	大眼瞪小眼	dà yǎn dèng xiǎo yǎn
P	大老爷们儿	dà lǎo yé men ér
P	大陆性气候	dà lù xìng qì hòu
P	大鱼吃小鱼	dà yú chī xiǎo yú
P	天字第一号	tiān zì dì yī hào
P	天安门广场	tiān ān mén guǎng chǎng
P	天文望远镜	tiān wén wàng yuǎn jìng
P	天涯若比邻	tiān yá ruò bǐ lín
P	天高皇帝远	tiān gāo huáng dì yuǎn
P	夹板医驼子	jiá bǎn yī tuó zǐ
P	奥地利帝国	ào dì lì dì guó
P	女大不中留	nǚ dà bù zhòng liú
P	女大十八变	nǚ dà shí bā biàn
P	始愿不及此	shǐ yuàn bù jí cǐ
P	安全理事会	ān quán lǐ shì huì
P	宏观经济学	hóng guān jīng jì xué
P	官场现形记	guān chǎng xiàn xíng jì
P	家书抵万金	jiā shū dǐ wàn jīn
P	家庭服务员	jiā tíng fú wù yuán
P	富贵不能淫	fù guì bù néng yín
P	对事不对人	duì shì bú duì rén
P	射人先射马	shè rén xiān shè mǎ
P	射电望远镜	shè diàn wàng yuǎn jìng
P	将门无犬子	jiàng mén wú quǎn zǐ
P	小儿麻痹症	xiǎo ér má bì zhèng
P	小巫见大巫	xiǎo wū jiàn dà wū
P	小道儿消息	xiǎo dào er xiāo xī
P	小鹿触心头	xiǎo lù chù xīn tóu
P	少年先锋队	shào nián xiān fēng duì
P	尖担两头脱	jiān dàn liǎng tóu tuō
P	尽说漂亮话	jìn shuō piào liàng huà
P	居民身份证	jū mín shēn fèn zhèng
P	山锐则不高	shān ruì zé bù gāo
P	山高皇帝远	shān gāo huáng dì yuǎn
P	岁寒知松柏	suì hán zhī sōng bǎi
P	岗位责任制	gǎng wèi zé rèn zhì
P	工业区位论	gōng yè qū wèi lùn
P	工农兵学员	gōng nóng bīng xué yuán
P	差分放大器	chà fēn fàng dà qì
P	巴尔喀什湖	bā ěr kā shí hú
P	巴尔干半岛	bā ěr gàn bàn dǎo
P	布尔什维克	bù ěr shí wéi kè
P	布拉柴维尔	bù lā chái wéi ěr
P	帕斯卡定律	pà sī kǎ dìng lǜ
P	平地一声雷	píng dì yī shēng léi
P	平地起孤丁	píng dì qǐ gū dīng
P	平行四边形	píng xíng sì biān xíng
P	广义相对论	guǎng yì xiāng duì lùn
P	庸俗进化论	yōng sú jìn huà lùn
P	开口见喉咙	kāi kǒu jiàn hóu lóng
P	开弓不放箭	kāi gōng bù fàng jiàn
P	强热带风暴	qiáng rè dài fēng bào
P	待定系数法	dài dìng xì shù fǎ
P	心之官则思	xīn zhī guān zé sī
P	急急如律令	jí jí rú lǜ lìng
P	急来报佛脚	jí lái bào fó jiǎo
P	急来抱佛脚	jí lái bào fó jiǎo
P	恨铁不成钢	hèn tiě bù chéng gāng
P	恶事传千里	è shì chuán qiān lǐ
P	恶事行千里	è shì xíng qiān lǐ
P	恶人先告状	è rén xiān gào zhuàng
P	恶向胆边生	è xiàng dǎn biān shēng
P	恶虎不食子	è hǔ bù shí zǐ
P	我们自己的	wǒ men zì jǐ de
P	房地产市场	fáng dì chǎn shì chǎng
P	所有者权益	suǒ yǒu zhě quán yì
P	打蛇打七寸	dǎ shé dǎ qī cùn
P	打鸭子上架	dǎ yā zi shàng jià
P	打鸭惊鸳鸯	dǎ yā jīng yuān yāng
P	技术密集型	jì shù mì jí xíng
P	报喜不报忧	bào xǐ bú bào yōu
P	报销差旅费	bào xiāo chāi lǚ fèi
P	抹一鼻子灰	mǒ yī bí zi huī
P	拧成一股绳	níng chéng yī gǔ shéng
P	指令性计划	zhǐ lìng xìng jì huà
P	指导性计划	zhǐ dǎo xìng jì huà
P	损人不利己	sǔn rén bù lì jǐ
P	换汤不换药	huàn tāng bù huàn yào
P	摄氏温度计	shè shì wēn dù jì
P	摸不着头脑	mō bù zháo tóu nǎo
P	擒贼先擒王	qín zéi xiān qín wáng
P	攫金不见人	jué jīn bù jiàn rén
P	放射性元素	fàng shè xìng yuán sù
P	政治地理学	zhèng zhì dì lǐ xué
P	政治指导员	zhèng zhì zhǐ dǎo yuán
P	政治经济学	zhèng zhì jīng jì xué
P	教育经济学	jiào yù jīng jì xué
P	数年如一日	shù nián rú yí rì
P	斯德哥尔摩	sī dé gē ěr mó
P	新文化运动	xīn wén huà yùn dòng
P	新石器时代	xīn shí qì shí dài
P	旁观者效应	páng guān zhě xiào yìng
P	无何有之乡	wú hé yǒu zhī xiāng
P	无佛处称尊	wú fó chù chēng zūn
P	无公害蔬菜	wú gōng hài shū cài
P	无可无不可	wú kě wú bù kě
P	无容身之地	wú róng shēn zhī dì
P	无巧不成书	wú qiǎo bù chéng shū
P	无巧不成话	wú qiǎo bù chéng huà
P	无所施其伎	wú suǒ shī qí jì
P	无所施其技	wú suǒ shī qí jì
P	无毒不丈夫	wú dú bù zhàng fū
P	无用武之地	wú yòng wǔ zhī dì
P	无盐不解淡	wú yán bù jiě dàn
P	无立锥之地	wú lì zhuī zhī dì
P	无线电传真	wú xiàn diàn chuán zhēn
P	无线电通信	wú xiàn diàn tōng xìn
P	无记名投票	wú jì míng tóu piào
P	无风三尺浪	wú fēng sān chǐ làng
P	无风不起浪	wú fēng bù qǐ làng
P	日久见人心	rì jiǔ jiàn rén xīn
P	日近长安远	rì jìn cháng ān yuǎn
P	旧石器时代	jiù shí qì shí dài
P	更上一层楼	gèng shàng yī céng lóu
P	替古人担忧	tì gǔ rén dān yōu
P	最后的审判	zuì hòu de shěn pàn
P	最后的晚餐	zuì hòu de wǎn cān
P	最大公约数	zuì dà gōng yuē shù
P	最小公倍数	zuì xiǎo gōng bèi shù
P	有天没日头	yǒu tiān méi rì tóu
P	有奶便是娘	yǒu nǎi biàn shì niáng
P	有奶就是娘	yǒu nǎi jiù shì niáng
P	有子万事足	yǒu zǐ wàn shì zú
P	有机化合物	yǒu jī huà hé wù
P	有鼻子有眼	yǒu bí zi yǒu yǎn
P	机器脚踏车	jī qì jiǎo tà chē
P	朽木不可雕	xiǔ mù bù kě diāo
P	杀人不眨眼	shā rén bù zhǎ yǎn
P	杀人不见血	shā rén bù jiàn xuè
P	李卜克内西	lǐ bǔ kè nèi xī
P	来世不可待	lái shì bù kě dài
P	板板六十四	bǎn bǎn liù shí sì
P	枪打出头鸟	qiāng dǎ chū tóu niǎo
P	柴达木盆地	chái dá mù pén dì
P	标准大气压	biāo zhǔn dà qì yā
P	树倒猢孙散	shù dǎo hú sūn sàn
P	树倒猢狲散	shù dǎo hú sūn sàn
P	梧桐一叶落	wú tóng yī yè luò
P	横蛮不讲理	hèng mán bù jiǎng lǐ
P	欧罗巴人种	ōu luó bā rén zhǒng
P	欲得而甘心	yù dé ér gān xīn
P	欲速则不达	yù sù zé bù dá
P	此风不可长	cǐ fēng bù kě zhǎng
P	比勒陀利亚	bǐ lè tuó lì yà
P	比较语言学	bǐ jiào yǔ yán xué
P	毕达哥拉斯	bì dá gē lā sī
P	毛泽东思想	máo zé dōng sī xiǎng
P	毛泽东选集	máo zé dōng xuǎn jí
P	民主集中制	mín zhǔ jí zhōng zhì
P	民以食为天	mín yǐ shí wéi tiān
P	民族共同语	mín zú gòng tóng yǔ
P	民族自决权	mín zú zì jué quán
P	水火不兼容	shuǐ huǒ bù jiān róng
P	水火不相容	shuǐ huǒ bù xiāng róng
P	水轮发电机	shuǐ lún fā diàn jī
P	水过地皮湿	shuǐ guò dì pí shī
P	汉贼不两立	hàn zéi bù liǎng lì
P	汽车制造厂	qì chē zhì zào chǎng
P	汽轮发电机	qì lún fā diàn jī
P	沙特阿拉伯	shā tè ā lā bó
P	河水不洗船	hé shuǐ bù xǐ chuán
P	油干灯草尽	yóu gān dēng cǎo jìn
P	油炸土豆片	yóu zhá tǔ dòu piàn
P	油电混合车	yóu diàn hùn hé chē
P	法不传六耳	fǎ bù chuán liù ěr
P	法向加速度	fǎ xiàng jiā sù dù
P	泥菩萨过江	ní pú sà guò jiāng
P	泰山石敢当	tài shān shí gǎn dāng
P	流氓无产者	liú máng wú chǎn zhě
P	流行性感冒	liú xíng xìng gǎn mào
P	海军航空兵	hǎi jūn háng kōng bīng
P	海德堡大学	hǎi dé bǎo dà xué
P	清水无大鱼	qīng shuǐ wú dà yú
P	渊源有自来	yuān yuán yǒu zì lái
P	湿肉伴干柴	shī ròu bàn gān chái
P	澳大利亚人	ào dà lì yà rén
P	烈火见真金	liè huǒ jiàn zhēn jīn
P	热锅上蚂蚁	rè guō shàng mǎ yǐ
P	热锅上蝼蚁	rè guō shàng lóu yǐ
P	熏莸不同器	xūn yóu bù tóng qì
P	爱之欲其生	ài zhī yù qí shēng
P	爱斯基摩人	ài sī jī mó rén
P	爱沙尼亚人	ài shā ní yà rén
P	版版六十四	bǎn bǎn liù shí sì
P	物以希为贵	wù yǐ xī wéi guì
P	物以稀为贵	wù yǐ xī wéi guì
P	牵着鼻子走	qiān zhe bí zi zǒu
P	犯罪嫌疑人	fàn zuì xián yí rén
P	独木不成林	dú mù bù chéng lín
P	狮子大开口	shī zi dà kāi kǒu
P	生产合作社	shēng chǎn hé zuò shè
P	电压互感器	diàn yā hù gǎn qì
P	电压放大器	diàn yā fàng dà qì
P	电子出版物	diàn zǐ chū bǎn wù
P	电子游戏机	diàn zǐ yóu xì jī
P	电影摄影机	diàn yǐng shè yǐng jī
P	电气化铁路	diàn qì huà tiě lù
P	电流放大器	diàn liú fàng dà qì
P	电视发射塔	diàn shì fā shè tǎ
P	电视系列片	diàn shì xì liè piàn
P	疑心生暗鬼	yí xīn shēng àn guǐ
P	疾风彰劲草	jí fēng zhāng jìng cǎo
P	疾风扫秋叶	jí fēng sǎo qiū yè
P	疾风知劲草	jí fēng zhī jìng cǎo
P	病毒性肝炎	bìng dú xìng gān yán
P	百善孝为先	bǎi shàn xiào wéi xiān
P	百慕大群岛	bǎi mù dà qún dǎo
P	皮笑肉不笑	pí xiào ròu bù xiào
P	盘古开天地	pán gǔ kāi tiān dì
P	直流发电机	zhí liú fā diàn jī
P	直角三角形	zhí jiǎo sān jiǎo xíng
P	真人不露相	zhēn rén bù lòu xiàng
P	真金不怕火	zhēn jīn bù pà huǒ
P	眼不见为净	yǎn bù jiàn wéi jìng
P	着三不着两	zháo sān bù zháo liǎng
P	瞒上不瞒下	mán shàng bù mán xià
P	知之为知之	zhī zhī wéi zhī zhī
P	知子莫若父	zhī zǐ mò ruò fù
P	碳水化合物	tàn shuǐ huà hé wù
P	磕头如捣蒜	kē tóu rú dǎo suàn
P	礼多人不怪	lǐ duō rén bù guài
P	社会总需求	shè huì zǒng xū qiú
P	神经官能症	shén jīng guān néng zhèng
P	票据交换所	piào jù jiāo huàn suǒ
P	秋风扫落叶	qiū fēng sǎo luò yè
P	稗子面馍馍	bài zi miàn mó mó
P	稳坐钓鱼台	wěn zuò diào yú tái
P	空口说白话	kōng kǒu shuō bái huà
P	空气压缩机	kōng qì yā suō jī
P	竹筒倒豆子	zhú tǒng dǎo dòu zi
P	等腰三角形	děng yāo sān jiǎo xíng
P	等边三角形	děng biān sān jiǎo xíng
P	篱牢犬不入	lí láo quǎn bù rù
P	精神分裂症	jīng shén fēn liè zhèng
P	紧行无好步	jǐn xíng wú hǎo bù
P	纸包不住火	zhǐ bāo bú zhù huǒ
P	经济开发区	jīng jì kāi fā qū
P	给脸不要脸	gěi liǎn bú yào liǎn
P	缝缀破衣服	féng zhuì pò yī fú
P	翻脸不认人	fān liǎn bù rèn rén
P	老大徒伤悲	lǎo dà tú shāng bēi
P	耕者有其田	gēng zhě yǒu qí tián
P	联合收割机	lián hé shōu gē jī
P	肉包子打狗	ròu bāo zi dǎ gǒu
P	胜读十年书	shèng dú shí nián shū
P	脑血栓形成	nǎo xuè shuān xíng chéng
P	脚踏两只船	jiǎo tà liǎng zhī chuán
P	自以为得计	zì yǐ wéi dé jì
P	自扫门前雪	zì sǎo mén qián xuě
P	自然地理学	zì rán dì lǐ xué
P	自食其恶果	zì shí qí è guǒ
P	船多不碍路	chuán duō bù ài lù
P	艺高人胆大	yì gāo rén dǎn dà
P	节目主持人	jié mù zhǔ chí rén
P	苏伊士运河	sū yī shì yùn hé
P	苛政猛于虎	kē zhèng měng yú hǔ
P	莫斯科大学	mò sī kē dà xué
P	获得性免疫	huò dé xìng miǎn yì
P	菜篮子工程	cài lán zi gōng chéng
P	蒙得维的亚	méng de wéi de yà
P	薰莸不同器	xūn yóu bù tóng qì
P	蚂蚁啃骨头	mǎ yǐ kěn gú tou
P	蚂蚁搬泰山	mǎ yǐ bān tài shān
P	蚍蜉撼大树	pí fú hàn dà shù
P	蜉蝣撼大树	fú yóu hàn dà shù
P	蜻蜓撼石柱	qīng tíng hàn shí zhù
P	血友病患者	xuè yǒu bìng huàn zhě
P	血栓脉管炎	xuè shuān mài guǎn yán
P	血流动力学	xuè liú dòng lì xué
P	血液透析器	xuè yè tòu xī qì
P	血清性肝炎	xuè qīng xìng gān yán
P	血清白蛋白	xuè qīng bái dàn bái
P	血球计数器	xuè qiú jì shù qì
P	血管切除术	xuè guǎn qiē chú shù
P	行行出状元	háng háng chū zhuàng yuán
P	西印度群岛	xī yìn dù qún dǎo
P	见物不见人	jiàn wù bù jiàn rén
P	观今宜鉴古	guān jīn yí jiàn gǔ
P	言语妙天下	yán yǔ miào tiān xià
P	计划单列市	jì huà dān liè shì
P	计算机病毒	jì suàn jī bìng dú
P	计算机网络	jì suàn jī wǎng luò
P	证券交易所	zhèng quàn jiāo yì suǒ
P	诺曼底登陆	nuò màn dǐ dēng lù
P	谈笑有鸿儒	tán xiào yǒu hóng rú
P	象煞有介事	xiàng shà yǒu jiè shì
P	贪多嚼不烂	tān duō jiáo bù làn
P	贫贱不能移	pín jiàn bù néng yí
P	赶鸭子上架	gǎn yā zi shàng jià
P	身后识方干	shēn hòu shí fāng gān
P	轻尘栖弱草	qīng chén qī ruò cǎo
P	运动俱乐部	yùn dòng jù lè bù
P	运算放大器	yùn suàn fàng dà qì
P	迪斯尼乐园	dí sī ní lè yuán
P	邓小平理论	dèng xiǎo píng lǐ lùn
P	邦以民为本	bāng yǐ mín wéi běn
P	重力加速度	zhòng lì jiā sù dù
P	钢筋混凝土	gāng jīn hùn níng tǔ
P	铁杵磨成针	tiě chǔ mó chéng zhēn
P	铁棒磨成针	tiě bàng mó chéng zhēn
P	银样蜡枪头	yín yàng là qiāng tóu
P	银样镴枪头	yín yàng là qiāng tóu
P	长江三角洲	cháng jiāng sān jiǎo zhōu
P	闷头儿干活	mēn tóu er gàn huó
P	阿姆斯特丹	ā mǔ sī tè dān
P	阿尔及利亚	ā ěr jí lì yà
P	阿尔巴尼亚	ā ěr bā ní yà
P	阿尔法射线	ā ěr fǎ shè xiàn
P	阿拉伯半岛	ā lā bó bàn dǎo
P	阿拉伯国家	ā lā bó guó jiā
P	阿拉伯数字	ā lā bó shù zì
P	阿留申群岛	ā liú shēn qún dǎo
P	阿米巴痢疾	ā mǐ bā lì jí
P	陕甘宁边区	shǎn gān níng biān qū
P	隔行如隔山	gé háng rú gé shān
P	难于上青天	nán yú shàng qīng tiān
P	雅鲁藏布江	yǎ lǔ zàng bù jiāng
P	非正义战争	fēi zhèng yì zhàn zhēng
P	非职务发明	fēi zhí wù fā míng
P	革命委员会	gé mìng wěi yuán huì
P	革命根据地	gé mìng gēn jù dì
P	顾前不顾后	gù qián bù gù hòu
P	顾头不顾尾	gù tóu bù gù wěi
P	饱暖思淫欲	bǎo nuǎn sī yín yù
P	马上得天下	mǎ shàng dé tiān xià
P	马克思主义	mǎ kè sī zhǔ yì
P	马拉松赛跑	mǎ lā sōng sài pǎo
P	马歇尔计划	mǎ xiē ěr jì huà
P	骐骥困盐车	qí jì kùn yán chē
P	骑上扬州鹤	qí shàng yáng zhōu hè
P	骑曹不记马	qí cáo bù jì mǎ
P	骑牛读汉书	qí niú dú hàn shū
P	骑驴吟灞上	qí lǘ yín bà shàng
P	骑驴风雪中	qí lǘ fēng xuě zhōng
P	骑鹤上扬州	qí hè shàng yáng zhōu
P	骑鹤上维扬	qí hè shàng wéi yáng
P	高义薄云天	gāo yì báo yún tiān
P	高分子化工	gāo fēn zǐ huà gōng
P	鲇鱼上竹竿	nián yú shàng zhú gān
P	鲤鱼跳龙门	lǐ yú tiào lóng mén
P	鹿死不择荫	lù sǐ bù zé yīn
P	鹿死不择音	lù sǐ bù zé yīn
P	麦琪的礼物	mài qí de lǐ wù
P	黑漆皮灯笼	hēi qī pí dēng lóng
P	一丁不识	yī dīng bù shí
P	一丁点儿	yī dīng diǎn er
P	一不小心	yí bù xiǎo xīn
P	一不扭众	yī bù niǔ zhòng
P	一专多能	yī zhuān duō néng
P	一丘之貉	yī qiū zhī hé
P	一丝不差	yì sī bù chā
P	一丝不挂	yī sī bù guà
P	一丝不紊	yī sī bù wěn
P	一丝不苟	yī sī bù gǒu
P	一个半个	yī gè bàn gè
P	一个心眼	yí gè xīn yǎn
P	一举万里	yī jǔ wàn lǐ
P	一举两得	yī jǔ liǎng dé
P	一之为甚	yī zhī wéi shèn
P	一之已甚	yī zhī yǐ shèn
P	一之谓甚	yī zhī wèi shèn
P	一乱涂地	yī luàn tú dì
P	一了百了	yī liǎo bǎi liǎo
P	一了百当	yī liǎo bǎi dàng
P	一争高低	yī zhēng gāo dī
P	一事不知	yī shì bù zhī
P	一事无成	yí shì wú chéng
P	一五一十	yì wǔ yì shí
P	一些半些	yī xiē bàn xiē
P	一人有庆	yī rén yǒu qìng
P	一仆二主	yī pú èr zhǔ
P	一介不取	yī jiè bù qǔ
P	一介不苟	yī jiè bù gǒu
P	一代楷模	yī dài kǎi mó
P	一代风流	yī dài fēng liú
P	一以当十	yī yǐ dāng shí
P	一以当百	yī yǐ dāng bǎi
P	一体两面	yì tǐ liǎng miàn
P	一体同心	yī tǐ tóng xīn
P	一佛出世	yī fó chū shì
P	一倡一和	yī chàng yī hé
P	一倡三叹	yī chàng sān tàn
P	一倡百和	yī chàng bǎi hè
P	一偏之见	yī piān zhī jiàn
P	一偏之论	yī piān zhī lùn
P	一元大武	yī yuán dà wǔ
P	一刀两断	yì dāo liǎng duàn
P	一分一毫	yī fēn yī háo
P	一分为二	yī fēn wéi èr
P	一切万物	yī qiē wàn wù
P	一切众生	yī qiè zhòng shēng
P	一剑之任	yī jiàn zhī rèn
P	一力承当	yī lì chéng dāng
P	一动不动	yī dòng bù dòng
P	一劳永逸	yì láo yǒng yì
P	一包在内	yī bāo zài nèi
P	一匡九合	yī kuāng jiǔ hé
P	一卧不起	yī wò bù qǐ
P	一厢情愿	yì xiāng qíng yuàn
P	一双两好	yī shuāng liǎng hǎo
P	一反其道	yī fǎn qí dào
P	一发千钧	yī fà qiān jūn
P	一口两匙	yī kǒu liǎng chí
P	一口同声	yī kǒu tóng shēng
P	一口同音	yī kǒu tóng yīn
P	一口咬定	yì kǒu yǎo dìng
P	一叶扁舟	yí yè piān zhōu
P	一叶报秋	yī yè bào qiū
P	一叶知秋	yī yè zhī qiū
P	一叶迷山	yī yè mí shān
P	一叶障目	yī yè zhàng mù
P	一吐为快	yī tǔ wéi kuài
P	一呵而就	yī hē ér jiù
P	一呼再喏	yī hū zài nuò
P	一呼百应	yī hū bǎi yìng
P	一命呜呼	yí mìng wū hū
P	一哄而上	yì hōng ér shàng
P	一哄而散	yī hòng ér sàn
P	一哄而起	yī hōng ér qǐ
P	一哭二闹	yì kū èr nào
P	一唱一和	yī chàng yī hè
P	一唱百和	yī chàng bǎi hé
P	一喷一醒	yī pēn yī xǐng
P	一团和气	yī tuán hé qì
P	一场春梦	yī chǎng chūn mèng
P	一坐尽倾	yī zuò jìn qīng
P	一坐尽惊	yī zuò jìn jīng
P	一塌糊涂	yī tā hú tú
P	一声不吭	yī shēng bù kēng
P	一声不响	yì shēng bù xiǎng
P	一夔一契	yī kuí yī qì
P	一夕一朝	yī xī yī zhāo
P	一夕之间	yì xī zhī jiān
P	一夜走红	yí yè zǒu hóng
P	一天一地	yī tiān yī dì
P	一天星斗	yī tiān xīng dǒu
P	一夫之勇	yī fū zhī yǒng
P	一夫之用	yī fū zhī yòng
P	一夫当关	yī fū dāng guān
P	一如既往	yì rú jì wǎng
P	一孔不达	yī kǒng bù dá
P	一孔之见	yī kǒng zhī jiàn
P	一字一句	yī zì yī jù
P	一字不易	yī zì bù yì
P	一字不苟	yī zì bù gǒu
P	一字长城	yī zì cháng chéng
P	一定不易	yī dìng bù yì
P	一定不移	yī dìng bù yí
P	一家一户	yī jiā yī hù
P	一家一火	yī jiā yī huǒ
P	一家一计	yī jiā yī jì
P	一家之主	yī jiā zhī zhǔ
P	一家之作	yī jiā zhī zuò
P	一家之学	yī jiā zhī xué
P	一家之言	yī jiā zhī yán
P	一家之计	yī jiā zhī jì
P	一家之辞	yī jiā zhī cí
P	一家无二	yī jiā wú èr
P	一家眷属	yī jiā juàn shǔ
P	一家老小	yī jiā lǎo xiǎo
P	一射之地	yī shè zhī dì
P	一尘不到	yī chén bù dào
P	一尘不染	yī chén bù rǎn
P	一尘不缁	yī chén bù zī
P	一岁载赦	yī suì zài shè
P	一差两讹	yī chà liǎng é
P	一差二悮	yī chà èr wù
P	一差二误	yī chà èr wù
P	一差二错	yī chà èr cuò
P	一差半错	yī chà bàn cuò
P	一己之见	yī jǐ zhī jiàn
P	一帆顺风	yī fān shùn fēng
P	一帆风顺	yī fān fēng shùn
P	一席之地	yī xí zhī dì
P	一干二净	yī gān èr jìng
P	一干人犯	yī gān rén fàn
P	一年一度	yī nián yī dù
P	一年到头	yì nián dào tóu
P	一年半载	yī nián bàn zǎi
P	一床两好	yī chuáng liǎng hǎo
P	一应俱全	yī yīng jù quán
P	一弹指顷	yī tán zhǐ qǐng
P	一彻万融	yī chè wàn róng
P	一得之功	yī dé zhī gōng
P	一得之愚	yī dé zhī yú
P	一得之见	yī dé zhī jiàn
P	一心一意	yì xīn yí yì
P	一心同体	yī xīn tóng tǐ
P	一心同功	yī xīn tóng gōng
P	一心同归	yī xīn tóng guī
P	一心向往	yì xīn xiàng wǎng
P	一念之差	yī niàn zhī chā
P	一念之间	yí niàn zhī jiān
P	一怒之下	yí nù zhī xià
P	一息奄奄	yī xī yǎn yǎn
P	一意孤行	yī yì gū xíng
P	一成不变	yī chéng bù biàn
P	一成不易	yī chéng bù yì
P	一扫而光	yī sǎo ér guāng
P	一扫而空	yī sǎo ér kōng
P	一技之长	yī jì zhī cháng
P	一把死拿	yī bǎ sǐ ná
P	一抔黄沙	yì póu huáng shā
P	一拍即合	yī pāi jí hé
P	一拥而上	yī yōng ér shàng
P	一掷百万	yī zhì bǎi wàn
P	一支半节	yī zhī bàn jié
P	一文不值	yī wén bù zhí
P	一文不名	yī wén bù míng
P	一方之任	yī fāng zhī rèn
P	一无可取	yī wú kě qǔ
P	一无所得	yī wú suǒ dé
P	一无所有	yī wú suǒ yǒu
P	一无所知	yī wú suǒ zhī
P	一无所能	yī wú suǒ néng
P	一无所见	yī wú suǒ jiàn
P	一无所长	yī wú suǒ cháng
P	一无是处	yī wú shì chù
P	一无长物	yī wú cháng wù
P	一日万几	yī rì wàn jǐ
P	一日万机	yī rì wàn jī
P	一日万里	yī rì wàn lǐ
P	一日三省	yī rì sān xǐng
P	一日三秋	yí rì sān qiū
P	一日之长	yī rì zhī cháng
P	一时一刻	yī shí yī kè
P	一时伯仲	yī shí bó zhòng
P	一时千载	yī shí qiān zǎi
P	一时得逞	yì shí dé chěng
P	一时疏忽	yì shí shū hū
P	一显身手	yī xiǎn shēn shǒu
P	一暝不视	yī míng bù shì
P	一暴十寒	yī pù shí hán
P	一曝十寒	yī pù shí hán
P	一曲阳关	yī qǔ yáng guān
P	一望无垠	yí wàng wú yín
P	一望无涯	yí wàng wú yá
P	一望无际	yí wàng wú jì
P	一望而知	yī wàng ér zhī
P	一朝一夕	yī zhāo yī xī
P	一朝之忿	yī zhāo zhī fèn
P	一朝之患	yī zhāo zhī huàn
P	一朝千里	yī zhāo qiān lǐ
P	一木难支	yī mù nán zhī
P	一本万利	yī běn wàn lì
P	一本正经	yī běn zhèng jīng
P	一枕南柯	yī zhěn nán kē
P	一枝一栖	yī zhī yī qī
P	一枝一节	yī zhī yī jié
P	一枝之栖	yī zhī zhī qī
P	一栖两雄	yī qī liǎng xióng
P	一梦华胥	yī mèng huá xū
P	一概而论	yī gài ér lùn
P	一榻横陈	yī tà héng chén
P	一模一样	yī mú yī yàng
P	一模二样	yī mó èr yàng
P	一步一步	yí bù yí bù
P	一步一趋	yī bù yī qū
P	一步步地	yí bù bù de
P	一死了之	yī sǐ liǎo zhī
P	一毛不拔	yī máo bù bá
P	一毫不差	yī háo bù chā
P	一毫不染	yī háo bù rǎn
P	一毫不苟	yī háo bù gǒu
P	一民同俗	yī mín tóng sú
P	一气之下	yí qì zhī xià
P	一气呵成	yī qì hē chéng
P	一氧化碳	yī yǎng huà tàn
P	一沓钞票	yì dá chāo piào
P	一波万波	yī bō wàn bō
P	一波三折	yī bō sān zhé
P	一泻万里	yī xiè wàn lǐ
P	一泻千里	yí xiè qiān lǐ
P	一派胡言	yí pài hú yán
P	一浆十饼	yī jiāng shí bǐng
P	一清二楚	yì qīng èr chǔ
P	一清宿弊	yì qīng sù bì
P	一溜歪斜	yī liù wāi xié
P	一熏一莸	yī xūn yī yóu
P	一片丹心	yī piàn dān xīn
P	一片冰心	yī piàn bīng xīn
P	一片宫商	yī piàn gōng shāng
P	一片散沙	yī piàn sǎn shā
P	一片昏黑	yí piàn hūn hēi
P	一片汪洋	yī piàn wāng yáng
P	一片混乱	yí piàn hùn luàn
P	一片焦土	yī piàn jiāo tǔ
P	一片空白	yí piàn kòng bái
P	一牛吼地	yī niú hǒu dì
P	一牛鸣地	yī niú míng dì
P	一物不知	yī wù bù zhī
P	一狐之掖	yī hú zhī yè
P	一现昙华	yī xiàn tán huā
P	一生一世	yì shēng yí shì
P	一男半女	yī nán bàn nǚ
P	一病不起	yī bìng bù qǐ
P	一盘散沙	yī pán sǎn shā
P	一目了然	yī mù liǎo rán
P	一目五行	yī mù wǔ háng
P	一目十行	yī mù shí háng
P	一目数行	yī mù shù háng
P	一相情原	yī xiāng qíng yuán
P	一相情愿	yī xiāng qíng yuàn
P	一瞑不视	yī míng bù shì
P	一知半见	yī zhī bàn jiàn
P	一知半解	yī zhī bàn jiě
P	一知片解	yī zhī piàn jiě
P	一石二鸟	yī shí èr niǎo
P	一砖一瓦	yī zhuān yī wǎ
P	一碧万顷	yī bì wàn qǐng
P	一秉大公	yī bǐng dà gōng
P	一空依傍	yī kōng yī bàng
P	一窍不通	yī qiào bù tōng
P	一笑了之	yī xiào liǎo zhī
P	一笑了事	yī xiào le shì
P	一笔不苟	yī bǐ bù gǒu
P	一笔勾断	yī bǐ gōu duàn
P	一笔勾消	yī bǐ gōu xiāo
P	一笔勾销	yī bǐ gōu xiāo
P	一笔带过	yī bǐ dài guò
P	一笔抹摋	yī bǐ mò sà
P	一笔抹杀	yī bǐ mǒ shā
P	一笔抹煞	yī bǐ mǒ shā
P	一筹莫展	yī chóu mò zhǎn
P	一箭上垛	yī jiàn shàng duò
P	一箭之地	yī jiàn zhī dì
P	一篇文章	yì piān wén zhāng
P	一索得男	yī suǒ dé nán
P	一纸空文	yī zhǐ kōng wén
P	一线之隔	yí xiàn zhī gé
P	一缘一会	yī yuán yī huì
P	一网尽扫	yī wǎng jìn sǎo
P	一网打尽	yī wǎng dǎ jìn
P	一股劲儿	yī gǔ jìn er
P	一肢一节	yī zhī yī jié
P	一肢半节	yī zhī bàn jié
P	一脉同气	yī mài tóng qì
P	一脉相传	yī mài xiāng chuán
P	一脉相承	yī mài xiāng chéng
P	一脉相通	yī mài xiāng tōng
P	一脉香烟	yī mài xiāng yān
P	一脚不移	yī jiǎo bù yí
P	一臂之力	yī bì zhī lì
P	一般见识	yī bān jiàn shí
P	一苇可航	yī wěi kě háng
P	一落千丈	yī luò qiān zhàng
P	一虎不河	yī hǔ bù hé
P	一蛇两头	yī shé liǎng tóu
P	一行作吏	yī xíng zuò lì
P	一褱而论	yī huái ér lùn
P	一见了然	yī jiàn liǎo rán
P	一见倾心	yī jiàn qīng xīn
P	一见如故	yī jiàn rú gù
P	一见如旧	yī jiàn rú jiù
P	一见钟情	yī jiàn zhōng qíng
P	一视同仁	yī shì tóng rén
P	一览无遗	yì lǎn wú yí
P	一触即发	yī chù jí fā
P	一触即溃	yī chù jí kuì
P	一言一行	yī yán yī xíng
P	一言不发	yī yán bù fā
P	一言两语	yī yán liǎng yǔ
P	一言丧邦	yī yán sàng bāng
P	一言中的	yì yán zhòng dì
P	一言为定	yī yán wéi dìng
P	一言九鼎	yì yán jiǔ dǐng
P	一言兴邦	yī yán xīng bāng
P	一言半句	yī yán bàn jù
P	一言半语	yī yán bàn yǔ
P	一言难尽	yī yán nán jìn
P	一语中人	yī yǔ zhòng rén
P	一语中的	yī yǔ zhòng dì
P	一语双关	yī yǔ shuāng guān
P	一语破的	yī yǔ pò dì
P	一语道破	yī yǔ dào pò
P	一诺千金	yí nuò qiān jīn
P	一谷不升	yī gǔ bù shēng
P	一谷不登	yī gǔ bù dēng
P	一败涂地	yī bài tú dì
P	一贫如洗	yī pín rú xǐ
P	一走了之	yī zǒu liǎo zhī
P	一跌不振	yī diē bù zhèn
P	一路平安	yí lù píng ān
P	一路神祇	yī lù shén qí
P	一路顺风	yī lù shùn fēng
P	一路风尘	yī lù fēng chén
P	一路风清	yī lù fēng qīng
P	一蹴可几	yī cù kě jǐ
P	一蹴而就	yí cù ér jiù
P	一蹴而得	yī cù ér dé
P	一蹶不兴	yī juě bù xīng
P	一蹶不振	yī jué bù zhèn
P	一身两头	yī shēn liǎng tóu
P	一身二任	yī shēn èr rèn
P	一轨同风	yī guǐ tóng fēng
P	一轰而散	yī hōng ér sàn
P	一辞同轨	yī cí tóng guǐ
P	一辞莫赞	yī cí mò zàn
P	一迎一和	yī yíng yī hé
P	一还一报	yī huán yī bào
P	一连气儿	yī lián qì er
P	一邱之貉	yī qiū zhī hé
P	一重一掩	yī chóng yī yǎn
P	一针见血	yī zhēn jiàn xiě
P	一钱不值	yī qián bù zhí
P	一钱不名	yī qián bù míng
P	一长一短	yī cháng yī duǎn
P	一长两短	yī cháng liǎng duǎn
P	一长二短	yī cháng èr duǎn
P	一长半短	yī cháng bàn duǎn
P	一门同气	yī mén tóng qì
P	一门心思	yī mén xīn sī
P	一隅之地	yī yú zhī dì
P	一隅之见	yī yú zhī jiàn
P	一隅之说	yī yú zhī shuō
P	一面之缘	yí miàn zhī yuán
P	一面之识	yī miàn zhī shí
P	一鞭先著	yī biān xiān zhuó
P	一飞冲天	yī fēi chōng tiān
P	一马当先	yī mǎ dāng xiān
P	一鳞一爪	yī lín yī zhǎo
P	一鳞半爪	yī lín bàn zhǎo
P	一鳞片爪	yī lín piàn zhǎo
P	一鳞片甲	yī lín piàn jiǎ
P	一鸣惊人	yì míng jīng rén
P	一齐众楚	yī qí zhòng chǔ
P	一龙一蛇	yī lóng yī shé
P	丁一卯二	dīng yī mǎo èr
P	丁一确二	dīng yī què èr
P	丁丁当当	dīng dīng dāng dāng
P	丁公凿井	dīng gōng záo jǐng
P	丁零当啷	dīng líng dāng lāng
P	七上八下	qī shàng bā xià
P	七上八落	qī shàng bā luò
P	七了八当	qī le bā dāng
P	七十二行	qī shí èr háng
P	七大八小	qī dà bā xiǎo
P	七尺之躯	qī chǐ zhī qū
P	七开八得	qī kāi bā dé
P	七情六欲	qī qíng liù yù
P	七折八扣	qī zhé bā kòu
P	七担八挪	qī dān bā nuó
P	七拉八扯	qī lā bā chě
P	七拱八翘	qī gǒng bā qiào
P	七擒七纵	qī qín qī zòng
P	七棱八瓣	qī léng bā bàn
P	七横八竖	qī héng bā shù
P	七步八叉	qī bù bā chā
P	七病八倒	qī bìng bā dǎo
P	七相五公	qī xiāng wǔ gōng
P	七窍冒火	qī qiào mào huǒ
P	七纵七擒	qī zòng qī qín
P	七纵七禽	qī zòng qī qín
P	七纵八横	qī zòng bā héng
P	七老八倒	qī lǎo bā dǎo
P	七行俱下	qī háng jù xià
P	七言八语	qī yán bā yǔ
P	七返还丹	qī fǎn huán dān
P	七长八短	qī cháng bā duǎn
P	七零八落	qī líng bā luò
P	七颠八倒	qī diān bā dǎo
P	万万千千	wàn wàn qiān qiān
P	万丈深渊	wàn zhàng shēn yuān
P	万不失一	wàn bù shī yī
P	万不得已	wàn bù dé yǐ
P	万世一时	wàn shì yī shí
P	万世不易	wàn shì bù yì
P	万世师表	wàn shì shī biǎo
P	万世无疆	wàn shì wú jiāng
P	万世流芳	wàn shì liú fāng
P	万事亨通	wàn shì hēng tōng
P	万事俱备	wàn shì jù bèi
P	万事大吉	wàn shì dà jí
P	万人之敌	wàn rén zhī dí
P	万人空巷	wàn rén kōng xiàng
P	万代千秋	wàn dài qiān qiū
P	万众一心	wàn zhòng yī xīn
P	万儿八千	wàn ér bā qiān
P	万全之策	wàn quán zhī cè
P	万全之计	wàn quán zhī jì
P	万别千差	wàn bié qiān chā
P	万劫不复	wàn jié bù fù
P	万口一词	wàn kǒu yī cí
P	万口一谈	wàn kǒu yī tán
P	万口一辞	wàn kǒu yī cí
P	万古千秋	wàn gǔ qiān qiū
P	万古流芳	wàn gǔ liú fāng
P	万古留芳	wàn gǔ liú fāng
P	万古长存	wàn gǔ cháng cún
P	万古长春	wàn gǔ cháng chūn
P	万古长青	wàn gǔ cháng qīng
P	万壑争流	wàn hè zhēng liú
P	万壑千岩	wàn hè qiān yán
P	万夫不当	wàn fū bù dāng
P	万夫莫当	wàn fū mò dāng
P	万头攒动	wàn tóu cuán dòng
P	万家灯火	wàn jiā dēng huǒ
P	万家生佛	wàn jiā shēng fó
P	万寿无疆	wàn shòu wú jiāng
P	万岁千秋	wàn suì qiān qiū
P	万年无疆	wàn nián wú jiāng
P	万应灵丹	wàn yìng líng dān
P	万念俱寂	wàn niàn jù jì
P	万念俱灰	wàn niàn jù huī
P	万恨千愁	wàn hèn qiān chóu
P	万户千门	wàn hù qiān mén
P	万无一失	wàn wú yī shī
P	万有引力	wàn yǒu yǐn lì
P	万死一生	wàn sǐ yī shēng
P	万死不辞	wàn sǐ bù cí
P	万死犹轻	wàn sǐ yóu qīng
P	万民涂炭	wàn mín tú tàn
P	万水千山	wàn shuǐ qiān shān
P	万流景仰	wàn liú jǐng yǎng
P	万物之灵	wàn wù zhī líng
P	万目睚眦	wàn mù yá zì
P	万目睽睽	wàn mù kuí kuí
P	万签插架	wàn qiān chā jià
P	万箭攒心	wàn jiàn cuán xīn
P	万箭穿心	wàn jiàn chuān xīn
P	万籁俱寂	wàn lài jù jì
P	万籁无声	wàn lài wú shēng
P	万紫千红	wàn zǐ qiān hóng
P	万绪千头	wàn xù qiān tóu
P	万绪千端	wàn xù qiān duān
P	万缕千丝	wàn lǚ qiān sī
P	万苦千辛	wàn kǔ qiān xīn
P	万语千言	wàn yǔ qiān yán
P	万象更新	wàn xiàng gēng xīn
P	万象森罗	wàn xiàng sēn luó
P	万贯家私	wàn guàn jiā sī
P	万贯家财	wàn guàn jiā cái
P	万赖俱寂	wàn lài jù jì
P	万赖无声	wàn lài wú shēng
P	万载千秋	wàn zài qiān qiū
P	万选青钱	wàn xuǎn qīng qián
P	万里无云	wàn lǐ wú yún
P	万里迢迢	wàn lǐ tiáo tiáo
P	万里长城	wàn lǐ cháng chéng
P	万里长征	wàn lǐ cháng zhēng
P	万里鹏程	wàn lǐ péng chéng
P	万里鹏翼	wàn lǐ péng yì
P	万马奔腾	wàn mǎ bēn téng
P	万马齐喑	wàn mǎ qí yīn
P	丈二和尚	zhàng èr hé shàng
P	丈八蛇矛	zhàng bā shé máo
P	三不拗六	sān bù niù liù
P	三个世界	sān gè shì jiè
P	三个面向	sān gè miàn xiàng
P	三亲六故	sān qīn liù gù
P	三亲六眷	sān qīn liù juàn
P	三亲四眷	sān qīn sì juàn
P	三人为众	sān rén wèi zhòng
P	三从四德	sān cóng sì dé
P	三令五申	sān lìng wǔ shēn
P	三位一体	sān wèi yī tǐ
P	三余读书	sān yú dú shū
P	三八作风	sān bā zuò fēng
P	三六九等	sān liù jiǔ děng
P	三分鼎立	sān fēn dǐng lì
P	三分鼎足	sān fēn dǐng zú
P	三十六策	sān shí liù cè
P	三十六行	sān shí liù háng
P	三十六计	sān shí liù jì
P	三占从二	sān zhān cóng èr
P	三台八座	sān tái bā zuò
P	三吐三握	sān tǔ sān wò
P	三回九转	sān huí jiǔ zhuǎn
P	三大作风	sān dà zuò fēng
P	三大差别	sān dà chā bié
P	三大战役	sān dà zhàn yì
P	三大政策	sān dà zhèng cè
P	三大法宝	sān dà fǎ bǎo
P	三天两头	sān tiān liǎng tóu
P	三天两宿	sān tiān liǎng xiǔ
P	三夫之对	sān fū zhī duì
P	三夫之言	sān fū zhī yán
P	三头两日	sān tóu liǎng rì
P	三头两绪	sān tóu liǎng xù
P	三头两面	sān tóu liǎng miàn
P	三头八臂	sān tóu bā bì
P	三头六臂	sān tóu liù bì
P	三头六证	sān tóu liù zhèng
P	三头六面	sān tóu liù miàn
P	三头对案	sān tóu duì àn
P	三好两歉	sān hǎo liǎng qiàn
P	三好两歹	sān hǎo liǎng dǎi
P	三好二怯	sān hǎo èr qiè
P	三妻四妾	sān qī sì qiè
P	三姑六婆	sān gū liù pó
P	三媒六证	sān méi liù zhèng
P	三宫六院	sān gōng liù yuàn
P	三对六面	sān duì liù miàn
P	三尸暴跳	sān shī bào tiào
P	三岔路口	sān chà lù kǒu
P	三差两错	sān chā liǎng cuò
P	三差五错	sān chā wǔ cuò
P	三年五载	sān nián wǔ zǎi
P	三年化碧	sān nián huà bì
P	三座大山	sān zuò dà shān
P	三徙成都	sān xǐ chéng dōu
P	三思而行	sān sī ér xíng
P	三战三北	sān zhàn sān běi
P	三户亡秦	sān hù wáng qín
P	三推六问	sān tuī liù wèn
P	三教九流	sān jiào jiǔ liú
P	三旨相公	sān zhǐ xiàng gōng
P	三旬九食	sān xún jiǔ shí
P	三更半夜	sān gēng bàn yè
P	三朝五日	sān cháo wǔ rì
P	三朝元老	sān cháo yuán lǎo
P	三期贤佞	sān qī xián nìng
P	三权分立	sān quán fēn lì
P	三榜定案	sān bǎng dìng àn
P	三江七泽	sān jiāng qī zé
P	三汤两割	sān tāng liǎng gē
P	三汤五割	sān tāng wǔ gē
P	三沐三熏	sān mù sān xūn
P	三灾八难	sān zāi bā nàn
P	三灾六难	sān zāi liù nán
P	三熏三沐	sān xūn sān mù
P	三班六房	sān bān liù fáng
P	三瓦两巷	sān wǎ liǎng xiàng
P	三瓦两舍	sān wǎ liǎng shě
P	三生有幸	sān shēng yǒu xìng
P	三番两次	sān fān liǎng cì
P	三番五次	sān fān wǔ cì
P	三省吾身	sān xǐng wú shēn
P	三级跳远	sān jí tiào yuǎn
P	三缄其口	sān jiān qí kǒu
P	三老五更	sān lǎo wǔ gēng
P	三老四少	sān lǎo sì shào
P	三臡八菹	sān ní bā zū
P	三节两寿	sān jié liǎng shòu
P	三茶六礼	sān chá liù lǐ
P	三茶六饭	sān chá liù fàn
P	三蛇七鼠	sān shé qī shǔ
P	三街六巷	sān jiē liù xiàng
P	三街六市	sān jiē liù shì
P	三角函数	sān jiǎo hán shù
P	三角恋爱	sān jiǎo liàn ài
P	三角裤衩	sān jiǎo kù chǎ
P	三言两句	sān yán liǎng jù
P	三言两语	sān yán liǎng yǔ
P	三迁之教	sān qiān zhī jiào
P	三长两短	sān cháng liǎng duǎn
P	三长四短	sān cháng sì duǎn
P	三面红旗	sān miàn hóng qí
P	三风十愆	sān fēng shí qiān
P	三首六臂	sān shǒu liù bì
P	三马同槽	sān mǎ tóng cáo
P	上上下下	shàng shàng xià xià
P	上下一心	shàng xià yī xīn
P	上下交困	shàng xià jiāo kùn
P	上下其手	shàng xià qí shǒu
P	上下同心	shàng xià tóng xīn
P	上下同欲	shàng xià tóng yù
P	上下同门	shàng xià tóng mén
P	上交不谄	shàng jiāo bù chǎn
P	上兵伐谋	shàng bīng fá móu
P	上勤下顺	shàng qín xià shùn
P	上医医国	shàng yī yī guó
P	上南落北	shàng nán luò běi
P	上吐下泻	shàng tù xià xiè
P	上呼吸道	shàng hū xī dào
P	上和下睦	shàng hé xià mù
P	上天入地	shàng tiān rù dì
P	上好下甚	shàng hǎo xià shèn
P	上嫚下暴	shàng màn xià bào
P	上层建筑	shàng céng jiàn zhù
P	上层社会	shàng céng shè huì
P	上山下乡	shàng shān xià xiāng
P	上市公司	shàng shì gōng sī
P	上当受骗	shàng dàng shòu piàn
P	上当学乖	shàng dàng xué guāi
P	上情下达	shàng qíng xià dá
P	上慢下暴	shàng màn xià bào
P	上推下卸	shàng tuī xià xiè
P	上援下推	shàng yuán xià tuī
P	上方宝剑	shàng fāng bǎo jiàn
P	上智下愚	shàng zhì xià yú
P	上替下陵	shàng tì xià líng
P	上树拔梯	shàng shù bá tī
P	上根大器	shàng gēn dà qì
P	上楼去梯	shàng lóu qù tī
P	上流社会	shàng liú shè huì
P	上溢下漏	shàng yì xià lòu
P	上漏下湿	shàng lòu xià shī
P	上烝下报	shàng zhēng xià bào
P	上窜下跳	shàng cuàn xià tiào
P	上竿掇梯	shàng gān duō tī
P	上篇上论	shàng piān shàng lùn
P	上纲上线	shàng gāng shàng xiàn
P	上蒸下报	shàng zhēng xià bào
P	上行下效	shàng xíng xià xiào
P	上谄下渎	shàng chǎn xià dú
P	上蹿下跳	shàng cuān xià tiào
P	上陵下替	shàng líng xià tì
P	上雨旁风	shàng yǔ páng fēng
P	下不为例	xià bù wéi lì
P	下不了台	xià bù liǎo tái
P	下不来台	xià bù lái tái
P	下井投石	xià jǐng tóu shí
P	下回分解	xià huí fēn jiě
P	下塞上聋	xià sāi shàng lóng
P	下大力气	xià dà lì qì
P	下学上达	xià xué shàng dá
P	下情上达	xià qíng shàng dá
P	下愚不移	xià yú bù yí
P	下毛毛雨	xià máo máo yǔ
P	下笔有神	xià bǐ yǒu shén
P	下落不明	xià luò bù míng
P	下车之始	xià chē zhī shǐ
P	下车伊始	xià chē yī shǐ
P	下车作威	xià chē zuò wēi
P	下车泣罪	xià chē qì zuì
P	下逐客令	xià zhú kè lìng
P	下陵上替	xià líng shàng tì
P	下马冯妇	xià mǎ féng fù
P	下马看花	xià mǎ kàn huā
P	不一会儿	bù yī huì er
P	不一而足	bù yī ér zú
P	不三不四	bù sān bù sì
P	不上不下	bù shàng bù xià
P	不上不落	bù shàng bù luò
P	不世之业	bù shì zhī yè
P	不世之功	bù shì zhī gōng
P	不丰不俭	bù fēng bù jiǎn
P	不丰不杀	bù fēng bù shā
P	不为人知	bù wéi rén zhī
P	不为已甚	bù wéi yǐ shèn
P	不为瓦全	bù wéi wǎ quán
P	不主故常	bù zhǔ gù cháng
P	不义之财	bù yì zhī cái
P	不乏先例	bù fá xiān lì
P	不乏其人	bù fá qí rén
P	不乏其例	bù fá qí lì
P	不习地土	bù xí dì tǔ
P	不习水土	bù xí shuǐ tǔ
P	不了不当	bù liǎo bù dàng
P	不了了之	bù liǎo liǎo zhī
P	不了而了	bù liǎo ér liǎo
P	不事边幅	bù shì biān fú
P	不二法门	bù èr fǎ mén
P	不亢不卑	bù kàng bù bēi
P	不亦乐乎	bù yì lè hū
P	不亦善夫	bù yì shàn fū
P	不亦说乎	bù yì yuè hū
P	不今不古	bù jīn bù gǔ
P	不以为奇	bù yǐ wéi qí
P	不以为意	bù yǐ wéi yì
P	不以为然	bù yǐ wéi rán
P	不以为耻	bù yǐ wéi chǐ
P	不以语人	bù yǐ yù rén
P	不伏烧埋	bù fú shāo mái
P	不伤脾胃	bù shāng pí wèi
P	不伦不类	bù lún bù lèi
P	不依不饶	bù yī bù ráo
P	不便水土	bù biàn shuǐ tǔ
P	不修小节	bù xiū xiǎo jié
P	不修边幅	bù xiū biān fú
P	不值一哂	bù zhí yī shěn
P	不值一提	bù zhí yī tí
P	不值一笑	bù zhí yī xiào
P	不值一钱	bù zhí yī qián
P	不值一顾	bù zhí yī gù
P	不值一驳	bù zhí yī bó
P	不假思索	bù jiǎ sī suǒ
P	不偏不倚	bù piān bù yǐ
P	不偏不党	bù piān bù dǎng
P	不做不休	bù zuò bù xiū
P	不偢不倸	bù chǒu bù cǎi
P	不僧不俗	bù sēng bù sú
P	不入时宜	bù rù shí yí
P	不共戴天	bù gòng dài tiān
P	不关痛痒	bù guān tòng yǎng
P	不关紧要	bù guān jǐn yào
P	不冷不热	bù lěng bù rè
P	不凉不酸	bù liáng bù suān
P	不出所料	bù chū suǒ liào
P	不分伯仲	bù fēn bó zhòng
P	不分彼此	bù fēn bǐ cǐ
P	不分玉石	bù fēn yù shí
P	不分畛域	bù fēn zhěn yù
P	不分皂白	bù fēn zào bái
P	不分轩轾	bù fēn xuān zhì
P	不分青白	bù fēn qīng bái
P	不切实际	bù qiē shí jì
P	不刊之书	bù kān zhī shū
P	不刊之典	bù kān zhī diǎn
P	不刊之论	bù kān zhī lùn
P	不刊之说	bù kān zhī shuō
P	不务正业	bù wù zhèng yè
P	不务空名	bù wù kōng míng
P	不劣方头	bù liè fāng tóu
P	不动声色	bù dòng shēng sè
P	不动如山	bú dòng rú shān
P	不劳而成	bù láo ér chéng
P	不劳而获	bù láo ér huò
P	不勤而获	bù qín ér huò
P	不卑不亢	bù bēi bù kàng
P	不即不离	bù jí bù lí
P	不厌其烦	bù yàn qí fán
P	不厌其繁	bù yàn qí fán
P	不厌其详	bù yàn qí xiáng
P	不及之法	bù jí zhī fǎ
P	不变价格	bù biàn jià gé
P	不变资本	bù biàn zī běn
P	不古不今	bù gǔ bù jīn
P	不可一世	bù kě yī shì
P	不可乡迩	bù kě xiāng ěr
P	不可企及	bù kě qǐ jí
P	不可估量	bù kě gū liáng
P	不可偏废	bù kě piān fèi
P	不可动摇	bù kě dòng yáo
P	不可名状	bù kě míng zhuàng
P	不可向迩	bù kě xiàng ěr
P	不可告人	bù kě gào rén
P	不可多得	bù kě duō dé
P	不可奈何	bù kě nài hé
P	不可开交	bù kě kāi jiāo
P	不可思议	bù kě sī yì
P	不可抗力	bù kě kàng lì
P	不可捉摸	bù kě zhuō mō
P	不可揆度	bù kě kuí duó
P	不可摸捉	bù kě mō zhuō
P	不可收拾	bù kě shōu shí
P	不可救疗	bù kě jiù liáo
P	不可救药	bù kě jiù yào
P	不可教训	bù kě jiào xùn
P	不可枚举	bù kě méi jǔ
P	不可理喻	bù kě lǐ yù
P	不可知论	bù kě zhī lùn
P	不可磨灭	bù kě mó miè
P	不可究诘	bù kě jiū jié
P	不可端倪	bù kě duān ní
P	不可终日	bù kě zhōng rì
P	不可胜举	bù kě shèng jǔ
P	不可胜数	bù kě shèng shǔ
P	不可胜算	bù kě shèng suàn
P	不可胜纪	bù kě shèng jì
P	不可胜言	bù kě shèng yán
P	不可胜计	bù kě shèng jì
P	不可胜记	bù kě shèng jì
P	不可胜道	bù kě shèng dào
P	不可言传	bù kě yán chuán
P	不可言喻	bù kě yán yù
P	不可言宣	bù kě yán xuān
P	不可言状	bù kě yán zhuàng
P	不可造次	bù kě zào cì
P	不可逾越	bù kě yú yuè
P	不可限量	bù kě xiàn liàng
P	不合时宜	bù hé shí yí
P	不同凡响	bù tóng fán xiǎng
P	不同戴天	bù tóng dài tiān
P	不同流俗	bù tóng liú sú
P	不名一文	bù míng yī wén
P	不名一格	bù míng yī gé
P	不名一钱	bù míng yī qián
P	不吐不茹	bù tǔ bù rú
P	不吝指教	bù lìn zhǐ jiào
P	不吝珠玉	bù lìn zhū yù
P	不吝赐教	bù lìn cì jiào
P	不咎既往	bù jiù jì wǎng
P	不咸不淡	bù xián bù dàn
P	不哼不哈	bù hēng bù hā
P	不啻天渊	bù chì tiān yuān
P	不因不由	bù yīn bù yóu
P	不因人热	bù yīn rén rè
P	不在话下	bù zài huà xià
P	不堪一击	bù kān yī jī
P	不堪入目	bù kān rù mù
P	不堪入耳	bù kān rù ěr
P	不堪其忧	bù kān qí yōu
P	不堪回首	bù kān huí shǒu
P	不堪言状	bù kān yán zhuàng
P	不堪设想	bù kān shè xiǎng
P	不堪造就	bù kān zào jiù
P	不声不吭	bù shēng bù kēng
P	不声不响	bù shēng bù xiǎng
P	不声不气	bù shēng bù qì
P	不壹而三	bù yī ér sān
P	不壹而足	bù yī ér zú
P	不复堪命	bù fù kān mìng
P	不大方便	bú dà fāng biàn
P	不失圭撮	bù shī guī cuō
P	不失时机	bù shī shí jī
P	不失毫厘	bù shī háo lí
P	不失黍絫	bù shī shǔ lěi
P	不夷不惠	bù yí bù huì
P	不奈之何	bù nài zhī hé
P	不好意思	bù hǎo yì sī
P	不如归去	bù rú guī qù
P	不媿下学	bù kuì xià xué
P	不存不济	bù cún bù jì
P	不存芥蒂	bù cún jiè dì
P	不学无术	bù xué wú shù
P	不学无识	bù xué wú shí
P	不宁唯是	bù níng wéi shì
P	不安于位	bù ān yú wèi
P	不安于室	bù ān yú shì
P	不安其室	bù ān qí shì
P	不定积分	bù dìng jī fēn
P	不实之词	bù shí zhī cí
P	不宣而战	bù xuān ér zhàn
P	不容分说	bù róng fēn shuō
P	不容置喙	bù róng zhì huì
P	不容置疑	bù róng zhì yí
P	不容置辩	bù róng zhì biàn
P	不寒而栗	bù hán ér lì
P	不对味儿	bú duì wèi er
P	不对茬儿	bú duì chá ér
P	不尴不尬	bù gān bù gà
P	不屈不挠	bù qū bù náo
P	不屑一读	bú xiè yì dú
P	不屑一顾	bù xiè yī gù
P	不屑教诲	bù xiè jiào huì
P	不屑毁誉	bù xiè huǐ yù
P	不差上下	bù chā shàng xià
P	不差什么	bù chà shén me
P	不差毫厘	bù chā háo lí
P	不差毫发	bù chā háo fà
P	不差累黍	bù chā lěi shǔ
P	不干不净	bù gān bù jìng
P	不平则鸣	bù píng zé míng
P	不废江河	bù fèi jiāng hé
P	不弃草昧	bù qì cǎo mèi
P	不当不正	bù dāng bù zhèng
P	不当人子	bù dāng rén zǐ
P	不待蓍龟	bù dài shī guī
P	不徇私情	bù xùn sī qíng
P	不徐不疾	bù xú bù jí
P	不得不尔	bù dé bù ěr
P	不得人心	bù dé rén xīn
P	不得其所	bù dé qí suǒ
P	不得其死	bù dé qí sǐ
P	不得善终	bù dé shàn zhōng
P	不得开交	bù dé kāi jiāo
P	不得而知	bù dé ér zhī
P	不得要领	bù dé yào lǐng
P	不得违误	bù dé wéi wù
P	不忍卒读	bù rěn zú dú
P	不忘宿志	bú wàng sù zhì
P	不忘故旧	bù wàng gù jiù
P	不忘沟壑	bù wàng gōu hè
P	不忙不暴	bù máng bù bào
P	不忮不求	bù zhì bù qiú
P	不念旧恶	bù niàn jiù è
P	不怀好意	bù huái hào yì
P	不怎么样	bù zěn me yàng
P	不急之务	bù jí zhī wù
P	不恤人言	bù xù rén yán
P	不恶而严	bù è ér yán
P	不悱不发	bù fěi bù fā
P	不情之请	bù qíng zhī qǐng
P	不惑之年	bù huò zhī nián
P	不惜工本	bù xī gōng běn
P	不愤不启	bù fèn bù qǐ
P	不愧下学	bù kuì xià xué
P	不愧不作	bù kuì bù zuò
P	不愧不怍	bù kuì bù zuò
P	不愧屋漏	bù kuì wū lòu
P	不慌不忙	bù huāng bù máng
P	不懂装懂	bù dǒng zhuāng dǒng
P	不成三瓦	bù chéng sān wǎ
P	不成体统	bù chéng tǐ tǒng
P	不成文法	bù chéng wén fǎ
P	不成方圆	bù chéng fāng yuán
P	不战而胜	bú zhàn ér shèng
P	不战而降	bú zhàn ér xiáng
P	不打自招	bù dǎ zì zhāo
P	不抗不卑	bù kàng bù bēi
P	不折不扣	bù zhé bù kòu
P	不护细行	bù hù xì xíng
P	不拔一毛	bù bá yì máo
P	不拔之志	bù bá zhī zhì
P	不拘一格	bù jū yī gé
P	不拘小节	bù jū xiǎo jié
P	不拘形迹	bù jū xíng jī
P	不拘细节	bù jū xì jié
P	不拘细行	bù jū xì xíng
P	不择手段	bù zé shǒu duàn
P	不择生冷	bù zé shēng lěng
P	不按君臣	bù àn jūn chén
P	不挑之祖	bù tiāo zhī zǔ
P	不挠不屈	bù náo bù qū
P	不挠不折	bù náo bù zhé
P	不揣冒昧	bù chuǎi mào mèi
P	不揪不採	bù jiū bù cǎi
P	不揪不睬	bù jiū bù cǎi
P	不揪不采	bù jiū bù cǎi
P	不擒二毛	bù qín èr máo
P	不改其乐	bù gǎi qí lè
P	不攻自破	bù gōng zì pò
P	不教之教	bù jiào zhī jiào
P	不教而杀	bù jiào ér shā
P	不教而诛	bù jiào ér zhū
P	不敢后人	bù gǎn hòu rén
P	不敢告劳	bù gǎn gào láo
P	不敢掠美	bù gǎn lüè měi
P	不敢旁骛	bù gǎn páng wù
P	不敢自专	bù gǎn zì zhuān
P	不敢苟同	bù gǎn gǒu tóng
P	不敢造次	bù gǎn zào cì
P	不敢问津	bù gǎn wèn jīn
P	不敢高攀	bù gǎn gāo pān
P	不文不武	bù wén bù wǔ
P	不断如带	bù duàn rú dài
P	不无小补	bù wú xiǎo bǔ
P	不日不月	bù rì bù yuè
P	不时之需	bù shí zhī xū
P	不时之须	bù shí zhī xū
P	不明不白	bù míng bù bái
P	不易一字	bù yì yī zì
P	不易之典	bù yì zhī diǎn
P	不易之论	bù yì zhī lùn
P	不是味儿	bú shì wèi ér
P	不晓世务	bù xiǎo shì wù
P	不服水土	bù fú shuǐ tǔ
P	不期修古	bù qī xiū gǔ
P	不期而会	bù qī ér huì
P	不期而同	bù qī ér tóng
P	不期而然	bù qī ér rán
P	不期而遇	bù qī ér yù
P	不染一尘	bù rǎn yī chén
P	不栉进士	bù zhì jìn shì
P	不根之论	bù gēn zhī lùn
P	不根之谈	bù gēn zhī tán
P	不次之位	bù cì zhī wèi
P	不次之迁	bù cì zhī qiān
P	不欢而散	bù huān ér sàn
P	不欺屋漏	bù qī wū lòu
P	不欺暗室	bù qī àn shì
P	不欺闇室	bù qī àn shì
P	不正之风	bù zhèng zhī fēng
P	不步人脚	bù bù rén jiǎo
P	不死不活	bù sǐ bù huó
P	不毛之地	bù máo zhī dì
P	不求甚解	bù qiú shèn jiě
P	不求闻达	bù qiú wén dá
P	不治之症	bù zhì zhī zhèng
P	不法之徒	bù fǎ zhī tú
P	不法常可	bù fǎ cháng kě
P	不测之忧	bù cè zhī yōu
P	不测之祸	bù cè zhī huò
P	不测之罪	bù cè zhī zuì
P	不爽毫发	bù shuǎng háo fā
P	不爽累黍	bù shuǎng lèi shǔ
P	不牧之地	bù mù zhī dì
P	不猧不魀	bù wō bù gà
P	不甘后人	bù gān hòu rén
P	不甘寂寞	bù gān jì mò
P	不甘示弱	bù gān shì ruò
P	不甘雌伏	bù gān cí fú
P	不甚了了	bù shèn liǎo liǎo
P	不生不灭	bù shēng bù miè
P	不由分说	bù yóu fēn shuō
P	不由自主	bù yóu zì zhǔ
P	不留余地	bù liú yú dì
P	不疾不徐	bù jí bù xú
P	不痛不痒	bù tòng bù yǎng
P	不痴不聋	bù chī bù lóng
P	不瘟不火	bù wēn bù huǒ
P	不登大雅	bù dēng dà yǎ
P	不白之冤	bù bái zhī yuān
P	不直一文	bù zhí yī wén
P	不直一钱	bù zhí yī qián
P	不相上下	bù xiāng shàng xià
P	不相为谋	bù xiāng wéi móu
P	不相问闻	bù xiāng wèn wén
P	不相闻问	bù xiāng wén wèn
P	不省人事	bù xǐng rén shì
P	不着疼热	bù zhuó téng rè
P	不着边际	bù zhuó biān jì
P	不瞅不睬	bù chǒu bù cǎi
P	不瞽不聋	bù gǔ bù lóng
P	不矜不伐	bù jīn bù fá
P	不矜细行	bù jīn xì xíng
P	不知丁董	bù zhī dīng dǒng
P	不知不觉	bù zhī bù jué
P	不知世务	bù zhī shì wù
P	不知凡几	bù zhī fán jǐ
P	不知利害	bù zhī lì hài
P	不知去向	bù zhī qù xiàng
P	不知头脑	bù zhī tóu nǎo
P	不知好歹	bù zhī hǎo dǎi
P	不知寝食	bù zhī qǐn shí
P	不知就里	bù zhī jiù lǐ
P	不知所云	bù zhī suǒ yún
P	不知所以	bù zhī suǒ yǐ
P	不知所出	bù zhī suǒ chū
P	不知所厝	bù zhī suǒ cuò
P	不知所可	bù zhī suǒ kě
P	不知所措	bù zhī suǒ cuò
P	不知所终	bù zhī suǒ zhōng
P	不知所言	bù zhī suǒ yán
P	不知所错	bù zhī suǒ cuò
P	不知死活	bù zhī sǐ huó
P	不知深浅	bù zhī shēn qiǎn
P	不知甘苦	bù zhī gān kǔ
P	不知疼痒	bù zhī téng yǎng
P	不知痛痒	bù zhī tòng yǎng
P	不知端倪	bù zhī duān ní
P	不知纪极	bù zhī jì jí
P	不知肉味	bù zhī ròu wèi
P	不知自爱	bù zhī zì ài
P	不知自量	bù zhī zì liàng
P	不知薡蕫	bù zhī dǐng dǒng
P	不知起倒	bù zhī qǐ dǎo
P	不知轻重	bù zhī qīng zhòng
P	不知进退	bù zhī jìn tuì
P	不知颠倒	bù zhī diān dǎo
P	不知高下	bù zhī gāo xià
P	不知高低	bù zhī gāo dī
P	不破不立	bú pò bú lì
P	不磷不缁	bù lín bù zī
P	不祥之兆	bù xiáng zhī zhào
P	不祧之宗	bù tiāo zhī zōng
P	不祧之祖	bù tiāo zhī zǔ
P	不禁不由	bù jīn bù yóu
P	不稂不莠	bù láng bù yǒu
P	不稼不穑	bù jià bù sè
P	不立文字	bù lì wén zì
P	不管一二	bù guǎn yī èr
P	不管不顾	bù guǎn bù gù
P	不紧不慢	bù jǐn bù màn
P	不约而同	bù yuē ér tóng
P	不经世故	bù jīng shì gù
P	不经之语	bù jīng zhī yǔ
P	不经之说	bù jīng zhī shuō
P	不经之谈	bù jīng zhī tán
P	不绝于耳	bù jué yú ěr
P	不绝如发	bù jué rú fà
P	不绝如带	bù jué rú dài
P	不绝如线	bù jué rú xiàn
P	不绝如缕	bù jué rú lǚ
P	不绝若线	bù jué ruò xiàn
P	不置可否	bù zhì kě fǒu
P	不置褒贬	bù zhì bāo biǎn
P	不羁之才	bù jī zhī cái
P	不羁之民	bù jī zhī mín
P	不羞当面	bù xiū dāng miàn
P	不習水土	bù xí shuǐ tǔ
P	不翼而飞	bù yì ér fēi
P	不耻下问	bù chǐ xià wèn
P	不耻最后	bù chǐ zuì hòu
P	不肖子孙	bù xiào zǐ sūn
P	不胜其任	bù shèng qí rèn
P	不胜其烦	bù shèng qí fán
P	不胜其苦	bù shèng qí kǔ
P	不胜杯杓	bù shèng bēi sháo
P	不胜枚举	bù shèng méi jǔ
P	不胜桮杓	bù shèng bēi sháo
P	不胫而走	bù jìng ér zǒu
P	不能自己	bù néng zì jǐ
P	不能自已	bù néng zì yǐ
P	不能自拔	bù néng zì bá
P	不脩边幅	bù xiū biān fú
P	不腆之仪	bù tiǎn zhī yí
P	不臣之心	bù chén zhī xīn
P	不自满假	bù zì mǎn jiǎ
P	不自量力	bù zì liàng lì
P	不舍昼夜	bù shě zhòu yè
P	不舞之鹤	bù wǔ zhī hè
P	不苟言笑	bù gǒu yán xiào
P	不茶不饭	bù chá bù fàn
P	不药而愈	bù yào ér yù
P	不落俗套	bù luò sú tào
P	不落窠臼	bù luò kē jiù
P	不落边际	bù luò biān jì
P	不蔓不支	bù màn bù zhī
P	不蔓不枝	bù màn bù zhī
P	不虚此行	bù xū cǐ xíng
P	不虞之誉	bù yú zhī yù
P	不衫不履	bù shān bù lǚ
P	不见不散	bú jiàn bú sàn
P	不见天日	bù jiàn tiān rì
P	不见经传	bù jiàn jīng zhuàn
P	不见舆薪	bú jiàn yú xīn
P	不觉技痒	bù jué jì yǎng
P	不解之仇	bù jiě zhī chóu
P	不解之缘	bù jiě zhī yuán
P	不言不语	bù yán bù yǔ
P	不言而信	bù yán ér xìn
P	不言而喻	bù yán ér yù
P	不言而谕	bù yán ér yù
P	不计其数	bù jì qí shù
P	不计得失	bú jì dé shī
P	不记前仇	bù jì qián chóu
P	不讳之朝	bù huì zhī cháo
P	不讳之路	bù huì zhī lù
P	不讳之门	bù huì zhī mén
P	不论如何	bú lùn rú hé
P	不识一丁	bù shí yī dīng
P	不识不知	bù shí bù zhī
P	不识东家	bù shí dōng jiā
P	不识之无	bù shí zhī wú
P	不识大体	bù shí dà tǐ
P	不识好歹	bù shí hǎo dǎi
P	不识局面	bù shí jú miàn
P	不识抬举	bù shí tái jǔ
P	不识时务	bù shí shí wù
P	不识泰山	bù shí tài shān
P	不识起倒	bù shí qǐ dǎo
P	不识马肝	bù shí mǎ gān
P	不识高低	bù shí gāo dī
P	不谋同辞	bù móu tóng cí
P	不谋而合	bù móu ér hé
P	不谋而同	bù móu ér tóng
P	不负众望	bù fù zhòng wàng
P	不负重望	bù fù zhòng wàng
P	不败之地	bù bài zhī dì
P	不贪为宝	bù tān wéi bǎo
P	不费之惠	bù fèi zhī huì
P	不赏之功	bù shǎng zhī gōng
P	不赞一词	bù zàn yī cí
P	不越雷池	bù yuè léi chí
P	不足为凭	bù zú wéi píng
P	不足为奇	bù zú wéi qí
P	不足为意	bù zú wéi yì
P	不足为据	bù zú wéi jù
P	不足为法	bù zú wéi fǎ
P	不足为训	bù zú wéi xùn
P	不足介意	bù zú jiè yì
P	不足挂齿	bù zú guà chǐ
P	不足轻重	bù zú qīng zhòng
P	不足齿数	bù zú chǐ shǔ
P	不轨之徒	bù guǐ zhī tú
P	不轻然诺	bù qīng rán nuò
P	不辞劳苦	bù cí láo kǔ
P	不辞而别	bù cí ér bié
P	不辟斧钺	bù bì fǔ yuè
P	不辨真伪	bù biàn zhēn wěi
P	不辨菽粟	bù biàn shū sù
P	不辨菽麦	bù biàn shū mài
P	不辩菽麦	bù biàn shū mài
P	不辱使命	bù rǔ shǐ mìng
P	不迁之庙	bù qiān zhī miào
P	不过如此	bù guò rú cǐ
P	不过尔尔	bù guò ěr ěr
P	不近人情	bù jìn rén qíng
P	不近道理	bù jìn dào lǐ
P	不进则退	bù jìn zé tuì
P	不远万里	bù yuǎn wàn lǐ
P	不远千里	bù yuǎn qiān lǐ
P	不违农时	bù wéi nóng shí
P	不追既往	bù zhuī jì wǎng
P	不通水火	bù tōng shuǐ huǒ
P	不逞之徒	bù chěng zhī tú
P	不速之客	bù sù zhī kè
P	不遑启处	bù huáng qǐ chǔ
P	不遑宁处	bù huáng níng chǔ
P	不遑宁息	bù huáng níng xī
P	不遑暇食	bù huáng xiá shí
P	不遑枚举	bù huáng méi jǔ
P	不遗余力	bù yí yú lì
P	不遗寸长	bù yí cùn cháng
P	不遗巨细	bù yí jù xì
P	不避斧钺	bù bì fǔ yuè
P	不避水火	bù bì shuǐ huǒ
P	不避汤火	bù bì tāng huǒ
P	不避艰险	bù bì jiān xiǎn
P	不郎不秀	bù láng bù xiù
P	不问不闻	bù wèn bù wén
P	不问皂白	bù wèn zào bái
P	不间不界	bù jiān bù jiè
P	不闻不问	bù wén bù wèn
P	不阴不阳	bù yīn bù yáng
P	不随以止	bù suí yǐ zhǐ
P	不露圭角	bù lù guī jiǎo
P	不露声色	bù lù shēng sè
P	不露形色	bù lù xíng sè
P	不露神色	bù lù shén sè
P	不露锋芒	bù lù fēng máng
P	不露锋铓	bù lù fēng máng
P	不顾一切	bù gù yī qiè
P	不顾前后	bù gù qián hòu
P	不顾大局	bù gù dà jú
P	不顾死活	bù gù sǐ huó
P	不食之地	bù shí zhī dì
P	不食周粟	bù shí zhōu sù
P	不食烟火	bù shí yān huǒ
P	不食马肝	bù shí mǎ gān
P	不饥不寒	bù jī bù hán
P	不饮盗泉	bù yǐn dào quán
P	不骄不躁	bù jiāo bù zào
P	不齿于人	bù chǐ yú rén
P	不龟手药	bù guī shǒu yào
P	与世俯仰	yǔ shì fǔ yǎng
P	与世偃仰	yǔ shì yǎn yǎng
P	与世推移	yǔ shì tuī yí
P	与世无争	yǔ shì wú zhēng
P	与世沉浮	yǔ shì chén fú
P	与世浮沉	yǔ shì fú chén
P	与世长辞	yǔ shì cháng cí
P	与世隔绝	yǔ shì gé jué
P	与人为善	yǔ rén wéi shàn
P	与众不同	yǔ zhòng bù tóng
P	与受同科	yǔ shòu tóng kē
P	与日俱增	yǔ rì jù zēng
P	与时偕行	yǔ shí xié xíng
P	与时推移	yǔ shí tuī yí
P	与时消息	yǔ shí xiāo xī
P	与此相反	yǔ cǐ xiāng fǎn
P	与民同乐	yǔ mín tóng lè
P	与民更始	yǔ mín gēng shǐ
P	与民除害	yǔ mín chú hài
P	与物无忤	yǔ wù wú wǔ
P	与物无竞	yǔ wù wú jìng
P	与狐谋皮	yǔ hú móu pí
P	与虎添翼	yǔ hǔ tiān yì
P	与虎谋皮	yǔ hǔ móu pí
P	丑声远播	chǒu shēng yuǎn bō
P	丑态毕露	chǒu tài bì lù
P	丑类恶物	chǒu lèi è wù
P	专业教育	zhuān yè jiào yù
P	专业银行	zhuān yè yín háng
P	专员公署	zhuān yuán gōng shǔ
P	专心一致	zhuān xīn yí zhì
P	专有名词	zhuān yǒu míng cí
P	专栏作家	zhuān lán zuò jiā
P	专横跋扈	zhuān hèng bá hù
P	专欲难成	zhuān yù nán chéng
P	专科学校	zhuān kē xué xiào
P	专精覃思	zhuān jīng tán sī
P	且住为佳	qiě zhù wéi jiā
P	且食蛤蜊	qiě shí há lí
P	世俗之见	shì sú zhī jiàn
P	世态炎凉	shì tài yán liáng
P	世掌丝纶	shì zhǎng sī lún
P	世济其美	shì jì qí měi
P	世风日下	shì fēng rì xià
P	丙种射线	bǐng zhǒng shè xiàn
P	业业矜矜	yè yè jīn jīn
P	业余教育	yè yú jiào yù
P	丛山峻岭	cóng shān jùn lǐng
P	丛轻折轴	cóng qīng zhé zhóu
P	丛雀渊鱼	cóng què yuān yú
P	东京大学	dōng jīng dà xué
P	东倒西歪	dōng dǎo xī wāi
P	东冲西决	dōng chōng xī jué
P	东冲西撞	dōng chōng xī zhuàng
P	东冲西突	dōng chōng xī tū
P	东劳西燕	dōng láo xī yàn
P	东南之宝	dōng nán zhī bǎo
P	东南之秀	dōng nán zhī xiù
P	东南之美	dōng nán zhī měi
P	东南半壁	dōng nán bàn bì
P	东南竹箭	dōng nán zhú jiàn
P	东南雀飞	dōng nán què fēi
P	东墙处子	dōng qiáng chǔ zǐ
P	东奔西向	dōng bēn xī xiàng
P	东奔西撞	dōng bēn xī zhuàng
P	东奔西窜	dōng bēn xī cuàn
P	东奔西走	dōng bēn xī zǒu
P	东奔西跑	dōng bēn xī pǎo
P	东奔西逃	dōng bēn xī táo
P	东家效颦	dōng jiā xiào pín
P	东家西舍	dōng jiā xī shè
P	东差西误	dōng chà xī wù
P	东市朝衣	dōng shì cháo yī
P	东床姣婿	dōng chuáng jiāo xù
P	东床择对	dōng chuáng zé duì
P	东张西觑	dōng zhāng xī qù
P	东扯西拉	dōng chě xī lā
P	东扯西拽	dōng chě xī zhuāi
P	东扶西倒	dōng fú xī dǎo
P	东抹西涂	dōng mò xī tú
P	东拉西扯	dōng lā xī chě
P	东挨西撞	dōng āi xī zhuàng
P	东挪西撮	dōng nuó xī cuō
P	东撙西节	dōng zǔn xī jié
P	东支西吾	dōng zhī xī wú
P	东方将白	dōng fāng jiāng bái
P	东方文化	dōng fāng wén huà
P	东望西观	dōng wàng xī guān
P	东横西倒	dōng héng xī dǎo
P	东歪西倒	dōng wāi xī dǎo
P	东洋大海	dōng yáng dà hǎi
P	东流西上	dōng liú xī shàng
P	东流西落	dōng liú xī luò
P	东涂西抹	dōng tú xī mǒ
P	东渐于海	dōng jiān yú hǎi
P	东猜西揣	dōng cāi xī chuāi
P	东猜西疑	dōng cāi xī yí
P	东窗事发	dōng chuāng shì fā
P	东箭南金	dōng jiàn nán jīn
P	东萨摩亚	dōng sà mó yà
P	东藏西躲	dōng cáng xī duǒ
P	东西南北	dōng xī nán běi
P	东西南朔	dōng xī nán shuò
P	东观之殃	dōng guān zhī yāng
P	东观续史	dōng guān xù shǐ
P	东观西望	dōng guān xī wàng
P	东谈西说	dōng tán xī shuō
P	东趋西步	dōng qū xī bù
P	东跑西颠	dōng pǎo xī diān
P	东踅西倒	dōng xué xī dǎo
P	东躲西藏	dōng duǒ xī cáng
P	东躲西跑	dōng duǒ xī pǎo
P	东量西折	dōng liàng xī shé
P	东零西散	dōng líng xī sàn
P	东零西落	dōng líng xī luò
P	东风人面	dōng fēng rén miàn
P	东风入律	dōng fēng rù lǜ
P	东风化雨	dōng fēng huà yǔ
P	东风浩荡	dōng fēng hào dàng
P	东风过耳	dōng fēng guò ěr
P	东风马耳	dōng fēng mǎ ěr
P	东飘西泊	dōng piāo xī bó
P	东食西宿	dōng shí xī sù
P	东鳞西爪	dōng lín xī zhǎo
P	东鸣西应	dōng míng xī yīng
P	丝发之功	sī fā zhī gōng
P	丝恩发怨	sī ēn fà yuàn
P	丢三拉四	diū sān lā sì
P	丢三落四	diū sān là sì
P	丢卒保车	diū zú bǎo jū
P	丢魂丧胆	diū hún sàng dǎn
P	两世为人	liǎng shì wéi rén
P	两全其美	liǎng quán qí měi
P	两叶掩目	liǎng yè yǎn mù
P	两头三绪	liǎng tóu sān xù
P	两头三面	liǎng tóu sān miàn
P	两头和番	liǎng tóu hé fān
P	两头白面	liǎng tóu bái miàn
P	两性关系	liǎng xìng guān xì
P	两性生殖	liǎng xìng shēng zhí
P	两手空空	liǎng shǒu kōng kōng
P	两极分化	liǎng jí fēn huà
P	两栖动物	liǎng qī dòng wù
P	两次三番	liǎng cì sān fān
P	两用人才	liǎng yòng rén cái
P	两相情原	liǎng xiāng qíng yuán
P	两相情愿	liǎng xiāng qíng yuàn
P	两瞽相扶	liǎng gǔ xiāng fú
P	两耳塞豆	liǎng ěr sāi dòu
P	两肋插刀	liǎng lèi chā dāo
P	两脚居间	liǎng jiǎo jū jiān
P	两虎相斗	liǎng hǔ xiāng dòu
P	两袖清风	liǎng xiù qīng fēng
P	两豆塞耳	liǎng dòu sāi ěr
P	两鼠斗穴	liǎng shǔ dòu xué
P	严丝合缝	yán sī hé fèng
P	严家饿隶	yán jiā è lì
P	严惩不贷	yán chéng bù dài
P	严气正性	yán qì zhèng xìng
P	严肃音乐	yán sù yīn yuè
P	严阵以待	yán zhèn yǐ dài
P	严陈以待	yán chén yǐ dài
P	丧天害理	sàng tiān hài lǐ
P	丧失殆尽	sàng shī dài jìn
P	丧家之犬	sàng jiā zhī quǎn
P	丧家之狗	sàng jiā zhī gǒu
P	丧尽天良	sàng jìn tiān liáng
P	丧师辱国	sàng shī rǔ guó
P	丧心病狂	sàng xīn bìng kuáng
P	丧明之痛	sàng míng zhī tòng
P	丧权辱国	sàng quán rǔ guó
P	丧胆亡魂	sàng dǎn wáng hún
P	丧胆游魂	sàng dǎn yóu hún
P	丧胆销魂	sàng dǎn xiāo hún
P	丧身失节	sàng shēn shī jié
P	丧魂失魄	sàng hún shī pò
P	丧魂落魄	sàng hún luò pò
P	个中妙趣	gè zhōng miào qù
P	个中滋味	gè zhōng zī wèi
P	个人主义	gè rén zhǔ yì
P	个人财产	gè rén cái chǎn
P	个体经济	gè tǐ jīng jì
P	中产阶级	zhōng chǎn jiē jí
P	中共中央	zhōng gòng zhōng yāng
P	中冓之言	zhōng gòu zhī yán
P	中华民国	zhōng huá mín guó
P	中华民族	zhōng huá mín zú
P	中原逐鹿	zhōng yuán zhú lù
P	中国工人	zhōng guó gōng rén
P	中国象棋	zhōng guó xiàng qí
P	中国青年	zhōng guó qīng nián
P	中外合璧	zhōng wài hé bì
P	中外合资	zhōng wài hé zī
P	中层干部	zhōng céng gàn bù
P	中庸之道	zhōng yōng zhī dào
P	中心摇摇	zhōng xīn yáo yáo
P	中流一壶	zhōng liú yī hú
P	中流击楫	zhōng liú jī jí
P	中流底柱	zhōng liú dǐ zhù
P	中流砥柱	zhōng liú dǐ zhù
P	中立不倚	zhōng lì bù yǐ
P	中等教育	zhōng děng jiào yù
P	中西合璧	zhōng xī hé bì
P	中道而废	zhōng dào ér fèi
P	中风瘫痪	zhòng fēng tān huàn
P	中饱私囊	zhōng bǎo sī náng
P	中馈乏人	zhōng kuì fá rén
P	中馈犹虚	zhōng kuì yóu xū
P	丰亨豫大	fēng hēng yù dà
P	丰功盛烈	fēng gōng shèng liè
P	丰功硕德	fēng gōng shuò dé
P	丰取刻与	fēng qǔ kè yǔ
P	丰姿冶丽	fēng zī yě lì
P	丰姿绰约	fēng zī chuò yuē
P	丰富多采	fēng fù duō cǎi
P	丰屋之过	fēng wū zhī guò
P	丰屋蔀家	fēng wū bù jiā
P	丰度翩翩	fēng dù piān piān
P	丰标不凡	fēng biāo bù fán
P	丰神绰约	fēng shén chuò yuē
P	丰肌弱骨	fēng jī ruò gǔ
P	丰肌秀骨	fēng jī xiù gǔ
P	丰草长林	fēng cǎo cháng lín
P	丰衣足食	fēng yī zú shí
P	串亲访友	chuàn qīn fǎng yǒu
P	临别赠言	lín bié zèng yán
P	临别赠语	lín bié zèng yǔ
P	临危不惧	lín wēi bù jù
P	临危不挠	lín wēi bù náo
P	临危不顾	lín wēi bù gù
P	临崖勒马	lín yá lè mǎ
P	临敌易将	lín dí yì jiàng
P	临文不讳	lín wén bù huì
P	临机应变	lín jī yìng biàn
P	临深履薄	lín shēn lǚ bó
P	临潼斗宝	lín tóng dòu bǎo
P	临财不苟	lín cái bù gǒu
P	临阵磨刀	lín zhèn mó dāo
P	临阵磨枪	lín zhèn mó qiāng
P	临难不恐	lín nàn bù kǒng
P	临难不惧	lín nàn bù jù
P	临难不避	lín nán bù bì
P	临难无慑	lín nán wú shè
P	临难苟免	lín nàn gǒu miǎn
P	临难铸兵	lín nàn zhù bīng
P	临风对月	lín fēng duì yuè
P	丸散膏丹	wán sàn gāo dān
P	丸泥封关	wán ní fēng guān
P	丹书铁券	dān shū tiě quàn
P	丹书铁契	dān shū tiě qì
P	丹凤朝阳	dān fèng cháo yáng
P	丹心碧血	dān xīn bì xuè
P	丹铅甲乙	dān qiān jiǎ yǐ
P	丹青不渝	dān qīng bù yú
P	为丛驱雀	wèi cóng qū què
P	为之语塞	wéi zhī yǔ sè
P	为人作嫁	wèi rén zuò jià
P	为人师表	wéi rén shī biǎo
P	为人说项	wèi rén shuō xiàng
P	为仁不富	wéi rén bù fù
P	为善最乐	wéi shàn zuì lè
P	为国为民	wèi guó wèi mín
P	为国捐躯	wèi guó juān qū
P	为好成歉	wéi hǎo chéng qiàn
P	为富不仁	wéi fù bù rén
P	为小失大	wèi xiǎo shī dà
P	为山止篑	wéi shān zhǐ kuì
P	为德不卒	wéi dé bù zú
P	为德不终	wéi dé bù zhōng
P	为恶不悛	wéi è bù quān
P	为所欲为	wéi suǒ yù wéi
P	为时过早	wéi shí guò zǎo
P	为期不远	wéi qī bù yuǎn
P	为民父母	wéi mín fù mǔ
P	为民请命	wèi mín qǐng mìng
P	为民除害	wèi mín chú hài
P	为法自弊	wéi fǎ zì bì
P	为渊驱鱼	wèi yuān qū yú
P	为虎作伥	wèi hǔ zuò chāng
P	为虎傅翼	wèi hǔ fù yì
P	为虎添翼	wèi hǔ tiān yì
P	为虺弗摧	wéi huǐ fú cuī
P	为蛇添足	wéi shé tiān zú
P	为蛇画足	wéi shé huà zú
P	为裘为箕	wéi qiú wéi jī
P	为非作恶	wéi fēi zuò è
P	为非作歹	wéi fēi zuò dǎi
P	为鬼为蜮	wéi guǐ wéi yù
P	主创人员	zhǔ chuàng rén yuán
P	主客颠倒	zhǔ kè diān dǎo
P	主少国疑	zhǔ shào guó yí
P	主治医生	zhǔ zhì yī shēng
P	主要矛盾	zhǔ yào máo dùn
P	主观世界	zhǔ guān shì jiè
P	主观主义	zhǔ guān zhǔ yì
P	丽句清词	lì jù qīng cí
P	丽句清辞	lì jù qīng cí
P	丽藻春葩	lì zǎo chūn pā
P	举不胜举	jǔ bù shèng jǔ
P	举世混浊	jǔ shì hún zhuó
P	举世皆知	jǔ shì jiē zhī
P	举例发凡	jǔ lì fā fán
P	举十知九	jǔ shí zhī jiǔ
P	举国上下	jǔ guó shàng xià
P	举国若狂	jǔ guó ruò kuáng
P	举手相庆	jǔ shǒu xiāng qìng
P	举措不当	jǔ cuò bù dàng
P	举措失当	jǔ cuò shī dàng
P	举案齐眉	jǔ àn qí méi
P	举棋不定	jǔ qí bù dìng
P	举棋若定	jǔ qí ruò dìng
P	举止不凡	jǔ zhǐ bù fán
P	举止大方	jǔ zhǐ dà fāng
P	举止自若	jǔ zhǐ zì ruò
P	举步生风	jǔ bù shēng fēng
P	举目无亲	jǔ mù wú qīn
P	举要删芜	jǔ yào shān wú
P	举贤任能	jǔ xián rèn néng
P	举贤使能	jǔ xián shǐ néng
P	举足轻重	jǔ zú qīng zhòng
P	举重若轻	jǔ zhòng ruò qīng
P	乃心王室	nǎi xīn wáng shì
P	久久不忘	jiǔ jiǔ bù wàng
P	久假不归	jiǔ jiǎ bù guī
P	久别重逢	jiǔ bié chóng féng
P	久历风尘	jiǔ lì fēng chén
P	久安长治	jiǔ ān cháng zhì
P	久悬不决	jiǔ xuán bù jué
P	久拖不决	jiǔ tuō bù jué
P	久经沙场	jiǔ jīng shā chǎng
P	久经风霜	jiǔ jīng fēng shuāng
P	久要不忘	jiǔ yāo bù wàng
P	久负盛名	jiǔ fù shèng míng
P	久闻大名	jiǔ wén dà míng
P	义不反顾	yì bù fǎn gù
P	义不取容	yì bù qǔ róng
P	义不容辞	yì bù róng cí
P	义不生财	yì bù shēng cái
P	义务教育	yì wù jiào yù
P	义愤填胸	yì fèn tián xiōng
P	义愤填膺	yì fèn tián yīng
P	义无旋踵	yì wú xuán zhǒng
P	义正词严	yì zhèng cí yán
P	义正辞严	yì zhèng cí yán
P	义正辞约	yì zhèng cí yuē
P	义气相投	yì qì xiāng tóu
P	义浆仁粟	yì jiāng rén sù
P	义薄云天	yì bó yún tiān
P	义重恩深	yì zhòng ēn shēn
P	之死不渝	zhī sǐ bù yú
P	乌合之众	wū hé zhī zhòng
P	乌天黑地	wū tiān hēi dì
P	乌头马角	wū tóu mǎ jiǎo
P	乌帽红裙	wū mào hóng qún
P	乌有先生	wū yǒu xiān shēng
P	乌白马角	wū bái mǎ jiǎo
P	乌苏里江	wū sū lǐ jiāng
P	乌衣子弟	wū yī zǐ dì
P	乌鲁木齐	wū lǔ mù qí
P	乍暖还寒	zhà nuǎn huán hán
P	乐不可支	lè bù kě zhī
P	乐不可极	lè bù kě jí
P	乐不可言	lè bù kě yán
P	乐不思蜀	lè bù sī shǔ
P	乐不极盘	lè bù jí pán
P	乐业安居	lè yè ān jū
P	乐事劝功	lè shì quàn gōng
P	乐以忘忧	lè yǐ wàng yōu
P	乐善不倦	lè shàn bù juàn
P	乐善好义	lè shàn hào yì
P	乐善好施	lè shàn hào shī
P	乐嗟苦咄	lè jiē kǔ duō
P	乐在其中	lè zài qí zhōng
P	乐天任命	lè tiān rèn mìng
P	乐天安命	lè tiān ān mìng
P	乐天知命	lè tiān zhī mìng
P	乐尽哀生	lè jìn āi shēng
P	乐尽悲来	lè jìn bēi lái
P	乐山乐水	lè shān lè shuǐ
P	乐山爱水	lè shān ài shuǐ
P	乐往哀来	lè wǎng āi lái
P	乐成人美	lè chéng rén měi
P	乐新厌旧	lè xīn yàn jiù
P	乐昌之镜	lè chāng zhī jìng
P	乐昌分镜	lè chāng fēn jìng
P	乐昌破镜	lè chāng pò jìng
P	乐极则忧	lè jí zé yōu
P	乐极则悲	lè jí zé bēi
P	乐极哀来	lè jí āi lái
P	乐极悲来	lè jí bēi lái
P	乐极悲生	lè jí bēi shēng
P	乐极生哀	lè jí shēng āi
P	乐极生悲	lè jí shēng bēi
P	乐此不倦	lè cǐ bù juàn
P	乐此不疲	lè cǐ bù pí
P	乐祸幸灾	lè huò xìng zāi
P	乐而不厌	lè ér bù yàn
P	乐而不淫	lè ér bù yín
P	乐而不荒	lè ér bù huāng
P	乐而忘死	lè ér wàng sǐ
P	乐而忘返	lè ér wàng fǎn
P	乐行忧违	lè xíng yōu wéi
P	乐观主义	lè guān zhǔ yì
P	乐退安贫	lè tuì ān pín
P	乐道好古	lè dào hǎo gǔ
P	乐道安命	lè dào ān mìng
P	乐道安贫	lè dào ān pín
P	乐道忘饥	lè dào wàng jī
P	乐道遗荣	lè dào yí róng
P	乔妆打扮	qiáo zhuāng dǎ bàn
P	乔文假醋	qiáo wén jiǎ cù
P	乔装打扮	qiáo zhuāng dǎ bàn
P	乖僻邪谬	guāi pì xié miù
P	乘云行泥	chéng yún xíng ní
P	乘人之危	chéng rén zhī wēi
P	乘伪行诈	chéng wěi xíng zhà
P	乘兴而来	chéng xìng ér lái
P	乘其不备	chéng qí bù bèi
P	乘其不意	chéng qí bù yì
P	乘利席胜	chéng lì xí shèng
P	乘势使气	chéng shì shǐ qì
P	乘坚策肥	chéng jiān cè féi
P	乘坚驱良	chéng jiān qū liáng
P	乘时乘势	chéng shí chéng shì
P	乘机打劫	chéng jī dǎ jié
P	乘热打铁	chéng rè dǎ tiě
P	乘肥衣轻	chéng féi yì qīng
P	乘胜追击	chéng shèng zhuī jī
P	乘胜逐北	chéng shèng zhú běi
P	乘舆播越	chéng yú bō yuè
P	乘虚而入	chéng xū ér rù
P	乘虚蹈隙	chéng xū dǎo xì
P	乘虚迭出	chéng xū dié chū
P	乘车戴笠	chéng chē dài lì
P	乘轻驱肥	chéng qīng qū féi
P	乘间伺隙	chéng jiān sì xì
P	乘间投隙	chéng jiān tóu xì
P	乘间抵隙	chéng jiān dǐ xì
P	乘险抵巇	chéng xiǎn dǐ xī
P	乘隙捣虚	chéng xì dǎo xū
P	乘隙而入	chéng xì ér rù
P	乘顺水船	chéng shùn shuǐ chuán
P	乘风兴浪	chéng fēng xīng làng
P	乘风破浪	chéng fēng pò làng
P	乘风转舵	chéng fēng zhuǎn duò
P	乘高决水	chéng gāo jué shuǐ
P	乘鸾跨凤	chéng luán kuà fèng
P	乘龙佳婿	chéng lóng jiā xù
P	乘龙快婿	chéng lóng kuài xù
P	乘龙配凤	chéng lóng pèi fèng
P	乙状结肠	yǐ zhuàng jié cháng
P	乙种射线	yǐ zhǒng shè xiàn
P	乙种粒子	yǐ zhǒng lì zǐ
P	乜斜缠帐	niè xié chán zhàng
P	九世之仇	jiǔ shì zhī chóu
P	九原可作	jiǔ yuán kě zuò
P	九变十化	jiǔ biàn shí huà
P	九合一匡	jiǔ hé yī kuāng
P	九品中正	jiǔ pǐn zhōng zhèng
P	九垓八埏	jiǔ gāi bā yán
P	九大行星	jiǔ dà xíng xīng
P	九天九地	jiǔ tiān jiǔ dì
P	九天仙女	jiǔ tiān xiān nǚ
P	九故十亲	jiǔ gù shí qīn
P	九曲回肠	jiǔ qū huí cháng
P	九朽一罢	jiǔ xiǔ yī bà
P	九死一生	jiǔ sǐ yì shēng
P	九死不悔	jiǔ sǐ bù huǐ
P	九流三教	jiǔ liú sān jiào
P	九流十家	jiǔ liú shí jiā
P	九流百家	jiǔ liú bǎi jiā
P	九牛一毛	jiǔ niú yì máo
P	九蒸三熯	jiǔ zhēng sān hàn
P	九行八业	jiǔ háng bā yè
P	九转功成	jiǔ zhuǎn gōng chéng
P	九间大殿	jiǔ jiān dà diàn
P	九间朝殿	jiǔ jiān cháo diàn
P	九鼎大吕	jiǔ dǐng dà lǚ
P	乞儿乘车	qǐ ér chéng chē
P	乞浆得酒	qǐ jiāng dé jiǔ
P	乞穷俭相	qǐ qióng jiǎn xiāng
P	习与性成	xí yǔ xìng chéng
P	习以为常	xí yǐ wéi cháng
P	习焉不察	xí yān bù chá
P	习而不察	xí ér bù chá
P	乡书难寄	xiāng shū nán jì
P	乡土气息	xiāng tǔ qì xī
P	乡巴佬儿	xiāng bā lǎo er
P	乡规民约	xiāng guī mín yuē
P	书不尽意	shū bù jìn yì
P	书不尽言	shū bù jìn yán
P	书不释手	shū bù shì shǒu
P	书囊无底	shū náng wú dǐ
P	书归正传	shū guī zhèng zhuàn
P	书生之见	shū shēng zhī jiàn
P	书空咄咄	shū kōng duō duō
P	书缺有间	shū quē yǒu jiàn
P	书读五车	shū dú wǔ chē
P	书香世家	shū xiāng shì jiā
P	书香人家	shū xiāng rén jiā
P	买上告下	mǎi shàng gào xià
P	买上嘱下	mǎi shàng zhǔ xià
P	买椟还珠	mǎi dú huán zhū
P	买王得羊	mǎi wáng dé yáng
P	买空卖空	mǎi kōng mài kōng
P	买笑追欢	mǎi xiào zhuī huān
P	买铁思金	mǎi tiě sī jīn
P	乱七八糟	luàn qī bā zāo
P	乱作胡为	luàn zuò hú wéi
P	乱头粗服	luàn tóu cū fú
P	乱成一团	luàn chéng yì tuán
P	乱砍滥伐	luàn kǎn làn fá
P	乱箭攒心	luàn jiàn cuán xīn
P	乱语胡言	luàn yǔ hú yán
P	乳臭未干	rǔ xiù wèi gān
P	乳臭未除	rǔ chòu wèi chú
P	乳间股脚	rǔ jiān gǔ jiǎo
P	乾乾翼翼	qián qián yì yì
P	乾端坤倪	qián duān kūn ní
P	了不可见	liǎo bù kě jiàn
P	了不长进	liǎo bù zhǎng jìn
P	了了可见	liǎo liǎo kě jiàn
P	了如指掌	liǎo rú zhǐ zhǎng
P	了无惧色	liǎo wú jù sè
P	了然于胸	liǎo rán yú xiōng
P	了然无闻	liǎo rán wú wén
P	了若指掌	liǎo ruò zhǐ zhǎng
P	了身脱命	liǎo shēn tuō mìng
P	了身达命	liǎo shēn dá mìng
P	予人口实	yǔ rén kǒu shí
P	予取予夺	yú qǔ yú duó
P	予取予携	yú qǔ yú xié
P	予取予求	yú qǔ yú qiú
P	予夺生杀	yǔ duó shēng shā
P	予智予雄	yú zhì yú xióng
P	予齿去角	yǔ chǐ qù jiǎo
P	争分夺秒	zhēng fēn duó miǎo
P	争多论少	zhēng duō lùn shǎo
P	争奇斗艳	zhēng qí dòu yàn
P	争妍斗艳	zhēng yán dòu yàn
P	争强好胜	zhēng qiáng hào shèng
P	争强斗狠	zhēng qiáng dòu hěn
P	争强斗胜	zhēng qiáng dòu shèng
P	争强显胜	zhēng qiáng xiǎn shèng
P	争斤论两	zhēng jīn lùn liǎng
P	争猫丢牛	zhēng māo diū niú
P	争短论长	zhēng duǎn lùn cháng
P	争长竞短	zhēng cháng jìng duǎn
P	争长论短	zhēng cháng lùn duǎn
P	争风吃醋	zhēng fēng chī cù
P	争鸡失羊	zhēng jī shī yáng
P	事不关己	shì bù guān jǐ
P	事不宜迟	shì bù yí chí
P	事不师古	shì bù shī gǔ
P	事不有余	shì bù yǒu yú
P	事不过三	shì bù guò sān
P	事与原违	shì yǔ yuán wéi
P	事与心违	shì yù xīn wéi
P	事与愿违	shì yǔ yuàn wéi
P	事业单位	shì yè dān wèi
P	事出有因	shì chū yǒu yīn
P	事危累卵	shì wēi lèi luǎn
P	事在人为	shì zài rén wéi
P	事在必行	shì zài bì xíng
P	事必躬亲	shì bì gōng qīn
P	事无大小	shì wú dà xiǎo
P	事核言直	shì hé yán zhí
P	事过境迁	shì guò jìng qiān
P	事过情迁	shì guò qíng qiān
P	事过景迁	shì guò jǐng qiān
P	事齐事楚	shì qí shì chǔ
P	二三其德	èr sān qí dé
P	二三其意	èr sān qí yì
P	二分明月	èr fēn míng yuè
P	二十八宿	èr shí bā xiù
P	二姓之好	èr xìng zhī hǎo
P	二次曲线	èr cì qū xiàn
P	二次能源	èr cì néng yuán
P	二氧化物	èr yǎng huà wù
P	二氧化硅	èr yǎng huà guī
P	二氧化硫	èr yǎng huà liú
P	二氧化碳	èr yǎng huà tàn
P	二氧化锰	èr yǎng huà měng
P	二竖为虐	èr shù wéi nüè
P	二话不说	èr huà bù shuō
P	二话没说	èr huà méi shuō
P	二龙戏珠	èr lóng xì zhū
P	于今为烈	yú jīn wéi liè
P	于安思危	yú ān sī wēi
P	于家为国	yú jiā wéi guó
P	于心何忍	yú xīn hé rěn
P	于飞之乐	yú fēi zhī lè
P	亏心短行	kuī xīn duǎn xíng
P	云中仙鹤	yún zhōng xiān hè
P	云中白鹤	yún zhōng bái hè
P	云交雨合	yún jiāo yǔ hé
P	云兴霞蔚	yún xīng xiá wèi
P	云冈石窟	yún gāng shí kū
P	云净天空	yún jìng tiān kōng
P	云合响应	yún hé xiǎng yìng
P	云合景从	yún hé jǐng cóng
P	云合雾集	yún hé wù jí
P	云堦月地	yún jiē yuè dì
P	云天雾地	yún tiān wù dì
P	云尤雨殢	yún yóu yǔ tì
P	云屯席卷	yún tún xí juǎn
P	云屯星聚	yún tún xīng jù
P	云屯森立	yún tún sēn lì
P	云屯蚁聚	yún tún yǐ jù
P	云屯雨集	yún tún yǔ jí
P	云屯雾散	yún tún wù sàn
P	云屯雾集	yún tún wù jí
P	云屯飙散	yún tún biāo sàn
P	云屯鸟散	yún tún niǎo sàn
P	云山雾罩	yún shān wù zhào
P	云布雨施	yún bù yǔ shī
P	云布雨润	yún bù yǔ rùn
P	云开见天	yún kāi jiàn tiān
P	云开见日	yún kāi jiàn rì
P	云开雾散	yún kāi wù sàn
P	云悲海思	yún bēi hǎi sī
P	云情雨意	yún qíng yǔ yì
P	云愁海思	yún chóu hǎi sī
P	云愁雨怨	yún chóu yǔ yuàn
P	云扰幅裂	yún rǎo fú liè
P	云收雨散	yún shōu yǔ sàn
P	云散风流	yún sàn fēng liú
P	云朝雨暮	yún zhāo yǔ mù
P	云期雨信	yún qī yǔ xìn
P	云期雨约	yún qī yǔ yuē
P	云树之思	yún shù zhī sī
P	云泥之别	yún ní zhī bié
P	云泥之差	yún ní zhī chā
P	云泥异路	yún ní yì lù
P	云泥殊路	yún ní shū lù
P	云消雨散	yún xiāo yǔ sàn
P	云消雾散	yún xiāo wù sàn
P	云涌风飞	yún yǒng fēng fēi
P	云涌飙发	yún yǒng biāo fā
P	云淡风轻	yún dàn fēng qīng
P	云烟过眼	yún yān guò yǎn
P	云程万里	yún chéng wàn lǐ
P	云程发轫	yún chéng fā rèn
P	云窗雾槛	yún chuāng wù jiàn
P	云翻雨覆	yún fān yǔ fù
P	云舒霞卷	yún shū xiá juǎn
P	云行雨施	yún xíng yǔ shī
P	云行雨洽	yún xíng yǔ qià
P	云趋鹜赴	yún qū wù fù
P	云过天空	yún guò tiān kōng
P	云阶月地	yún jiē yuè dì
P	云集响应	yún jí xiǎng yìng
P	云集景从	yún jí jǐng cóng
P	云集景附	yún jí jǐng fù
P	云雨巫山	yún yǔ wū shān
P	云雾迷蒙	yún wù mí méng
P	云飞泥沉	yún fēi ní chén
P	云飞雨散	yún fēi yǔ sàn
P	云龙风虎	yún lóng fēng hǔ
P	互为因果	hù wéi yīn guǒ
P	互为表里	hù wéi biǎo lǐ
P	互剥痛疮	hù bō tòng chuāng
P	互惠互利	hù huì hù lì
P	互敬互爱	hù jìng hù ài
P	互相推诿	hù xiāng tuī wěi
P	互相标榜	hù xiāng biāo bǎng
P	互谅互让	hù liàng hù ràng
P	互通有无	hù tōng yǒu wú
P	五世其昌	wǔ shì qí chāng
P	五亲六眷	wǔ qīn liù juàn
P	五体投地	wǔ tǐ tóu dì
P	五体投诚	wǔ tǐ tóu chéng
P	五侯七贵	wǔ hóu qī guì
P	五侯蜡烛	wǔ hòu là zhú
P	五内俱崩	wǔ nèi jù bēng
P	五内如焚	wǔ nèi rú fén
P	五冬六夏	wǔ dōng liù xià
P	五合六聚	wǔ hé liù jù
P	五大三粗	wǔ dà sān cū
P	五尺之僮	wǔ chǐ zhī tóng
P	五尺之童	wǔ chǐ zhī tóng
P	五尺竖子	wǔ chǐ shù zǐ
P	五尺童子	wǔ chǐ tóng zǐ
P	五心六意	wǔ xīn liù yì
P	五抢六夺	wǔ qiǎng liù duó
P	五斗折腰	wǔ dǒu zhé yāo
P	五方杂处	wǔ fāng zá chǔ
P	五星红旗	wǔ xīng hóng qí
P	五毒俱全	wǔ dú jù quán
P	五申三令	wǔ shēn sān lìng
P	五男二女	wǔ nán èr nǚ
P	五石六鹢	wǔ shí liù yì
P	五积六受	wǔ jī liù shòu
P	五经扫地	wǔ jīng sǎo dì
P	五羖大夫	wǔ gǔ dà fū
P	五脊六兽	wǔ jǐ liù shòu
P	五脏六腑	wǔ zàng liù fǔ
P	五色相宣	wǔ sè xiāng xuān
P	五花大绑	wǔ huā dà bǎng
P	五蕴皆空	wǔ yùn jiē kōng
P	五藏六府	wǔ zàng liù fǔ
P	五虚六耗	wǔ xū liù hào
P	五行俱下	wǔ xíng jù xià
P	五行八作	wǔ háng bā zuō
P	五行并下	wǔ háng bìng xià
P	五行生克	wǔ xíng shēng kè
P	五角六张	wǔ jiǎo liù zhāng
P	五角大楼	wǔ jiǎo dà lóu
P	五言绝句	wǔ yán jué jù
P	五言长城	wǔ yán cháng chéng
P	五谷不分	wǔ gǔ bù fēn
P	五谷不升	wǔ gǔ bù shēng
P	五谷杂粮	wǔ gǔ zá liáng
P	五车腹笥	wǔ chē fù sì
P	五里雾中	wǔ lǐ wù zhōng
P	五陵年少	wǔ líng nián shào
P	五陵英少	wǔ líng yīng shǎo
P	五雀六燕	wǔ què liù yàn
P	五零二落	wǔ líng èr luò
P	五零四散	wǔ líng sì sàn
P	五雷轰顶	wǔ léi hōng dǐng
P	五音六律	wǔ yīn liù lǜ
P	五颜六色	wǔ yán liù sè
P	五风十雨	wǔ fēng shí yǔ
P	五马分尸	wǔ mǎ fēn shī
P	五黄六月	wǔ huáng liù yuè
P	五鼎万钟	wǔ dǐng wàn zhōng
P	井中求火	jǐng zhōng qiú huǒ
P	井中视星	jǐng zhōng shì xīng
P	井井有序	jǐng jǐng yǒu xù
P	井井有方	jǐng jǐng yǒu fāng
P	井井有条	jǐng jǐng yǒu tiáo
P	井井有法	jǐng jǐng yǒu fǎ
P	井井有绪	jǐng jǐng yǒu xù
P	井底之蛙	jǐng dǐ zhī wā
P	井底虾蟆	jǐng dǐ xiā má
P	井底蛤蟆	jǐng dǐ há má
P	井底鸣蛙	jǐng dǐ míng wā
P	井渫不食	jǐng xiè bù shí
P	井渫莫食	jǐng xiè mò shí
P	井然有序	jǐng rán yǒu xù
P	井然有条	jǐng rán yǒu tiáo
P	井管拘墟	jǐng guǎn jū xū
P	井臼亲操	jǐng jiù qīn cāo
P	井蛙之见	jǐng wā zhī jiàn
P	亘古不灭	gèn gǔ bù miè
P	亘古奇闻	gèn gǔ qí wén
P	亘古未有	gèn gǔ wèi yǒu
P	亚太地区	yà tài dì qū
P	亚肩叠背	yà jiān dié bèi
P	亚肩迭背	yà jiān dié bèi
P	亚马孙河	yà mǎ sūn hé
P	亟疾苛察	jí jí kē chá
P	亡不待夕	wáng bù dài xī
P	亡不旋跬	wáng bù xuán kuǐ
P	亡不旋踵	wáng bù xuán zhǒng
P	亡可奈何	wáng kě nài hé
P	亡命之徒	wáng mìng zhī tú
P	亡国之器	wáng guó zhī qì
P	亡国之声	wáng guó zhī shēng
P	亡国之社	wáng guó zhī shè
P	亡国之音	wáng guó zhī yīn
P	亡国大夫	wáng guó dà fū
P	亡国灭种	wáng guó miè zhǒng
P	亡国破家	wáng guó pò jiā
P	亡戟得矛	wáng jǐ dé máo
P	亡猿灾木	wáng yuán zāi mù
P	亡猿祸木	wáng yuán huò mù
P	亡矢遗镞	wáng shǐ yí zú
P	亡秦三户	wáng qín sān hù
P	亡羊之叹	wáng yáng zhī tàn
P	亡羊得牛	wáng yáng dé niú
P	亡羊补牢	wáng yáng bǔ láo
P	亡魂丧胆	wáng hún sàng dǎn
P	亡魂丧魄	wáng hún sàng pò
P	亡魂失魄	wáng hún shī pò
P	亢龙有悔	kàng lóng yǒu huǐ
P	交叉感染	jiāo chā gǎn rǎn
P	交叉科学	jiāo chā kē xué
P	交口同声	jiāo kǒu tóng shēng
P	交口称誉	jiāo kǒu chēng yù
P	交口称赞	jiāo kǒu chēng zàn
P	交头互耳	jiāo tóu hù ěr
P	交头接耳	jiāo tóu jiē ěr
P	交换价值	jiāo huàn jià zhí
P	交浅言深	jiāo qiǎn yán shēn
P	交淡若水	jiāo dàn ruò shuǐ
P	交相辉映	jiāo xiāng huī yìng
P	交能易作	jiāo néng yì zuò
P	交臂历指	jiāo bì lì zhǐ
P	交臂失之	jiāo bì shī zhī
P	交臂相失	jiāo bì xiāng shī
P	交通信号	jiāo tōng xìn hào
P	交通梗塞	jiāo tōng gěng sè
P	交颈并头	jiāo jǐng bìng tóu
P	亥豕相望	hài shǐ xiāng wàng
P	亦步亦趋	yì bù yì qū
P	亦趋亦步	yì qū yì bù
P	产业结构	chǎn yè jié gòu
P	产品质量	chǎn pǐn zhì liàng
P	亨嘉之会	hēng jiā zhī huì
P	享乐主义	xiǎng lè zhǔ yì
P	京广铁路	jīng guǎng tiě lù
P	京韵大鼓	jīng yùn dà gǔ
P	亭台楼阁	tíng tái lóu gé
P	亲上做亲	qīn shàng zuò qīn
P	亲上成亲	qīn shàng chéng qīn
P	亲临其境	qīn lín qí jìng
P	亲仁善邻	qīn rén shàn lín
P	亲冒矢石	qīn mào shǐ shí
P	亲如手足	qīn rú shǒu zú
P	亲如骨肉	qīn rú gǔ ròu
P	亲密无间	qīn mì wú jiàn
P	亲当矢石	qīn dāng shǐ shí
P	亲操井臼	qīn cāo jǐng jiù
P	亲疏贵贱	qīn shū guì jiàn
P	亲痛仇快	qīn tòng chóu kuài
P	亲离众叛	qīn lí zhòng pàn
P	亲贤远佞	qīn xián yuǎn nìng
P	亹亹不倦	wěi wěi bù juàn
P	人丁兴旺	rén dīng xīng wàng
P	人不聊生	rén bù liáo shēng
P	人不自安	rén bù zì ān
P	人中之龙	rén zhōng zhī lóng
P	人中狮子	rén zhōng shī zǐ
P	人中骐骥	rén zhōng qí jì
P	人中龙虎	rén zhōng lóng hǔ
P	人为刀俎	rén wéi dāo zǔ
P	人事不省	rén shì bù xǐng
P	人事不知	rén shì bù zhī
P	人事不醒	rén shì bù xǐng
P	人亡家破	rén wáng jiā pò
P	人亡政息	rén wáng zhèng xī
P	人亡物在	rén wáng wù zài
P	人亡邦瘁	rén wáng bāng cuì
P	人人皆知	rén rén jiē zhī
P	人以群分	rén yǐ qún fēn
P	人仰马翻	rén yǎng mǎ fān
P	人体炸弹	rén tǐ zhà dàn
P	人前人后	rén qián rén hòu
P	人千人万	rén qiān rén wàn
P	人单势孤	rén dān shì gū
P	人去楼空	rén qù lóu kōng
P	人取我与	rén qǔ wǒ yǔ
P	人口密度	rén kǒu mì dù
P	人口总数	rén kǒu zǒng shù
P	人各有志	rén gè yǒu zhì
P	人命危浅	rén mìng wēi qiǎn
P	人地生疏	rén dì shēng shū
P	人多阙少	rén duō què shǎo
P	人头畜鸣	rén tóu chù míng
P	人小鬼大	rén xiǎo guǐ dà
P	人尽其才	rén jìn qí cái
P	人工合成	rén gōng hé chéng
P	人工降雨	rén gōng jiàng yǔ
P	人强胜天	rén qiáng shèng tiān
P	人强马壮	rén qiáng mǎ zhuàng
P	人心不古	rén xīn bù gǔ
P	人心丧尽	rén xīn sàng jìn
P	人心向背	rén xīn xiàng bèi
P	人心大快	rén xīn dà kuài
P	人心涣散	rén xīn huàn sàn
P	人心莫测	rén xīn mò cè
P	人心难测	rén xīn nán cè
P	人急偎亲	rén jí wēi qīn
P	人所不齿	rén suǒ bù chǐ
P	人所共知	rén suǒ gòng zhī
P	人才市场	rén cái shì chǎng
P	人才济济	rén cái jǐ jǐ
P	人才难得	rén cái nán dé
P	人数众多	rén shù zhòng duō
P	人机对话	rén jī duì huà
P	人杰地灵	rén jié dì líng
P	人模狗样	rén mú gǒu yàng
P	人欲横流	rén yù héng liú
P	人民团体	rén mín tuán tǐ
P	人民教师	rén mín jiào shī
P	人浮于食	rén fú yú shí
P	人海战术	rén hǎi zhàn shù
P	人涉卬否	rén shè áng fǒu
P	人满为患	rén mǎn wéi huàn
P	人物肖像	rén wù xiào xiàng
P	人琴两亡	rén qín liǎng wáng
P	人琴俱亡	rén qín jù wáng
P	人生朝露	rén shēng cháo lù
P	人生若寄	rén shēng ruò jì
P	人百其身	rén bǎi qí shēn
P	人神共嫉	rén shén gòng jí
P	人神共愤	rén shén gòng fèn
P	人神同嫉	rén shén tóng jí
P	人约黄昏	rén yuē huáng hūn
P	人给家足	rén jǐ jiā zú
P	人自为战	rén zì wéi zhàn
P	人自为政	rén zì wéi zhèng
P	人莫予毒	rén mò yú dú
P	人行横道	rén xíng héng dào
P	人言可畏	rén yán kě wèi
P	人言藉藉	rén yán jí jí
P	人语马嘶	rén yǔ mǎ sī
P	人财两空	rén cái liǎng kōng
P	人足家给	rén zú jiā jǐ
P	人造纤维	rén zào xiān wéi
P	人造行星	rén zào xíng xīng
P	人间地狱	rén jiān dì yù
P	人间天上	rén jiān tiān shàng
P	人间天堂	rén jiān tiān táng
P	人防工程	rén fáng gōng chéng
P	人际关系	rén jì guān xì
P	人非木石	rén fēi mù shí
P	亿万斯年	yì wàn sī nián
P	亿辛万苦	yì xīn wàn kǔ
P	什么时候	shén me shí hòu
P	什伍东西	shí wǔ dōng xī
P	什围伍攻	shí wéi wǔ gōng
P	什袭以藏	shí xí yǐ cáng
P	什袭珍藏	shí xí zhēn cáng
P	什袭而藏	shí xí ér cáng
P	仁同一视	rén tóng yī shì
P	仁心仁术	rén xīn rén shù
P	仁浆义粟	rén jiāng yì sù
P	仁者能仁	rén zhě néng rén
P	仁至义尽	rén zhì yì jìn
P	仅以身免	jǐn yǐ shēn miǎn
P	仅容旋马	jǐn róng xuán mǎ
P	仅此而已	jǐn cǐ ér yǐ
P	仆仆亟拜	pú pú jí bài
P	仆仆道途	pú pú dào tú
P	仆仆风尘	pú pú fēng chén
P	今不如昔	jīn bù rú xī
P	今夕何夕	jīn xī hé xī
P	今蝉蜕壳	jīn chán tuì ké
P	今雨新知	jīn yǔ xīn zhī
P	从一而终	cóng yī ér zhōng
P	从中作梗	cóng zhōng zuò gěng
P	从中渔利	cóng zhōng yú lì
P	从井救人	cóng jǐng jiù rén
P	从从容容	cóng cóng róng róng
P	从令如流	cóng lìng rú liú
P	从俗就简	cóng sú jiù jiǎn
P	从俗浮沉	cóng sú fú chén
P	从善如流	cóng shàn rú liú
P	从善如登	cóng shàn rú dēng
P	从善若流	cóng shàn ruò liú
P	从壁上观	cóng bì shàng guān
P	从天而下	cóng tiān ér xià
P	从天而降	cóng tiān ér jiàng
P	从头到尾	cóng tóu dào wěi
P	从头彻尾	cóng tóu chè wěi
P	从头至尾	cóng tóu zhì wěi
P	从容不迫	cóng róng bù pò
P	从容就义	cóng róng jiù yì
P	从容应对	cóng róng yìng duì
P	从容自在	cóng róng zì zài
P	从容自如	cóng róng zì rú
P	从容自若	cóng róng zì ruò
P	从宽发落	cóng kuān fā luò
P	从心所欲	cóng xīn suǒ yù
P	从恶如崩	cóng è rú bēng
P	从恶是崩	cóng è shì bēng
P	从恶若崩	cóng è ruò bēng
P	从流忘反	cóng liú wàng fǎn
P	从谏如流	cóng jiàn rú liú
P	从轻发落	cóng qīng fā luò
P	从长商议	cóng cháng shāng yì
P	从长计议	cóng cháng jì yì
P	从长计较	cóng cháng jì jiào
P	从风而服	cóng fēng ér fú
P	从风而靡	cóng fēng ér mí
P	仓储超市	cāng chǔ chāo shì
P	仓卒主人	cāng cù zhǔ rén
P	仓卒之际	cāng cù zhī jì
P	他乡异县	tā xiāng yì xiàn
P	他乡故知	tā xiāng gù zhī
P	他们自己	tā men zì jǐ
P	他山之石	tā shān zhī shí
P	仗节死义	zhàng jié sǐ yì
P	付之一炬	fù zhī yí jù
P	付之丙丁	fù zhī bǐng dīng
P	付之度外	fù zhī dù wài
P	仙姿佚貌	xiān zī yì mào
P	仙液琼浆	xiān yè qióng jiāng
P	仙露明珠	xiān lù míng zhū
P	仙风道格	xiān fēng dào gé
P	仙风道气	xiān fēng dào qì
P	仙风道骨	xiān fēng dào gǔ
P	代为说项	dài wéi shuō xiàng
P	代人受过	dài rén shòu guò
P	代人说项	dài rén shuō xiàng
P	代代相传	dài dài xiāng chuán
P	代数方程	dài shù fāng chéng
P	代马依风	dài mǎ yī fēng
P	代马望北	dài mǎ wàng běi
P	令不虚行	lìng bù xū xíng
P	令人作呕	lìng rén zuò ǒu
P	令人切齿	lìng rén qiè chǐ
P	令人发指	lìng rén fà zhǐ
P	令人喷饭	lìng rén pēn fàn
P	令人捧腹	lìng rén pěng fù
P	令人注目	lìng rén zhù mù
P	令人瞩目	lìng rén zhǔ mù
P	令人神往	lìng rén shén wǎng
P	令人莫测	lìng rén mò cè
P	令人起敬	lìng rén qǐ jìng
P	令人齿冷	lìng rén chǐ lěng
P	令原之戚	líng yuán zhī qī
P	令箭荷花	lìng jiàn hé huā
P	令行如流	lìng xíng rú liú
P	令行禁止	lìng xíng jìn zhǐ
P	以一当十	yǐ yī dāng shí
P	以一持万	yǐ yī chí wàn
P	以一知万	yǐ yī zhī wàn
P	以不济可	yǐ fǒu jì kě
P	以为后图	yǐ wéi hòu tú
P	以书为御	yǐ shū wéi yù
P	以人为鉴	yǐ rén wéi jiàn
P	以人为镜	yǐ rén wéi jìng
P	以人择官	yǐ rén zé guān
P	以众暴寡	yǐ zhòng bào guǎ
P	以佚待劳	yǐ yì dài láo
P	以假乱真	yǐ jiǎ luàn zhēn
P	以冠补履	yǐ guān bǔ lǚ
P	以利累形	yǐ lì lěi xíng
P	以力服人	yǐ lì fú rén
P	以功补过	yǐ gōng bǔ guò
P	以升量石	yǐ shēng liáng dàn
P	以卵击石	yǐ luǎn jī shí
P	以卵投石	yǐ luǎn tóu shí
P	以卵敌石	yǐ luǎn dí shí
P	以古为鉴	yǐ gǔ wéi jiàn
P	以古为镜	yǐ gǔ wéi jìng
P	以售其奸	yǐ shòu qí jiān
P	以夜继朝	yǐ yè jì zhāo
P	以大恶细	yǐ dà wù xì
P	以守为攻	yǐ shǒu wéi gōng
P	以宫笑角	yǐ gōng xiào jué
P	以小见大	yǐ xiǎo jiàn dà
P	以工代干	yǐ gōng dài gàn
P	以己度人	yǐ jǐ duó rén
P	以弱制强	yǐ ruò zhì qiáng
P	以弱胜强	yǐ ruò shèng qiáng
P	以强凌弱	yǐ qiáng líng ruò
P	以强胜弱	yǐ qiáng shèng ruò
P	以微知着	yǐ wēi zhī zhuó
P	以微知著	yǐ wēi zhī zhù
P	以德服人	yǐ dé fú rén
P	以德追祸	yǐ dé zhuī huò
P	以心传心	yǐ xīn chuán xīn
P	以忍为阍	yǐ rěn wéi hūn
P	以恶报恶	yǐ è bào è
P	以意为之	yǐ yì wéi zhī
P	以慎为键	yǐ shèn wéi jiàn
P	以攻为守	yǐ gōng wéi shǒu
P	以文会友	yǐ wén huì yǒu
P	以日为年	yǐ rì wéi nián
P	以暴易暴	yǐ bào yì bào
P	以正视听	yǐ zhèng shì tīng
P	以毁为罚	yǐ huǐ wéi fá
P	以毒攻毒	yǐ dú gōng dú
P	以毛相马	yǐ máo xiàng mǎ
P	以水投石	yǐ shuǐ tóu shí
P	以水洗血	yǐ shuǐ xǐ xuè
P	以水济水	yǐ shuǐ jǐ shuǐ
P	以汤止沸	yǐ tāng zhǐ fèi
P	以汤沃沸	yǐ tāng wò fèi
P	以汤沃雪	yǐ tāng wò xuě
P	以沫相濡	yǐ mò xiāng rú
P	以法为教	yǐ fǎ wéi jiào
P	以泽量尸	yǐ zé liáng shī
P	以渴服马	yǐ kě fú mǎ
P	以火去蛾	yǐ huǒ qù é
P	以牙还牙	yǐ yá huán yá
P	以珠弹雀	yǐ zhū tán què
P	以理服人	yǐ lǐ fú rén
P	以疏间亲	yǐ shū jiàn qīn
P	以疑决疑	yǐ yí jué yí
P	以白为黑	yǐ bái wéi hēi
P	以眼还眼	yǐ yǎn huán yǎn
P	以石投卵	yǐ shí tóu luǎn
P	以石投水	yǐ shí tóu shuǐ
P	以礼相待	yǐ lǐ xiāng dài
P	以筌为鱼	yǐ quán wéi yú
P	以简御繁	yǐ jiǎn yù fán
P	以简驭繁	yǐ jiǎn yù fán
P	以类相从	yǐ lèi xiāng cóng
P	以紫为朱	yǐ zǐ wéi zhū
P	以紫乱朱	yǐ zǐ luàn zhū
P	以羊易牛	yǐ yáng yì niú
P	以耳为目	yǐ ěr wéi mù
P	以茶当酒	yǐ chá dàng jiǔ
P	以螳当车	yǐ táng dāng chē
P	以蠡测海	yǐ lí cè hǎi
P	以血洗血	yǐ xuè xǐ xuè
P	以观后效	yǐ guān hòu xiào
P	以规为瑱	yǐ guī wéi tiàn
P	以言为讳	yǐ yán wéi huì
P	以誉为赏	yǐ yù wéi shǎng
P	以誉进能	yǐ yù jìn néng
P	以讹传讹	yǐ é chuán é
P	以诚相待	yǐ chéng xiāng dài
P	以资鼓励	yǐ zī gǔ lì
P	以身许国	yǐ shēn xǔ guó
P	以退为进	yǐ tuì wéi jìn
P	以逸待劳	yǐ yì dài láo
P	以邻为壑	yǐ lín wéi hè
P	以郄视文	yǐ xì shì wén
P	以酒解酲	yǐ jiǔ jiě chéng
P	以铢称镒	yǐ zhū chēng yì
P	以锥刺地	yǐ zhuī cì dì
P	以镒称铢	yǐ yì chēng zhū
P	以防万一	yǐ fáng wàn yī
P	以防不测	yǐ fáng bù cè
P	以骨去蚁	yǐ gǔ qù yǐ
P	以鹿为马	yǐ lù wéi mǎ
P	以黑为白	yǐ hēi wéi bái
P	仪态万千	yí tài wàn qiān
P	仪态万方	yí tài wàn fāng
P	仪静体闲	yí jìng tǐ xián
P	仰不愧天	yǎng bù kuì tiān
P	仰之弥高	yǎng zhī mí gāo
P	仰事俛畜	yǎng shì fǔ chù
P	仰事俯畜	yǎng shì fǔ xù
P	仰事俯育	yǎng shì fǔ yù
P	仰人眉睫	yǎng rén méi jié
P	仰人鼻息	yǎng rén bí xī
P	仰卧起坐	yǎng wò qǐ zuò
P	仰取俯拾	yǎng qǔ fǔ shí
P	仰屋着书	yǎng wū zhuó shū
P	仰屋窃叹	yǎng wū qiè tàn
P	仰屋著书	yǎng wū zhù shū
P	仰拾俯取	yǎng shí fǔ qǔ
P	仰观俯察	yǎng guān fǔ chá
P	仰面唾天	yǎng miàn tuò tiān
P	仰面朝天	yǎng miàn cháo tiān
P	仰韶文化	yǎng sháo wén huà
P	仰首伸眉	yǎng shǒu shēn méi
P	价值规律	jià zhí guī lǜ
P	价值连城	jià zhí lián chéng
P	价增一顾	jià zēng yī gù
P	价廉物美	jià lián wù měi
P	价等连城	jià děng lián chéng
P	任人唯亲	rèn rén wéi qīn
P	任人唯贤	rèn rén wéi xián
P	任人摆布	rèn rén bǎi bù
P	任其自流	rèn qí zì liú
P	任其自然	rèn qí zì rán
P	任劳任怨	rèn láo rèn yuàn
P	任怨任劳	rèn yuàn rèn láo
P	任贤使能	rèn xián shǐ néng
P	任达不拘	rèn dá bù jū
P	任重才轻	rèn zhòng cái qīng
P	任重至远	rèn zhòng zhì yuǎn
P	任重致远	rèn zhòng zhì yuǎn
P	任重道悠	rèn zhòng dào yōu
P	任重道远	rèn zhòng dào yuǎn
P	仿徨失措	páng huáng shī cuò
P	企足而待	qǐ zú ér dài
P	企踵可待	qǐ zhǒng kě dài
P	伊于胡底	yī yú hú dǐ
P	伊何底止	yī hé dǐ zhǐ
P	伊斯兰教	yī sī lán jiào
P	伏地圣人	fú dì shèng rén
P	伏而咶天	fú ér shì tiān
P	伏虎降龙	fú hǔ xiáng lóng
P	伐冰之家	fá bīng zhī jiā
P	伐功矜能	fá gōng jīn néng
P	伐异党同	fá yì dǎng tóng
P	伐毛洗髓	fá máo xǐ suǐ
P	休休有容	xiū xiū yǒu róng
P	休兵罢战	xiū bīng bà zhàn
P	休养生息	xiū yǎng shēng xī
P	休声美誉	xiū shēng měi yù
P	休戚与共	xiū qī yǔ gòng
P	休戚相关	xiū qī xiāng guān
P	休明盛世	xiū míng shèng shì
P	休牛归马	xiū niú guī mǎ
P	休牛散马	xiū niú sàn mǎ
P	众人广坐	zhòng rén guǎng zuò
P	众叛亲离	zhòng pàn qīn lí
P	众口交传	zhòng kǒu jiāo chuán
P	众口同声	zhòng kǒu tóng shēng
P	众口熏天	zhòng kǒu xūn tiān
P	众口相传	zhòng kǒu xiāng chuán
P	众口难调	zhòng kǒu nán tiáo
P	众啄同音	zhòng zhuó tóng yīn
P	众喣漂山	zhòng xǔ piāo shān
P	众好众恶	zhòng hào zhòng wù
P	众寡不敌	zhòng guǎ bù dí
P	众少成多	zhòng shǎo chéng duō
P	众怒难任	zhòng nù nán rèn
P	众怒难犯	zhòng nù nán fàn
P	众所共知	zhòng suǒ gòng zhī
P	众所周知	zhòng suǒ zhōu zhī
P	众星拱北	zhòng xīng gǒng běi
P	众星攒月	zhòng xīng cuán yuè
P	众毁销骨	zhòng huǐ xiāo gǔ
P	众毛攒裘	zhòng máo cuán qiú
P	众毛飞骨	zhòng máo fēi gǔ
P	众目共睹	zhòng mù gòng dǔ
P	众目共视	zhòng mù gòng shì
P	众矢之的	zhòng shǐ zhī dì
P	众虎同心	zhòng hǔ tóng xīn
P	众说纷揉	zhòng shuō fēn róu
P	众说纷纭	zhòng shuō fēn yún
P	众难群疑	zhòng nán qún yí
P	众难群移	zhòng nán qún yí
P	优孟衣冠	yōu mèng yī guān
P	优惠待遇	yōu huì dài yù
P	优游不断	yōu yóu bù duàn
P	优游卒岁	yōu yóu zú suì
P	优游自得	yōu yóu zì dé
P	优游自若	yōu yóu zì ruò
P	伙伴关系	huǒ bàn guān xì
P	会家不忙	huì jiā bù máng
P	会少离多	huì shǎo lí duō
P	会者不忙	huì zhě bù máng
P	会计制度	kuài jì zhì dù
P	会逢其适	huì féng qí shì
P	会道能说	huì dào néng shuō
P	传为佳话	chuán wéi jiā huà
P	传为笑柄	chuán wéi xiào bǐng
P	传为笑谈	chuán wéi xiào tán
P	传为美谈	chuán wéi měi tán
P	传单炸弹	chuán dān zhà dàn
P	传呼电话	chuán hū diàn huà
P	传圭袭组	chuán guī xí zǔ
P	传宗接代	chuán zōng jiē dài
P	传杯弄盏	chuán bēi nòng zhǎn
P	传杯换盏	chuán bēi huàn zhǎn
P	传柄移藉	chuán bǐng yí jiè
P	传檄而定	chuán xí ér dìng
P	传爵袭紫	chuán jué xí zǐ
P	传真电报	chuán zhēn diàn bào
P	传神阿堵	chuán shén ē dǔ
P	传经送宝	chuán jīng sòng bǎo
P	传诵一时	chuán sòng yī shí
P	传道受业	chuán dào shòu yè
P	传闻异辞	chuán wén yì cí
P	传风扇火	chuán fēng shān huǒ
P	传风搧火	chuán fēng shān huǒ
P	传龟袭紫	chuán guī xí zǐ
P	伤亡事故	shāng wáng shì gù
P	伤化败俗	shāng huà bài sú
P	伤教败俗	shāng jiào bài sú
P	伤痕文学	shāng hén wén xué
P	伤筋动骨	shāng jīn dòng gǔ
P	伤言扎语	shāng yán zhā yǔ
P	伤风败俗	shāng fēng bài sú
P	伤风败化	shāng fēng bài huà
P	伦敦大学	lún dūn dà xué
P	伯乐一顾	bó lè yī gù
P	伯乐相马	bó lè xiàng mǎ
P	伯仲之间	bó zhòng zhī jiān
P	伯仲叔季	bó zhòng shū jì
P	伯劳飞燕	bó láo fēi yàn
P	伯埙仲篪	bó xūn zhòng chí
P	伯歌季舞	bó gē jì wǔ
P	伯玉知非	bó yù zhī fēi
P	伯道无儿	bó dào wú ér
P	伴食中书	bàn shí zhōng shū
P	伴食宰相	bàn shí zǎi xiàng
P	伸头探脑	shēn tóu tàn nǎo
P	伸头缩颈	shēn tóu suō jǐng
P	伺瑕导蠙	sì xiá dǎo pín
P	伺瑕导隙	sì xiá dǎo xì
P	伺瑕抵蠙	sì xiá dǐ pín
P	伺瑕抵隙	sì xiá dǐ xì
P	似懂非懂	sì dǒng fēi dǒng
P	似是而非	sì shì ér fēi
P	似曾相识	sì céng xiāng shí
P	似有如无	sì yǒu rú wú
P	似水如鱼	sì shuǐ rú yú
P	似水流年	sì shuǐ liú nián
P	似漆如胶	sì qī rú jiāo
P	似笑非笑	sì xiào fēi xiào
P	似箭在弦	sì jiàn zài xián
P	似醉如痴	sì zuì rú chī
P	似非而是	sì fēi ér shì
P	伽马射线	gā mǎ shè xiàn
P	位不期骄	wèi bù qī jiāo
P	低吟浅唱	dī yín qiǎn chàng
P	低唱浅斟	dī chàng qiǎn zhēn
P	低唱浅酌	dī chàng qiǎn zhuó
P	低回不已	dī huí bù yǐ
P	低声哑气	dī shēng yǎ qì
P	低声细语	dī shēng xì yǔ
P	低头丧气	dī tóu sàng qì
P	低头哈腰	dī tóu hā yāo
P	低头搭脑	dī tóu dā nǎo
P	低头耷脑	dī tóu dā nǎo
P	低情曲意	dī qíng qū yì
P	低眉折腰	dī méi zhé yāo
P	低级趣味	dī jí qù wèi
P	佐雍得尝	zuǒ yōng dé cháng
P	佐饔得尝	zuǒ yōng dé cháng
P	体制改革	tǐ zhì gǎi gé
P	体力劳动	tǐ lì láo dòng
P	体国经野	tǐ guó jīng yě
P	体外受精	tǐ wài shòu jīng
P	体外循环	tǐ wài xún huán
P	体大思精	tǐ dà sī jīng
P	体恤入微	tǐ xù rù wēi
P	体无完皮	tǐ wú wán pí
P	体无完肤	tǐ wú wán fū
P	体物缘情	tǐ wù yuán qíng
P	体育运动	tǐ yù yùn dòng
P	体育道德	tǐ yù dào dé
P	体胀系数	tǐ zhàng xì shù
P	体规画圆	tǐ guī huà yuán
P	体贴入妙	tǐ tiē rù miào
P	体贴入微	tǐ tiē rù wēi
P	何乐不为	hé lè bù wéi
P	何其毒也	hé qí dú yě
P	何去何从	hé qù hé cóng
P	何必当初	hé bì dāng chū
P	何患无辞	hé huàn wú cí
P	何所不为	hé suǒ bù wéi
P	何所不有	hé suǒ bù yǒu
P	何所不至	hé suǒ bù zhì
P	何罪之有	hé zuì zhī yǒu
P	何足为奇	hé zú wéi qí
P	何足介意	hé zú jiè yì
P	何足挂齿	hé zú guà chǐ
P	何足道哉	hé zú dào zāi
P	余光分人	yú guāng fēn rén
P	余勇可贾	yú yǒng kě gǔ
P	余子碌碌	yú zǐ lù lù
P	余膏剩馥	yú gāo shèng fù
P	余霞散绮	yú xiá sàn qǐ
P	余韵流风	yú yùn liú fēng
P	余风遗文	yú fēng yí wén
P	余食赘行	yú shí zhuì xíng
P	佛口蛇心	fó kǒu shé xīn
P	佛头加秽	fó tóu jiā huì
P	佛头着粪	fó tóu zhuó fèn
P	佛头著粪	fó tóu zhuó fèn
P	佛心蛇口	fó xīn shé kǒu
P	佛性禅心	fó xìng chán xīn
P	佛眼佛心	fó yǎn fó xīn
P	佛眼相看	fó yǎn xiāng kàn
P	佛罗伦萨	fó luó lún sà
P	佛门弟子	fó mén dì zǐ
P	作作有芒	zuò zuò yǒu máng
P	作古正经	zuò gǔ zhèng jīng
P	作善降祥	zuò shàn jiàng xiáng
P	作困兽斗	zuò kùn shòu dòu
P	作壁上观	zuò bì shàng guān
P	作好作歹	zuò hǎo zuò dǎi
P	作如是观	zuò rú shì guān
P	作嫁衣裳	zuò jià yī shang
P	作家协会	zuò jiā xié huì
P	作小服低	zuò xiǎo fú dī
P	作恶多端	zuò è duō duān
P	作歹为非	zuò dǎi wéi fēi
P	作浪兴风	zuò làng xīng fēng
P	作舍道旁	zuò shě dào páng
P	作言造语	zuò yán zào yǔ
P	作金石声	zuò jīn shí shēng
P	佝偻着腰	gōu lóu zhe yāo
P	你们自己	nǐ men zì jǐ
P	你唱我和	nǐ chàng wǒ hé
P	你来我往	nǐ lái wǒ wǎng
P	你追我赶	nǐ zhuī wǒ gǎn
P	佣中佼佼	yòng zhōng jiǎo jiǎo
P	佯风诈冒	yáng fēng zhà mào
P	佳人薄命	jiā rén bó mìng
P	佳兵不祥	jiā bīng bù xiáng
P	佹形僪状	guǐ xíng yù zhuàng
P	佹得佹失	guǐ dé guǐ shī
P	使乖弄巧	shǐ guāi nòng qiǎo
P	使心别气	shǐ xīn bié qì
P	使愚使过	shǐ yú shǐ guò
P	使用价值	shǐ yòng jià zhí
P	使羊将狼	shǐ yáng jiàng láng
P	使臂使指	shǐ bì shǐ zhǐ
P	使贤任能	shǐ xián rèn néng
P	侈丽闳衍	chǐ lì hóng yǎn
P	侈人观听	chǐ rén guān tīng
P	侈侈不休	chǐ chǐ bù xiū
P	侈纵偷苟	chǐ zòng tōu gǒu
P	侈衣美食	chǐ yī měi shí
P	例直禁简	lì zhí jìn jiǎn
P	例行公事	lì xíng gōng shì
P	例行差事	lì xíng chāi shì
P	侍执巾节	shì zhí jīn jié
P	侏儒一节	zhū rú yī jié
P	侏儒观戏	zhū rú guān xì
P	侔色揣称	móu sè chuǎi chèn
P	供不应求	gōng bù yìng qiú
P	供求关系	gōng qiú guān xì
P	供认不讳	gòng rèn bú huì
P	供过于求	gōng guò yú qiú
P	侜张为幻	zhōu zhāng wéi huàn
P	依丱附木	yī kuàng fù mù
P	依依不舍	yī yī bù shě
P	依依惜别	yī yī xī bié
P	依头缕当	yī tóu lǚ dàng
P	依头顺尾	yī tóu shùn wěi
P	依此类推	yī cǐ lèi tuī
P	依法炮制	yī fǎ páo zhì
P	依翠偎红	yī cuì wēi hóng
P	依违两可	yī wéi liǎng kě
P	依阿取容	yī ē qǔ róng
P	侦探小说	zhēn tàn xiǎo shuō
P	侧目而视	cè mù ér shì
P	侧足而立	cè zú ér lì
P	侭多侭少	jǐn duō jǐn shǎo
P	侯服玉食	hóu fú yù shí
P	侯门似海	hóu mén sì hǎi
P	侯门如海	hóu mén rú hǎi
P	便宜从事	biàn yí cóng shì
P	便宜施行	biàn yí shī xíng
P	便宜行事	biàn yí xíng shì
P	便辞巧说	biàn cí qiǎo shuō
P	俎樽折冲	zǔ zūn zhé chōng
P	俏成俏败	qiào chéng qiào bài
P	俗不可医	sú bù kě yī
P	俗不可耐	sú bù kě nài
P	俛拾仰取	fǔ shí yǎng qǔ
P	俛拾地芥	fǔ shí dì jiè
P	俛首帖耳	fǔ shǒu tiē ěr
P	保外执行	bǎo wài zhí xíng
P	保家卫国	bǎo jiā wèi guó
P	保税仓库	bǎo shuì cāng kù
P	保质保量	bǎo zhì bǎo liàng
P	保险系数	bǎo xiǎn xì shù
P	俟河之清	sì hé zhī qīng
P	信以为真	xìn yǐ wéi zhēn
P	信任投票	xìn rèn tóu piào
P	信及豚鱼	xìn jí tún yú
P	信口开合	xìn kǒu kāi hé
P	信口开呵	xìn kǒu kāi hē
P	信口开喝	xìn kǒu kāi hē
P	信口开河	xìn kǒu kāi hé
P	信口胡言	xìn kǒu hú yán
P	信口雌黄	xìn kǒu cí huáng
P	信守不渝	xìn shǒu bù yú
P	信息社会	xìn xī shè huì
P	信手拈来	xìn shǒu niān lái
P	信步而行	xìn bù ér xíng
P	信笔涂鸦	xìn bǐ tú yā
P	信而好古	xìn ér hào gǔ
P	信而有征	xìn ér yǒu zhēng
P	信而有证	xìn ér yǒu zhèng
P	信言不美	xìn yán bù měi
P	信誓旦旦	xìn shì dàn dàn
P	信赏必罚	xìn shǎng bì fá
P	信马由缰	xìn mǎ yóu jiāng
P	俨乎其然	yǎn hū qí rán
P	俭不中礼	jiǎn bù zhòng lǐ
P	俭可养廉	jiǎn kě yǎng lián
P	俭故能广	jiǎn gù néng guǎng
P	修正主义	xiū zhèng zhǔ yì
P	修短随化	xiū duǎn suí huà
P	修身养性	xiū shēn yǎng xìng
P	修身洁行	xiū shēn jié xíng
P	修鳞养爪	xiū lín yǎng zhǎo
P	修齐治平	xiū qí zhì píng
P	俯仰之间	fǔ yǎng zhī jiān
P	俯仰唯唯	fǔ yǎng wéi wéi
P	俯仰无愧	fǔ yǎng wú kuì
P	俯仰由人	fǔ yǎng yóu rén
P	俯仰随人	fǔ yǎng suí rén
P	俯拾仰取	fǔ shí yǎng qǔ
P	俯拾即是	fǔ shí jí shì
P	俯拾地芥	fǔ shí dì jiè
P	俯拾皆是	fǔ shí jiē shì
P	俯首帖耳	fǔ shǒu tiē ěr
P	俱收并蓄	jù shōu bìng xù
P	倍日并行	bèi rì bìng xíng
P	倍道兼行	bèi dào jiān xíng
P	倍道而行	bèi dào ér xíng
P	倏忽之间	shū hū zhī jiān
P	倒三颠四	dǎo sān diān sì
P	倒买倒卖	dǎo mǎi dǎo mài
P	倒冠落佩	dǎo guān luò pèi
P	倒冠落珮	dǎo guàn luò pèi
P	倒凤颠鸾	dǎo fèng diān luán
P	倒因为果	dǎo yīn wéi guǒ
P	倒在地上	dǎo zài dì shàng
P	倒头便睡	dào tóu biàn shuì
P	倒屣相迎	dào xǐ xiāng yíng
P	倒山倾海	dǎo shān qīng hǎi
P	倒峡泻河	dǎo xiá xiè hé
P	倒序词典	dào xù cí diǎn
P	倒廪倾囷	dǎo lǐn qīng qūn
P	倒悬之急	dào xuán zhī jí
P	倒悬之苦	dào xuán zhī kǔ
P	倒戈卸甲	dǎo gē xiè jiǎ
P	倒戢干戈	dǎo jí gān gē
P	倒打一瓦	dào dǎ yī wǎ
P	倒打一耙	dào dǎ yī pá
P	倒执手版	dǎo zhí shǒu bǎn
P	倒持太阿	dǎo chí tài ā
P	倒持干戈	dǎo chí gān gē
P	倒持戈矛	dǎo chí gē máo
P	倒持手板	dǎo chí shǒu bǎn
P	倒持泰阿	dào chí tài ē
P	倒挂金钟	dào guà jīn zhōng
P	倒收付息	dào shōu fù xī
P	倒数计时	dào shǔ jì shí
P	倒果为因	dào guǒ wéi yīn
P	倒海翻江	dǎo hǎi fān jiāng
P	倒箧倾囊	dǎo qiè qīng náng
P	倒箧倾筐	dǎo qiè qīng kuāng
P	倒绷孩儿	dào bēng hái ér
P	倒置干戈	dào zhì gān gē
P	倒背如流	dào bèi rú liú
P	倒虹吸管	dào hóng xī guǎn
P	倒行逆施	dào xíng nì shī
P	倒街卧巷	dǎo jiē wò xiàng
P	倒装词序	dào zhuāng cí xù
P	倒裳索领	dào cháng suǒ lǐng
P	倒账卷逃	dǎo zhàng juǎn táo
P	倒转来说	dào zhuǎn lái shuō
P	倒载干戈	dào zài gān gē
P	倒退一步	dào tuì yí bù
P	倒金字塔	dào jīn zì tǎ
P	倒锁上门	dào suǒ shàng mén
P	倔头倔脑	juè tóu juè nǎo
P	倔头强脑	juè tóu jiàng nǎo
P	倔强倨傲	jué jiàng jù ào
P	倘来之物	tǎng lái zhī wù
P	倚天拔地	yǐ tiān bá dì
P	倚姣作媚	yǐ jiāo zuò mèi
P	倚官挟势	yǐ guān xié shì
P	倚强凌弱	yǐ qiáng líng ruò
P	倚翠偎红	yǐ cuì wēi hóng
P	倚门卖俏	yǐ mén mài qiào
P	倚闾望切	yǐ lǘ wàng qiē
P	倚马可待	yǐ mǎ kě dài
P	倜傥不羁	tì tǎng bù jī
P	倜傥不群	tì tǎng bù qún
P	借交报仇	jiè jiāo bào chóu
P	借公行私	jiè gōng xíng sī
P	借客报仇	jiè kè bào chóu
P	借尸还阳	jiè shī huán yáng
P	借尸还魂	jiè shī huán hún
P	借景生情	jiè jǐng shēng qíng
P	借水行舟	jiè shuǐ xíng zhōu
P	借篷使风	jiè péng shǐ fēng
P	借花献佛	jiè huā xiàn fó
P	借身报仇	jiè shēn bào chóu
P	借镜观形	jiè jìng guān xíng
P	借面吊丧	jiè miàn diào sāng
P	借题发挥	jiè tí fā huī
P	借风使船	jiè fēng shǐ chuán
P	借鸡生蛋	jiè jī shēng dàn
P	倡情冶思	chàng qíng yě sī
P	倡条冶叶	chāng tiáo yě yè
P	倡而不和	chàng ér bù hè
P	倦尾赤色	juàn wěi chì sè
P	倦鸟知还	juàn niǎo zhī huán
P	倩女离魂	qiàn nǚ lí hún
P	债务重组	zhài wù chóng zǔ
P	债台高筑	zhài tái gāo zhù
P	债多不愁	zhài duō bù chóu
P	值得一提	zhí dé yì tí
P	倾家破产	qīng jiā pò chǎn
P	倾家竭产	qīng jiā jié chǎn
P	倾家荡产	qīng jiā dàng chǎn
P	倾家败产	qīng jiā bài chǎn
P	倾心吐胆	qīng xīn tǔ dǎn
P	倾盆大雨	qīng pén dà yǔ
P	倾盖如故	qīng gài rú gù
P	倾筐倒庋	qīng kuāng dào guǐ
P	倾筐倒箧	qīng kuāng dào qiè
P	倾箱倒箧	qīng xiāng dào qiè
P	倾肠倒肚	qīng cháng dào dǔ
P	偃旗仆鼓	yǎn qí pú gǔ
P	偃武休兵	yǎn wǔ xiū bīng
P	偃武兴文	yǎn wǔ xīng wén
P	偃武行文	yǎn wǔ xíng wén
P	偃革为轩	yǎn gé wéi xuān
P	偃革倒戈	yǎn gé dǎo gē
P	假人假义	jiǎ rén jiǎ yì
P	假人辞色	jiǎ rén cí sè
P	假仁假义	jiǎ rén jiǎ yì
P	假仁假意	jiǎ rén jiǎ yì
P	假以辞色	jiǎ yǐ cí sè
P	假公济私	jiǎ gōng jì sī
P	假公营私	jiǎ gōng yíng sī
P	假力于人	jiǎ lì yú rén
P	假名托姓	jiǎ míng tuō xìng
P	假戏真做	jiǎ xì zhēn zuò
P	假手于人	jiǎ shǒu yú rén
P	假日经济	jià rì jīng jì
P	假模假式	jiǎ mó jiǎ shì
P	假洋鬼子	jiǎ yáng guǐ zi
P	假痴不癫	jiǎ chī bù diān
P	假痴假呆	jiǎ chī jiǎ dāi
P	假眉三道	jiǎ méi sān dào
P	假虎张威	jiǎ hǔ zhāng wēi
P	假誉驰声	jiǎ yù chí shēng
P	假途灭虢	jiǎ tú miè guó
P	假道灭虢	jiǎ dào miè guó
P	假门假事	jiǎ mén jiǎ shì
P	假门假氏	jiǎ mén jiǎ shì
P	偎干就湿	wēi gān jiù shī
P	偎慵堕懒	wēi yōng duò lǎn
P	偎红倚翠	wēi hóng yǐ cuì
P	偏信则暗	piān xìn zé àn
P	偏听偏信	piān tīng piān xìn
P	偏心眼儿	piān xīn yǎn er
P	做好做恶	zuò hǎo zuò è
P	做好做歹	zuò hǎo zuò dǎi
P	停云落月	tíng yún luò yuè
P	停妻再娶	tíng qī zài qǔ
P	停滞不前	tíng zhì bù qián
P	停留长智	tíng liú zhǎng zhì
P	偶一为之	ǒu yī wéi zhī
P	偷合取容	tōu hé qǔ róng
P	偷合苟从	tōu hé gǒu cóng
P	偷合苟容	tōu hé gǒu róng
P	偷狗戏鸡	tōu gǒu xì jī
P	偿其大欲	cháng qí dà yù
P	傅粉何郎	fù fěn hé láng
P	傅粉施朱	fù fěn shī zhū
P	傍人篱落	bàng rén lí luò
P	傍若无人	páng ruò wú rén
P	傍观冷眼	bàng guān lěng yǎn
P	傍观者清	bàng guān zhě qīng
P	储蓄银行	chǔ xù yín háng
P	傫如丧狗	lěi rú sàng gǒu
P	催化裂化	cuī huà liè huà
P	催泪炸弹	cuī lèi zhà dàn
P	傲不可长	ào bù kě zhǎng
P	傲头傲脑	ào tóu ào nǎo
P	傲慢不逊	ào màn bù xùn
P	傲慢少礼	ào màn shǎo lǐ
P	傲睨一切	ào nì yī qiè
P	傲睨万物	ào nì wàn wù
P	傲睨得志	ào nì dé zhì
P	傲睨自若	ào nì zì ruò
P	傲霜斗雪	ào shuāng dòu xuě
P	傲骨嶙嶙	ào gǔ lín lín
P	傻大黑粗	shǎ dà hēi cū
P	傻头傻脑	shǎ tóu shǎ nǎo
P	像心称意	xiàng xīn chēng yì
P	像模像样	xiàng mú xiàng yàng
P	僧多粥少	sēng duō zhōu shǎo
P	僻字涩句	pì zì sè jù
P	儋石之储	dàn shí zhī chǔ
P	儒雅风流	rú yǎ fēng liú
P	儗不于伦	nǐ bù yú lún
P	儗非其伦	nǐ fēi qí lún
P	儿女之情	ér nǚ zhī qíng
P	儿女亲家	ér nǚ qìng jiā
P	儿女心肠	ér nǚ xīn cháng
P	儿女情长	ér nǚ qíng cháng
P	儿女成行	ér nǚ chéng háng
P	儿媳妇儿	ér xí fù ér
P	儿童乐园	ér tóng lè yuán
P	允执其中	yǔn zhí qí zhōng
P	允执厥中	yǔn zhí jué zhōng
P	元奸巨恶	yuán jiān jù è
P	元恶大奸	yuán è dà jiān
P	元恶大憝	yuán è dà duì
P	元戎启行	yuán róng qǐ xíng
P	元经秘旨	yuán jīng mì zhǐ
P	兄弟怡怡	xiōng dì yí yí
P	兄弟阋墙	xiōng dì xì qiáng
P	兄死弟及	xiōng sǐ dì jí
P	兄肥弟瘦	xiōng féi dì shòu
P	充天塞地	chōng tiān sāi dì
P	充栋汗牛	chōng dòng hàn niú
P	充栋盈车	chōng dòng yíng chē
P	充类至尽	chōng lèi zhì jìn
P	充耳不闻	chōng ěr bù wén
P	兆载永劫	zhào zǎi yǒng jié
P	先入为主	xiān rù wéi zhǔ
P	先入之见	xiān rù zhī jiàn
P	先发制人	xiān fā zhì rén
P	先号后庆	xiān hào hòu qìng
P	先号后笑	xiān hào hòu xiào
P	先天不足	xiān tiān bù zú
P	先得我心	xiān dé wǒ xīn
P	先忧后乐	xiān yōu hòu lè
P	先我着鞭	xiān wǒ zhuó biān
P	先睹为快	xiān dǔ wéi kuài
P	先知先觉	xiān zhī xiān jué
P	先笑后号	xiān xiào hòu hào
P	先自隗始	xiān zì wěi shǐ
P	先行后闻	xiān xíng hòu wén
P	先见之明	xiān jiàn zhī míng
P	先难后获	xiān nán hòu huò
P	光华夺目	guāng huá duó mù
P	光可鉴人	guāng kě jiàn rén
P	光合作用	guāng hé zuò yòng
P	光天化日	guāng tiān huà rì
P	光导纤维	guāng dǎo xiān wéi
P	光彩照人	guāng cǎi zhào rén
P	光明正大	guāng míng zhèng dà
P	光明磊落	guāng míng lěi luò
P	光焰万丈	guāng yàn wàn zhàng
P	光纤通信	guāng xiān tōng xìn
P	光芒万丈	guāng máng wàn zhàng
P	光车骏马	guāng chē jùn mǎ
P	光采夺目	guāng cǎi duó mù
P	光阴似箭	guāng yīn sì jiàn
P	光风霁月	guāng fēng jì yuè
P	克丁克卯	kè dīng kè mǎo
P	克什米尔	kè shí mǐ ěr
P	克传弓冶	kè chuán gōng yě
P	克尽厥职	kè jìn jué zhí
P	克尽职守	kè jìn zhí shǒu
P	克己慎行	kè jǐ shèn xíng
P	兔丝燕麦	tù sī yàn mài
P	兔头麞脑	tù tóu zhāng nǎo
P	兔葵燕麦	tù kuí yàn mài
P	兔角牛翼	tù jiǎo niú yì
P	兔角龟毛	tù jiǎo guī máo
P	兔走鹘落	tù zǒu gǔ luò
P	兔起鹘落	tù qǐ hú luò
P	党同伐异	dǎng tóng fá yì
P	党同妒异	dǎng tóng dù yì
P	党坚势盛	dǎng jiān shì shèng
P	党恶佑奸	dǎng è yòu jiān
P	党政工团	dǎng zhèng gōng tuán
P	党豺为虐	dǎng chái wéi nüè
P	党邪丑正	dǎng xié chǒu zhèng
P	党邪陷正	dǎng xié xiàn zhèng
P	兜头盖脸	dōu tóu gài liǎn
P	兜肚连肠	dōu dǔ lián cháng
P	兢兢乾乾	jīng jīng qián qián
P	兢兢干干	jīng jīng gàn gàn
P	入不敷出	rù bù fū chū
P	入吾彀中	rù wú gòu zhōng
P	入国问禁	rù guó wèn jìn
P	入土为安	rù tǔ wéi ān
P	入地无门	rù dì wú mén
P	入境问禁	rù jìng wèn jìn
P	入孝出弟	rù xiào chū tì
P	入木三分	rù mù sān fēn
P	入海算沙	rù hǎi suàn shā
P	入火赴汤	rù huǒ fù tāng
P	入理切情	rù lǐ qiē qíng
P	入竟问禁	rù jìng wèn jìn
P	入铁主簿	rù tiě zhǔ bù
P	入骨相思	rù gǔ xiāng sī
P	全军覆没	quán jūn fù mò
P	全功尽弃	quán gōng jìn qì
P	全国人大	quán guó rén dà
P	全智全能	quán zhì quán néng
P	全知全能	quán zhī quán néng
P	全能全智	quán néng quán zhì
P	全能冠军	quán néng guàn jūn
P	全能运动	quán néng yùn dòng
P	全身远害	quán shēn yuǎn hài
P	八万四千	bā wàn sì qiān
P	八仙过海	bā xiān guò hǎi
P	八大山人	bā dà shān rén
P	八大胡同	bā dà hú tòng
P	八大行星	bā dà xíng xīng
P	八字打开	bā zì dǎ kāi
P	八抬大轿	bā tái dà jiào
P	八斗之才	bā dǒu zhī cái
P	八方呼应	bā fāng hū yìng
P	八方风雨	bā fāng fēng yǔ
P	八旗子弟	bā qí zi dì
P	八珍玉食	bā zhēn yù shí
P	八纮同轨	bā hóng tóng guǐ
P	八角茴香	bā jiǎo huí xiāng
P	八难三灾	bā nàn sān zāi
P	八面威风	bā miàn wēi fēng
P	八面见光	bā miàn jiàn guāng
P	八面驶风	bā miàn shǐ fēng
P	公共事业	gōng gòng shì yè
P	公共交通	gōng gòng jiāo tōng
P	公共关系	gōng gòng guān xì
P	公共卫生	gōng gòng wèi shēng
P	公共厕所	gōng gòng cè suǒ
P	公共场所	gōng gòng chǎng suǒ
P	公共建筑	gōng gòng jiàn zhù
P	公共汽车	gōng gòng qì chē
P	公共秩序	gōng gòng zhì xù
P	公共积累	gōng gòng jī lěi
P	公司债券	gōng sī zhài quàn
P	公听并观	gōng tīng bìng guān
P	公子王孙	gōng zǐ wáng sūn
P	公平合理	gōng píng hé lǐ
P	公忠体国	gōng zhōng tǐ guó
P	公报私仇	gōng bào sī chóu
P	公教人员	gōng jiào rén yuán
P	公文旅行	gōng wén lǚ xíng
P	公明正大	gōng míng zhèng dà
P	公正不阿	gōng zhèng bù ē
P	公正廉明	gōng zhèng lián míng
P	公正廉洁	gōng zhèng lián jié
P	公正无私	gōng zhèng wú sī
P	公民投票	gōng mín tóu piào
P	公私两便	gōng sī liǎng biàn
P	公私两济	gōng sī liǎng jì
P	公私合营	gōng sī hé yíng
P	公立学校	gōng lì xué xiào
P	公职人员	gōng zhí rén yuán
P	公诸同好	gōng zhū tóng hào
P	公道合理	gōng dào hé lǐ
P	六亲不认	liù qīn bù rèn
P	六亲无靠	liù qīn wú kào
P	六出奇计	liù chū qí jì
P	六出纷飞	liù chū fēn fēi
P	六合之内	liù hé zhī nèi
P	六尘不染	liù chén bù rǎn
P	六尺之孤	liù chǐ zhī gū
P	六尺之讬	liù chǐ zhī tuō
P	六月飞霜	liù yuè fēi shuāng
P	六朝金粉	liù cháo jīn fěn
P	六根清净	liù gēn qīng jìng
P	六根清静	liù gēn qīng jìng
P	六畜不安	liù chù bù ān
P	六畜兴旺	liù chù xīng wàng
P	六神不安	liù shén bù ān
P	六神无主	liù shén wú zhǔ
P	六臂三头	liù bì sān tóu
P	六街三市	liù jiē sān shì
P	六街三陌	liù jiē sān mò
P	六趣轮回	liù qù lún huí
P	六通四辟	liù tōng sì pì
P	六通四达	liù tōng sì dá
P	六道轮回	liù dào lún huí
P	六问三推	liù wèn sān tuī
P	六韬三略	liù tāo sān lüè
P	六马仰秣	liù mǎ yǎng mò
P	兰州大学	lán zhōu dà xué
P	兰摧玉折	lán cuī yù zhé
P	兰桂齐芳	lán guì qí fāng
P	兰熏桂馥	lán xūn guì fù
P	兰艾同焚	lán ài tóng fén
P	兰艾难分	lán ài nán fēn
P	兰质熏心	lán zhì xūn xīn
P	共为唇齿	gòng wéi chún chǐ
P	共产主义	gòng chǎn zhǔ yì
P	共同富裕	gòng tóng fù yù
P	共同市场	gòng tóng shì chǎng
P	共同犯罪	gòng tóng fàn zuì
P	共同纲领	gòng tóng gāng lǐng
P	共同语言	gòng tóng yǔ yán
P	共商国是	gòng shāng guó shì
P	共挽鹿车	gòng wǎn lù chē
P	共枝别干	gòng zhī bié gàn
P	共贯同条	gòng guàn tóng tiáo
P	共青团员	gòng qīng tuán yuán
P	关停并转	guān tíng bìng zhuǎn
P	关情脉脉	guān qíng mài mài
P	关门大吉	guān mén dà jí
P	关门打狗	guān mén dǎ gǒu
P	关门落闩	guān mén luò shuān
P	关门闭户	guān mén bì hù
P	兴云致雨	xīng yún zhì yǔ
P	兴亡祸福	xīng wáng huò fú
P	兴亡继绝	xīng wáng jì jué
P	兴会淋漓	xìng huì lín lí
P	兴兵动众	xīng bīng dòng zhòng
P	兴利除弊	xīng lì chú bì
P	兴味索然	xìng wèi suǒ rán
P	兴头儿上	xìng tou er shàng
P	兴如嚼蜡	xìng rú jiáo là
P	兴妖作乱	xīng yāo zuò luàn
P	兴妖作孽	xīng yāo zuò niè
P	兴妖作怪	xīng yāo zuò guài
P	兴家立业	xīng jiā lì yè
P	兴师动众	xīng shī dòng zhòng
P	兴师问罪	xīng shī wèn zuì
P	兴废继绝	xīng fèi jì jué
P	兴微继绝	xīng wēi jì jué
P	兴文匽武	xīng wén yǎn wǔ
P	兴灭继绝	xīng miè jì jué
P	兴致勃勃	xìng zhì bó bó
P	兴致淋漓	xìng zhì lín lí
P	兴致索然	xìng zhì suǒ rán
P	兴观群怨	xìng guān qún yuàn
P	兴讹造讪	xīng é zào shàn
P	兴词构讼	xīng cí gòu sòng
P	兴趣盎然	xìng qù àng rán
P	兴邦立国	xīng bāng lì guó
P	兴风作浪	xīng fēng zuò làng
P	兴高彩烈	xìng gāo cǎi liè
P	兴高采烈	xìng gāo cǎi liè
P	兵不厌权	bīng bù yàn quán
P	兵不厌诈	bīng bù yàn zhà
P	兵不接刃	bīng bù jiē rèn
P	兵不污刃	bīng bù wū rèn
P	兵不由将	bīng bù yóu jiàng
P	兵不血刃	bīng bù xuè rèn
P	兵不雪刃	bīng bù xuě rèn
P	兵在其颈	bīng zài qí jǐng
P	兵多将广	bīng duō jiàng guǎng
P	兵强则灭	bīng qiáng zé miè
P	兵强将勇	bīng qiáng jiàng yǒng
P	兵强马壮	bīng qiáng mǎ zhuàng
P	兵役制度	bīng yì zhì dù
P	兵微将寡	bīng wēi jiàng guǎ
P	兵戎相见	bīng róng xiāng jiàn
P	兵拏祸结	bīng ná huò jié
P	兵无血刃	bīng wú xuè rèn
P	兵未血刃	bīng wèi xuè rèn
P	兵行诡道	bīng xíng guǐ dào
P	兵车之会	bīng chē zhī huì
P	兵连祸结	bīng lián huò jié
P	其乐不穷	qí lè bù qióng
P	其乐无穷	qí lè wú qióng
P	其势汹汹	qí shì xiōng xiōng
P	其味无穷	qí wèi wú qióng
P	其应如响	qí yìng rú xiǎng
P	其应若响	qí yìng ruò xiǎng
P	其貌不扬	qí mào bù yáng
P	其道亡繇	qí dào wáng yáo
P	其道无由	qí dào wú yóu
P	具体劳动	jù tǐ láo dòng
P	具体而微	jù tǐ ér wēi
P	典妻鬻子	diǎn qī yù zǐ
P	兹事体大	zī shì tǐ dà
P	养家活口	yǎng jiā huó kǒu
P	养家糊口	yǎng jiā hú kǒu
P	养尊处优	yǎng zūn chǔ yōu
P	养生丧死	yǎng shēng sàng sǐ
P	养精畜锐	yǎng jīng xù ruì
P	养虎为患	yǎng hǔ wéi huàn
P	养虺成蛇	yǎng huǐ chéng shé
P	养音九皋	yǎng yīn jiǔ gāo
P	兼包并容	jiān bāo bìng róng
P	兼包并畜	jiān bāo bìng chù
P	兼听则明	jiān tīng zé míng
P	兼官重绂	jiān guān zhòng fú
P	兼容并包	jiān róng bìng bāo
P	兼容并蓄	jiān róng bìng xù
P	兼收博采	jiān shōu bó cǎi
P	兼收并录	jiān shōu bìng lù
P	兼收并畜	jiān shōu bìng chù
P	兼收并蓄	jiān shōu bìng xù
P	兼收并采	jiān shōu bìng cǎi
P	兼朱重紫	jiān zhū zhòng zǐ
P	兼程并进	jiān chéng bìng jìn
P	兼而有之	jiān ér yǒu zhī
P	兽聚鸟散	shòu jù niǎo sàn
P	内修外攘	nèi xiū wài rǎng
P	内助之贤	nèi zhù zhī xián
P	内圣外王	nèi shèng wài wáng
P	内外交困	nèi wài jiāo kùn
P	内外夹攻	nèi wài jiā gōng
P	内容提要	nèi róng tí yào
P	内峻外和	nèi jùn wài hé
P	内心世界	nèi xīn shì jiè
P	内忧外侮	nèi yōu wài wǔ
P	内忧外患	nèi yōu wài huàn
P	内柔外刚	nèi róu wài gāng
P	内查外调	nèi chá wài diào
P	内省不疚	nèi xǐng bù jiù
P	内紧外松	nèi jǐn wài sōng
P	内视反听	nèi shì fǎn tīng
P	内部矛盾	nèi bù máo dùn
P	内顾之忧	nèi gù zhī yōu
P	再不其然	zài bù qí rán
P	再作冯妇	zài zuò féng fù
P	再别康桥	zài bié kāng qiáo
P	再生父母	zài shēng fù mǔ
P	再衰三涸	zài shuāi sān hé
P	再衰三竭	zài shuāi sān jié
P	冒冒失失	mào mào shī shī
P	冒名接脚	mào míng jiē jiǎo
P	冒名顶替	mào míng dǐng tì
P	冒大不韪	mào dà bù wěi
P	冒起火苗	mào qǐ huǒ miáo
P	冗词赘句	rǒng cí zhuì jù
P	军不血刃	jūn bù xuè rèn
P	军事体育	jūn shì tǐ yù
P	军事基地	jūn shì jī dì
P	军令如山	jūn lìng rú shān
P	军法从事	jūn fǎ cóng shì
P	农副产品	nóng fù chǎn pǐn
P	农民协会	nóng mín xié huì
P	农民战争	nóng mín zhàn zhēng
P	农贸市场	nóng mào shì chǎng
P	冠上加冠	guān shàng jiā guān
P	冠上履下	guān shàng lǚ xià
P	冠冕堂皇	guān miǎn táng huáng
P	冠履倒易	guān lǚ dào yì
P	冠履倒置	guān lǚ dào zhì
P	冠屦倒施	guàn jù dǎo shī
P	冠山戴粒	guàn shān dài lì
P	冠状动脉	guān zhuàng dòng mài
P	冠状静脉	guān zhuàng jìng mài
P	冠盖云集	guān gài yún jí
P	冠盖如云	guān gài rú yún
P	冠盖相属	guān gài xiāng zhǔ
P	冠盖相望	guān gài xiāng wàng
P	冠绝一时	guàn jué yī shí
P	冠袍带履	guān páo dài lǚ
P	冢中枯骨	zhǒng zhōng kū gǔ
P	冤假错案	yuān jiǎ cuò àn
P	冤冤相报	yuān yuān xiāng bào
P	冤天屈地	yuān tiān qū dì
P	冤家对头	yuān jia duì tóu
P	冤家路狭	yuān jia lù xiá
P	冤家路窄	yuān jiā lù zhǎi
P	冤沉海底	yuān chén hǎi dǐ
P	冥思苦想	míng sī kǔ xiǎng
P	冥思苦索	míng sī kǔ suǒ
P	冥昭瞢闇	míng zhāo méng àn
P	冥漠之都	míng mò zhī dōu
P	冥行擿埴	míng xíng zhì zhí
P	冥行盲索	míng xíng máng suǒ
P	冥顽不化	míng wán bú huà
P	冥顽不灵	míng wán bù líng
P	冬扇夏炉	dōng shàn xià lú
P	冬日可爱	dōng rì kě ài
P	冬烘头脑	dōng hōng tóu nǎo
P	冬裘夏葛	dōng qiú xià gě
P	冯唐头白	féng táng tóu bái
P	冯唐已老	féng táng yǐ lǎo
P	冯唐易老	féng táng yì lǎo
P	冯唐白首	féng táng bái shǒu
P	冯河暴虎	féng hé bào hǔ
P	冯生弹铗	féng shēng dàn jiá
P	冯驩弹铗	féng huān dàn jiá
P	冰上运动	bīng shàng yùn dòng
P	冰天雪地	bīng tiān xuě dì
P	冰山易倒	bīng shān yì dǎo
P	冰山难靠	bīng shān nán kào
P	冰心一片	bīng xīn yī piàn
P	冰散瓦解	bīng sàn wǎ jiě
P	冰消云散	bīng xiāo yún sàn
P	冰消冻解	bīng xiāo dòng jiě
P	冰消瓦解	bīng xiāo wǎ jiě
P	冰消雾散	bīng xiāo wù sàn
P	冰炭不投	bīng tàn bù tóu
P	冰肌玉骨	bīng jī yù gǔ
P	冰解云散	bīng jiě yún sàn
P	冰解冻释	bīng jiě dòng shì
P	冰解壤分	bīng jiě rǎng fēn
P	冰解的破	bīng jiě dì pò
P	冰销叶散	bīng xiāo yè sàn
P	冰销雾散	bīng xiāo wù sàn
P	冲云破雾	chōng yún pò wù
P	冲冠发怒	chōng guàn fā nù
P	冲冠怒发	chōng guàn nù fà
P	冲冠眦裂	chōng guàn zì liè
P	冲口而出	chōng kǒu ér chū
P	冲坚毁锐	chōng jiān huǐ ruì
P	冲州撞府	chōng zhōu zhuàng fǔ
P	冲州过府	chōng zhōu guò fǔ
P	冲昏头脑	chōng hūn tóu nǎo
P	冲锋陷坚	chōng fēng xiàn jiān
P	冲锋陷锐	chōng fēng xiàn ruì
P	冲锋陷阵	chōng fēng xiàn zhèn
P	冲风冒雨	chōng fēng mào yǔ
P	冲风破浪	chōng fēng pò làng
P	决不待时	jué bù dài shí
P	决疣溃痈	jué yóu kuì yōng
P	冶叶倡条	yě yè chàng tiáo
P	冷嘲热讽	lěng cháo rè fěng
P	冷嘲热骂	lěng cháo rè mà
P	冷暖自知	lěng nuǎn zì zhī
P	冷水浇头	lěng shuǐ jiāo tóu
P	冷水浇背	lěng shuǐ jiāo bèi
P	冷眼旁观	lěng yǎn páng guān
P	冷眼相待	lěng yǎn xiāng dài
P	冷眼静看	lěng yǎn jìng kàn
P	冷若冰霜	lěng ruò bīng shuāng
P	冷血动物	lěng xuè dòng wù
P	冷言冷语	lěng yán lěng yǔ
P	冷言热语	lěng yán rè yǔ
P	冷语冰人	lěng yǔ bīng rén
P	冻解冰释	dòng jiě bīng shì
P	凄风冷雨	qī fēng lěng yǔ
P	凄风寒雨	qī fēng hán yǔ
P	凄风楚雨	qī fēng chǔ yǔ
P	凄风苦雨	qī fēng kǔ yǔ
P	凉了半截	liáng le bàn jié
P	凌上虐下	líng shàng nüè xià
P	凌云壮志	líng yún zhuàng zhì
P	凌弱暴寡	líng ruò bào guǎ
P	减亏增盈	jiǎn kuī zēng yíng
P	凛若冰霜	lǐn ruò bīng shuāng
P	凛若秋霜	lǐn ruò qiū shuāng
P	凝瞩不转	níng zhǔ bù zhuǎn
P	几不欲生	jī bù yù shēng
P	几次三番	jǐ cì sān fān
P	几起几落	jǐ qǐ jǐ luò
P	凡夫俗子	fán fū sú zǐ
P	凡夫肉眼	fán fū ròu yǎn
P	凡才浅识	fán cái qiǎn shí
P	凡胎浊体	fán tāi zhuó tǐ
P	凡胎浊骨	fán tāi zhuó gǔ
P	凤冠霞帔	fèng guān xiá pèi
P	凤协鸾和	fèng xié luán hé
P	凤只鸾孤	fèng zhī luán gū
P	凤子龙孙	fèng zǐ lóng sūn
P	凤枭同巢	fèng xiāo tóng cháo
P	凤楼龙阙	fèng lóu lóng què
P	凤毛济美	fèng máo jì měi
P	凤毛麟角	fèng máo lín jiǎo
P	凤泊鸾漂	fèng bó luán piāo
P	凤泊鸾飘	fèng bó luán piāo
P	凤采鸾章	fèng cǎi luán zhāng
P	凤靡鸾吪	fèng mǐ luán é
P	凤食鸾栖	fèng shí luán qī
P	凤骨龙姿	fèng gǔ lóng zī
P	凤鸣朝阳	fèng míng zhāo yáng
P	凫短鹤长	fú duǎn hè cháng
P	凫趋雀跃	fú qū què yuè
P	凫鹤从方	fú hè cóng fāng
P	凭几之诏	píng jǐ zhī zhào
P	凭几据杖	píng jī jù zhàng
P	凭空捏造	píng kōng niē zào
P	凭轼旁观	píng shì páng guān
P	凭轼结辙	píng shì jié zhé
P	凶喘肤汗	xiōng chuǎn fū hàn
P	凶多吉少	xiōng duō jí shǎo
P	凶相毕露	xiōng xiàng bì lù
P	凶神恶煞	xiōng shén è shà
P	凸版印刷	tū bǎn yìn shuā
P	凹版印刷	āo bǎn yìn shuā
P	出一头地	chū yī tóu dì
P	出乖弄丑	chū guāi nòng chǒu
P	出乖露丑	chū guāi lòu chǒu
P	出云入泥	chū yún rù ní
P	出人头地	chū rén tóu dì
P	出何典记	chū hé diǎn jì
P	出何经典	chū hé jīng diǎn
P	出入将相	chū rù jiàng xiàng
P	出入无间	chū rù wú jiān
P	出其不备	chū qí bù bèi
P	出其不意	chū qí bù yì
P	出其不虞	chū qí bù yú
P	出内之吝	chū nèi zhī lìn
P	出厂价格	chū chǎng jià gé
P	出处殊涂	chū chǔ shū tú
P	出处殊途	chū chǔ shū tú
P	出处语默	chū chǔ yǔ mò
P	出处进退	chū chǔ jìn tuì
P	出头之日	chū tóu zhī rì
P	出头露面	chū tóu lòu miàn
P	出奇不穷	chū qí bù qióng
P	出奇划策	chū qí huà cè
P	出奇制胜	chū qí zhì shèng
P	出奇取胜	chū qí qǔ shèng
P	出奇无穷	chū qí wú qióng
P	出奇致胜	chū qí zhì shèng
P	出将入相	chū jiàng rù xiàng
P	出尘不染	chū chén bù rǎn
P	出师不利	chū shī bù lì
P	出师有名	chū shī yǒu míng
P	出手得卢	chū shǒu dé lú
P	出敌不意	chū dí bù yì
P	出有入无	chū yǒu rù wú
P	出死断亡	chū sǐ duàn wáng
P	出没不常	chū mò bù cháng
P	出没无常	chū mò wú cháng
P	出浅入深	chū qiǎn rù shēn
P	出神入化	chū shén rù huà
P	出租汽车	chū zū qì chē
P	出言不逊	chū yán bù xùn
P	出言吐气	chū yán tǔ qì
P	出言吐词	chū yán tǔ cí
P	出言吐语	chū yán tǔ yǔ
P	出言有章	chū yán yǒu zhāng
P	出词吐气	chū cí tǔ qì
P	出语成章	chū yǔ chéng zhāng
P	出谋划策	chū móu huà cè
P	出门合辙	chū mén hé zhé
P	出门应辙	chū mén yīng zhé
P	击中要害	jī zhòng yào hài
P	击其不意	jī qí bù yì
P	击排冒没	jī pái mào mò
P	击搏挽裂	jī bó wǎn liè
P	击楫中流	jī jí zhōng liú
P	击毂摩肩	jī gǔ mó jiān
P	击电奔星	jī diàn bēn xīng
P	击石弹丝	jī shí tán sī
P	击筑悲歌	jī zhù bēi gē
P	击节叹赏	jī jié tàn shǎng
P	击节称赏	jī jié chēng shǎng
P	击钟鼎食	jī zhōng dǐng shí
P	函授大学	hán shòu dà xué
P	函授学校	hán shòu xué xiào
P	函盖乾坤	hán gài qián kūn
P	函盖充周	hán gài chōng zhōu
P	函矢相攻	hán shǐ xiāng gōng
P	凿凿可据	záo záo kě jù
P	凿凿有据	záo záo yǒu jù
P	凿坏以遁	záo pī yǐ dùn
P	凿坏而遁	záo pī ér dùn
P	凿空之论	záo kōng zhī lùn
P	凿空取办	záo kōng qǔ bàn
P	凿空投隙	záo kōng tóu xì
P	凿饮耕食	záo yǐn gēng shí
P	凿骨捣髓	záo gǔ dǎo suǐ
P	凿龟数策	záo guī shǔ cè
P	刀光血影	dāo guāng xuè yǐng
P	刀刀见血	dāo dāo jiàn xiě
P	刀头剑首	dāo tóu jiàn shǒu
P	刀头燕尾	dāo tóu yàn wěi
P	刀头舔蜜	dāo tóu tiǎn mì
P	刀枪不入	dāo qiāng bù rù
P	刀耕火种	dāo gēng huǒ zhòng
P	刀过竹解	dāo guò zhú jiě
P	刁天决地	diāo tiān jué dì
P	刁斗森严	diāo dǒu sēn yán
P	刁钻促搯	diāo zuān cù tāo
P	刁钻促狭	diāo zuān cù xiá
P	刁钻刻薄	diāo zuān kè bó
P	刁钻古怪	diāo zuān gǔ guài
P	刃迎缕解	rèn yíng lǚ jiě
P	分三别两	fēn sān bié liǎng
P	分丝析缕	fēn sī xī lǚ
P	分内之事	fèn nèi zhī shì
P	分别部居	fēn bié bù jū
P	分别门户	fēn bié mén hù
P	分劳赴功	fēn láo fù gōng
P	分化瓦解	fēn huà wǎ jiě
P	分厘毫丝	fēn lí háo sī
P	分外妖娆	fèn wài yāo ráo
P	分子晶体	fēn zǐ jīng tǐ
P	分子晶體	fēn zǐ jīng tǐ
P	分子結構	fēn zǐ jié gòu
P	分子结构	fēn zǐ jié gòu
P	分守要津	fēn shǒu yào jīn
P	分宵达曙	fēn xiāo dá shǔ
P	分家析产	fēn jiā xī chǎn
P	分寸之末	fēn cùn zhī mò
P	分居异爨	fēn jū yì cuàn
P	分崩离析	fēn bēng lí xī
P	分工合作	fēn gōng hé zuò
P	分床同梦	fēn chuáng tóng mèng
P	分庭伉礼	fēn tíng kàng lǐ
P	分庭抗礼	fēn tíng kàng lǐ
P	分形共气	fēn xíng gòng qì
P	分形同气	fēn xíng tóng qì
P	分形连气	fēn xíng lián qì
P	分心挂腹	fēn xīn guà fù
P	分情破爱	fēn qíng pò ài
P	分我杯羹	fēn wǒ bēi gēng
P	分房减口	fēn fáng jiǎn kǒu
P	分散主义	fēn sàn zhǔ yì
P	分散染料	fēn sǎn rǎn liào
P	分文不值	fēn wén bù zhí
P	分文不取	fēn wén bù qǔ
P	分文不名	fēn wén bù míng
P	分文不直	fēn wén bù zhí
P	分文未取	fēn wén wèi qǔ
P	分斤拨两	fēn jīn bō liǎng
P	分斤掰两	fēn jīn bāi liǎng
P	分星劈两	fēn xīng pī liǎng
P	分星拨两	fēn xīng bō liǎng
P	分星擘两	fēn xīng bò liǎng
P	分朋引类	fēn péng yǐn lèi
P	分条析理	fēn tiáo xī lǐ
P	分毫不值	fēn háo bù zhí
P	分毫不取	fēn háo bù qǔ
P	分毫不差	fēn háo bù chā
P	分毫不爽	fēn háo bù shuǎng
P	分毫无爽	fēn háo wú shuǎng
P	分毫析厘	fēn háo xī lí
P	分烟析产	fēn yān xī chǎn
P	分烟析生	fēn yān xī shēng
P	分甘共苦	fēn gān gòng kǔ
P	分甘同苦	fēn gān tóng kǔ
P	分甘绝少	fēn gān jué shǎo
P	分秒必争	fēn miǎo bì zhēng
P	分章析句	fēn zhāng xī jù
P	分而治之	fēn ér zhì zhī
P	分花拂柳	fēn huā fú liǔ
P	分花约柳	fēn huā yuē liǔ
P	分茅列土	fēn máo liè tǔ
P	分茅胙土	fēn máo zuò tǔ
P	分茅裂土	fēn máo liè tǔ
P	分茅赐土	fēn máo cì tǔ
P	分茅锡土	fēn máo xī tǔ
P	分贫振穷	fēn pín zhèn qióng
P	分路扬镳	fēn lù yáng biāo
P	分身减口	fēn shēn jiǎn kǒu
P	分身无术	fēn shēn wú shù
P	分进合击	fēn jìn hé jī
P	分道扬镳	fēn dào yáng biāo
P	分金掰两	fēn jīn bāi liǎng
P	分钗劈凤	fēn chāi pī fèng
P	分钗断带	fēn chāi duàn dài
P	分钗破镜	fēn chāi pò jìng
P	分门别户	fēn mén bié hù
P	分门别类	fēn mén bié lèi
P	分鞋破镜	fēn xié pò jìng
P	分风劈流	fēn fēng pǐ liú
P	分香卖履	fēn xiāng mài lǚ
P	切中事理	qiè zhòng shì lǐ
P	切中时弊	qiè zhòng shí bì
P	切中时病	qiè zhòng shí bìng
P	切中要害	qiè zhòng yào hài
P	切切在心	qiè qiè zài xīn
P	切切实实	qiè qiè shí shí
P	切切此令	qiè qiè cǐ lìng
P	切切此布	qiè qiè cǐ bù
P	切切牢记	qiè qiè láo jì
P	切切私语	qiè qiè sī yǔ
P	切切请求	qiè qiè qǐng qiú
P	切力效应	qiē lì xiào yìng
P	切勿倒置	qiè wù dào zhì
P	切勿受潮	qiè wù shòu cháo
P	切勿吸烟	qiè wù xī yān
P	切勿靠近	qiè wù kào jìn
P	切勿颠倒	qiè wù diān dǎo
P	切合实际	qiè hé shí jì
P	切树倒根	qiē shù dǎo gēn
P	切理会心	qiē lǐ huì xīn
P	切理厌心	qiē lǐ yàn xīn
P	切理餍心	qiē lǐ yàn xīn
P	切瑳琢磨	qiē cuō zhuó mó
P	切磋琢磨	qiē cuō zhuó mó
P	切肤之痛	qiè fū zhī tòng
P	切身体会	qiè shēn tǐ huì
P	切身体验	qiè shēn tǐ yàn
P	切身利害	qiè shēn lì hài
P	切身大事	qiè shēn dà shì
P	切近的当	qiē jìn de dāng
P	切骨之仇	qiè gǔ zhī chóu
P	切骨之寒	qiè gǔ zhī hán
P	切骨之恨	qiè gǔ zhī hèn
P	切齿咒骂	qiè chǐ zhòu mà
P	切齿拊心	qiè chǐ fǔ xīn
P	切齿痛心	qiè chǐ tòng xīn
P	切齿痛恨	qiè chǐ tòng hèn
P	切齿腐心	qiè chǐ fǔ xīn
P	刊心刻骨	kān xīn kè gǔ
P	刍荛之见	chú ráo zhī jiàn
P	刎颈之交	wěn jǐng zhī jiāo
P	刑事判决	xíng shì pàn jué
P	刑事责任	xíng shì zé rèn
P	刑于之化	xíng yú zhī huà
P	刑措不用	xíng cuò bù yòng
P	刑期无刑	xíng qī wú xíng
P	划一不二	huà yī bù èr
P	划地为牢	huá dì wéi láo
P	划粥割齑	huà zhōu gē jī
P	刓方为圆	wán fāng wéi yuán
P	列功覆过	liè gōng fù guò
P	列土分茅	liè tǔ fēn máo
P	列土封疆	liè tǔ fēng jiāng
P	列宁主义	liè níng zhǔ yì
P	列风淫雨	liè fēng yín yǔ
P	列鼎而食	liè dǐng ér shí
P	刘毅答诏	liú yì dá zhào
P	刘郎前度	liú láng qián dù
P	刚中柔外	gāng zhōng róu wài
P	刚柔相济	gāng róu xiāng jì
P	刚正不阿	gāng zhèng bù ē
P	刚直不阿	gāng zhí bù ē
P	刚肠嫉恶	gāng cháng jí è
P	创业垂统	chuàng yè chuí tǒng
P	创业维艰	chuàng yè wéi jiān
P	创作方法	chuàng zuò fāng fǎ
P	创剧痛深	chuàng jù tòng shēn
P	创巨痛仍	chuàng jù tòng réng
P	创巨痛深	chuāng jù tòng shēn
P	创意造言	chuàng yì zào yán
P	创钜痛仍	chuàng jù tòng réng
P	创钜痛深	chuàng jù tòng shēn
P	初具规模	chū jù guī mó
P	初等教育	chū děng jiào yù
P	初级中学	chū jí zhōng xué
P	初露头角	chū lù tóu jiǎo
P	初露锋芒	chū lù fēng máng
P	删华就素	shān huá jiù sù
P	删繁就简	shān fán jiù jiǎn
P	判然不同	pàn rán bù tóng
P	判若两人	pàn ruò liǎng rén
P	判若云泥	pàn ruò yún ní
P	判若天渊	pàn ruò tiān yuān
P	判若水火	pàn ruò shuǐ huǒ
P	判若鸿沟	pàn ruò hóng gōu
P	刨树搜根	páo shù sōu gēn
P	刨根究底	páo gēn jiū dǐ
P	刨根问底	páo gēn wèn dǐ
P	利不亏义	lì bù kuī yì
P	利令志惛	lì lìng zhì hūn
P	利令智昏	lì lìng zhì hūn
P	利口捷给	lì kǒu jié jǐ
P	利害得失	lì hài dé shī
P	利害相关	lì hài xiāng guān
P	利欲熏心	lì yù xūn xīn
P	利灾乐祸	lì zāi lè huò
P	利齿能牙	lì chǐ néng yá
P	别作一眼	bié zuò yī yǎn
P	别作良图	bié zuò liáng tú
P	别具一格	bié jù yī gé
P	别具匠心	bié jù jiàng xīn
P	别具只眼	bié jù zhī yǎn
P	别具心肠	bié jù xīn cháng
P	别具慧眼	bié jù huì yǎn
P	别具手眼	bié jù shǒu yǎn
P	别具肺肠	bié jù fèi cháng
P	别出心裁	bié chū xīn cái
P	别出手眼	bié chū shǒu yǎn
P	别出新意	bié chū xīn yì
P	别出新裁	bié chū xīn cái
P	别出机杼	bié chū jī zhù
P	别创一格	bié chuàng yí gé
P	别居异财	bié jū yì cái
P	别开一格	bié kāi yí gé
P	别开生面	bié kāi shēng miàn
P	别开蹊径	bié kāi xī jìng
P	别抱琵琶	bié bào pí pá
P	别无二致	bié wú èr zhì
P	别无他物	bié wú tā wù
P	别无出路	bié wú chū lù
P	别无分店	bié wú fēn diàn
P	别无长物	bié wú cháng wù
P	别有人间	bié yǒu rén jiān
P	别有天地	bié yǒu tiān dì
P	别有心肝	bié yǒu xīn gān
P	别有心肠	bié yǒu xīn cháng
P	别有洞天	bié yǒu dòng tiān
P	别有滋味	bié yǒu zī wèi
P	别有用心	bié yǒu yòng xīn
P	别有肺肠	bié yǒu fèi cháng
P	别有风味	bié yǒu fēng wèi
P	别有风趣	bié yǒu fēng qù
P	别来无恙	bié lái wú yàng
P	别树一帜	bié shù yī zhì
P	别树一旗	bié shù yī qí
P	别生枝节	bié shēng zhī jié
P	别籍异居	bié jí yì jū
P	别籍异财	bié jí yì cái
P	别类分门	bié lèi fēn mén
P	别置一喙	bié zhì yī huì
P	别财异居	bié cái yì jū
P	别风淮雨	bié fēng huái yǔ
P	别饶风致	bié ráo fēng zhì
P	别鹤孤鸾	bié hè gū luán
P	别鹤离鸾	bié hè lí luán
P	刬恶锄奸	chǎn è chú jiān
P	刬旧谋新	chǎn jiù móu xīn
P	刬草除根	chǎn cǎo chú gēn
P	刮垢磨光	guā gòu mó guāng
P	刮垢磨痕	guā gòu mó hén
P	刮目相待	guā mù xiāng dài
P	刮目相看	guā mù xiāng kàn
P	刮目相见	guā mù xiāng jiàn
P	刮肠洗胃	guā cháng xǐ wèi
P	刮野扫地	guā yě sǎo dì
P	刮骨去毒	guā gǔ qù dú
P	刮骨抽筋	guā gǔ chōu jīn
P	到此为止	dào cǐ wéi zhǐ
P	刳精呕血	kū jīng ǒu xuè
P	刳脂剔膏	kū zhī tī gāo
P	刺上化下	cì shàng huà xià
P	刺刺不休	cì cì bù xiū
P	刺心切骨	cì xīn qiè gǔ
P	刺心刻骨	cì xīn kè gǔ
P	刺心裂肝	cì xīn liè gān
P	刺的一声	cī de yī shēng
P	刺股悬梁	cì gǔ xuán liáng
P	刺股读书	cì gǔ dú shū
P	刺虎持鹬	cì hǔ chí yù
P	刻不容松	kè bù róng sōng
P	刻不容缓	kè bù róng huǎn
P	刻不待时	kè bù dài shí
P	刻木为吏	kè mù wéi lì
P	刻木为鹄	kè mù wéi hú
P	刻章琢句	kè zhāng zhuó jù
P	刻翠裁红	kè cuì cái hóng
P	刻肌刻骨	kè jī kè gǔ
P	刻薄寡思	kè bó guǎ sī
P	刻雾裁风	kè wù cái fēng
P	刻骨仇恨	kè gǔ chóu hèn
P	刻骨崩心	kè gǔ bēng xīn
P	刻骨相思	kè gǔ xiāng sī
P	刻骨铭心	kè gǔ míng xīn
P	刻骨镂心	kè gǔ lòu xīn
P	剀切中理	kǎi qiè zhòng lǐ
P	剀切教导	kǎi qiè jiào dǎo
P	剀切详明	kǎi qiè xiáng míng
P	削发披缁	xuē fà pī zī
P	削尖脑袋	xuē jiān nǎo dài
P	削木为吏	xuē mù wéi lì
P	削株掘根	xuē zhū jué gēn
P	削职为民	xuē zhí wéi mín
P	削草除根	xuē cǎo chú gēn
P	削足适履	xuē zú shì lǚ
P	削趾适屦	xuē zhǐ shì jù
P	削铁如泥	xuē tiě rú ní
P	削铁无声	xuē tiě wú shēng
P	前仆后继	qián pū hòu jì
P	前仆后踣	qián pú hòu bó
P	前仰后合	qián yǎng hòu hé
P	前俯后仰	qián fǔ hòu yǎng
P	前功尽废	qián gōng jìn fèi
P	前功尽弃	qián gōng jìn qì
P	前功尽灭	qián gōng jìn miè
P	前古未有	qián gǔ wèi yǒu
P	前合后仰	qián hé hòu yǎng
P	前后脚儿	qián hòu jiǎo er
P	前度刘郎	qián dù liú láng
P	前徒倒戈	qián tú dǎo gē
P	前思后想	qián sī hòu xiǎng
P	前所未有	qián suǒ wèi yǒu
P	前程万里	qián chéng wàn lǐ
P	前街后巷	qián jiē hòu xiàng
P	前言往行	qián yán wǎng xíng
P	前跋后疐	qián bá hòu zhì
P	前车之鉴	qián chē zhī jiàn
P	前车可鉴	qián chē kě jiàn
P	前辙可鉴	qián zhé kě jiàn
P	剑头一吷	jiàn tóu yī xuè
P	剑首一吷	jiàn shǒu yī xuè
P	剔抽禿刷	tī chōu tū shuā
P	剔抽秃揣	tī chōu tū chuǎi
P	剔蝎撩蜂	tī xiē liáo fēng
P	剖心泣血	pōu xīn qì xuè
P	剖肝泣血	pōu gān qì xuè
P	剖腹藏珠	pōu fù cáng zhū
P	剖蚌得珠	pōu bàng dé zhū
P	剖蚌求珠	pōu bàng qiú zhū
P	剗恶锄奸	chǎn è chú jiān
P	剗旧谋新	chǎn jiù móu xīn
P	剗草除根	chǎn cǎo chú gēn
P	剥削阶级	bō xuē jiē jí
P	剥床及肤	bō chuáng jí fū
P	剥极则复	bō jí zé fù
P	剥极将复	bō jí jiāng fù
P	剥极必复	bō jí bì fù
P	剥皮抽筋	bō pí chōu jīn
P	剥肤之痛	bō fū zhī tòng
P	剥肤及髓	bō fū jí suǐ
P	剥肤椎髓	bō fū chuí suǐ
P	剥茧抽丝	bō jiǎn chōu sī
P	剩余价值	shèng yú jià zhí
P	剩馥残膏	shèng fù cán gāo
P	剪发披缁	jiǎn fā pī zī
P	剪发杜门	jiǎn fà dù mén
P	剪发被褐	jiǎn fā bèi hè
P	剪恶除奸	jiǎn è chú jiān
P	副研究员	fù yán jiū yuán
P	割地求和	gē dì qiú hé
P	割地称臣	gē dì chēng chén
P	割席分坐	gē xí fēn zuò
P	割据一方	gē jù yī fāng
P	割肚牵肠	gē dù qiān cháng
P	割股疗亲	gē gǔ liáo qīn
P	割臂之盟	gē bì zhī méng
P	割臂盟公	gē bì méng gōng
P	割骨疗亲	gē gǔ liáo qīn
P	剸繁决剧	tuán fán jué jù
P	剸繁治剧	tuán fán zhì jù
P	劈劈啪啪	pī pī pā pā
P	劈天盖地	pī tiān gài dì
P	劈头劈脑	pī tóu pī nǎo
P	劈头盖脑	pī tóu gài nǎo
P	劈头盖脸	pī tóu gài liǎn
P	劈波斩浪	pī bō zhǎn làng
P	劈荆斩棘	pī jīng zhǎn jí
P	劈里啪啦	pī lǐ pā la
P	劈风斩浪	pī fēng zhǎn làng
P	劚玉如泥	zhú yù rú ní
P	力不从心	lì bù cóng xīn
P	力不胜任	lì bù shèng rèn
P	力不能及	lì bù néng jí
P	力不能支	lì bù néng zhī
P	力不自胜	lì bù zì shèng
P	力争上游	lì zhēng shàng yóu
P	力可拔山	lì kě bá shān
P	力大无比	lì dà wú bǐ
P	力学不倦	lì xué bù juàn
P	力学笃行	lì xué dǔ xíng
P	力小任重	lì xiǎo rèn zhòng
P	力尽筋疲	lì jìn jīn pí
P	力所不及	lì suǒ bù jí
P	力所能及	lì suǒ néng jí
P	力排众议	lì pái zhòng yì
P	力有未逮	lì yǒu wèi dài
P	力能扛鼎	lì néng gāng dǐng
P	力透纸背	lì tòu zhǐ bèi
P	劝善惩恶	quàn shàn chéng è
P	劝善戒恶	quàn shàn jiè è
P	劝善黜恶	quàn shàn chù è
P	办公会议	bàn gōng huì yì
P	功亏一篑	gōng kuī yī kuì
P	功德无量	gōng dé wú liàng
P	功成不居	gōng chéng bù jū
P	功成行满	gōng chéng xíng mǎn
P	功成骨枯	gōng chéng gǔ kū
P	功盖天下	gōng gài tiān xià
P	功若丘山	gōng ruò qiū shān
P	功薄蝉翼	gōng bó chán yì
P	功高不赏	gōng gāo bù shǎng
P	功高望重	gōng gāo wàng zhòng
P	功高盖世	gōng gāo gài shì
P	加减乘除	jiā jiǎn chéng chú
P	加勒比海	jiā lè bǐ hǎi
P	加尔各答	jiā ěr gè dá
P	加枝添叶	jiā zhī tiān yè
P	加班加点	jiā bān jiā diǎn
P	劣迹昭着	liè jì zhāo zhe
P	劣迹昭著	liè jì zhāo zhù
P	动不失时	dòng bù shī shí
P	动中窾要	dòng zhōng kuǎn yào
P	动地惊天	dòng dì jīng tiān
P	动如参商	dòng rú shēn shāng
P	动物纤维	dòng wù xiān wéi
P	动画影片	dòng huà yǐng piān
P	动真格的	dòng zhēn gé de
P	动脉硬化	dòng mài yìng huà
P	动荡不安	dòng dàng bù ān
P	动荡不定	dòng dàng bù dìng
P	动辄得咎	dòng zhé dé jiù
P	动静有常	dòng jìng yǒu cháng
P	助人下石	zhù rén xià shí
P	助人为乐	zhù rén wéi lè
P	助天为虐	zhù tiān wéi nüè
P	助我张目	zhù wǒ zhāng mù
P	助桀为恶	zhù jié wéi è
P	助桀为暴	zhù jié wéi bào
P	助桀为虐	zhù jié wéi nüè
P	助画方略	zhù huà fāng lüè
P	助纣为虐	zhù zhòu wéi nüè
P	助边输财	zhù biān shū cái
P	努尔哈赤	nǔ ěr hā chì
P	劫富济贫	jié fù jì pín
P	劫数难逃	jié shù nán táo
P	励精更始	lì jīng gēng shǐ
P	劲骨丰肌	jìng gǔ fēng jī
P	劳务输出	láo wù shū chū
P	劳动强度	láo dòng qiáng dù
P	劳动教养	láo dòng jiào yǎng
P	劳动模范	láo dòng mó fàn
P	劳师糜饷	láo shī mí xiǎng
P	劳师袭远	láo shī xí yuǎn
P	劳心焦思	láo xīn jiāo sī
P	劳心苦思	láo xīn kǔ sī
P	劳思逸淫	láo sī yì yín
P	劳燕分飞	láo yàn fēn fēi
P	劳筋苦骨	láo jīn kǔ gǔ
P	劳身焦思	láo shēn jiāo sī
P	劳逸结合	láo yì jié hé
P	势不两存	shì bù liǎng cún
P	势不两立	shì bù liǎng lì
P	势不可当	shì bù kě dāng
P	势不可挡	shì bù kě dǎng
P	势不可遏	shì bù kě è
P	势倾朝野	shì qīng cháo yě
P	势合形离	shì hé xíng lí
P	势在必行	shì zài bì xíng
P	势如劈竹	shì rú pī zhú
P	势孤力薄	shì gū lì báo
P	势焰熏天	shì yàn xūn tiān
P	势若脱兔	shì ruò tuō tù
P	勃然变色	bó rán biàn sè
P	勃然大怒	bó rán dà nù
P	勃然奋励	bó rán fèn lì
P	勇冠三军	yǒng guàn sān jūn
P	勇者不惧	yǒng zhě bù jù
P	勉为其难	miǎn wéi qí nán
P	勉勉强强	miǎn miǎn qiǎng qiáng
P	勤学好问	qín xué hǎo wèn
P	勤工助学	qín gōng zhù xué
P	勤杂人员	qín zá rén yuán
P	勤能补拙	qín néng bǔ zhuō
P	勺状软骨	sháo zhuàng ruǎn gǔ
P	勾三搭四	gōu sān dā sì
P	勾勾搭搭	gōu gōu dā dā
P	勾心斗角	gōu xīn dòu jiǎo
P	勾股定理	gōu gǔ dìng lǐ
P	勾魂摄魄	gōu hún shè pò
P	匀红点翠	yún hóng diǎn cuì
P	匀脂抹粉	yún zhī mǒ fěn
P	包举宇内	bāo jǔ yǔ nèi
P	包打天下	bāo dǎ tiān xià
P	包罗万有	bāo luó wàn yǒu
P	包罗万象	bāo luó wàn xiàng
P	包藏奸心	bāo cáng jiān xīn
P	包藏祸心	bāo cáng huò xīn
P	匏瓜空悬	páo guā kōng xuán
P	匕鬯不惊	bǐ chàng bù jīng
P	化为乌有	huà wéi wū yǒu
P	化为泡影	huà wéi pào yǐng
P	化为灰烬	huà wéi huī jìn
P	化及豚鱼	huà jí tún yú
P	化外之民	huà wài zhī mín
P	化学元素	huà xué yuán sù
P	化学反应	huà xué fǎn yìng
P	化学肥料	huà xué féi liào
P	化性起伪	huà xìng qǐ wěi
P	化敌为友	huà dí wéi yǒu
P	化整为零	huà zhěng wéi líng
P	化日光天	huà rì guāng tiān
P	化枭为鸠	huà xiāo wéi jiū
P	化民成俗	huà mín chéng sú
P	化民易俗	huà mín yì sú
P	化腐为奇	huà fǔ wéi qí
P	化腐成奇	huà fǔ chéng qí
P	化若偃草	huà ruò yǎn cǎo
P	化险为夷	huà xiǎn wéi yí
P	化零为整	huà líng wéi zhěng
P	化鸱为凤	huà chī wéi fèng
P	北京大学	běi jīng dà xué
P	北京时间	běi jīng shí jiān
P	北京猿人	běi jīng yuán rén
P	北伐战争	běi fá zhàn zhēng
P	北叟失马	běi sǒu shī mǎ
P	北宫婴儿	běi gōng yīng ér
P	北斗七星	běi dǒu qī xīng
P	北斗之尊	běi dǒu zhī zūn
P	北方方言	běi fāng fāng yán
P	北洋军阀	běi yáng jūn fá
P	北爱尔兰	běi ài ěr lán
P	北窗高卧	běi chuāng gāo wò
P	北辕适楚	běi yuán shì chǔ
P	北辕适粤	běi yuán shì yuè
P	北辙南辕	běi zhé nán yuán
P	北辰星拱	běi chén xīng gǒng
P	北道主人	běi dào zhǔ rén
P	北郭先生	běi guō xiān shēng
P	北鄙之声	běi bǐ zhī shēng
P	北鄙之音	běi bǐ zhī yīn
P	北门之寄	běi mén zhī jì
P	北门之管	běi mén zhī guǎn
P	北门南牙	běi mén nán yá
P	北门管钥	běi mén guǎn yuè
P	北门锁钥	běi mén suǒ yuè
P	北面称臣	běi miàn chēng chén
P	北风之恋	běi fēng zhī liàn
P	匠石运金	jiàng shí yùn jīn
P	匡乱反正	kuāng luàn fǎn zhèng
P	匡俗济时	kuāng sú jì shí
P	匡其不逮	kuāng qí bù dǎi
P	匡国济时	kuāng guó jì shí
P	匡救弥缝	kuāng jiù mí fèng
P	匡时济世	kuāng shí jì shì
P	匡时济俗	kuāng shí jì sú
P	匡谬正俗	kuāng miù zhèng sú
P	匡鼎解颐	kuāng dǐng jiě yí
P	匪伊朝夕	fěi yī zhāo xī
P	匪夷所思	fěi yí suǒ sī
P	匪朝伊夕	fěi cháo yī xī
P	匪石之心	fěi shí zhī xīn
P	匪石匪席	fěi shí fěi xí
P	匹夫之勇	pǐ fū zhī yǒng
P	匹夫之谅	pǐ fū zhī liàng
P	匹夫匹妇	pǐ fū pǐ fù
P	匹夫小谅	pǐ fū xiǎo liàng
P	匹夫怀璧	pǐ fū huái bì
P	匹夫无罪	pǐ fū wú zuì
P	匹夫有责	pǐ fū yǒu zé
P	匹夫沟渎	pǐ fū gōu dú
P	匹妇沟渠	pǐ fù gōu qú
P	匹马单枪	pǐ mǎ dān qiāng
P	匹马只轮	pǐ mǎ zhī lún
P	匹马当先	pǐ mǎ dāng xiān
P	区区之众	qū qū zhī zhòng
P	区区小事	qū qū xiǎo shì
P	区区此心	qū qū cǐ xīn
P	区域网路	qū yù wǎng luò
P	区闻陬见	qū wén zōu jiàn
P	匿影藏形	nì yǐng cáng xíng
P	匿迹隐形	nì jì yǐn xíng
P	十一点钟	shí yì diǎn zhōng
P	十万火急	shí wàn huǒ jí
P	十万火速	shí wàn huǒ sù
P	十不当一	shí bù dāng yī
P	十世单传	shí shì dān chuán
P	十二万分	shí èr wàn fēn
P	十二生肖	shí èr shēng xiào
P	十二经脉	shí èr jīng mài
P	十亲九故	shí qīn jiǔ gù
P	十亲九眷	shí qīn jiǔ juàn
P	十六烷值	shí liù wán zhí
P	十冬腊月	shí dōng là yuè
P	十发十中	shí fā shí zhōng
P	十变五化	shí biàn wǔ huà
P	十口相传	shí kǒu xiāng chuán
P	十四行诗	shí sì háng shī
P	十夫桡椎	shí fū ráo zhuī
P	十夫楺椎	shí fū róu zhuī
P	十字街头	shí zì jiē tóu
P	十字路头	shí zì lù tóu
P	十室九匮	shí shì jiǔ kuì
P	十室九空	shí shì jiǔ kōng
P	十寒一暴	shí hán yī bào
P	十年内乱	shí nián nèi luàn
P	十年磨剑	shí nián mó jiàn
P	十年读书	shí nián dú shū
P	十恶不赦	shí è bù shè
P	十恶五逆	shí è wǔ nì
P	十捉九着	shí zhuō jiǔ zhe
P	十日并出	shí rì bìng chū
P	十有八九	shí yǒu bā jiǔ
P	十步香车	shí bù xiāng chē
P	十死不问	shí sǐ bù wèn
P	十浆五馈	shí jiāng wǔ kuì
P	十羊九牧	shí yáng jiǔ mù
P	十行俱下	shí háng jù xià
P	十转九空	shí zhuǎn jiǔ kōng
P	十载寒窗	shí zǎi hán chuāng
P	十里洋场	shí lǐ yáng chǎng
P	十里长亭	shí lǐ cháng tíng
P	十雨五风	shí yǔ wǔ fēng
P	十面埋伏	shí miàn mái fú
P	十风五雨	shí fēng wǔ yǔ
P	十魔九难	shí mó jiǔ nàn
P	十鼠同穴	shí shǔ tóng xué
P	千万买邻	qiān wàn mǎi lín
P	千丝万缕	qiān sī wàn lǚ
P	千乘万骑	qiān chéng wàn qí
P	千乘之国	qiān shèng zhī guó
P	千了万当	qiān le wàn dàng
P	千了百了	qiān liǎo bǎi liǎo
P	千了百当	qiān liǎo bǎi dàng
P	千仇万恨	qiān chóu wàn hèn
P	千仓万箱	qiān cāng wàn xiāng
P	千仞无枝	qiān rèn wú zhī
P	千依万顺	qiān yī wàn shùn
P	千兵万马	qiān bīng wàn mǎ
P	千军万马	qiān jūn wàn mǎ
P	千刀万剁	qiān dāo wàn duò
P	千刀万剐	qiān dāo wàn guǎ
P	千千万万	qiān qiān wàn wàn
P	千变万化	qiān biàn wàn huà
P	千变万状	qiān biàn wàn zhuàng
P	千变万轸	qiān biàn wàn zhěn
P	千古不朽	qiān gǔ bù xiǔ
P	千古不磨	qiān gǔ bù mó
P	千古奇闻	qiān gǔ qí wén
P	千古绝调	qiān gǔ jué diào
P	千叮万嘱	qiān dīng wàn zhǔ
P	千呼万唤	qiān hū wàn huàn
P	千回万转	qiān huí wàn zhuǎn
P	千回百折	qiān huí bǎi zhé
P	千回百转	qiān huí bǎi zhuǎn
P	千夫所指	qiān fū suǒ zhǐ
P	千头万序	qiān tóu wàn xù
P	千头万绪	qiān tóu wàn xù
P	千奇百怪	qiān qí bǎi guài
P	千姿万态	qiān zī wàn tài
P	千家万户	qiān jiā wàn hù
P	千山万壑	qiān shān wàn hè
P	千山万水	qiān shān wàn shuǐ
P	千岩万壑	qiān yán wàn hè
P	千峰万壑	qiān fēng wàn hè
P	千差万别	qiān chā wàn bié
P	千差万错	qiān chà wàn cuò
P	千年万载	qiān nián wàn zǎi
P	千形万状	qiān xíng wàn zhuàng
P	千态万状	qiān tài wàn zhuàng
P	千思万想	qiān sī wàn xiǎng
P	千思万虑	qiān sī wàn lǜ
P	千恩万谢	qiān ēn wàn xiè
P	千愁万恨	qiān chóu wàn hèn
P	千愁万绪	qiān chóu wàn xù
P	千推万阻	qiān tuī wàn zǔ
P	千方万计	qiān fāng wàn jì
P	千村万落	qiān cūn wàn luò
P	千条万端	qiān tiáo wàn duān
P	千条万绪	qiān tiáo wàn xù
P	千条万缕	qiān tiáo wàn lǚ
P	千水万山	qiān shuǐ wàn shān
P	千汇万状	qiān huì wàn zhuàng
P	千沟万壑	qiān gōu wàn hè
P	千灾百难	qiān zāi bǎi nán
P	千状万态	qiān zhuàng wàn tài
P	千状万端	qiān zhuàng wàn duān
P	千瓦小时	qiān wǎ xiǎo shí
P	千生万劫	qiān shēng wàn jié
P	千生万死	qiān shēng wàn sǐ
P	千真万确	qiān zhēn wàn què
P	千磨百折	qiān mó bǎi shé
P	千秋万世	qiān qiū wàn shì
P	千秋万代	qiān qiū wàn dài
P	千秋万古	qiān qiū wàn gǔ
P	千秋万岁	qiān qiū wàn suì
P	千章万句	qiān zhāng wàn jù
P	千端万绪	qiān duān wàn xù
P	千红万紫	qiān hóng wàn zǐ
P	千绪万端	qiān xù wàn duān
P	千虑一得	qiān lǜ yī dé
P	千言万语	qiān yán wàn yǔ
P	千言万说	qiān yán wàn shuō
P	千语万言	qiān yǔ wàn yán
P	千载一会	qiān zǎi yī huì
P	千载一合	qiān zài yī hé
P	千载一圣	qiān zǎi yī shèng
P	千载一弹	qiān zǎi yī dàn
P	千载一日	qiān zǎi yī rì
P	千载一时	qiān zǎi yī shí
P	千载一逢	qiān zǎi yī féng
P	千载一遇	qiān zǎi yī yù
P	千载奇遇	qiān zǎi qí yù
P	千载难逢	qiān zǎi nán féng
P	千载难遇	qiān zǎi nán yù
P	千辛万苦	qiān xīn wàn kǔ
P	千里一曲	qiān lǐ yī qǔ
P	千里之任	qiān lǐ zhī rèn
P	千里同风	qiān lǐ tóng fēng
P	千里结言	qiān lǐ jié yán
P	千里骏骨	qiān lǐ jùn gǔ
P	千金之家	qiān jīn zhī jiā
P	千金市骨	qiān jīn shì gǔ
P	千钧一发	qiān jūn yī fà
P	千钧重负	qiān jūn zhòng fù
P	千门万户	qiān mén wàn hù
P	千难万苦	qiān nán wàn kǔ
P	千难万险	qiān nán wàn xiǎn
P	千难万难	qiān nán wàn nán
P	千龄万代	qiān líng wàn dài
P	升官发财	shēng guān fā cái
P	升山采珠	shēng shān cǎi zhū
P	升级换代	shēng jí huàn dài
P	半三不四	bàn sān bù sì
P	半上半下	bàn shàng bàn xià
P	半上落下	bàn shàng luò xià
P	半低不高	bàn dī bù gāo
P	半信不信	bàn xìn bù xìn
P	半信半疑	bàn xìn bàn yí
P	半半拉拉	bàn bàn lā lā
P	半吐半露	bàn tǔ bàn lù
P	半吞半吐	bàn tūn bàn tǔ
P	半夜三更	bàn yè sān gēng
P	半大不小	bàn dà bù xiǎo
P	半工半读	bàn gōng bàn dú
P	半懂不懂	bàn dǒng bù dǒng
P	半文不白	bàn wén bù bái
P	半新不旧	bàn xīn bù jiù
P	半机械化	bàn jī xiè huà
P	半死不活	bàn sǐ bù huó
P	半殖民地	bàn zhí mín dì
P	半涂而罢	bàn tú ér bà
P	半生不熟	bàn shēng bù shú
P	半疑半信	bàn yí bàn xìn
P	半痴不颠	bàn chī bù diān
P	半真半假	bàn zhēn bàn jiǎ
P	半筹不纳	bàn chóu bù nà
P	半筹莫展	bàn chóu mò zhǎn
P	半解一知	bàn jiě yī zhī
P	半路修行	bàn lù xiū xíng
P	半路出家	bàn lù chū jiā
P	半身不遂	bàn shēn bù suí
P	半部论语	bàn bù lún yǔ
P	半间不界	bàn jiān bù jiè
P	半间半界	bàn jiān bàn jiè
P	半面不忘	bàn miàn bù wàng
P	华不再扬	huá bù zài yáng
P	华亭鹤唳	huà tíng hè lì
P	华冠丽服	huá guān lì fú
P	华北平原	huá běi píng yuán
P	华封三祝	huá fēng sān zhù
P	华屋丘墟	huá wū qiū xū
P	华屋山丘	huá wū shān qiū
P	华屋秋墟	huá wū qiū xū
P	华星秋月	huá xīng qiū yuè
P	华而不实	huá ér bù shí
P	协力同心	xié lì tóng xīn
P	协力齐心	xié lì qí xīn
P	协心同力	xié xīn tóng lì
P	协私罔上	xié sī wǎng shàng
P	卑不足道	bēi bù zú dào
P	卑宫菲食	bēi gōng fěi shí
P	卑谄足恭	bēi chǎn zú gōng
P	卑身屈体	bēi shēn qū tǐ
P	卑身贱体	bēi shēn jiàn tǐ
P	卑躬屈节	bēi gōng qū jié
P	卑辞重币	bēi cí zhòng bì
P	卓乎不群	zhuó hū bù qún
P	卓尔不群	zhuó ěr bù qún
P	卓尔独行	zhuó ěr dú xíng
P	卓有成就	zhuó yǒu chéng jiù
P	卓有成效	zhuó yǒu chéng xiào
P	卓然不群	zhuó rán bù qún
P	卓荦不羁	zhuó luò bù jī
P	单丝不线	dān sī bù xiàn
P	单人独马	dān rén dú mǎ
P	单兵孤城	dān bīng gū chéng
P	单刀宜入	dān dāo yí rù
P	单刀直入	dān dāo zhí rù
P	单刀赴会	dān dāo fù huì
P	单口相声	dān kǒu xiàng shēng
P	单孑独立	dān jié dú lì
P	单忧极瘁	dān yōu jí cuì
P	单文孤证	dān wén gū zhèng
P	单枪匹马	dān qiāng pǐ mǎ
P	单枪独马	dān qiāng dú mǎ
P	单见浅闻	dān jiàn qiǎn wén
P	单门独户	dān mén dú hù
P	单鹄寡凫	dān hú guǎ fú
P	卖乖弄俏	mài guāi nòng qiào
P	卖俏行奸	mài qiào xíng jiān
P	卖俏迎奸	mài qiào yíng jiān
P	卖儿鬻女	mài ér yù nǚ
P	卖头卖脚	mài tóu mài jiǎo
P	卖妻鬻子	mài qī yù zǐ
P	卖富差贫	mài fù chà pín
P	卖履分香	mài lǚ fēn xiāng
P	卖文为生	mài wén wéi shēng
P	卖方市场	mài fāng shì chǎng
P	卖李钻核	mài lǐ zuān hé
P	卖狗悬羊	mài gǒu xuán yáng
P	卖男鬻女	mài nán yù nǚ
P	卖空买空	mài kōng mǎi kōng
P	卖笑追欢	mài xiào zhuī huān
P	南冠楚囚	nán guān chǔ qiú
P	南南合作	nán nán hé zuò
P	南去北来	nán qù běi lái
P	南山可移	nán shān kě yí
P	南山铁案	nán shān tiě àn
P	南州冠冕	nán zhōu guān miǎn
P	南征北伐	nán zhēng běi fá
P	南征北战	nán zhēng běi zhàn
P	南征北讨	nán zhēng běi tǎo
P	南户窥郎	nán hù kuī láng
P	南来北往	nán lái běi wǎng
P	南枝北枝	nán zhī běi zhī
P	南柯一梦	nán kē yī mèng
P	南棹北辕	nán zhào běi yuán
P	南橘北枳	nán jú běi zhǐ
P	南沙群岛	nán shā qún dǎo
P	南箕北斗	nán jī běi dǒu
P	南腔北调	nán qiāng běi diào
P	南舣北驾	nán yǐ běi jià
P	南航北骑	nán háng běi qí
P	南船北车	nán chuán běi chē
P	南蛮鴂舌	nán mán jué shé
P	南蛮鴃舌	nán mán jué shé
P	南贩北贾	nán fàn běi gǔ
P	南辕北辙	nán yuán běi zhé
P	南郭先生	nán guō xiān shēng
P	南郭处士	nán guō chǔ shì
P	南金东箭	nán jīn dōng jiàn
P	南阮北阮	nán ruǎn běi ruǎn
P	南面百城	nán miàn bǎi chéng
P	南面称孤	nán miàn chēng gū
P	南风不竞	nán fēng bù jìng
P	南鹞北鹰	nán yào běi yīng
P	博大精深	bó dà jīng shēn
P	博文约礼	bó wén yuē lǐ
P	博施济众	bó shī jì zhòng
P	博物学家	bó wù xué jiā
P	博硕肥腯	bó shuò féi tú
P	博而不精	bó ér bù jīng
P	博而寡要	bó ér guǎ yào
P	博茨瓦纳	bó cí wǎ nà
P	博览五车	bó lǎn wǔ chē
P	博识多通	bó shí duō tōng
P	博识洽闻	bó shí qià wén
P	博采众议	bó cǎi zhòng yì
P	博采众长	bó cǎi zhòng cháng
P	博闻多识	bó wén duō shí
P	博闻强志	bó wén qiáng zhì
P	博闻强记	bó wén qiáng jì
P	博闻强识	bó wén qiáng zhì
P	卜夜卜昼	bǔ yè bǔ zhòu
P	卜昼卜夜	bǔ zhòu bǔ yè
P	占山为王	zhàn shān wéi wáng
P	占风使帆	zhān fēng shǐ fān
P	占风望气	zhān fēng wàng qì
P	卤莽灭裂	lǔ mǎng miè liè
P	卧不安席	wò bù ān xí
P	卧床不起	wò chuáng bù qǐ
P	卧虎藏龙	wò hǔ cáng lóng
P	卫星通信	wèi xīng tōng xìn
P	卬头阔步	áng tóu kuò bù
P	卬首信眉	áng shǒu shēn méi
P	印累绶若	yìn léi shòu ruò
P	危于累卵	wēi yú lěi luǎn
P	危如朝露	wēi rú zhāo lù
P	危如累卵	wēi rú lěi luǎn
P	危急存亡	wēi jí cún wáng
P	危机四伏	wēi jī sì fú
P	危机重重	wēi jī chóng chóng
P	危而不持	wēi ér bù chí
P	危若朝露	wēi ruò zhāo lù
P	危言危行	wēi yán wēi xíng
P	危言核论	wēi yán hé lùn
P	危言正色	wēi yán zhèng sè
P	危言竦论	wēi yán sǒng lùn
P	危言覈论	wēi yán hé lùn
P	危言高论	wēi yán gāo lùn
P	危迫利诱	wēi pò lì yòu
P	即兴之作	jí xìng zhī zuò
P	即小见大	jí xiǎo jiàn dà
P	即景生情	jí jǐng shēng qíng
P	却之不恭	què zhī bù gōng
P	却老还童	què lǎo huán tóng
P	却行求前	què xíng qiú qián
P	卵与石斗	luǎn yǔ shí dòu
P	卵石不敌	luǎn shí bù dí
P	卷土重来	juǎn tǔ chóng lái
P	卷帙浩繁	juàn zhì hào fán
P	卷席而居	juàn xí ér jū
P	卷席而葬	juǎn xí ér zàng
P	卷旗息鼓	juǎn qí xī gǔ
P	卷甲倍道	juǎn jiǎ bèi dào
P	卷甲束兵	juǎn jiǎ shù bīng
P	卷甲衔枚	juǎn jiǎ xián méi
P	卷甲韬戈	juǎn jiǎ tāo gē
P	卷舌元音	juǎn shé yuán yīn
P	卸磨杀驴	xiè mò shā lǘ
P	历世摩钝	lì shì mó dùn
P	历世磨钝	lì shì mó dùn
P	历久弥坚	lì jiǔ mí jiān
P	历历可数	lì lì kě shǔ
P	历历可考	lì lì kě kǎo
P	历历可见	lì lì kě jiàn
P	历历可辨	lì lì kě biàn
P	历历落落	lì lì luò luò
P	历史小说	lì shǐ xiǎo shuō
P	历精为治	lì jīng wéi zhì
P	历精更始	lì jīng gèng shǐ
P	厉世摩钝	lì shì mó dùn
P	厉精更始	lì jīng gēng shǐ
P	厉行节约	lì xíng jié yuē
P	压倒元白	yā dǎo yuán bái
P	压倒多数	yā dǎo duō shù
P	压卷之作	yā juàn zhī zuò
P	压寨夫人	yā zhài fū rén
P	压缩空气	yā suō kōng qì
P	压缩饼干	yā suō bǐng gān
P	压肩叠背	yā jiān dié bèi
P	压肩迭背	yā jiān dié bèi
P	压良为贱	yā liáng wéi jiàn
P	压雪求油	yā xuě qiú yóu
P	厌难折冲	yàn nán zhé chōng
P	厕足其间	cè zú qí jiān
P	厕身其间	cè shēn qí jiān
P	厚今薄古	hòu jīn bó gǔ
P	厚古薄今	hòu gǔ bó jīn
P	厚味腊毒	hòu wèi xī dú
P	厚往薄来	hòu wǎng báo lái
P	厚德载物	hòu dé zài wù
P	厚德载福	hòu dé zǎi fú
P	厚此薄彼	hòu cǐ bó bǐ
P	厚积薄发	hòu jī bó fā
P	厝火燎原	cuò huǒ liǎo yuán
P	原原委委	yuán yuán wěi wěi
P	原始社会	yuán shǐ shè huì
P	原始积累	yuán shǐ jī lěi
P	原始要终	yuán shǐ yào zhōng
P	原始见终	yuán shǐ jiàn zhōng
P	原封不动	yuán fēng bù dòng
P	原形毕露	yuán xíng bì lù
P	原形败露	yuán xíng bài lù
P	去住两难	qù zhù liǎng nán
P	去天尺五	qù tiān chǐ wǔ
P	去太去甚	qù tài qù shèn
P	去就之分	qù jiù zhī fēn
P	去本趋末	qù běn qū mò
P	去泰去甚	qù tài qù shèn
P	去甚去泰	qù shèn qù tài
P	去邪归正	qù xié guī zhèng
P	去食存信	qù shí cún xìn
P	参伍错纵	cān wǔ cuò zòng
P	参伍错综	cēn wǔ cuò zōng
P	参前倚衡	cān qián yǐ héng
P	参商之虞	shēn shāng zhī yú
P	参回斗转	shēn huí dǒu zhuǎn
P	参天两地	cān tiān liǎng dì
P	参天贰地	cān tiān èr dì
P	参差不一	cēn cī bù yī
P	参差不齐	cēn cī bù qí
P	参差错落	cēn cī cuò luò
P	参政议政	cān zhèng yì zhèng
P	参横斗转	shēn héng dǒu zhuǎn
P	参辰卯酉	shēn chén mǎo yǒu
P	参辰日月	shēn chén rì yuè
P	参透机关	cān tòu jī guān
P	又作别论	yòu zuò bié lùn
P	又吐又泻	yòu tù yòu xiè
P	又弱一个	yòu ruò yī gè
P	又当别论	yòu dāng bié lùn
P	又红又专	yòu hóng yòu zhuān
P	又细又长	yòu xì yòu cháng
P	叉开双腿	chǎ kāi shuāng tuǐ
P	及宾有鱼	jí bīn yǒu yú
P	及时行乐	jí shí xíng lè
P	及溺呼船	jí nì hū chuán
P	及笄年华	jí jī nián huá
P	友风子雨	yǒu fēng zǐ yǔ
P	双向选择	shuāng xiàng xuǎn zé
P	双宿双飞	shuāng sù shuāng fēi
P	双柑斗酒	shuāng gān dǒu jiǔ
P	双栖双宿	shuāng qī shuāng sù
P	双管齐下	shuāng guǎn qí xià
P	双足重茧	shuāng zú chóng jiǎn
P	双重人格	shuāng chóng rén gé
P	双重国籍	shuāng chóng guó jí
P	反动分子	fǎn dòng fèn zi
P	反劳为逸	fǎn láo wéi yì
P	反听内视	fǎn tīng nèi shì
P	反唇相稽	fǎn chún xiāng jī
P	反唇相讥	fǎn chún xiāng jī
P	反坦克炮	fǎn tǎn kè pào
P	反客为主	fǎn kè wéi zhǔ
P	反射定律	fǎn shè dìng lǜ
P	反应两极	fǎn yìng liǎng jí
P	反应过度	fǎn yìng guò dù
P	反应过渡	fǎn yìng guò dù
P	反戈相向	fǎn gē xiāng xiàng
P	反战分子	fǎn zhàn fèn zi
P	反手可得	fǎn shǒu kě dé
P	反攻倒算	fǎn gōng dǎo suàn
P	反朴归真	fǎn pǔ guī zhēn
P	反朴还淳	fǎn pǔ huán chún
P	反正拨乱	fǎn zhèng bō luàn
P	反正还淳	fǎn zhèng huán chún
P	反水不收	fǎn shuǐ bù shōu
P	反治其身	fǎn zhì qí shēn
P	反目成仇	fǎn mù chéng chóu
P	反眼不识	fǎn yǎn bù shí
P	反经合义	fǎn jīng hé yì
P	反经合道	fǎn jīng hé dào
P	反经行权	fǎn jīng xíng quán
P	反老还童	fǎn lǎo huán tóng
P	反败为胜	fǎn bài wéi shèng
P	反躬自省	fǎn gōng zì xǐng
P	反间之计	fǎn jiàn zhī jì
P	反面教员	fǎn miàn jiào yuán
P	反风灭火	fǎn fēng miè huǒ
P	发上冲冠	fà shàng chōng guān
P	发上指冠	fà shàng zhǐ guān
P	发人深思	fā rén shēn sī
P	发人深省	fā rén shēn xǐng
P	发凡起例	fā fán qǐ lì
P	发号施令	fā hào shī lìng
P	发奋图强	fā fèn tú qiáng
P	发奸擿伏	fā jiān tī fú
P	发宪布令	fā xiàn bù lìng
P	发家致富	fā jiā zhì fù
P	发屋求狸	fā wū qiú lí
P	发展速度	fā zhǎn sù dù
P	发引千钧	fà yǐn qiān jūn
P	发怒冲冠	fà nù chōng guān
P	发怒穿冠	fà nù chuān guān
P	发愤图强	fā fèn tú qiáng
P	发愤忘食	fā fèn wàng shí
P	发扬光大	fā yáng guāng dà
P	发扬踔厉	fā yáng chuō lì
P	发扬蹈厉	fā yáng dǎo lì
P	发指眦裂	fà zhǐ zì liè
P	发政施仁	fā zhèng shī rén
P	发棠之请	fā táng zhī qǐng
P	发植穿冠	fà zhí chuān guān
P	发短心长	fà duǎn xīn cháng
P	发硎新试	fā xíng xīn shì
P	发秃齿豁	fà tū chǐ huò
P	发科打诨	fā kē dǎ hùn
P	发策决科	fā cè jué kē
P	发纵指使	fā zòng zhǐ shǐ
P	发纵指示	fā zòng zhǐ shì
P	发综指示	fā zōng zhǐ shì
P	发聋振聩	fā lóng zhèn kuì
P	发自肺腑	fā zì fèi fǔ
P	发蒙振聩	fā méng zhèn kuì
P	发蒙振落	fā méng zhèn luò
P	发蒙解惑	fā méng jiě huò
P	发蒙解缚	fā méng jiě fù
P	发言盈庭	fā yán yíng tíng
P	发财致富	fā cái zhì fù
P	发踊冲冠	fà yǒng chōng guān
P	发踪指使	fā zōng zhǐ shǐ
P	发踪指示	fā zōng zhǐ shì
P	发达国家	fā dá guó jiā
P	发隐擿伏	fā yǐn tī fú
P	发音器官	fā yīn qì guān
P	叔伯兄弟	shū bó xiōng dì
P	叔度陂湖	shū dù bēi hú
P	取之不尽	qǔ zhī bù jìn
P	取乱侮亡	qǔ luàn wǔ wáng
P	取乱存亡	qǔ luàn cún wáng
P	取予有节	qǔ yǔ yǒu jié
P	取信于人	qǔ xìn yú rén
P	取信于民	qǔ xìn yú mín
P	取巧图便	qǔ qiǎo tú biàn
P	取诸宫中	qǔ zhū gōng zhōng
P	取长弃短	qǔ cháng qì duǎn
P	取长补短	qǔ cháng bǔ duǎn
P	取青妃白	qǔ qīng fēi bái
P	受宠若惊	shòu chǒng ruò jīng
P	变俗易教	biàn sú yì jiào
P	变动不居	biàn dòng bù jū
P	变化不测	biàn huà bù cè
P	变化不穷	biàn huà bù qióng
P	变化多端	biàn huà duō duān
P	变化如神	biàn huà rú shén
P	变化无常	biàn huà wú cháng
P	变化无穷	biàn huà wú qióng
P	变化莫测	biàn huà mò cè
P	变危为安	biàn wēi wéi ān
P	变古乱常	biàn gǔ luàn cháng
P	变幻不测	biàn huàn bù cè
P	变幻莫测	biàn huàn mò cè
P	变态反应	biàn tài fǎn yìng
P	变生不测	biàn shēng bù cè
P	变贪厉薄	biàn tān lì bó
P	变风改俗	biàn fēng gǎi sú
P	变风易俗	biàn fēng yì sú
P	叠矩重规	dié jǔ chóng guī
P	口不二价	kǒu bù èr jià
P	口不应心	kǒu bù yìng xīn
P	口不择言	kǒu bù zé yán
P	口中蚤虱	kǒu zhōng zǎo shī
P	口中雌黄	kǒu zhōng cí huáng
P	口传心授	kǒu chuán xīn shòu
P	口似悬河	kǒu sì xuán hé
P	口出不逊	kǒu chū bù xùn
P	口出大言	kǒu chū dà yán
P	口口相传	kǒu kǒu xiāng chuán
P	口吐珠玑	kǒu tǔ zhū jī
P	口壅若川	kǒu yōng ruò chuān
P	口多食寡	kǒu duō shí guǎ
P	口头文学	kǒu tóu wén xué
P	口尚乳臭	kǒu shàng rǔ xiù
P	口干舌焦	kǒu gān shé jiāo
P	口干舌燥	kǒu gān shé zào
P	口无择言	kǒu wú zé yán
P	口服心服	kǒu fú xīn fú
P	口燥唇干	kǒu zào chún gān
P	口碑载道	kǒu bēi zài dào
P	口耳并重	kǒu ěr bìng zhòng
P	口耳相传	kǒu ěr xiāng chuán
P	口耳相承	kǒu ěr xiāng chéng
P	口腹之累	kǒu fù zhī lěi
P	口若悬河	kǒu ruò xuán hé
P	口血未干	kǒu xuè wèi gān
P	口角春风	kǒu jiǎo chūn fēng
P	口角生风	kǒu jiǎo shēng fēng
P	口角风情	kǒu jiǎo fēng qíng
P	口说无凭	kǒu shuō wú píng
P	口谐辞给	kǒu xié cí gěi
P	口轻舌薄	kǒu qīng shé bó
P	古为今用	gǔ wéi jīn yòng
P	古井不波	gǔ jǐng bù bō
P	古今中外	gǔ jīn zhōng wài
P	古典音乐	gǔ diǎn yīn yuè
P	古地理学	gǔ dì lǐ xué
P	古尔邦节	gǔ ěr bāng jié
P	古已有之	gǔ yǐ yǒu zhī
P	古木参天	gǔ mù cān tiān
P	古细菌域	gǔ xì jùn yù
P	古细菌界	gǔ xì jùn jiè
P	古调不弹	gǔ diào bù tán
P	古调单弹	gǔ diào dān tán
P	古道热肠	gǔ dào rè cháng
P	句子成分	jù zi chéng fèn
P	句斟字酌	jù zhēn zì zhuó
P	句栉字比	jù zhì zì bǐ
P	句比字栉	jù bǐ zì zhì
P	另一方面	lìng yì fāng miàn
P	另当别论	lìng dāng bié lùn
P	另有洞天	lìng yǒu dòng tiān
P	另眼相待	lìng yǎn xiāng dài
P	另眼相看	lìng yǎn xiāng kàn
P	另眼看待	lìng yǎn kàn dài
P	另眼看戏	lìng yǎn kàn xì
P	另辟蹊径	lìng pì xī jìng
P	叨在知己	tāo zài zhī jǐ
P	叨陪末座	tāo péi mò zuò
P	叩心泣血	kòu xīn qì xuè
P	叩源推委	kòu yuán tuī wěi
P	叩石垦壤	kòu shí kěn rǎng
P	只争旦夕	zhǐ zhēng dàn xī
P	只争朝夕	zhǐ zhēng zhāo xī
P	只字不提	zhī zì bù tí
P	只欠东风	zhǐ qiàn dōng fēng
P	只言片语	zhī yán piàn yǔ
P	只身一人	zhī shēn yī rén
P	只身孤影	zhī shēn gū yǐng
P	只轮不反	zhī lún bù fǎn
P	只轮不返	zhī lún bù fǎn
P	只轮无反	zhī lún wú fǎn
P	只骑不反	zhī qí bù fǎn
P	只鸡斗酒	zhī jī dǒu jiǔ
P	只鸡樽酒	zhī jī zūn jiǔ
P	只鸡絮酒	zhī jī xù jiǔ
P	叫苦不迭	jiào kǔ bù dié
P	召之即来	zhào zhī jí lái
P	叮叮当当	dīng dīng dāng dāng
P	可乘之机	kě chéng zhī jī
P	可乘之隙	kě chéng zhī xì
P	可发一噱	kě fā yī jué
P	可口可乐	kě kǒu kě lè
P	可心如意	kě xīn rú yì
P	可怜巴巴	kě lián bā bā
P	可想而知	kě xiǎng ér zhī
P	可操作性	kě cāo zuò xìng
P	可操左券	kě cāo zuǒ quàn
P	可有可无	kě yǒu kě wú
P	可歌可泣	kě gē kě qì
P	可泣可歌	kě qì kě gē
P	可见一斑	kě jiàn yī bān
P	台阁生风	tái gé shēng fēng
P	叱咤风云	chì zhà fēng yún
P	叱嗟风云	chì jiē fēng yún
P	史不绝书	shǐ bù jué shū
P	叶公好龙	yè gōng hào lóng
P	叶瘦花残	yè shòu huā cán
P	叶落归根	yè luò guī gēn
P	叶落知秋	yè luò zhī qiū
P	号令如山	hào lìng rú shān
P	号咷大哭	háo táo dà kū
P	号啕大哭	háo táo dà kū
P	号天扣地	hào tiān kòu dì
P	号寒啼饥	háo hán tí jī
P	司乘人员	sī chéng rén yuán
P	司农仰屋	sī nóng yǎng wū
P	司空见惯	sī kōng jiàn guàn
P	司马称好	sī mǎ chēng hǎo
P	叹为观止	tàn wéi guān zhǐ
P	叹观止矣	tàn guān zhǐ yǐ
P	叽叽喳喳	jī jī zhā zhā
P	叽叽嘎嘎	jī jī gā gā
P	叽哩咕噜	jī lǐ gū lū
P	叽里呱啦	jī lǐ guā lā
P	叽里哇啦	jī lǐ wā lā
P	吁咈都俞	xū fú dū yú
P	吁天呼地	yù tiān hū dì
P	吃吃喝喝	chī chī hē hē
P	吃哑巴亏	chī yǎ ba kuī
P	吃商品粮	chī shāng pǐn liáng
P	吃喝玩乐	chī hē wán lè
P	吃大锅饭	chī dà guō fàn
P	吃开口饭	chī kāi kǒu fàn
P	吃眼前亏	chī yǎn qián kuī
P	吃着不尽	chī zhuó bù jìn
P	吃穿用度	chī chuān yòng dù
P	吃罪不起	chī zuì bù qǐ
P	吃苦受累	chī kǔ shòu lèi
P	吃里扒外	chī lǐ pá wài
P	各不相让	gè bù xiāng ràng
P	各不相谋	gè bù xiāng móu
P	各个击破	gè gè jī pò
P	各为其主	gè wèi qí zhǔ
P	各从其志	gè cóng qí zhì
P	各取所长	gè qǔ suǒ cháng
P	各取所需	gè qǔ suǒ xū
P	各司其事	gè sī qí shì
P	各司其职	gè sī qí zhí
P	各奔前程	gè bèn qián chéng
P	各安生业	gè ān shēng yè
P	各家各户	gè jiā gè hù
P	各就各位	gè jiù gè wèi
P	各尽其职	gè jìn qí zhí
P	各尽所能	gè jìn suǒ néng
P	各式各样	gè shì gè yàng
P	各得其宜	gè dé qí yí
P	各得其所	gè dé qí suǒ
P	各执一词	gè zhí yī cí
P	各执己见	gè zhí jǐ jiàn
P	各抒己见	gè shū jǐ jiàn
P	各抒所见	gè shū suǒ jiàn
P	各持己见	gè chí jǐ jiàn
P	各有千秋	gè yǒu qiān qiū
P	各有所好	gè yǒu suǒ hào
P	各有所短	gè yǒu suǒ duǎn
P	各有所职	gè yǒu suǒ zhí
P	各有所长	gè yǒu suǒ cháng
P	各种各样	gè zhǒng gè yàng
P	各自为战	gè zì wéi zhàn
P	各自为政	gè zì wéi zhèng
P	各色人等	gè sè rén děng
P	各色各样	gè sè gè yàng
P	各色名样	gè sè míng yàng
P	各行其事	gè xíng qí shì
P	各行其志	gè xíng qí zhì
P	各行其是	gè xíng qí shì
P	各行其道	gè xíng qí dào
P	各行各业	gè háng gè yè
P	各负其责	gè fù qí zé
P	各领风骚	gè lǐng fēng sāo
P	吆五喝六	yāo wǔ hè liù
P	合两为一	hé liǎng wéi yī
P	合二为一	hé èr wéi yī
P	合二而一	hé èr ér yī
P	合从连衡	hé zòng lián héng
P	合作医疗	hé zuò yī liáo
P	合情合理	hé qíng hé lǐ
P	合成橡胶	hé chéng xiàng jiāo
P	合成纤维	hé chéng xiān wéi
P	合浦珠还	hé pǔ zhū huán
P	合浦还珠	hé pǔ huán zhū
P	合盘托出	hé pán tuō chū
P	合眼摸象	hé yǎn mō xiàng
P	合而为一	hé ér wéi yī
P	合胆同心	hé dǎn tóng xīn
P	合衷共济	hé zhōng gòng jì
P	吉人天相	jí rén tiān xiàng
P	吉光片羽	jí guāng piàn yǔ
P	吉光片裘	jí guāng piàn qiú
P	吉凶未卜	jí xiōng wèi bǔ
P	吊儿郎当	diào er láng dāng
P	吊尔郎当	diào ěr láng dāng
P	吊胆提心	diào dǎn tí xīn
P	同业相仇	tóng yè xiāng chóu
P	同仇敌忾	tóng chóu dí kài
P	同仇敌慨	tóng chóu dí kǎi
P	同休共戚	tóng xiū gòng qī
P	同休等戚	tóng xiū děng qī
P	同出一辙	tóng chū yī zhé
P	同利相死	tóng lì xiāng sǐ
P	同力协契	tóng lì xié qì
P	同功一体	tóng gōng yī tǐ
P	同化作用	tóng huà zuò yòng
P	同化政策	tóng huà zhèng cè
P	同垂不朽	tóng chuí bù xiǔ
P	同堂兄弟	tóng táng xiōng dì
P	同声一辞	tóng shēng yī cí
P	同声共气	tóng shēng gòng qì
P	同声同气	tóng shēng tóng qì
P	同声相应	tóng shēng xiāng yìng
P	同声相求	tóng shēng xiāng qiú
P	同声翻译	tóng shēng fān yì
P	同室操戈	tóng shì cāo gē
P	同尘合污	tóng chén hé wū
P	同工同酬	tóng gōng tóng chóu
P	同工异曲	tóng gōng yì qǔ
P	同年而校	tóng nián ér xiào
P	同年而语	tóng nián ér yǔ
P	同床共枕	tóng chuáng gòng zhěn
P	同床各梦	tóng chuáng gè mèng
P	同床异梦	tóng chuáng yì mèng
P	同归于尽	tóng guī yú jìn
P	同归殊涂	tóng guī shū tú
P	同归殊途	tóng guī shū tú
P	同德一心	tóng dé yī xīn
P	同德协力	tóng dé xié lì
P	同德同心	tóng dé tóng xīn
P	同心一力	tóng xīn yī lì
P	同心一德	tóng xīn yī dé
P	同心一意	tóng xīn yī yì
P	同心僇力	tóng xīn lù lì
P	同心共济	tóng xīn gòng jì
P	同心共胆	tóng xīn gòng dǎn
P	同心协力	tóng xīn xié lì
P	同心协德	tóng xīn xié dé
P	同心协济	tóng xīn xié jì
P	同心叶力	tóng xīn yè lì
P	同心合力	tóng xīn hé lì
P	同心合德	tóng xīn hé dé
P	同心合意	tóng xīn hé yì
P	同心合胆	tóng xīn hé dǎn
P	同心同德	tóng xīn tóng dé
P	同心并力	tóng xīn bìng lì
P	同心戮力	tóng xīn lù lì
P	同心敌忾	tóng xīn dí kài
P	同心断金	tóng xīn duàn jīn
P	同心毕力	tóng xīn bì lì
P	同心竭力	tóng xīn jié lì
P	同忧相救	tóng yōu xiāng jiù
P	同恶共济	tóng è gòng jì
P	同恶相党	tóng è xiāng dǎng
P	同恶相助	tóng wù xiāng zhù
P	同恶相恤	tóng wù xiāng xù
P	同恶相求	tóng è xiāng qiú
P	同恶相济	tóng è xiāng jì
P	同敝相济	tóng bì xiāng jì
P	同文共规	tóng wén gòng guī
P	同文共轨	tóng wén gòng guǐ
P	同日而言	tóng rì ér yán
P	同日而论	tóng rì ér lùn
P	同日而语	tóng rì ér yǔ
P	同日而道	tóng rì ér dào
P	同明相照	tóng míng xiāng zhào
P	同条共贯	tóng tiáo gòng guàn
P	同气相求	tóng qì xiāng qiú
P	同气连枝	tóng qì lián zhī
P	同流合污	tóng liú hé wū
P	同浴讥裸	tóng yù jī luǒ
P	同源共流	tóng yuán gòng liú
P	同源异派	tóng yuán yì pài
P	同源异流	tóng yuán yì liú
P	同然一辞	tóng rán yī cí
P	同甘共苦	tóng gān gòng kǔ
P	同生共死	tóng shēng gòng sǐ
P	同病相怜	tóng bìng xiāng lián
P	同盘而食	tóng pán ér shí
P	同符合契	tóng fú hé qì
P	同等学力	tóng děng xué lì
P	同等学历	tóng děng xué lì
P	同类相从	tóng lèi xiāng cóng
P	同类相妒	tóng lèi xiāng dù
P	同类相求	tóng lèi xiāng qiú
P	同美相妒	tóng měi xiāng dù
P	同胞共气	tóng bāo gòng qì
P	同舟共命	tóng zhōu gòng mìng
P	同舟共济	tóng zhōu gòng jì
P	同舟敌国	tóng zhōu dí guó
P	同舟遇风	tóng zhōu yù fēng
P	同船合命	tóng chuán hé mìng
P	同袍同泽	tóng páo tóng zé
P	同门异户	tóng mén yì hù
P	同音共律	tóng yīn gòng lǜ
P	名不副实	míng bù fù shí
P	名不符实	míng bù fú shí
P	名不虚传	míng bù xū chuán
P	名不虚得	míng bù xū dé
P	名不虚立	míng bù xū lì
P	名人效应	míng rén xiào yìng
P	名从主人	míng cóng zhǔ rén
P	名优产品	míng yōu chǎn pǐn
P	名副其实	míng fù qí shí
P	名同实异	míng tóng shí yì
P	名垂万古	míng chuí wàn gǔ
P	名士风流	míng shì fēng liú
P	名声籍甚	míng shēng jí shèn
P	名声过实	míng shēng guò shí
P	名存实亡	míng cún shí wáng
P	名实相副	míng shí xiāng fù
P	名实相符	míng shí xiāng fú
P	名实难副	míng shí nán fù
P	名山大川	míng shān dà chuān
P	名德重望	míng dé zhòng wàng
P	名我固当	míng wǒ gù dāng
P	名正理顺	míng zhèng lǐ shùn
P	名正言顺	míng zhèng yán shùn
P	名特优新	míng tè yōu xīn
P	名目繁多	míng mù fán duō
P	名符其实	míng fú qí shí
P	名落孙山	míng luò sūn shān
P	名过其实	míng guò qí shí
P	名重一时	míng zhòng yī shí
P	名高难副	míng gāo nán fù
P	后不巴店	hòu bù bā diàn
P	后会无期	hòu huì wú qī
P	后会有期	hòu huì yǒu qī
P	后发制人	hòu fā zhì rén
P	后台老板	hòu tái lǎo bǎn
P	后悔不及	hòu huǐ bù jí
P	后悔莫及	hòu huǐ mò jí
P	后手不接	hòu shǒu bù jiē
P	后来居上	hòu lái jū shàng
P	后生可畏	hòu shēng kě wèi
P	后福无量	hòu fú wú liàng
P	后继有人	hòu jì yǒu rén
P	后脑勺儿	hòu nǎo sháo er
P	后车之戒	hòu chē zhī jiè
P	吐丝自缚	tǔ sī zì fù
P	吐刚茹柔	tǔ gāng rú róu
P	吐哺捉发	tǔ bǔ zhuō fā
P	吐哺握发	tǔ bǔ wò fà
P	吐哺辍洗	tǔ bǔ chuò xǐ
P	吐心吐胆	tǔ xīn tǔ dǎn
P	吐故纳新	tǔ gù nà xīn
P	吐气扬眉	tǔ qì yáng méi
P	吐肝露胆	tǔ gān lù dǎn
P	吐胆倾心	tǔ dǎn qīng xīn
P	吐露真情	tǔ lù zhēn qíng
P	吐食握发	tǔ shí wò fā
P	向上一纵	xiàng shàng yí zòng
P	向上一路	xiàng shàng yī lù
P	向声背实	xiàng shēng bèi shí
P	向若而叹	xiàng ruò ér tàn
P	向风慕义	xiàng fēng mù yì
P	吓一大跳	xià yí dà tiào
P	吗玩意儿	má wán yì er
P	君子好逑	jūn zǐ hǎo qiú
P	吞云吐雾	tūn yún tǔ wù
P	吞刀吐火	tūn dāo tǔ huǒ
P	吞吞吐吐	tūn tūn tǔ tǔ
P	吞符翕景	tūn fú xī jǐng
P	吞言咽理	tūn yán yān lǐ
P	吞风饮雨	tūn fēng yǐn yǔ
P	吟风咏月	yín fēng yǒng yuè
P	吟风弄月	yín fēng nòng yuè
P	吠非其主	fèi fēi qí zhǔ
P	否去泰来	pǐ qù tài lái
P	否往泰来	pǐ wǎng tài lái
P	否极泰回	pǐ jí tài huí
P	否极泰来	pǐ jí tài lái
P	否极阳回	pǐ jí yáng huí
P	否终则泰	pǐ zhōng zé tài
P	否终复泰	pǐ zhōng fù tài
P	吧的一声	bā de yī shēng
P	含冤莫白	hán yuān mò bái
P	含含糊糊	hán hán hū hū
P	含商咀征	hán shāng jǔ zhēng
P	含商咀徵	hán shāng jǔ zhēng
P	含垢藏瑕	hán gòu cáng xiá
P	含垢藏疾	hán gòu cáng jí
P	含宫咀征	hán gōng jǔ zhēng
P	含宫咀徵	hán gōng jǔ zhēng
P	含情脉脉	hán qíng mò mò
P	含明隐迹	hán míng yǐn jì
P	含沙射影	hán shā shè yǐng
P	含混不清	hán hùn bù qīng
P	含牙带角	hán yá dài jiǎo
P	含牙戴角	hán yá dài jiǎo
P	含笑入地	hán xiào rù dì
P	含糊不明	hán hú bù míng
P	含糊不清	hán hú bù qīng
P	含糊其词	hán hú qí cí
P	含糊其辞	hán hú qí cí
P	含而不露	hán ér bù lù
P	含苞待放	hán bāo dài fàng
P	含英咀华	hán yīng jǔ huá
P	含菁咀华	hán jīng jǔ huá
P	含蓼问疾	hán liǎo wèn jí
P	含血喷人	hán xuè pēn rén
P	含血噀人	hán xuè xùn rén
P	含血潠人	hán xuè xùn rén
P	含饴弄孙	hán yí nòng sūn
P	含齿戴发	hán chǐ dài fā
P	听之任之	tīng zhī rèn zhī
P	听其自流	tīng qí zì liú
P	听其自然	tīng qí zì rán
P	听而不闻	tīng ér bú wén
P	听风听水	tīng fēng tīng shuǐ
P	启瞶振聋	qǐ guì zhèn lóng
P	吱吱喳喳	zhī zhī zhā zhā
P	吱吱嘎嘎	zhī zhī gā gā
P	吱哩哇啦	zhī lī wā lā
P	吴下阿蒙	wú xià ā méng
P	吴头楚尾	wú tóu chǔ wěi
P	吴带当风	wú dài dāng fēng
P	吴越同舟	wú yuè tóng zhōu
P	吵吵闹闹	chǎo chǎo nào nào
P	吸新吐故	xī xīn tǔ gù
P	吸风饮露	xī fēng yǐn lù
P	吹叶嚼蕊	chuī yè jiáo ruǐ
P	吹吹打打	chuī chuī dǎ dǎ
P	吹弹得破	chuī tán dé pò
P	吹弹歌舞	chuī tán gē wǔ
P	吹拉弹唱	chuī lā tán chàng
P	吹毛数睫	chuī máo shù jié
P	吹毛洗垢	chuī máo xǐ gòu
P	吹竹弹丝	chuī zhú tán sī
P	吹箫乞食	chuī xiāo qǐ shí
P	吹篪乞食	chuī chí qǐ shí
P	吹糠见米	chuī kāng jiàn mǐ
P	吹花嚼蕊	chuī huā jiáo ruǐ
P	吹角连营	chuī jiǎo lián yíng
P	吾膝如铁	wú xī rú tiě
P	吾自有处	wú zì yǒu chǔ
P	吾谁与归	wú shuí yǔ guī
P	呆似木鸡	dāi sì mù jī
P	呆头呆脑	dāi tóu dāi nǎo
P	呆若木鸡	dāi ruò mù jī
P	呆里撒奸	dāi lǐ sā jiān
P	告一段落	gào yí duàn luò
P	告往知来	gào wǎng zhī lái
P	告朔饩羊	gù shuò xì yáng
P	告老在家	gào lǎo zài jiā
P	告老还乡	gào lǎo huán xiāng
P	告老还家	gào lǎo huán jiā
P	呐喊助威	nà hǎn zhù wēi
P	呕心抽肠	ǒu xīn chōu cháng
P	呕心沥血	ǒu xīn lì xuè
P	呕心滴血	ǒu xīn dī xuè
P	呕心镂骨	ǒu xīn lòu gǔ
P	呜呜咽咽	wū wū yè yè
P	呜噜呜噜	wū lū wū lū
P	呢喃细语	ní nán xì yǔ
P	周公吐哺	zhōu gōng tǔ bǔ
P	周情孔思	zhōu qíng kǒng sī
P	周穷恤匮	zhōu qióng xù kuì
P	周而不比	zhōu ér bù bǐ
P	周规折矩	zhōu guī zhé jǔ
P	周郎顾曲	zhōu láng gù qǔ
P	呱呱坠地	gū gū zhuì dì
P	呱呱堕地	gū gū duò dì
P	呱呱落地	gū gū luò dì
P	呱嗒板儿	guā dā bǎn ér
P	味同嚼蜡	wèi tóng jiáo là
P	味如嚼蜡	wèi rú jiáo là
P	味如鸡肋	wèi rú jī lèi
P	呴湿濡沫	xǔ shī rú mò
P	呵佛骂祖	hē fó mà zǔ
P	呵壁问天	hē bì wèn tiān
P	呵欠连天	hē qiàn lián tiān
P	呷醋节帅	xiā cù jié shuài
P	呼不给吸	hū bù jǐ xī
P	呼卢喝雉	hū lú hè zhì
P	呼吸之间	hū xī zhī jiān
P	呼吸相通	hū xī xiāng tōng
P	呼吸系统	hū xī xì tǒng
P	呼和浩特	hū hé hào tè
P	呼天叩地	hū tiān kòu dì
P	呼天叫地	hū tiān jiào dì
P	呼天号地	hū tiān hào dì
P	呼天吁地	hū tiān yù dì
P	呼天唤地	hū tiān huàn dì
P	呼天抢地	hū tiān qiāng dì
P	呼天钥地	hū tiān yào dì
P	呼幺喝六	hū yāo hè liù
P	呼来喝去	hū lái hè qù
P	呼群结党	hū qún jié dǎng
P	呼风唤雨	hū fēng huàn yǔ
P	命中注定	mìng zhōng zhù dìng
P	命令主义	mìng lìng zhǔ yì
P	命若悬丝	mìng ruò xuán sī
P	命薄缘悭	mìng báo yuán qiān
P	咀嚼英华	jǔ jué yīng huá
P	咂嘴弄唇	zā zuǐ nòng chún
P	咂嘴弄舌	zā zuǐ nòng shé
P	咄咄书空	duō duō shū kōng
P	咄嗟之间	duō jiē zhī jiān
P	咄嗟便办	duō jiē biàn bàn
P	和光同尘	hé guāng tóng chén
P	和如琴瑟	hé rú qín sè
P	和容悦色	hé róng yuè sè
P	和平共处	hé píng gòng chǔ
P	和气生财	hé qì shēng cái
P	和气致祥	hé qì zhì xiáng
P	和璧隋珠	hé bì suí zhū
P	和盘托出	hé pán tuō chū
P	和睦相处	hé mù xiāng chǔ
P	和而不同	hé ér bù tóng
P	和而不唱	hé ér bù chàng
P	和蔼可亲	hé ǎi kě qīn
P	和蔼近人	hé ǎi jìn rén
P	和衣而卧	hé yī ér wò
P	和衷共济	hé zhōng gòng jì
P	和颜悦色	hé yán yuè sè
P	和颜说色	hé yán yuè sè
P	和风丽日	hé fēng lì rì
P	和风细雨	hé fēng xì yǔ
P	咎有应得	jiù yǒu yīng dé
P	咏嘲风月	yǒng cháo fēng yuè
P	咏月嘲花	yǒng yuè cháo huā
P	咏月嘲风	yǒng yuè cháo fēng
P	咒天骂地	zhòu tiān mà dì
P	咧着嘴笑	liě zhe zuǐ xiào
P	咫尺万里	zhǐ chǐ wàn lǐ
P	咫尺之书	zhǐ chǐ zhī shū
P	咫尺之功	zhǐ chǐ zhī gōng
P	咫尺千里	zhǐ chǐ qiān lǐ
P	咫尺天涯	zhǐ chǐ tiān yá
P	咫尺天颜	zhǐ chǐ tiān yán
P	咫尺威颜	zhǐ chǐ wēi yán
P	咫角骖驹	zhǐ jiǎo cān jū
P	咬得菜根	yǎo dé cài gēn
P	咬文嚼字	yǎo wén jiáo zì
P	咬牙切齿	yǎo yá qiè chǐ
P	咬血为盟	yǎo xuè wéi méng
P	咬钉嚼铁	yǎo dīng jiáo tiě
P	咳唾成珠	ké tuò chéng zhū
P	咳声叹气	hāi shēng tàn qì
P	咳珠唾玉	ké zhū tuò yù
P	咸与惟新	xián yǔ wéi xīn
P	咸与维新	xián yǔ wéi xīn
P	咸风蛋雨	xián fēng dàn yǔ
P	咽苦吐甘	yàn kǔ tǔ gān
P	咽苦吞甘	yàn kǔ tūn gān
P	哀告宾服	āi gào bīn fú
P	哀哀父母	āi āi fù mǔ
P	哀天叫地	āi tiān jiào dì
P	哀思如潮	āi sī rú cháo
P	哀感中年	āi gǎn zhōng nián
P	哀感天地	āi gǎn tiān dì
P	哀梨蒸食	āi lí zhēng shí
P	哀毁骨立	āi huǐ gǔ lì
P	哀而不伤	āi ér bù shāng
P	哀鸿遍地	āi hóng biàn dì
P	品头论足	pǐn tóu lùn zú
P	品头评足	pǐn tóu píng zú
P	品头题足	pǐn tóu tí zú
P	品竹弹丝	pǐn zhú tán sī
P	品竹调丝	pǐn zhú tiáo sī
P	品竹调弦	pǐn zhú diào xián
P	哄动一时	hōng dòng yī shí
P	哄堂大笑	hōng táng dà xiào
P	哆哆嗦嗦	duō duō suō suō
P	哈萨克族	hā sà kè zú
P	哈雷彗星	hā léi huì xīng
P	响和景从	xiǎng hé jǐng cóng
P	响答影随	xiǎng dá yǐng suí
P	响遏行云	xiǎng è xíng yún
P	哑口无声	yǎ kǒu wú shēng
P	哑口无言	yǎ kǒu wú yán
P	哑子做梦	yǎ zǐ zuò mèng
P	哑子寻梦	yǎ zǐ xún mèng
P	哑子托梦	yǎ zǐ tuō mèng
P	哑然失笑	yǎ rán shī xiào
P	哓哓不休	xiāo xiāo bù xiū
P	哗世动俗	huá shì dòng sú
P	哗世取名	huá shì qǔ míng
P	哗世取宠	huá shì qǔ chǒng
P	哗众取宠	huá zhòng qǔ chǒng
P	哜哜嘈嘈	jì jì cáo cáo
P	哥本哈根	gē běn hā gēn
P	哧哧地笑	chī chī de xiào
P	哧的一声	chī de yì shēng
P	哩哩啦啦	li li lā lā
P	哩哩罗罗	li li luō luō
P	哭丧着脸	kū sāng zhe liǎn
P	哭天喊地	kū tiān hǎn dì
P	哭天抢地	kū tiān qiāng dì
P	哭天抹泪	kū tiān mǒ lèi
P	哭笑不得	kū xiào bù dé
P	哲人其萎	zhé rén qí wěi
P	哺糟啜醨	bǔ zāo chuò lí
P	哼哈二将	hēng hā èr jiàng
P	唇不离腮	chún bù lí sāi
P	唇亡齿寒	chún wáng chǐ hán
P	唇干口燥	chún gān kǒu zào
P	唇揭齿寒	chún jiē chǐ hán
P	唇红齿白	chún hóng chǐ bái
P	唇腐齿落	chún fǔ chǐ luò
P	唇辅相连	chún fǔ xiāng lián
P	唇齿相依	chún chǐ xiāng yī
P	唇齿相须	chún chǐ xiāng xū
P	唉声叹气	āi shēng tàn qì
P	唐临晋帖	táng lín jìn tiē
P	唐古拉山	táng gǔ lā shān
P	唠唠叨叨	láo láo dāo dāo
P	唧唧喳喳	jī jī zhā zhā
P	唯其如此	wéi qí rú cǐ
P	唯吾独尊	wéi wú dú zūn
P	唯命是从	wéi mìng shì cóng
P	唯唯否否	wěi wěi fǒu fǒu
P	唯妙唯肖	wéi miào wéi xiāo
P	唯所欲为	wéi suǒ yù wéi
P	唯物史观	wéi wù shǐ guān
P	唯邻是卜	wéi lín shì bǔ
P	唱对台戏	chàng duì tái xì
P	唱沙作米	chàng shā zuò mǐ
P	唱独角戏	chàng dú jiǎo xì
P	唱筹量沙	chàng chóu liáng shā
P	唾地成文	tuò dì chéng wén
P	唾手可取	tuò shǒu kě qǔ
P	唾手可得	tuò shǒu kě dé
P	唾面自干	tuò miàn zì gān
P	啖以重利	dàn yǐ zhòng lì
P	啛啛喳喳	cuì cuì chā chā
P	啜英咀华	chuò yīng jǔ huá
P	啜菽饮水	chuò shū yǐn shuǐ
P	啜食吐哺	chuò shí tǔ bǔ
P	啧啧称羡	zé zé chēng xiàn
P	啧啧称赞	zé zé chēng zàn
P	啧有烦言	zé yǒu fán yán
P	啮臂之好	niè bì zhī hǎo
P	啮血为盟	niè xuè wéi méng
P	啮血沁骨	niè xuè qìn gǔ
P	啸傲风月	xiào ào fēng yuè
P	啸吒风云	xiào zhà fēng yún
P	啸咤风云	xiào zhà fēng yún
P	啼天哭地	tí tiān kū dì
P	啼饥号寒	tí jī háo hán
P	喃喃细语	nán nán xì yǔ
P	喃喃自语	nán nán zì yǔ
P	善与人交	shàn yǔ rén jiāo
P	善为说辞	shàn wéi shuō cí
P	善于应对	shàn yú yìng duì
P	善刀而藏	shàn dāo ér cáng
P	善善从长	shàn shàn cóng cháng
P	善善恶恶	shàn shàn wù è
P	善始令终	shàn shǐ lìng zhōng
P	善文能武	shàn wén néng wǔ
P	善有善报	shàn yǒu shàn bào
P	善游者溺	shàn yóu zhě nì
P	善男信女	shàn nán xìn nǚ
P	善罢干休	shàn bà gān xiū
P	善罢甘休	shàn bà gān xiū
P	善自为谋	shàn zì wéi móu
P	善财难舍	shàn cái nán shě
P	善贾而沽	shàn gǔ ér gū
P	善门难开	shàn mén nán kāi
P	善骑者堕	shàn qí zhě duò
P	喉长气短	hóu cháng qì duǎn
P	喊倒好儿	hǎn dào hǎo er
P	喊哑嗓子	hǎn yǎ sǎng zi
P	喋喋不休	dié dié bù xiū
P	喏喏连声	nuò nuò lián shēng
P	喘息之间	chuǎn xī zhī jiān
P	喙长三尺	huì cháng sān chǐ
P	喜上眉梢	xǐ shàng méi shāo
P	喜不自胜	xǐ bù zì shèng
P	喜从天降	xǐ cóng tiān jiàng
P	喜怒哀乐	xǐ nù āi lè
P	喜溢眉梢	xǐ yì méi shāo
P	喜结良缘	xǐ jié liáng yuán
P	喜行于色	xǐ xíng yú sè
P	喜见于色	xǐ jiàn yú sè
P	喜闻乐见	xǐ wén lè jiàn
P	喝西北风	hē xī běi fēng
P	喟然长叹	kuì rán cháng tàn
P	喷云吐雾	pēn yún tǔ wù
P	喷云泄雾	pēn yún xiè wù
P	喷薄欲出	pēn bó yù chū
P	喷血自污	pēn xuè zì wū
P	喷雨嘘云	pēn yǔ xū yún
P	嗅觉丧失	xiù jué sàng shī
P	嗅觉减退	xiù jué jiǎn tuì
P	嗅觉迟钝	xiù jué chí dùn
P	嗑牙料嘴	kē yá liào zuǐ
P	嗒然若丧	tà rán ruò sàng
P	嗔目切齿	chēn mù qiē chǐ
P	嗟来之食	jiē lái zhī shí
P	嗳声叹气	ài shēng tàn qì
P	嗷嗷待哺	áo áo dài bǔ
P	嘁哩喀喳	qī lǐ kā chā
P	嘁嘁喳喳	qī qī zhā zhā
P	嘈嘈切切	cáo cáo qiē qiē
P	嘉言善行	jiā yán shàn xíng
P	嘉言懿行	jiā yán yì xíng
P	嘘寒问暖	xū hán wèn nuǎn
P	嘘枯吹生	xū kū chuī shēng
P	嘲风咏月	cháo fēng yǒng yuè
P	嘲风弄月	cháo fēng nòng yuè
P	嘴快舌长	zuǐ kuài shé cháng
P	嘻嘻哈哈	xī xī hā hā
P	噀玉喷珠	xùn yù pēn zhū
P	噗哧一声	pū chī yì shēng
P	噙齿戴发	qín chǐ dài fā
P	噤口卷舌	jìn kǒu juǎn shé
P	噤口捲舌	jìn kǒu juǎn shé
P	噤若寒蝉	jìn ruò hán chán
P	器二不匮	qì èr bù kuì
P	器宇不凡	qì yǔ bù fán
P	器满将覆	qì mǎn jiāng fù
P	器满意得	qì mǎn yì dé
P	噬脐何及	shì qí hé jí
P	噬脐莫及	shì qí mò jí
P	噼里啪啦	pī lǐ pā lā
P	嚎啕大哭	háo táo dà kū
P	嚎天动地	háo tiān dòng dì
P	嚎天喊地	háo tiān hǎn dì
P	嚼墨喷纸	jué mò pēn zhǐ
P	嚼穿龈血	jiáo chuān yín xuè
P	嚼腭搥床	jiáo è chuí chuáng
P	嚼铁咀金	jiáo tiě jǔ jīn
P	嚼齿穿龈	jiáo chǐ chuān yín
P	囊匣如洗	náng xiá rú xǐ
P	囊漏储中	náng lòu chǔ zhōng
P	囊漏贮中	náng lòu zhù zhōng
P	囊萤映雪	náng yíng yìng xuě
P	囊萤照书	náng yíng zhào shū
P	囊萤照读	náng yíng zhào dú
P	囊里盛锥	náng lǐ shèng zhuī
P	囊锥露颖	náng zhuī lù yǐng
P	囚首丧面	qiú shǒu sàng miàn
P	四不拗六	sì bù niù liù
P	四亭八当	sì tíng bā dàng
P	四体不勤	sì tǐ bù qín
P	四体百骸	sì tǐ bǎi hái
P	四停八当	sì tíng bā dāng
P	四冲八达	sì chōng bā dá
P	四冲六达	sì chōng liù dá
P	四分五剖	sì fēn wǔ pōu
P	四分五落	sì fēn wǔ luò
P	四分五裂	sì fēn wǔ liè
P	四则运算	sì zé yùn suàn
P	四合院儿	sì hé yuàn ér
P	四大家族	sì dà jiā zú
P	四大皆空	sì dà jiē kōng
P	四战之地	sì zhàn zhī dì
P	四时八节	sì shí bā jié
P	四海一家	sì hǎi yī jiā
P	四海为家	sì hǎi wéi jiā
P	四海承风	sì hǎi chéng fēng
P	四清六活	sì qīng liù huó
P	四纷五落	sì fēn wǔ luò
P	四肢百体	sì zhī bǎi tǐ
P	四脚朝天	sì jiǎo cháo tiān
P	四舍五入	sì shě wǔ rù
P	四角俱全	sì jiǎo jù quán
P	四马攒蹄	sì mǎ cuán tí
P	回天乏术	huí tiān fá shù
P	回天倒日	huí tiān dǎo rì
P	回天转地	huí tiān zhuǎn dì
P	回天运斗	huí tiān yùn dǒu
P	回头是岸	huí tóu shì àn
P	回家心切	huí jiā xīn qiè
P	回山倒海	huí shān dǎo hǎi
P	回山转海	huí shān zhuǎn hǎi
P	回干就湿	huí gān jiù shī
P	回心转意	huí xīn zhuǎn yì
P	回文织锦	huí wén zhī jǐn
P	回春之术	huí chūn zhī shù
P	回筹转策	huí chóu zhuǎn cè
P	回肠九转	huí cháng jiǔ zhuǎn
P	回肠百转	huí cháng bǎi zhuǎn
P	回船转舵	huí chuán zhuǎn duò
P	回邪入正	huí xié rù zhèng
P	回黄转绿	huí huáng zhuǎn lǜ
P	因任授官	yīn rèn shòu guān
P	因公假私	yīn gōng jiǎ sī
P	因公行私	yīn gōng xíng sī
P	因利乘便	yīn lì chéng biàn
P	因噎废食	yīn yē fèi shí
P	因地制宜	yīn dì zhì yí
P	因小失大	yīn xiǎo shī dà
P	因循苟且	yīn xún gǒu qiě
P	因敌为资	yīn dí wéi zī
P	因材施教	yīn cái shī jiào
P	因果报应	yīn guǒ bào yìng
P	因树为屋	yīn shù wéi wū
P	因祸为福	yīn huò wéi fú
P	因祸得福	yīn huò dé fú
P	因缘为市	yīn yuán wéi shì
P	因难见巧	yīn nán jiàn qiǎo
P	因风吹火	yīn fēng chuī huǒ
P	团头聚面	tuán tóu jù miàn
P	团结一致	tuán jié yī zhì
P	囤积居奇	tún jī jū qí
P	囫囵半片	hú lún bàn piàn
P	困兽犹斗	kùn shòu yóu dòu
P	困心横虑	kùn xīn héng lǜ
P	困知勉行	kùn zhī miǎn xíng
P	困而不学	kùn ér bù xué
P	困难重重	kùn nán chóng chóng
P	围城打援	wéi chéng dǎ yuán
P	围点打援	wéi diǎn dǎ yuán
P	围追堵截	wéi zhuī dǔ jié
P	固体燃料	gù tǐ rán liào
P	固定价格	gù dìng jià gé
P	固定汇率	gù dìng huì lǜ
P	固执不变	gù zhí bú biàn
P	固执己见	gù zhí jǐ jiàn
P	固执成见	gù zhí chéng jiàn
P	固有频率	gù yǒu pín lǜ
P	固若金汤	gù ruò jīn tāng
P	国之干城	guó zhī gān chéng
P	国仇家恨	guó chóu jiā hèn
P	国家机关	guó jiā jī guān
P	国家机器	guó jiā jī qì
P	国家栋梁	guó jiā dòng liáng
P	国家赔偿	guó jiā péi cháng
P	国富兵强	guó fù bīng qiáng
P	国富民强	guó fù mín qiáng
P	国将不国	guó jiāng bù guó
P	国尔忘家	guó ěr wàng jiā
P	国无宁日	guó wú níng rì
P	国步艰难	guó bù jiān nán
P	国民待遇	guó mín dài yù
P	国民经济	guó mín jīng jì
P	国破家亡	guó pò jiā wáng
P	国而忘家	guó ér wàng jiā
P	国耳忘家	guó ěr wàng jiā
P	国营经济	guó yíng jīng jì
P	国难当头	guó nàn dāng tóu
P	图作不轨	tú zuò bù guǐ
P	图文并茂	tú wén bìng mào
P	图穷匕见	tú qióng bǐ xiàn
P	图谋不轨	tú móu bù guǐ
P	囿于成见	yòu yú chéng jiàn
P	圆桌会议	yuán zhuō huì yì
P	圈牢养物	juàn láo yǎng wù
P	土偶蒙金	tǔ ǒu méng jīn
P	土地改革	tǔ dì gǎi gé
P	土地规划	tǔ dì guī huà
P	土地革命	tǔ dì gé mìng
P	土壤胶体	tǔ rǎng jiāo tǐ
P	土头土脑	tǔ tóu tǔ nǎo
P	土崩瓦解	tǔ bēng wǎ jiě
P	土洋并举	tǔ yáng bìng jǔ
P	土洋结合	tǔ yáng jié hé
P	土生土长	tǔ shēng tǔ zhǎng
P	土老帽儿	tǔ lǎo mào er
P	土耳其人	tǔ ěr qí rén
P	土鸡瓦犬	tǔ jī wǎ quǎn
P	土鸡瓦狗	tǔ jī wǎ gǒu
P	圣君贤相	shèng jūn xián xiàng
P	圣帝明王	shèng dì míng wáng
P	圣经贤传	shèng jīng xián zhuàn
P	在劫难逃	zài jié nán táo
P	在家出家	zài jiā chū jiā
P	在所不惜	zài suǒ bù xī
P	在所不辞	zài suǒ bù cí
P	在所难免	zài suǒ nán miǎn
P	在此期间	zài cǐ qī jiān
P	圭角不露	guī jiǎo bù lù
P	圭角岸然	guī jiǎo àn rán
P	地上天官	dì shàng tiān guān
P	地上天宫	dì shàng tiān gōng
P	地下修文	dì xià xiū wén
P	地下工厂	dì xià gōng chǎng
P	地下水库	dì xià shuǐ kù
P	地下铁道	dì xià tiě dào
P	地丑力敌	dì chǒu lì dí
P	地丑德齐	dì chǒu dé qí
P	地主之仪	dì zhǔ zhī yí
P	地主之谊	dì zhǔ zhī yì
P	地主阶级	dì zhǔ jiē jí
P	地久天长	dì jiǔ tiān cháng
P	地利人和	dì lì rén hé
P	地动山摇	dì dòng shān yáo
P	地动山摧	dì dòng shān cuī
P	地北天南	dì běi tiān nán
P	地区差价	dì qū chā jià
P	地坼天崩	dì chè tiān bēng
P	地塌天荒	dì tā tiān huāng
P	地塞米松	dì sāi mǐ sōng
P	地壳运动	dì qiào yùn dòng
P	地大物博	dì dà wù bó
P	地崩山摧	dì bēng shān cuī
P	地平天成	dì píng tiān chéng
P	地广人希	dì guǎng rén xī
P	地广人稀	dì guǎng rén xī
P	地心引力	dì xīn yǐn lì
P	地方主义	dì fāng zhǔ yì
P	地旷人稀	dì kuàng rén xī
P	地暴十寒	dì pù shí hán
P	地棘天荆	dì jí tiān jīng
P	地灵人杰	dì líng rén jié
P	地狱变相	dì yù biàn xiàng
P	地球化学	dì qiú huà xué
P	地理位置	dì lǐ wèi zhì
P	地理信息	dì lǐ xìn xī
P	地理环境	dì lǐ huán jìng
P	地瘠民贫	dì jí mín pín
P	地空导弹	dì kōng dǎo dàn
P	地网天罗	dì wǎng tiān luó
P	地老天昏	dì lǎo tiān hūn
P	地老天荒	dì lǎo tiān huāng
P	地覆天翻	dì fù tiān fān
P	地角天涯	dì jiǎo tiān yá
P	地负海涵	dì fù hǎi hán
P	地质力学	dì zhì lì xué
P	地质年代	dì zhì nián dài
P	地震烈度	dì zhèn liè dù
P	地震震级	dì zhèn zhèn jí
P	地震预报	dì zhèn yù bào
P	地面沉降	dì miàn chén jiàng
P	地面灌溉	dì miàn guàn gài
P	坎坷不平	kǎn kě bù píng
P	坎止流行	kǎn zhǐ liú xíng
P	坏人心术	huài rén xīn shù
P	坏心眼儿	huài xīn yǎn er
P	坏植散群	huài zhí sàn qún
P	坏法乱纪	huài fǎ luàn jì
P	坏裳为裤	huài shang wéi kù
P	坐上琴心	zuò shàng qín xīn
P	坐不垂堂	zuò bù chuí táng
P	坐不安席	zuò bù ān xí
P	坐不窥堂	zuò bù kuī táng
P	坐不重席	zuò bù chóng xí
P	坐井观天	zuò jǐng guān tiān
P	坐享其功	zuò xiǎng qí gōng
P	坐享其成	zuò xiǎng qí chéng
P	坐以待旦	zuò yǐ dài dàn
P	坐以待毙	zuò yǐ dài bì
P	坐卧不宁	zuò wò bù níng
P	坐卧不安	zuò wò bù ān
P	坐卧不离	zuò wò bù lí
P	坐吃山空	zuò chī shān kōng
P	坐地分赃	zuò dì fēn zāng
P	坐地自划	zuò dì zì huá
P	坐怀不乱	zuò huái bù luàn
P	坐树不言	zuò shù bù yán
P	坐立不安	zuò lì bù ān
P	坐而待弊	zuò ér dài bì
P	坐而待旦	zuò ér dài dàn
P	坐而待毙	zuò ér dài bì
P	坐而论道	zuò ér lùn dào
P	坐观成败	zuò guān chéng bài
P	坐视不救	zuò shì bù jiù
P	坐言起行	zuò yán qǐ xíng
P	坐食山空	zuò shí shān kōng
P	坐骨神经	zuò gǔ shén jīng
P	坑家败业	kēng jiā bài yè
P	坑绷拐骗	kēng bēng guǎi piàn
P	坑蒙拐骗	kēng méng guǎi piàn
P	坚不可摧	jiān bù kě cuī
P	坚如盘石	jiān rú pán shí
P	坚如磐石	jiān rú pán shí
P	坚守不渝	jiān shǒu bù yú
P	坚定不移	jiān dìng bù yí
P	坚强不屈	jiān qiáng bù qū
P	坚忍不拔	jiān rěn bù bá
P	坚执不从	jiān zhí bù cóng
P	坚持不懈	jiān chí bù xiè
P	坚持不渝	jiān chí bù yú
P	坚贞不屈	jiān zhēn bù qū
P	坚贞不渝	jiān zhēn bù yú
P	坚韧不拔	jiān rèn bù bá
P	坛坛罐罐	tán tán guàn guàn
P	坠茵落溷	zhuì yīn luò hùn
P	坦然自若	tǎn rán zì ruò
P	坦白从宽	tǎn bái cóng kuān
P	坦诚相待	tǎn chéng xiāng dài
P	垂头丧气	chuí tóu sàng qì
P	垂头塌翅	chuí tóu tā chì
P	垂头塞耳	chuí tóu sāi ěr
P	垂头搨翼	chuí tóu tà yì
P	垂头铩羽	chuí tóu shā yǔ
P	垂手可得	chuí shǒu kě dé
P	垂手而得	chuí shǒu ér dé
P	垂死挣扎	chuí sǐ zhēng zhá
P	垂涎三尺	chuí xián sān chǐ
P	垂直绿化	chuí zhí lǜ huà
P	垂首丧气	chuí shǒu sàng qì
P	垂首帖耳	chuí shǒu tiē ěr
P	垢面蓬头	gòu miàn péng tóu
P	垫上运动	diàn shàng yùn dòng
P	埋三怨四	mán sān yuàn sì
P	埋声晦迹	mái shēng huì jì
P	埋天怨地	mán tiān yuàn dì
P	埋头苦干	mái tóu kǔ gàn
P	埋头顾影	mái tóu gù yǐng
P	埋轮破柱	mái lún pò zhù
P	城北徐公	chéng běi xú gōng
P	埒才角妙	liè cái jué miào
P	埒材角妙	liè cái jiǎo miào
P	埙篪相和	xūn chí xiāng hè
P	埳井之蛙	kǎn jǐng zhī wā
P	堂堂正正	táng táng zhèng zhèng
P	堂皇冠冕	táng huáng guān miǎn
P	堂皇富丽	táng huáng fù lì
P	堂皇正大	táng huáng zhèng dà
P	堆案盈几	duī àn yíng jī
P	堑山堙谷	qiàn shān yīn gǔ
P	堕云雾中	duò yún wù zhōng
P	堕溷飘茵	duò hùn piāo yīn
P	堕甑不顾	duò zèng bù gù
P	堙谷堑山	yīn gǔ qiàn shān
P	堤溃蚁孔	dī kuì yǐ kǒng
P	堤溃蚁穴	dī kuì yǐ xué
P	塑料炸弹	sù liào zhà dàn
P	塑料薄膜	sù liào báo mó
P	塞上江南	sài shàng jiāng nán
P	塞井夷灶	sāi jǐng yí zào
P	塞井焚舍	sāi jǐng fén shě
P	塞内加尔	sāi nèi jiā ěr
P	塞北江南	sāi běi jiāng nán
P	塞翁之马	sài wēng zhī mǎ
P	塞翁失马	sài wēng shī mǎ
P	塞翁得马	sài wēng dé mǎ
P	塞耳偷铃	sāi ěr tōu líng
P	塞耳盗钟	sāi ěr dào zhōng
P	填坑满谷	tián kēng mǎn gǔ
P	填街塞巷	tián jiē sāi xiàng
P	墙头马上	qiáng tóu mǎ shàng
P	增光添彩	zēng guāng tiān cǎi
P	增收节支	zēng shōu jié zhī
P	增砖添瓦	zēng zhuān tiān wǎ
P	增长速度	zēng zhǎng sù dù
P	墨汁未干	mò zhī wèi gān
P	墨突不黔	mò tū bù qián
P	墨迹未干	mò jì wèi gān
P	壁间蛇影	bì jiān shé yǐng
P	士死知己	shì sǐ zhī jǐ
P	壮发冲冠	zhuàng fā chōng guàn
P	壮士解腕	zhuàng shì jiě wàn
P	壮心不已	zhuàng xīn bù yǐ
P	声价十倍	shēng jià shí bèi
P	声势浩大	shēng shì hào dà
P	声名大噪	shēng míng dà zào
P	声名狼藉	shēng míng láng jí
P	声威大震	shēng wēi dà zhèn
P	声应气求	shēng yìng qì qiú
P	声情并茂	shēng qíng bìng mào
P	声振屋瓦	shēng zhèn wū wǎ
P	声气相投	shēng qì xiāng tóu
P	声气相求	shēng qì xiāng qiú
P	声气相通	shēng qì xiāng tōng
P	声求气应	shēng qiú qì yìng
P	声闻过情	shēng wén guò qíng
P	壶中天地	hú zhōng tiān dì
P	壶中日月	hú zhōng rì yuè
P	壶浆塞道	hú jiāng sāi dào
P	壶里乾坤	hú lǐ qián kūn
P	壹倡三叹	yī chàng sān tàn
P	壹败涂地	yī bài tú dì
P	处之泰然	chǔ zhī tài rán
P	处在瓶颈	chǔ zài píng jǐng
P	处堂燕雀	chǔ táng yàn què
P	处堂燕鹊	chǔ táng yàn què
P	处实效功	chǔ shí xiào gōng
P	处尊居显	chǔ zūn jū xiǎn
P	处心积虑	chǔ xīn jī lǜ
P	处理失当	chǔ lǐ shī dàng
P	处理得当	chǔ lǐ dé dàng
P	处高临深	chǔ gāo lín shēn
P	备位充数	bèi wèi chōng shù
P	备多力分	bèi duō lì fēn
P	备而不用	bèi ér bù yòng
P	复合元音	fù hé yuán yīn
P	复合材料	fù hé cái liào
P	复合肥料	fù hé féi liào
P	复合量词	fù hé liàng cí
P	复旦大学	fù dàn dà xué
P	复种指数	fù zhǒng zhǐ shù
P	夏日可畏	xià rì kě wèi
P	夏炉冬扇	xià lú dōng shàn
P	夏虫朝菌	xià chóng zhāo jūn
P	夏虫疑冰	xià chóng yí bīng
P	夏虫语冰	xià chóng yǔ bīng
P	夏雨雨人	xià yǔ yǔ rén
P	夕寐宵兴	xī mèi xiāo xīng
P	夕惕朝乾	xī tì zhāo qián
P	夕惕若厉	xī tì ruò lì
P	外交辞令	wài jiāo cí lìng
P	外亲内疏	wài qīn nèi shū
P	外厉内荏	wài lì nèi rěn
P	外合里差	wài hé lǐ chà
P	外合里应	wài hé lǐ yìng
P	外圆内方	wài yuán nèi fāng
P	外宽内忌	wài kuān nèi jì
P	外宽内明	wài kuān nèi míng
P	外宽内深	wài kuān nèi shēn
P	外巧内嫉	wài qiǎo nèi jí
P	外强中干	wài qiáng zhōng gān
P	外强中瘠	wài qiáng zhōng jí
P	外感内伤	wài gǎn nèi shāng
P	外方内员	wài fāng nèi yuán
P	外方内圆	wài fāng nèi yuán
P	外简内明	wài jiǎn nèi míng
P	外面儿光	wài miàn er guāng
P	夙世冤家	sù shì yuān jiā
P	夙兴夜处	sù xīng yè chǔ
P	夙兴夜寐	sù xīng yè mèi
P	夙兴昧旦	sù xīng mèi dàn
P	夙夜不解	sù yè bù jiě
P	夙夜匪解	sù yè fěi jiě
P	多凶少吉	duō xiōng shǎo jí
P	多劳多得	duō láo duō de
P	多口相声	duō kǒu xiàng shēng
P	多口阿师	duō kǒu ā shī
P	多吃多占	duō chī duō zhàn
P	多嘴献浅	duō zuǐ xiàn qiǎn
P	多多少少	duō duō shǎo shǎo
P	多快好省	duō kuài hǎo shěng
P	多收并畜	duō shōu bìng chù
P	多文为富	duō wén wéi fù
P	多文强记	duō wén qiáng jì
P	多歧亡羊	duō qí wáng yáng
P	多灾多难	duō zāi duō nàn
P	多种多样	duō zhǒng duō yàng
P	多种经营	duō zhǒng jīng yíng
P	多端寡要	duō duān guǎ yào
P	多能多艺	duō néng duō yì
P	多藏厚亡	duō cáng hòu wáng
P	多见广识	duō jiàn guǎng shí
P	多言多语	duō yán duō yǔ
P	多言或中	duō yán huò zhōng
P	多言数穷	duō yán shuò qióng
P	多言繁称	duō yán fán chēng
P	多许少与	duō xǔ shǎo yǔ
P	多财善贾	duō cái shàn gǔ
P	多钱善贾	duō qián shàn gǔ
P	多闻强记	duō wén qiáng jì
P	多闻阙疑	duō wén quē yí
P	多难兴邦	duō nàn xīng bāng
P	夜不成寐	yè bù chéng mèi
P	夜不闭户	yè bù bì hù
P	夜如何其	yè rú hé jī
P	夜行被绣	yè xíng bèi xiù
P	夜郎自大	yè láng zì dà
P	夜长梦多	yè cháng mèng duō
P	夜长梦短	yè cháng mèng duǎn
P	夜雨对床	yè yǔ duì chuáng
P	夜静更深	yè jìng gēng shēn
P	夜静更阑	yè jìng gēng lán
P	大专院校	dà zhuān yuàn xiào
P	大中至正	dà zhōng zhì zhèng
P	大义凛然	dà yì lǐn rán
P	大义灭亲	dà yì miè qīn
P	大书特书	dà shū tè shū
P	大事不妙	dà shì bú miào
P	大事化小	dà shì huà xiǎo
P	大事去矣	dà shì qù yǐ
P	大事铺张	dà shì pū zhāng
P	大人先生	dà rén xiān shēng
P	大仁大义	dà rén dà yì
P	大众传播	dà zhòng chuán bō
P	大做文章	dà zuò wén zhāng
P	大公无私	dà gōng wú sī
P	大兴土木	dà xīng tǔ mù
P	大兴安岭	dà xīng ān lǐng
P	大刀阔斧	dà dāo kuò fǔ
P	大功告成	dà gōng gào chéng
P	大功毕成	dà gōng bì chéng
P	大动公惯	dà dòng gōng guàn
P	大动干戈	dà dòng gān gē
P	大动肝火	dà dòng gān huǒ
P	大势已去	dà shì yǐ qù
P	大势所趋	dà shì suǒ qū
P	大勇若怯	dà yǒng ruò qiè
P	大包大揽	dà bāo dà lǎn
P	大包干儿	dà bāo gān er
P	大匠运斤	dà jiàng yùn jīn
P	大千世界	dà qiān shì jiè
P	大卸八块	dà xiè bā kuài
P	大厦将倾	dà shà jiāng qīng
P	大厦将颠	dà shà jiāng diān
P	大厦栋梁	dà shà dòng liáng
P	大发慈悲	dà fā cí bēi
P	大发议论	dà fā yì lùn
P	大发谬论	dà fā miù lùn
P	大发雷霆	dà fā léi tíng
P	大吃一惊	dà chī yī jīng
P	大吃大喝	dà chī dà hē
P	大吆小喝	dà yāo xiǎo hē
P	大吉大利	dà jí dà lì
P	大同小异	dà tóng xiǎo yì
P	大名难居	dà míng nán jū
P	大名鼎鼎	dà míng dǐng dǐng
P	大含细入	dà hán xì rù
P	大吵大闹	dà chǎo dà nào
P	大吹大打	dà chuī dà dǎ
P	大吹大擂	dà chuī dà léi
P	大吹法螺	dà chuī fǎ luó
P	大呼小叫	dà hū xiǎo jiào
P	大呼小喝	dà hū xiǎo hē
P	大喊大叫	dà hǎn dà jiào
P	大喜若狂	dà xǐ ruò kuáng
P	大喜过望	dà xǐ guò wàng
P	大器晚成	dà qì wǎn chéng
P	大地回春	dà dì huí chūn
P	大地春回	dà dì chūn huí
P	大地测量	dà dì cè liáng
P	大块文章	dà kuài wén zhāng
P	大声疾呼	dà shēng jí hū
P	大处着墨	dà chù zhuó mò
P	大处着眼	dà chù zhuó yǎn
P	大处落墨	dà chù luò mò
P	大大咧咧	dà dà liē liē
P	大大落落	dà dà luò luò
P	大天白日	dà tiān bái rì
P	大失人望	dà shī rén wàng
P	大失所望	dà shī suǒ wàng
P	大头小尾	dà tóu xiǎo wěi
P	大好河山	dà hǎo hé shān
P	大家伙儿	dà jiā huo er
P	大家闺秀	dà jiā guī xiù
P	大家风范	dà jiā fēng fàn
P	大寒索裘	dà hán suǒ qiú
P	大展宏图	dà zhǎn hóng tú
P	大展经纶	dà zhǎn jīng lún
P	大工告成	dà gōng gào chéng
P	大巧若拙	dà qiǎo ruò zhuō
P	大幅增长	dà fú zēng zhǎng
P	大年三十	dà nián sān shí
P	大年初一	dà nián chū yī
P	大庆油田	dà qìng yóu tián
P	大度包容	dà dù bāo róng
P	大庭广众	dà tíng guǎng zhòng
P	大廷广众	dà tíng guǎng zhòng
P	大开大合	dà kāi dà hé
P	大开眼界	dà kāi yǎn jiè
P	大张其词	dà zhāng qí cí
P	大张声势	dà zhāng shēng shì
P	大张挞伐	dà zhāng tà fá
P	大张旗鼓	dà zhāng qí gǔ
P	大彻大悟	dà chè dà wù
P	大得人心	dà dé rén xīn
P	大快人心	dà kuài rén xīn
P	大恩大德	dà ēn dà dé
P	大惊失色	dà jīng shī sè
P	大惊小怪	dà jīng xiǎo guài
P	大惑不解	dà huò bù jiě
P	大慈大悲	dà cí dà bēi
P	大手大脚	dà shǒu dà jiǎo
P	大才榱槃	dà cái cuī pán
P	大才榱盘	dà cái cuī pán
P	大才槃槃	dà cái pán pán
P	大才盘盘	dà cái pán pán
P	大打出手	dà dǎ chū shǒu
P	大摇大摆	dà yáo dà bǎi
P	大操大办	dà cāo dà bàn
P	大放厥词	dà fàng jué cí
P	大放厥辞	dà fàng jué cí
P	大放悲声	dà fàng bēi shēng
P	大政方针	dà zhèng fāng zhēn
P	大敌当前	dà dí dāng qián
P	大方之家	dà fāng zhī jiā
P	大旱望云	dà hàn wàng yún
P	大明法度	dà míng fǎ dù
P	大是大非	dà shì dà fēi
P	大显神通	dà xiǎn shén tōng
P	大显身手	dà xiǎn shēn shǒu
P	大智大勇	dà zhì dà yǒng
P	大智如愚	dà zhì rú yú
P	大智若愚	dà zhì ruò yú
P	大有人在	dà yǒu rén zài
P	大有作为	dà yǒu zuò wéi
P	大有可为	dà yǒu kě wéi
P	大有可观	dà yǒu kě guān
P	大有希望	dà yǒu xī wàng
P	大有径庭	dà yǒu jìng tíng
P	大有文章	dà yǒu wén zhāng
P	大有裨益	dà yǒu bì yì
P	大有见地	dà yǒu jiàn dì
P	大有起色	dà yǒu qǐ sè
P	大有迳庭	dà yǒu jìng tíng
P	大本大宗	dà běn dà zōng
P	大杀风景	dà shā fēng jǐng
P	大权在握	dà quán zài wò
P	大权旁落	dà quán páng luò
P	大权独揽	dà quán dú lǎn
P	大材小用	dà cái xiǎo yòng
P	大杖则走	dà zhàng zé zǒu
P	大树将军	dà shù jiāng jūn
P	大梦初醒	dà mèng chū xǐng
P	大梦方醒	dà mèng fāng xǐng
P	大模大样	dà mú dà yàng
P	大步流星	dà bù liú xīng
P	大气污染	dà qì wū rǎn
P	大气磅礴	dà qì páng bó
P	大江东去	dà jiāng dōng qù
P	大江南北	dà jiāng nán běi
P	大法小廉	dà fǎ xiǎo lián
P	大浪淘沙	dà làng táo shā
P	大海捞针	dà hǎi lāo zhēn
P	大渐弥留	dà jiàn mí liú
P	大澈大悟	dà chè dà wù
P	大煞风景	dà shā fēng jǐng
P	大煞风趣	dà shà fēng qù
P	大独裁者	dà dú cái zhě
P	大璞不完	tài pú bù wán
P	大田作物	dà tián zuò wù
P	大男大女	dà nán dà nǚ
P	大直若屈	dà zhí ruò qū
P	大直若诎	dà zhí ruò qū
P	大相径庭	dà xiāng jìng tíng
P	大相迳庭	dà xiāng jìng tíng
P	大碗儿茶	dà wǎn er chá
P	大禹治水	dà yǔ zhì shuǐ
P	大秋作物	dà qiū zuò wù
P	大笔如椽	dà bǐ rú chuán
P	大红大紫	dà hóng dà zǐ
P	大红大绿	dà hóng dà lǜ
P	大经大法	dà jīng dà fǎ
P	大缪不然	dà miù bù rán
P	大而化之	dà ér huà zhī
P	大而无当	dà ér wú dàng
P	大肆厥辞	dà sì jué cí
P	大肆宣传	dà sì xuān chuán
P	大肆挥霍	dà sì huī huò
P	大肠杆菌	dà cháng gǎn jūn
P	大胆包身	dà dǎn bāo shēn
P	大脑皮层	dà nǎo pí céng
P	大脑皮质	dà nǎo pí zhì
P	大脖子病	dà bó zi bìng
P	大腹便便	dà fù pián pián
P	大节不夺	dà jié bù duó
P	大莫与京	dà mò yǔ jīng
P	大获全胜	dà huò quán shèng
P	大行大市	dà háng dà shì
P	大街小巷	dà jiē xiǎo xiàng
P	大言不惭	dà yán bù cán
P	大计小用	dà jì xiǎo yòng
P	大请大受	dà qǐng dà shòu
P	大谋不谋	dà móu bù móu
P	大谬不然	dà miù bù rán
P	大败亏轮	dà bài kuī lún
P	大败亏输	dà bài kuī shū
P	大起大落	dà qǐ dà luò
P	大路椎轮	dà lù zhuī lún
P	大车以载	dà chē yǐ zài
P	大轰大嗡	dà hōng dà wēng
P	大辂椎轮	dà lù zhuī lún
P	大辩不言	dà biàn bù yán
P	大辩若讷	dà biàn ruò nè
P	大逆不道	dà nì bù dào
P	大逆无道	dà nì wú dào
P	大醇小疵	dà chún xiǎo cī
P	大错特错	dà cuò tè cuò
P	大难不死	dà nàn bù sǐ
P	大难临头	dà nàn lín tóu
P	大雄宝殿	dà xióng bǎo diàn
P	大雅之堂	dà yǎ zhī táng
P	大雅君子	dà yǎ jūn zǐ
P	大雨倾盆	dà yǔ qīng pén
P	大雨如注	dà yǔ rú zhù
P	大雨滂沱	dà yǔ pāng tuó
P	大音希声	dà yīn xī shēng
P	大题小作	dà tí xiǎo zuò
P	大题小做	dà tí xiǎo zuò
P	大风大浪	dà fēng dà làng
P	大马哈鱼	dà mǎ hā yú
P	大马士革	dà mǎ shì gé
P	大马金刀	dà mǎ jīn dāo
P	大骨节病	dà gǔ jié bìng
P	大麻哈鱼	dà má hā yú
P	天上人间	tiān shàng rén jiān
P	天上石麟	tiān shàng shí lín
P	天上麒麟	tiān shàng qí lín
P	天下一家	tiān xià yī jiā
P	天下为公	tiān xià wéi gōng
P	天下为家	tiān xià wéi jiā
P	天下为笼	tiān xià wéi lóng
P	天下大乱	tiān xià dà luàn
P	天下莫敌	tiān xià mò dí
P	天不作美	tiān bù zuò měi
P	天不假年	tiān bù jiǎ nián
P	天不绝人	tiān bù jué rén
P	天与人归	tiān yǔ rén guī
P	天人共鉴	tiān rén gòng jiàn
P	天人合一	tiān rén hé yī
P	天从人原	tiān cóng rén yuán
P	天从人愿	tiān cóng rén yuàn
P	天伦之乐	tiān lún zhī lè
P	天作之合	tiān zuò zhī hé
P	天假之年	tiān jiǎ zhī nián
P	天假其年	tiān jiǎ qí nián
P	天假因缘	tiān jiǎ yīn yuán
P	天假良缘	tiān jiǎ liáng yuán
P	天公地道	tiān gōng dì dào
P	天兵天将	tiān bīng tiān jiàng
P	天冠地屦	tiān guān dì jù
P	天凝地闭	tiān níng dì bì
P	天华乱坠	tiān huā luàn zhuì
P	天南地北	tiān nán dì běi
P	天南海北	tiān nán hǎi běi
P	天台路迷	tiān tái lù mí
P	天各一方	tiān gè yī fāng
P	天命有归	tiān mìng yǒu guī
P	天地不容	tiān dì bù róng
P	天地剖判	tiān dì pōu pàn
P	天地经纬	tiān dì jīng wěi
P	天地良心	tiān dì liáng xīn
P	天地诛戮	tiān dì zhū lù
P	天地诛灭	tiān dì zhū miè
P	天地长久	tiān dì cháng jiǔ
P	天堂地狱	tiān táng dì yù
P	天塌地陷	tiān tā dì xiàn
P	天壤之别	tiān rǎng zhī bié
P	天壤王郎	tiān rǎng wáng láng
P	天外有天	tiān wài yǒu tiān
P	天大地大	tiān dà dì dà
P	天夺其魄	tiān duó qí pò
P	天女散花	tiān nǚ sàn huā
P	天宝当年	tiān bǎo dāng nián
P	天寒地冻	tiān hán dì dòng
P	天崩地坍	tiān bēng dì tān
P	天崩地坼	tiān bēng dì chè
P	天崩地塌	tiān bēng dì tā
P	天崩地裂	tiān bēng dì liè
P	天崩地解	tiān bēng dì jiě
P	天崩地陷	tiān bēng dì xiàn
P	天差地远	tiān chā dì yuǎn
P	天平地成	tiān píng dì chéng
P	天年不测	tiān nián bù cè
P	天年不遂	tiān nián bù suì
P	天年不齐	tiān nián bù qí
P	天开地辟	tiān kāi dì pì
P	天悬地隔	tiān xuán dì gé
P	天惊石破	tiān jīng shí pò
P	天愁地惨	tiān chóu dì cǎn
P	天成地平	tiān chéng dì píng
P	天打雷劈	tiān dǎ léi pī
P	天授地设	tiān shòu dì shè
P	天摇地动	tiān yáo dì dòng
P	天摧地塌	tiān cuī dì tā
P	天文单位	tiān wén dān wèi
P	天文地理	tiān wén dì lǐ
P	天文数字	tiān wén shù zì
P	天旋地转	tiān xuán dì zhuàn
P	天昏地暗	tiān hūn dì àn
P	天昏地黑	tiān hūn dì hēi
P	天末凉风	tiān mò liáng fēng
P	天津大学	tiān jīn dà xué
P	天涯咫尺	tiān yá zhǐ chǐ
P	天涯地角	tiān yá dì jiǎo
P	天涯海角	tiān yá hǎi jiǎo
P	天渊之别	tiān yuān zhī bié
P	天潢贵胄	tiān huáng guì zhòu
P	天灾地变	tiān zāi dì biàn
P	天灾地妖	tiān zāi dì yāo
P	天王老子	tiān wáng lǎo zǐ
P	天理不容	tiān lǐ bù róng
P	天理难容	tiān lǐ nán róng
P	天生一对	tiān shēng yí duì
P	天生丽质	tiān shēng lì zhì
P	天生地设	tiān shēng dì shè
P	天生天化	tiān shēng tiān huà
P	天真无邪	tiān zhēn wú xié
P	天知地知	tiān zhī dì zhī
P	天空海阔	tiān kōng hǎi kuò
P	天粟马角	tiān sù mǎ jiǎo
P	天经地义	tiān jīng dì yì
P	天经地纬	tiān jīng dì wěi
P	天缘凑合	tiān yuán còu hé
P	天罗地网	tiān luó dì wǎng
P	天翻地覆	tiān fān dì fù
P	天老地荒	tiān lǎo dì huāng
P	天荆地棘	tiān jīng dì jí
P	天荒地老	tiān huāng dì lǎo
P	天行时气	tiān xíng shí qì
P	天衣无缝	tiān yī wú fèng
P	天覆地载	tiān fù dì zǎi
P	天诛地灭	tiān zhū dì miè
P	天诱其衷	tiān yòu qí zhōng
P	天造地设	tiān zào dì shè
P	天道好还	tiān dào hǎo huán
P	天道宁论	tiān dào níng lùn
P	天道无亲	tiān dào wú qīn
P	天长地久	tiān cháng dì jiǔ
P	天长地老	tiān cháng dì lǎo
P	天长日久	tiān cháng rì jiǔ
P	天震地骇	tiān zhèn dì hài
P	天马行空	tiān mǎ xíng kōng
P	天高地下	tiān gāo dì xià
P	天高地厚	tiān gāo dì hòu
P	天高地迥	tiān gāo dì jiǒng
P	天高日远	tiān gāo rì yuǎn
P	太上忘情	tài shàng wàng qíng
P	太上老君	tài shàng lǎo jūn
P	太丘道广	tài qiū dào guǎng
P	太山北斗	tài shān běi dòu
P	太平盛世	tài píng shèng shì
P	太平龙头	tài píng lóng tóu
P	太空垃圾	tài kōng lā jī
P	太阳地儿	tài yáng dì ér
P	太阿倒持	tài ē dào chí
P	太阿在握	tài ē zài wò
P	夫人裙带	fū rén qún dài
P	夫倡妇随	fū chàng fù suí
P	夫唱妇随	fū chàng fù suí
P	夫妻反目	fū qī fǎn mù
P	夫子自道	fū zǐ zì dào
P	夫荣妻显	fū róng qī xiǎn
P	夫荣妻贵	fū róng qī guì
P	夫负妻戴	fū fù qī dài
P	夫贵妻荣	fū guì qī róng
P	失之交臂	shī zhī jiāo bì
P	失张冒势	shī zhāng mào shì
P	失张失志	shī zhāng shī zhì
P	失张失致	shī zhāng shī zhì
P	失惊倒怪	shī jīng dǎo guài
P	失惊打怪	shī jīng dǎ guài
P	失时落势	shī shí luò shì
P	失精落彩	shī jīng luò cǎi
P	失而复得	shī ér fù de
P	失诸交臂	shī zhū jiāo bì
P	失道寡助	shī dào guǎ zhù
P	失马塞翁	shī mǎ sài wēng
P	失魂丧胆	shī hún sàng dǎn
P	失魂丧魄	shī hún sàng pò
P	失魂落魄	shī hún luò pò
P	头一无二	tóu yī wú èr
P	头上安头	tóu shàng ān tóu
P	头上末下	tóu shàng mò xià
P	头上著头	tóu shàng zhuó tóu
P	头会箕敛	tóu kuài jī liǎn
P	头会箕赋	tóu kuài jī fù
P	头出头没	tóu chū tóu mò
P	头头是道	tóu tóu shì dào
P	头头脑脑	tóu tóu nǎo nǎo
P	头昏目晕	tóu hūn mù yūn
P	头昏目眩	tóu hūn mù xuàn
P	头昏眼晕	tóu hūn yǎn yūn
P	头昏眼暗	tóu hūn yǎn àn
P	头昏眼花	tóu hūn yǎn huā
P	头昏脑眩	tóu hūn nǎo xuàn
P	头昏脑胀	tóu hūn nǎo zhàng
P	头昏脑闷	tóu hūn nǎo mèn
P	头晕目眩	tóu yūn mù xuàn
P	头晕眼花	tóu yūn yǎn huā
P	头梢自领	tóu shāo zì lǐng
P	头没杯案	tóu mò bēi àn
P	头焦额烂	tóu jiāo é làn
P	头状花序	tóu zhuàng huā xù
P	头疼脑热	tóu téng nǎo rè
P	头痒搔跟	tóu yǎng sāo gēn
P	头痛脑热	tóu tòng nǎo rè
P	头痛额热	tóu tòng é rè
P	头眩目昏	tóu xuàn mù hūn
P	头破血出	tóu pò xuè chū
P	头破血流	tóu pò xuè liú
P	头破血淋	tóu pò xuè lín
P	头稍自领	tóu shāo zì lǐng
P	头童齿豁	tóu tóng chǐ huò
P	头角峥嵘	tóu jiǎo zhēng róng
P	头足倒置	tóu zú dào zhì
P	头足异处	tóu zú yì chǔ
P	头足异所	tóu zú yì suǒ
P	头重脚轻	tóu zhòng jiǎo qīng
P	头面人物	tóu miàn rén wù
P	头高头低	tóu gāo tóu dī
P	夷为平地	yí wéi píng dì
P	夷然自若	yí rán zì ruò
P	夸多斗靡	kuā duō dòu mí
P	夸大其词	kuā dà qí cí
P	夸大其辞	kuā dà qí cí
P	夸夸其谈	kuā kuā qí tán
P	夸夸而谈	kuā kuā ér tán
P	夸强道会	kuā qiáng dào huì
P	夸父追日	kuā fù zhuī rì
P	夸父逐日	kuā fù zhú rì
P	夹七夹八	jiā qī jiā bā
P	夹层玻璃	jiā céng bō lí
P	夹枪带棍	jiā qiāng dài gùn
P	夹枪带棒	jiā qiāng dài bàng
P	夹袋人物	jiā dài rén wù
P	夺人所好	duó rén suǒ hào
P	夺其谈经	duó qí tán jīng
P	夺胎换骨	duó tāi huàn gǔ
P	奄奄一息	yǎn yǎn yī xī
P	奇光异彩	qí guāng yì cǎi
P	奇形异状	qí xíng yì zhuàng
P	奇形怪状	qí xíng guài zhuàng
P	奇想天开	qí xiǎng tiān kāi
P	奇才异能	qí cái yì néng
P	奇技淫巧	qí jì yín qiǎo
P	奇文共赏	qí wén gòng shǎng
P	奇文瑰句	qí wén guī jù
P	奇珍异宝	qí zhēn yì bǎo
P	奇珍异玩	qí zhēn yì wán
P	奇离古怪	qí lí gǔ guài
P	奇耻大辱	qí chǐ dà rǔ
P	奇花异卉	qí huā yì huì
P	奇花异草	qí huā yì cǎo
P	奇葩异卉	qí pā yì huì
P	奇装异服	qí zhuāng yì fú
P	奇谈怪论	qí tán guài lùn
P	奇货可居	qí huò kě jū
P	奇门遁甲	qí mén dùn jiǎ
P	奉为圭臬	fèng wéi guī niè
P	奉为楷模	fèng wéi kǎi mó
P	奉为至宝	fèng wéi zhì bǎo
P	奉令承教	fèng lìng chéng jiào
P	奉公不阿	fèng gōng bù ē
P	奉公正己	fèng gōng zhèng jǐ
P	奉头鼠窜	fèng tóu shǔ cuàn
P	奉扬仁风	fèng yáng rén fēng
P	奉若神明	fèng ruò shén míng
P	奉行故事	fèng xíng gù shì
P	奋不顾命	fèn bù gù mìng
P	奋不顾身	fèn bù gù shēn
P	奋勇当先	fèn yǒng dāng xiān
P	奋发向上	fèn fā xiàng shàng
P	奋发图强	fèn fā tú qiáng
P	奋发有为	fèn fā yǒu wéi
P	奋发踔厉	fèn fā chuō lì
P	奋发蹈厉	fèn fā dǎo lì
P	奋起直追	fèn qǐ zhí zhuī
P	奋身不顾	fèn shēn bù gù
P	契合金兰	qì hé jīn lán
P	契船求剑	qì chuán qiú jiàn
P	契若金兰	qì ruò jīn lán
P	奔走之友	bēn zǒu zhī yǒu
P	奔走呼号	bēn zǒu hū háo
P	奔走如市	bēn zǒu rú shì
P	奔走相告	bēn zǒu xiāng gào
P	奔走钻营	bēn zǒu zuān yíng
P	奔轶绝尘	bēn yì jué chén
P	奔逸绝尘	bēn yì jué chén
P	奖优罚劣	jiǎng yōu fá liè
P	奖勤罚懒	jiǎng qín fá lǎn
P	奖罚分明	jiǎng fá fēn míng
P	奢侈浪费	shē chǐ làng fèi
P	奥地利人	ào dì lì rén
P	奥妙无穷	ào miào wú qióng
P	奥援有灵	ào yuán yǒu líng
P	奥斯卡奖	ào sī kǎ jiǎng
P	女中丈夫	nǚ zhōng zhàng fū
P	女中尧舜	nǚ zhōng yáo shùn
P	女中豪杰	nǚ zhōng háo jié
P	女大当嫁	nǚ dà dāng jià
P	女大难留	nǚ dà nán liú
P	女大须嫁	nǚ dà xū jià
P	女娲补天	nǚ wā bǔ tiān
P	女扮男装	nǚ bàn nán zhuāng
P	女织男耕	nǚ zhī nán gēng
P	女貌郎才	nǚ mào láng cái
P	女里女气	nǚ lǐ nǚ qì
P	女长当嫁	nǚ zhǎng dāng jià
P	女长须嫁	nǚ zhǎng xū jià
P	奴隶主义	nú lì zhǔ yì
P	奴隶社会	nú lì shè huì
P	奴颜媚骨	nú yán mèi gǔ
P	好一会儿	hǎo yī huì er
P	好丹非素	hào dān fēi sù
P	好为事端	hào wéi shì duān
P	好为人师	hào wéi rén shī
P	好事之徒	hào shì zhī tú
P	好事多悭	hǎo shì duō qiān
P	好事多磨	hǎo shì duō mó
P	好事天悭	hǎo shì tiān qiān
P	好人主义	hǎo rén zhǔ yì
P	好佚恶劳	hào yì wù láo
P	好勇斗狠	hào yǒng dòu hěn
P	好吃好喝	hǎo chī hǎo hē
P	好吃懒做	hào chī lǎn zuò
P	好善乐施	hào shàn lè shī
P	好善嫉恶	hào shàn jí è
P	好善恶恶	hǎo shàn wù è
P	好声好气	hǎo shēng hǎo qì
P	好大喜功	hào dà xǐ gōng
P	好天良夜	hǎo tiān liáng yè
P	好奇尚异	hǎo qí shàng yì
P	好好先生	hǎo hǎo xiān shēng
P	好好学习	hǎo hǎo xué xí
P	好学不倦	hào xué bù juàn
P	好心好意	hǎo xīn hǎo yì
P	好恶不同	hǎo è bù tóng
P	好战分子	hào zhàn fèn zi
P	好戴高帽	hǎo dài gāo mào
P	好整以暇	hào zhěng yǐ xiá
P	好景不常	hǎo jǐng bù cháng
P	好景不长	hǎo jǐng bù cháng
P	好来好去	hǎo lái hǎo qù
P	好样儿的	hǎo yàng er de
P	好梦不长	hǎo mèng bù cháng
P	好梦难圆	hǎo mèng nán yuán
P	好梦难成	hǎo mèng nán chéng
P	好模好样	hǎo mó hǎo yàng
P	好生之德	hào shēng zhī dé
P	好离好散	hǎo lí hǎo sàn
P	好管闲事	hào guǎn xián shì
P	好肉剜疮	hǎo ròu wān chuāng
P	好自为之	hǎo zì wéi zhī
P	好色之徒	hào sè zhī tú
P	好行小惠	hào xíng xiǎo huì
P	好行小慧	hǎo xíng xiǎo huì
P	好言好语	hǎo yán hǎo yǔ
P	好语似珠	hǎo yǔ sì zhū
P	好语如珠	hǎo yǔ rú zhū
P	好说歹说	hǎo shuō dǎi shuō
P	好谋善断	hào móu shàn duàn
P	好逸恶劳	hào yì wù láo
P	好酒贪杯	hào jiǔ tān bēi
P	好问决疑	hào wèn jué yí
P	好问则裕	hào wèn zé yù
P	好骑者堕	hào qí zhě duò
P	好高务远	hào gāo wù yuǎn
P	好高骛远	hào gāo wù yuǎn
P	好高鹜远	hào gāo wù yuǎn
P	如不胜衣	rú bù shèng yī
P	如丧考妣	rú sàng kǎo bǐ
P	如临大敌	rú lín dà dí
P	如之奈何	rú zhī nài hé
P	如兄如弟	rú xiōng rú dì
P	如切如磋	rú qiē rú cuō
P	如前所述	rú qián suǒ shù
P	如坐春风	rú zuò chūn fēng
P	如堕烟海	rú duò yān hǎi
P	如堕烟雾	rú duò yān wù
P	如履平地	rú lǚ píng dì
P	如履薄冰	rú lǚ bó bīng
P	如山压卵	rú shān yā luǎn
P	如应斯响	rú yìng sī xiǎng
P	如拾地芥	rú shí dì jiè
P	如持左券	rú chí zuǒ quàn
P	如振落叶	rú zhèn luò yè
P	如操左券	rú cāo zuǒ quàn
P	如数家珍	rú shǔ jiā zhēn
P	如无其事	rú wú qí shì
P	如日中天	rú rì zhōng tiān
P	如日方中	rú rì fāng zhōng
P	如有所失	rú yǒu suǒ shī
P	如梦初觉	rú mèng chū jué
P	如此说来	rú cǐ shuō lái
P	如此这般	rú cǐ zhè bān
P	如水投石	rú shuǐ tóu shí
P	如汤沃雪	rú tāng wò xuě
P	如汤泼雪	rú tāng pō xuě
P	如汤浇雪	rú tāng jiāo xuě
P	如汤灌雪	rú tāng guàn xuě
P	如法泡制	rú fǎ pào zhì
P	如法炮制	rú fǎ páo zhì
P	如泣草芥	rú qì cǎo jiè
P	如火燎原	rú huǒ liáo yuán
P	如牛负重	rú niú fù zhòng
P	如狼似虎	rú láng sì hǔ
P	如狼牧羊	rú láng mù yáng
P	如痴似醉	rú chī sì zuì
P	如登春台	rú dēng chūn tái
P	如石投水	rú shí tóu shuǐ
P	如胶似漆	rú jiāo sì qī
P	如臂使指	rú bì shǐ zhǐ
P	如芒刺背	rú máng cì bèi
P	如芒在背	rú máng zài bèi
P	如花似月	rú huā sì yuè
P	如花似朵	rú huā sì duǒ
P	如花似玉	rú huā sì yù
P	如花似锦	rú huā sì jǐn
P	如虎得翼	rú hǔ dé yì
P	如蚁慕膻	rú yǐ mù shān
P	如蚁附膻	rú yǐ fù shān
P	如蝇逐臭	rú yíng zhú chòu
P	如见肺肝	rú jiàn fèi gān
P	如解倒悬	rú jiě dào xuán
P	如蹈汤火	rú dǎo tāng huǒ
P	如释重负	rú shì zhòng fù
P	如锥画沙	rú zhuī huà shā
P	如风过耳	rú fēng guò ěr
P	如饥似渴	rú jī sì kě
P	如饮醍醐	rú yǐn tí hú
P	如鱼似水	rú yú sì shuǐ
P	如鱼得水	rú yú dé shuǐ
P	如鸟兽散	rú niǎo shòu sàn
P	如龙似虎	rú lóng sì hǔ
P	妄自尊大	wàng zì zūn dà
P	妄自菲薄	wàng zì fěi bó
P	妆模作样	zhuāng mó zuò yàng
P	妆聋做哑	zhuāng lóng zuò yǎ
P	妇女运动	fù nǚ yùn dòng
P	妇姑勃溪	fù gū bó xī
P	妇姑勃谿	fù gū bó xī
P	妇孺皆知	fù rú jiē zhī
P	妇道人家	fù dào rén jiā
P	妍蚩好恶	yán chī hǎo è
P	妒能害贤	dù néng hài xián
P	妒贤嫉能	dù xián jí néng
P	妒贤疾能	dù xián jí néng
P	妖不胜德	yāo bù shèng dé
P	妖由人兴	yāo yóu rén xīng
P	妙不可言	miào bù kě yán
P	妙处不传	miào chù bù chuán
P	妙手偶得	miào shǒu ǒu dé
P	妙手空空	miào shǒu kōng kōng
P	妙言要道	miào yán yào dào
P	妙语惊人	miào yǔ jīng rén
P	妙语解烦	miào yǔ jiě fán
P	妙语解颐	miào yǔ jiě yí
P	妙语连珠	miào yǔ lián zhū
P	妙趣横生	miào qù héng shēng
P	妙龄女子	miào líng nǚ zǐ
P	妥首帖耳	tuǒ shǒu tiē ěr
P	妨功害能	fáng gōng hài néng
P	妻儿老小	qī ér lǎo xiǎo
P	妻儿老少	qī ér lǎo shào
P	妻梅子鹤	qī méi zǐ hè
P	妻离子散	qī lí zǐ sàn
P	妻荣夫贵	qī róng fū guì
P	始终不懈	shǐ zhōng bù xiè
P	始终不易	shǐ zhōng bù yì
P	始终不渝	shǐ zhōng bù yú
P	始终若一	shǐ zhōng ruò yī
P	姑射神人	gū yè shén rén
P	姑置勿论	gū zhì wù lùn
P	委决不下	wěi jué bù xià
P	委委佗佗	wēi wēi tuó tuó
P	委曲成全	wěi qǔ chéng quán
P	委曲求全	wěi qū qiú quán
P	委罪于人	wěi zuì yú rén
P	委肉虎蹊	wěi ròu hǔ xī
P	委过于人	wěi guò yú rén
P	委重投艰	wěi zhòng tóu jiān
P	委靡不振	wěi mǐ bù zhèn
P	姗姗来迟	shān shān lái chí
P	姱容修态	kuā róng xiū tài
P	姹紫嫣红	chà zǐ yān hóng
P	姿意妄为	zī yì wàng wéi
P	威信扫地	wēi xìn sǎo dì
P	威望素著	wēi wàng sù zhù
P	威武不屈	wēi wǔ bù qū
P	威迫利诱	wēi pò lì yòu
P	威重令行	wēi zhòng lìng xíng
P	威风八面	wēi fēng bā miàn
P	威风凛凛	wēi fēng lǐn lǐn
P	威风扫地	wēi fēng sǎo dì
P	威风祥麟	wēi fēng xiáng lín
P	娉婷婀娜	pīng tíng ē nuó
P	娉婷袅娜	pīng tíng niǎo nuó
P	娓娓不倦	wěi wěi bù juàn
P	娟好静秀	juān hǎo jìng xiù
P	娱乐频道	yú lè pín dào
P	娱妻弄子	yú qī nòng zǐ
P	娶媳妇儿	qǔ xí fù er
P	婀娜多姿	ē nuó duō zī
P	婆婆妈妈	pó pó mā mā
P	婚丧喜庆	hūn sāng xǐ qìng
P	婢作夫人	bì zuò fū rén
P	嫂溺叔援	sǎo nì shū yuán
P	嫉恶如仇	jí è rú chóu
P	嫉恶若仇	jí è ruò chóu
P	嫉贤妒能	jí xián dù néng
P	嫉闲妒能	jí xián dù néng
P	嫌好道恶	xián hǎo dào è
P	嫌好道歉	xián hǎo dào qiàn
P	嫌好道歹	xián hǎo dào dǎi
P	嫌长道短	xián cháng dào duǎn
P	嫠不恤纬	lí bù xù wěi
P	嫣然一笑	yān rán yí xiào
P	嫣红姹紫	yān hóng chà zǐ
P	嬴奸买俏	yíng jiān mǎi qiào
P	孀妻弱子	shuāng qī ruò zǐ
P	子为父隐	zǐ wéi fù yǐn
P	子女玉帛	zǐ nǚ yù bó
P	子子孙孙	zǐ zǐ sūn sūn
P	子孙后代	zǐ sūn hòu dài
P	子孝父慈	zǐ xiào fù cí
P	子虚乌有	zǐ xū wū yǒu
P	孔席不暖	kǒng xí bù nuǎn
P	孔席不适	kǒng xí bù shì
P	孔思周情	kǒng sī zhōu qíng
P	孔情周思	kǒng qíng zhōu sī
P	孔武有力	kǒng wǔ yǒu lì
P	字斟句酌	zì zhēn jù zhuó
P	字正腔圆	zì zhèng qiāng yuán
P	字里行间	zì lǐ háng jiān
P	字顺文从	zì shùn wén cóng
P	存亡安危	cún wáng ān wēi
P	存亡未卜	cún wáng wèi bǔ
P	存亡绝续	cún wáng jué xù
P	存亡继绝	cún wáng jì jué
P	存亡续绝	cún wáng xù jué
P	存心不良	cún xīn bù liáng
P	存而不论	cún ér bù lùn
P	孙庞斗智	sūn páng dòu zhì
P	孙康映雪	sūn kāng yìng xuě
P	孚尹旁达	fú yǐn páng dá
P	孜孜不倦	zī zī bù juàn
P	孜孜不怠	zī zī bù dài
P	孜孜不懈	zī zī bù xiè
P	孜孜不辍	zī zī bù chuò
P	孝子慈孙	xiào zǐ cí sūn
P	孝子贤孙	xiào zǐ xián sūn
P	孝子顺孙	xiào zǐ shùn sūn
P	孝思不匮	xiào sī bù kuì
P	孝悌忠信	xiào tì zhōng xìn
P	孟什维克	mèng shí wéi kè
P	孟加拉国	mèng jiā lā guó
P	季友伯兄	jì yǒu bó xiōng
P	季孙之忧	jì sūn zhī yōu
P	季孟之间	jì mèng zhī jiān
P	季风气候	jì fēng qì hòu
P	孤傲不群	gū ào bù qún
P	孤儿寡母	gū ér guǎ mǔ
P	孤单一人	gū dān yì rén
P	孤家寡人	gū jiā guǎ rén
P	孤履危行	gū lǚ wēi xíng
P	孤掌难鸣	gū zhǎng nán míng
P	孤文只义	gū wén zhī yì
P	孤文断句	gū wén duàn jù
P	孤注一掷	gū zhù yí zhì
P	孤独矜寡	gū dú guān guǎ
P	孤立寡与	gū lì guǎ yǔ
P	孤立无助	gū lì wú zhù
P	孤苦零丁	gū kǔ líng dīng
P	孤行一意	gū xíng yī yì
P	孤行己意	gū xíng jǐ yì
P	孤行己见	gū xíng jǐ jiàn
P	孤身只影	gū shēn zhī yǐng
P	孤雌生殖	gū cí shēng zhí
P	学前教育	xué qián jiào yù
P	学如不及	xué rú bù jí
P	学如登山	xué rú dēng shān
P	学富五车	xué fù wǔ chē
P	学有专长	xué yǒu zhuān cháng
P	学浅才疏	xué qiǎn cái shū
P	学疏才浅	xué shū cái qiǎn
P	学而不厌	xué ér bù yàn
P	学识渊博	xué shí yuān bó
P	学贯中西	xué guàn zhōng xī
P	孩子头儿	hái zi tóu er
P	孳孳不倦	zī zī bù juàn
P	孳蔓难图	zī màn nán tú
P	孺子可教	rú zǐ kě jiào
P	孽障种子	niè zhàng zhǒng zǐ
P	宁为玉碎	nìng wéi yù suì
P	宁折不弯	nìng zhé bù wān
P	宁曲勿折	níng qū wù zhé
P	宁死不屈	nìng sǐ bù qū
P	宁死不辱	níng sǐ bù rǔ
P	宁缺勿滥	nìng quē wù làn
P	宁缺毋滥	nìng quē wú làn
P	它山之石	tā shān zhī shí
P	宅中图大	zhái zhōng tú dà
P	宇宙空间	yǔ zhòu kōng jiān
P	宇宙速度	yǔ zhòu sù dù
P	守先待后	shǒu xiān dài hòu
P	守分安常	shǒu fēn ān cháng
P	守土有责	shǒu tǔ yǒu zé
P	守望相助	shǒu wàng xiāng zhù
P	守株待兔	shǒu zhū dài tù
P	守正不回	shǒu zhèng bù huí
P	守正不挠	shǒu zhèng bù náo
P	守正不桡	shǒu zhèng bù ráo
P	守正不阿	shǒu zhèng bù ē
P	守约施搏	shǒu yuē shī bó
P	守节不移	shǒu jié bù yí
P	守阙抱残	shǒu què bào cán
P	安不忘危	ān bù wàng wēi
P	安之若命	ān zhī ruò mìng
P	安之若素	ān zhī ruò sù
P	安于盘石	ān yú pán shí
P	安份守己	ān fèn shǒu jǐ
P	安全电压	ān quán diàn yā
P	安全系数	ān quán xì shù
P	安内攘外	ān nèi rǎng wài
P	安分守己	ān fèn shǒu jǐ
P	安分知足	ān fèn zhī zú
P	安危与共	ān wēi yǔ gòng
P	安危相易	ān wēi xiāng yì
P	安国宁家	ān guó níng jiā
P	安土乐业	ān tǔ lè yè
P	安土重居	ān tǔ zhòng jū
P	安土重旧	ān tǔ zhòng jiù
P	安土重迁	ān tǔ zhòng qiān
P	安圭拉岛	ān guī lā dǎo
P	安坐待毙	ān zuò dài bì
P	安堵乐业	ān dǔ lè yè
P	安如磐石	ān rú pán shí
P	安宅正路	ān zhái zhèng lù
P	安定团结	ān dìng tuán jié
P	安室利处	ān shì lì chù
P	安家乐业	ān jiā lè yè
P	安家立业	ān jiā lì yè
P	安家落户	ān jiā luò hù
P	安居乐业	ān jū lè yè
P	安常处顺	ān cháng chǔ shùn
P	安常守分	ān cháng shǒu fèn
P	安心乐业	ān xīn lè yè
P	安心乐意	ān xīn lè yì
P	安心落意	ān xīn luò yì
P	安忍无亲	ān rěn wú qīn
P	安故重迁	ān gù zhòng qiān
P	安时处顺	ān shí chǔ shùn
P	安步当车	ān bù dàng chē
P	安生乐业	ān shēng lè yè
P	安生服业	ān shēng fú yè
P	安老怀少	ān lǎo huái shào
P	安良除暴	ān liáng chú bào
P	安若泰山	ān ruò tài shān
P	安营扎寨	ān yíng zhā zhài
P	安贫乐贱	ān pín lè jiàn
P	安贫乐道	ān pín lè dào
P	安身为乐	ān shēn wéi lè
P	安身之地	ān shēn zhī dì
P	安身之处	ān shēn zhī chù
P	安身乐业	ān shēn lè yè
P	安车蒲轮	ān chē pú lún
P	安闲自得	ān xián zì dé
P	宋斤鲁削	sòng jīn lǔ xuē
P	完事大吉	wán shì dà jí
P	完名全节	wán míng quán jié
P	完好无缺	wán hǎo wú quē
P	宏图大志	hóng tú dà zhì
P	宏才大略	hóng cái dà lüè
P	宏材大略	hóng cái dà lüè
P	宏观世界	hóng guān shì jiè
P	宏观经济	hóng guān jīng jì
P	官场如戏	guān chǎng rú xì
P	官官相为	guān guān xiāng wéi
P	官官相卫	guān guān xiāng wèi
P	官官相护	guān guān xiāng hù
P	官情纸薄	guān qíng zhǐ báo
P	官报私仇	guān bào sī chóu
P	官止神行	guān zhǐ shén xíng
P	官运亨通	guān yùn hēng tōng
P	定乱扶衰	dìng luàn fú shuāi
P	定性分析	dìng xìng fēn xī
P	定时炸弹	dìng shí zhà dàn
P	定量分析	dìng liàng fēn xī
P	宛转悠扬	wǎn zhuǎn yōu yáng
P	宛转蛾眉	wǎn zhuǎn é méi
P	宜室宜家	yí shì yí jiā
P	宜家宜室	yí jiā yí shì
P	宝刀不老	bǎo dāo bù lǎo
P	宝山空回	bǎo shān kōng huí
P	宝贝疙瘩	bǎo bèi gē da
P	宝马香车	bǎo mǎ xiāng chē
P	实与有力	shí yù yǒu lì
P	实偪处此	shí bī chǔ cǐ
P	实物地租	shí wù dì zū
P	实繁有徒	shí fán yǒu tú
P	实蕃有徒	shí fān yǒu tú
P	实言相告	shí yán xiāng gào
P	实话实说	shí huà shí shuō
P	实逼处此	shí bī chǔ cǐ
P	宠辱不惊	chǒng rǔ bù jīng
P	宠辱若惊	chǒng rǔ ruò jīng
P	审几度势	shěn jǐ dù shì
P	审己度人	shěn jǐ duó rén
P	审时度势	shěn shí duó shì
P	审曲面势	shěn qǔ miàn shì
P	审曲面埶	shěn qǔ miàn shì
P	客家方言	kè jiā fāng yán
P	客座教授	kè zuò jiào shòu
P	宣化承流	xuān huà chéng liú
P	室如县罄	shì rú xiàn qìng
P	室迩人远	shì ěr rén yuǎn
P	宦海风波	huàn hǎi fēng bō
P	宫车晏驾	gōng chē yàn jià
P	宰鸡教猴	zǎi jī jiào hóu
P	害人不浅	hài rén bù qiǎn
P	宴安酖毒	yàn ān dān dú
P	宴安鸠毒	yàn ān jiū dú
P	宴安鸩毒	yàn ān zhèn dú
P	宵旰图治	xiāo gàn tú zhì
P	宵旰忧劳	xiāo gàn yōu láo
P	宵旰忧勤	xiāo gàn yōu qín
P	宵旰焦劳	xiāo gàn jiāo láo
P	宵衣旰食	xiāo yī gàn shí
P	宵鱼垂化	xiāo yú chuí huà
P	家亡国破	jiā wáng guó pò
P	家传人诵	jiā chuán rén sòng
P	家传户诵	jiā chuán hù sòng
P	家传户颂	jiā chuán hù sòng
P	家反宅乱	jiā fǎn zhái luàn
P	家喻户习	jiā yù hù xí
P	家喻户晓	jiā yù hù xiǎo
P	家大业大	jiā dà yè dà
P	家学渊源	jiā xué yuān yuán
P	家家户户	jiā jiā hù hù
P	家常便饭	jiā cháng biàn fàn
P	家常茶饭	jiā cháng chá fàn
P	家常里短	jiā cháng lǐ duǎn
P	家庭副业	jiā tíng fù yè
P	家庭妇女	jiā tíng fù nǚ
P	家庭影院	jiā tíng yǐng yuàn
P	家庭教师	jiā tíng jiào shī
P	家庭病床	jiā tíng bìng chuáng
P	家弦户诵	jiā xián hù sòng
P	家徒四壁	jiā tú sì bì
P	家徒壁立	jiā tú bì lì
P	家成业就	jiā chéng yè jiù
P	家散人亡	jiā sàn rén wáng
P	家无二主	jiā wú èr zhǔ
P	家无儋石	jiā wú dàn shí
P	家无常礼	jiā wú cháng lǐ
P	家无担石	jiā wú dàn shí
P	家无斗储	jiā wú dòu chǔ
P	家殷人足	jiā yīn rén zú
P	家烦宅乱	jiā fán zhái luàn
P	家用电器	jiā yòng diàn qì
P	家破人亡	jiā pò rén wáng
P	家破人离	jiā pò rén lí
P	家破身亡	jiā pò shēn wáng
P	家累千金	jiā lèi qiān jīn
P	家给人足	jiā jǐ rén zú
P	家给户足	jiā jǐ hù zú
P	家给民足	jiā jǐ mín zú
P	家翻宅乱	jiā fān zhái luàn
P	家至人说	jiā zhì rén shuō
P	家至户到	jiā zhì hù dào
P	家至户察	jiā zhì hù chá
P	家至户晓	jiā zhì hù xiǎo
P	家藏户有	jiā cáng hù yǒu
P	家见户说	jiā jiàn hù shuō
P	家谕户晓	jiā yù hù xiǎo
P	家败人亡	jiā bài rén wáng
P	家贫亲老	jiā pín qīn lǎo
P	家贫如洗	jiā pín rú xǐ
P	家贼难防	jiā zéi nán fáng
P	家道中落	jiā dào zhōng luò
P	家道从容	jiā dào cóng róng
P	家道小康	jiā dào xiǎo kāng
P	家道消乏	jiā dào xiāo fá
P	家长学校	jiā zhǎng xué xiào
P	家长礼短	jiā cháng lǐ duǎn
P	家长里短	jiā cháng lǐ duǎn
P	家骥人璧	jiā jì rén bì
P	家鸡野雉	jiā jī yě zhì
P	家鸡野鹜	jiā jī yě wù
P	容光焕发	róng guāng huàn fā
P	容头过身	róng tóu guò shēn
P	容膝之地	róng xī zhī dì
P	宽仁大度	kuān rén dà dù
P	宽以待人	kuān yǐ dài rén
P	宽大为怀	kuān dà wéi huái
P	宽宏大度	kuān hóng dà dù
P	宽宏大量	kuān hóng dà liàng
P	宽怀大度	kuān huái dà dù
P	宽打窄用	kuān dǎ zhǎi yòng
P	宽洪大度	kuān hóng dà dù
P	宽洪大量	kuān hóng dà liàng
P	宽洪海量	kuān hóng hǎi liàng
P	宽猛并济	kuān měng bìng jì
P	宽猛相济	kuān měng xiāng jì
P	宽豁大度	kuān huō dà dù
P	宿学旧儒	sù xué jiù rú
P	宿弊一清	sù bì yī qīng
P	宿水飡风	xiǔ shuǐ cān fēng
P	宿水餐风	xiǔ shuǐ cān fēng
P	宿雨餐风	xiǔ yǔ cān fēng
P	寂天寞地	jì tiān mò dì
P	寂然不动	jì rán bù dòng
P	寂若无人	jì ruò wú rén
P	寄兴寓情	jì xìng yù qíng
P	寄雁传书	jì yàn chuán shū
P	密不通风	mì bù tōng fēng
P	密云不雨	mì yún bù yǔ
P	密约偷期	mì yuē tōu qī
P	富丽堂皇	fù lì táng huáng
P	富可敌国	fù kě dí guó
P	富商大贾	fù shāng dà gǔ
P	富商巨贾	fù shāng jù gǔ
P	富商蓄贾	fù shāng xù jiǎ
P	富国强兵	fù guó qiáng bīng
P	富国强民	fù guó qiáng mín
P	富国彊兵	fù guó qiáng bīng
P	富在知足	fù zài zhī zú
P	富埒王侯	fù liè wáng hóu
P	富室大家	fù shì dà jiā
P	富家大室	fù jiā dà shì
P	富家巨室	fù jiā jù shì
P	富富有余	fù fù yǒu yú
P	富营养化	fù yíng yǎng huà
P	富裕中农	fù yù zhōng nóng
P	富贵不淫	fù guì bù yín
P	富贵荣华	fù guì róng huá
P	富轹万古	fù lì wàn gǔ
P	寒冬腊月	hán dōng là yuè
P	寒木春华	hán mù chūn huá
P	寒泉之思	hán quán zhī sī
P	寒灰更然	hán huī gèng rán
P	寒腹短识	hán fù duǎn shí
P	寒花晚节	hán huā wǎn jié
P	寒蝉凄切	hán chán qī qiè
P	寒酸落魄	hán suān luò pò
P	寒风侵肌	hán fēng qīn jī
P	寓情于景	yù qíng yú jǐng
P	寓意深远	yù yì shēn yuǎn
P	寓意深长	yù yì shēn cháng
P	寝不安席	qǐn bù ān xí
P	寝不成寐	qǐn bù chéng mèi
P	寝不聊寐	qǐn bù liáo mèi
P	寝关曝纩	qǐn guān pù kuàng
P	寝皮食肉	qǐn pí shí ròu
P	寝苫枕土	qǐn shān zhěn tǔ
P	寝苫枕块	qǐn shān zhěn kuài
P	寝苫枕干	qǐn shān zhěn gàn
P	寝苫枕戈	qǐn shān zhěn gē
P	寝苫枕草	qǐn shān zhěn cǎo
P	寝食不安	qǐn shí bù ān
P	寝食俱废	qǐn shí jù fèi
P	察今知古	chá jīn zhī gǔ
P	察察为明	chá chá wéi míng
P	察己知人	chá jǐ zhī rén
P	察见渊鱼	chá jiàn yuān yú
P	察言观色	chá yán guān sè
P	察言观行	chá yán guān xíng
P	察颜观色	chá yán guān sè
P	寡不敌众	guǎ bù dí zhòng
P	寡不胜众	guǎ bù shèng zhòng
P	寡二少双	guǎ èr shǎo shuāng
P	寡信轻诺	guǎ xìn qīng nuò
P	寡凫单鹄	guǎ fú dān hú
P	寡头政治	guǎ tóu zhèng zhì
P	寡廉鲜耻	guǎ lián xiǎn chǐ
P	寡情薄意	guǎ qíng báo yì
P	寡见少闻	guǎ jiàn shǎo wén
P	寡见鲜闻	guǎ jiàn xiǎn wén
P	寡闻少见	guǎ wén shǎo jiàn
P	寥寥可数	liáo liáo kě shǔ
P	寥寥数语	liáo liáo shù yǔ
P	寥寥无几	liáo liáo wú jǐ
P	寥若晨星	liáo ruò chén xīng
P	寸丝不挂	cùn sī bù guà
P	寸兵尺铁	cùn bīng chǐ tiě
P	寸利必得	cùn lì bì dé
P	寸善片长	cùn shàn piàn cháng
P	寸土不让	cùn tǔ bù ràng
P	寸土尺地	cùn tǔ chǐ dì
P	寸土尺金	cùn tǔ chǐ jīn
P	寸地尺天	cùn dì chǐ tiān
P	寸有所长	cùn yǒu suǒ cháng
P	寸步不离	cùn bù bù lí
P	寸步不让	cùn bù bù ràng
P	寸步难移	cùn bù nán yí
P	寸步难行	cùn bù nán xíng
P	寸田尺宅	cùn tián chǐ zhái
P	寸男尺女	cùn nán chǐ nǚ
P	寸积铢累	cùn jī zhū lěi
P	寸草不生	cùn cǎo bù shēng
P	寸草不留	cùn cǎo bù liú
P	寸草衔结	cùn cǎo xián jié
P	寸蹄尺缣	cùn tí chǐ jiān
P	寸进尺退	cùn jìn chǐ tuì
P	寸量铢称	cùn liáng zhū chēng
P	寸长尺技	cùn cháng chǐ jì
P	寸长尺短	cùn cháng chǐ duǎn
P	寸长片善	cùn cháng piàn shàn
P	寸阴尺璧	cùn yīn chǐ bì
P	寸阴若岁	cùn yīn ruò suì
P	对口相声	duì kǒu xiàng shēng
P	对号入座	duì hào rù zuò
P	对头冤家	duì tóu yuān jiā
P	对床夜语	duì chuáng yè yǔ
P	对床夜雨	duì chuáng yè yǔ
P	对床风雨	duì chuáng fēng yǔ
P	对景伤情	duì jǐng shāng qíng
P	对景挂画	duì jǐng guà huà
P	对牛弹琴	duì niú tán qín
P	对症下药	duì zhèng xià yào
P	对症之药	duì zhèng zhī yào
P	对症发药	duì zhèng fā yào
P	对空射击	duì kōng shè jī
P	对答如流	duì dá rú liú
P	对簿公堂	duì bù gōng táng
P	对薄公堂	duì bù gōng táng
P	对酒当歌	duì jiǔ dāng gē
P	寻枝摘叶	xún zhī zhāi yè
P	寻根究底	xún gēn jiū dǐ
P	寻根追底	xún gēn zhuī dǐ
P	寻根问底	xún gēn wèn dǐ
P	寻欢作乐	xún huān zuò lè
P	寻瑕伺隙	xún xiá sì xì
P	寻章摘句	xún zhāng zhāi jù
P	寻行数墨	xún háng shǔ mò
P	寻行逐队	xún xíng zhú duì
P	寻风捉影	xún fēng zhuō yǐng
P	导弹基地	dǎo dàn jī dì
P	导德齐礼	dǎo dé qí lǐ
P	寿不压职	shòu bù yā zhí
P	寿元无量	shòu yuán wú liàng
P	寿比南山	shòu bǐ nán shān
P	寿终正寝	shòu zhōng zhèng qǐn
P	封妻荫子	fēng qī yìn zǐ
P	封官许原	fēng guān xǔ yuán
P	封官许愿	fēng guān xǔ yuàn
P	封建制度	fēng jiàn zhì dù
P	封建割据	fēng jiàn gē jù
P	封建把头	fēng jiàn bǎ tóu
P	封建社会	fēng jiàn shè huì
P	封豕长蛇	fēng shǐ cháng shé
P	封豨修蛇	fēng xī xiū shé
P	射像止啼	shè xiàng zhǐ tí
P	射利沽名	shè lì gū míng
P	射影含沙	shè yǐng hán shā
P	射石饮羽	shè shí yǐn yǔ
P	射鱼指天	shè yú zhǐ tiān
P	将伯之助	qiāng bó zhī zhù
P	将伯之呼	qiāng bó zhī hū
P	将信将疑	jiāng xìn jiāng yí
P	将功折罪	jiāng gōng zhé zuì
P	将功折过	jiāng gōng shé guò
P	将功抵罪	jiāng gōng dǐ zuì
P	将功补过	jiāng gōng bǔ guò
P	将功赎罪	jiāng gōng shú zuì
P	将勤补拙	jiāng qín bǔ zhuō
P	将取固予	jiāng qǔ gù yǔ
P	将天就地	jiāng tiān jiù dì
P	将夺固与	jiāng duó gù yǔ
P	将心比心	jiāng xīn bǐ xīn
P	将无作有	jiāng wú zuò yǒu
P	将无做有	jiāng wú zuò yǒu
P	将本求利	jiāng běn qiú lì
P	将本求财	jiāng běn qiú cái
P	将机就机	jiāng jī jiù jī
P	将机就计	jiāng jī jiù jì
P	将李代桃	jiāng lǐ dài táo
P	将相之器	jiàng xiàng zhī qì
P	将胸比肚	jiāng xiōng bǐ dù
P	将虾钓鳖	jiāng xiā diào biē
P	将计就计	jiāng jì jiù jì
P	将遇良材	jiàng yù liáng cái
P	将错就错	jiāng cuò jiù cuò
P	将门有将	jiàng mén yǒu jiàng
P	将门虎子	jiàng mén hǔ zǐ
P	将顺其美	jiāng shùn qí měi
P	将飞翼伏	jiāng fēi yì fú
P	尊主泽民	zūn zhǔ zé mín
P	尊俎折冲	zūn zǔ zhé chōng
P	尊姓大名	zūn xìng dà míng
P	尊师重教	zūn shī zhòng jiào
P	尊师重道	zūn shī zhòng dào
P	尊无二上	zūn wú èr shàng
P	尊贤使能	zūn xián shǐ néng
P	小不点儿	xiǎo bù diǎn er
P	小丑跳梁	xiǎo chǒu tiào liáng
P	小事一件	xiǎo shì yí jiàn
P	小人儿书	xiǎo rén er shū
P	小人得志	xiǎo rén dé zhì
P	小农经济	xiǎo nóng jīng jì
P	小受大走	xiǎo shòu dà zǒu
P	小大人儿	xiǎo dà rén ér
P	小大由之	xiǎo dà yóu zhī
P	小姑独处	xiǎo gū dú chǔ
P	小家子气	xiǎo jiā zi qì
P	小家碧玉	xiǎo jiā bì yù
P	小小不言	xiǎo xiǎo bù yán
P	小屈大伸	xiǎo qū dà shēn
P	小屈大申	xiǎo qū dà shēn
P	小己得失	xiǎo jǐ dé shī
P	小康之家	xiǎo kāng zhī jiā
P	小廉大法	xiǎo lián dà fǎ
P	小廉曲谨	xiǎo lián qǔ jǐn
P	小异大同	xiǎo yì dà tóng
P	小往大来	xiǎo wǎng dà lái
P	小惩大诫	xiǎo chéng dà jiè
P	小户人家	xiǎo hù rén jiā
P	小打小闹	xiǎo dǎ xiǎo nào
P	小时了了	xiǎo shí liǎo liǎo
P	小枉大直	xiǎo wǎng dà zhí
P	小眼薄皮	xiǎo yǎn bó pí
P	小而言之	xiǎo ér yán zhī
P	小肚鸡肠	xiǎo dù jī cháng
P	小脚女人	xiǎo jiǎo nǚ rén
P	小萝卜头	xiǎo luó bo tóu
P	小门脸儿	xiǎo mén liǎn er
P	小题大作	xiǎo tí dà zuò
P	小题大做	xiǎo tí dà zuò
P	小黠大痴	xiǎo xiá dà chī
P	少不更事	shào bù gēng shì
P	少不经事	shào bù jīng shì
P	少吃俭用	shǎo chī jiǎn yòng
P	少头缺尾	shǎo tóu quē wěi
P	少安无躁	shǎo ān wú zào
P	少安毋躁	shǎo ān wú zào
P	少小无猜	shào xiǎo wú cāi
P	少年之家	shào nián zhī jiā
P	少年得志	shào nián dé zhì
P	少年法庭	shào nián fǎ tíng
P	少年老成	shào nián lǎo chéng
P	少年老诚	shǎo nián lǎo chéng
P	少成若性	shào chéng ruò xìng
P	少数民族	shǎo shù mín zú
P	少条失教	shǎo tiáo shī jiào
P	少气无力	shǎo qì wú lì
P	少私寡欲	shǎo sī guǎ yù
P	少纵即逝	shǎo zòng jí shì
P	少见多怪	shǎo jiàn duō guài
P	少言寡语	shǎo yán guǎ yǔ
P	尖嘴薄舌	jiān zuǐ bó shé
P	尖言冷语	jiān yán lěng yǔ
P	尖言尖语	jiān yán jiān yǔ
P	尖酸刻薄	jiān suān kè bó
P	尚虚中馈	shàng xū zhōng kuì
P	尝鼎一脔	cháng dǐng yì luán
P	尤云殢雨	yóu yún tì yǔ
P	尤红殢翠	yóu hóng tì cuì
P	尧趋舜步	yáo qū shùn bù
P	尨眉皓发	máng méi hào fà
P	就事论事	jiù shì lùn shì
P	就地取材	jiù dì qǔ cái
P	就地正法	jiù dì zhèng fǎ
P	就棍打腿	jiù gùn dǎ tuǐ
P	就正有道	jiù zhèng yǒu dào
P	就汤下面	jiù tāng xià miàn
P	尸居龙见	shī jū lóng xiàn
P	尸山血海	shī shān xuè hǎi
P	尸横遍野	shī héng biàn yě
P	尺二冤家	chǐ èr yuān jia
P	尺二秀才	chǐ èr xiù cái
P	尺兵寸铁	chǐ bīng cùn tiě
P	尺寸之功	chǐ cùn zhī gōng
P	尺寸之地	chǐ cùn zhī dì
P	尺寸之柄	chǐ cùn zhī bǐng
P	尺寸千里	chǐ cùn qiān lǐ
P	尺寸可取	chǐ cùn kě qǔ
P	尺山寸水	chǐ shān cùn shuǐ
P	尺布斗粟	chǐ bù dǒu sù
P	尺幅千里	chǐ fú qiān lǐ
P	尺幅寸缣	chǐ fú cùn jiān
P	尺有所短	chǐ yǒu suǒ duǎn
P	尺板斗食	chǐ bǎn dòu shí
P	尺树寸泓	chǐ shù cùn hóng
P	尺椽片瓦	chǐ chuán piàn wǎ
P	尺步绳趋	chǐ bù shéng qū
P	尺水丈波	chǐ shuǐ zhàng bō
P	尺波电谢	chǐ bō diàn xiè
P	尺泽之鲵	chǐ zé zhī ní
P	尺瑜寸瑕	chǐ yú cùn xiá
P	尺短寸长	chǐ duǎn cùn cháng
P	尺竹伍符	chǐ zhú wǔ fú
P	尺籍伍符	chǐ jí wǔ fú
P	尺蠖求伸	chǐ huò qiú shēn
P	尽人皆知	jìn rén jiē zhī
P	尽付东流	jìn fù dōng liú
P	尽入彀中	jìn rù gòu zhōng
P	尽其所有	jǐn qí suǒ yǒu
P	尽其所能	jìn qí suǒ néng
P	尽其所长	jìn qí suǒ cháng
P	尽力而为	jìn lì ér wéi
P	尽善尽美	jìn shàn jìn měi
P	尽多尽少	jǐn duō jǐn shǎo
P	尽如人意	jìn rú rén yì
P	尽心尽力	jìn xīn jìn lì
P	尽心竭力	jìn xīn jié lì
P	尽忠报国	jìn zhōng bào guó
P	尽忠竭力	jìn zhōng jié lì
P	尽态极妍	jìn tài jí yán
P	尽收眼底	jìn shōu yǎn dǐ
P	尽欢而散	jìn huān ér sàn
P	尽美尽善	jìn měi jìn shàn
P	尽诚竭节	jìn chéng jié jié
P	尾大不掉	wěi dà bù diào
P	尾大难掉	wěi dà nán diào
P	尾生之信	wěi shēng zhī xìn
P	尾生抱柱	wěi shēng bào zhù
P	尾随不舍	wěi suí bú shè
P	尿流屁滚	niào liú pì gǔn
P	局促不安	jú cù bù ān
P	局地扣天	jú dì kòu tiān
P	局地钥天	jú dì yào tiān
P	局天促地	jú tiān cù dì
P	局天扣地	jú tiān kòu dì
P	局天蹐地	jú tiān jí dì
P	屁滚尿流	pì gǔn niào liú
P	层出不穷	céng chū bù qióng
P	层出叠见	céng chū dié jiàn
P	层出迭见	céng chū dié jiàn
P	层台累榭	céng tái lěi xiè
P	层见叠出	céng jiàn dié chū
P	层见迭出	céng xiàn dié chū
P	层见错出	céng jiàn cuò chū
P	居下讪上	jū xià shàn shàng
P	居不重席	jū bù chóng xí
P	居不重茵	jū bù chóng yīn
P	居之不疑	jū zhī bù yí
P	居利思义	jū lì sī yì
P	居大不易	jū dà bù yì
P	居安思危	jū ān sī wēi
P	居心不良	jū xīn bù liáng
P	居心险恶	jū xīn xiǎn è
P	居轴处中	jū zhóu chǔ zhōng
P	居重驭轻	jū zhòng yù qīng
P	屈打成招	qū dǎ chéng zhāo
P	屈指可数	qū zhǐ kě shǔ
P	屈节辱命	qū jié rǔ mìng
P	屋上建瓴	wū shàng jiàn líng
P	屎滚尿流	shǐ gǔn niào liú
P	屏声息气	bǐng shēng xī qì
P	屏声敛息	bǐng shēng liǎn xī
P	屏声静气	bǐng shēng jìng qì
P	屏气凝神	bǐng qì níng shén
P	屏气吞声	bǐng qì tūn shēng
P	屏气慑息	bǐng qì shè xī
P	屏气敛息	bǐng qì liǎn xī
P	屐齿之折	jī chǐ zhī zhé
P	屙金溺银	ē jīn niào yín
P	属人耳目	shǔ rén ěr mù
P	属垣有耳	zhǔ yuán yǒu ěr
P	属毛离里	zhǔ máo lí lǐ
P	属词比事	zhǔ cí bǐ shì
P	属辞比事	zhǔ cí bǐ shì
P	屠所牛羊	tú suǒ niú yáng
P	屠毒笔墨	tú dú bǐ mò
P	屠门大嚼	tú mén dà jiáo
P	屠龙之伎	tú lóng zhī jì
P	屡战屡胜	lǚ zhàn lǚ shèng
P	屡教不改	lǚ jiào bù gǎi
P	屡次三番	lǚ cì sān fān
P	屡见不鲜	lǚ jiàn bù xiān
P	屡试不爽	lǚ shì bù shuǎng
P	履信思顺	lǚ xìn sī shùn
P	履机乘变	lǚ jī chéng biàn
P	履汤蹈火	lǚ tāng dǎo huǒ
P	履薄临深	lǚ bó lín shēn
P	履足差肩	lǚ zú chà jiān
P	履险若夷	lǚ xiǎn ruò yí
P	履霜知冰	lǚ shuāng zhī bīng
P	屯毛不辨	tún máo bù biàn
P	屯积居奇	tún jī jū qí
P	屯粮积草	tún liáng jī cǎo
P	屯街塞巷	tún jiē sāi xiàng
P	屯蹶否塞	tún juě fǒu sāi
P	山中宰相	shān zhōng zǎi xiàng
P	山公倒载	shān gōng dǎo zǎi
P	山南海北	shān nán hǎi běi
P	山吟泽唱	shān yín zé chàng
P	山回路转	shān huí lù zhuǎn
P	山头主义	shān tóu zhǔ yì
P	山峙渊渟	shān zhì yuān tíng
P	山崩地坼	shān bēng dì chè
P	山崩地塌	shān bēng dì tā
P	山崩地裂	shān bēng dì liè
P	山崩地陷	shān bēng dì xiàn
P	山崩钟应	shān bēng zhōng yìng
P	山摇地动	shān yáo dì dòng
P	山林隐逸	shān lín yǐn yì
P	山枯石死	shān kū shí sǐ
P	山栖谷隐	shān qī gǔ yǐn
P	山栖谷饮	shān qī gǔ yǐn
P	山止川行	shān zhǐ chuān xíng
P	山殽野湋	shān yáo yě wéi
P	山水相连	shān shuǐ xiāng lián
P	山溜穿石	shān liù chuān shí
P	山积波委	shān jī bō wěi
P	山穷水尽	shān qióng shuǐ jìn
P	山童石烂	shān tóng shí làn
P	山羊胡子	shān yáng hú zǐ
P	山节藻棁	shān jié zǎo zhuō
P	山行海宿	shān xíng hǎi xiǔ
P	山遥水远	shān yáo shuǐ yuǎn
P	山遥路远	shān yáo lù yuǎn
P	山重水复	shān chóng shuǐ fù
P	山长水远	shān cháng shuǐ yuǎn
P	山长水阔	shān cháng shuǐ kuò
P	山阴乘兴	shān yīn chéng xīng
P	山阴道上	shān yīn dào shàng
P	山雨欲来	shān yǔ yù lái
P	山颓木坏	shān tuí mù huài
P	山高岭削	shān gāo lǐng xuē
P	山高水长	shān gāo shuǐ cháng
P	山鸣谷应	shān míng gǔ yìng
P	岁不我与	suì bù wǒ yǔ
P	岁在龙蛇	suì zài lóng shé
P	岁寒松柏	suì hán sōng bǎi
P	岁序更新	suì xù gēng xīn
P	岁时伏腊	suì shí fú là
P	岁月不居	suì yuè bù jū
P	岁比不登	suì bǐ bù dēng
P	岁聿其莫	suì yù qí mù
P	岂弟君子	kǎi tì jūn zǐ
P	岂有是理	qǐ yǒu shì lǐ
P	岂有此理	qǐ yǒu cǐ lǐ
P	岌岌可危	jí jí kě wēi
P	岑楼齐末	cén lóu qí mò
P	岗头泽底	gāng tóu zé dǐ
P	岩居川观	yán jū chuān guān
P	岩居穴处	yán jū xué chǔ
P	岩栖穴处	yán qī xué chǔ
P	岩栖谷隐	yán qī gǔ yǐn
P	岩栖谷饮	yán qī gǔ yǐn
P	岳峙渊渟	yuè zhì yuān tíng
P	岳镇渊渟	yuè zhèn yuān tīng
P	岿然不动	kuī rán bù dòng
P	峨冠博带	é guān bó dài
P	峨峨汤汤	é é shāng shāng
P	峭论鲠议	qiào lùn gěng yì
P	峰回路转	fēng huí lù zhuǎn
P	峻阪盐车	jùn bǎn yán chē
P	崇山峻岭	chóng shān jùn lǐng
P	崇论吰议	chóng lùn hóng yì
P	崇论宏议	chóng lùn hóng yì
P	崇论谹议	chóng lùn hóng yì
P	崇论闳议	chóng lùn hóng yì
P	崎嵚历落	qí qīn lì luò
P	崛地而起	jué dì ér qǐ
P	崟崎磊落	yín qí lěi luò
P	崧生岳降	sōng shēng yuè jiàng
P	崭露头脚	zhǎn lù tóu jiǎo
P	崭露头角	zhǎn lù tóu jiǎo
P	嵚崎历落	qīn qí lì luò
P	嵚崎磊落	qīn qí lěi luò
P	嵩生岳降	sōng shēng yuè jiàng
P	嵬眼澒耳	wéi yǎn hòng ěr
P	川壅必溃	chuān yōng bì kuì
P	川泽纳污	chuān zé nà wū
P	川流不息	chuān liú bù xī
P	川渟岳峙	chuān tīng yuè zhì
P	巢居穴处	cháo jū xué chǔ
P	巢林一枝	cháo lín yī zhī
P	巢焚原燎	cháo fén yuán liáo
P	工业体系	gōng yè tǐ xì
P	工业基地	gōng yè jī dì
P	工业建筑	gōng yè jiàn zhù
P	工农红军	gōng nóng hóng jūn
P	工艺美术	gōng yì měi shù
P	工读学校	gōng dú xué xiào
P	左右两难	zuǒ yòu liǎng nán
P	左右为难	zuǒ yòu wéi nán
P	左右采获	zuǒ yòu cǎi huò
P	左宜右有	zuǒ yí yòu yǒu
P	左家娇女	zuǒ jiā jiāo nǚ
P	左思右想	zuǒ sī yòu xiǎng
P	左提右挈	zuǒ tí yòu qiè
P	左支右吾	zuǒ zhī yòu wú
P	左支右调	zuǒ zhī yòu tiáo
P	左枝右梧	zuǒ zhī yòu wú
P	左膀右臂	zuǒ bǎng yòu bì
P	左萦右拂	zuǒ yíng yòu fú
P	左说右说	zuǒ shuō yòu shuō
P	左道旁门	zuǒ dào páng mén
P	左邻右舍	zuǒ lín yòu shè
P	左铅右椠	zuǒ qiān yòu qiàn
P	巧不可接	qiǎo bù kě jiē
P	巧不可阶	qiǎo bù kě jiē
P	巧伪趋利	qiǎo wěi qū lì
P	巧发奇中	qiǎo fā qí zhòng
P	巧同造化	qiǎo tóng zào huà
P	巧捷万端	qiǎo jié wàn duān
P	巧言令色	qiǎo yán lìng sè
P	巧语花言	qiǎo yǔ huā yán
P	巫云楚雨	wū yún chǔ yǔ
P	巫山云雨	wū shān yún yǔ
P	差一点儿	chà yì diǎn er
P	差三错四	chā sān cuò sì
P	差之千里	chā zhī qiān lǐ
P	差之毫厘	chā zhī háo lí
P	差可告慰	chā kě gào wèi
P	差强人意	chā qiáng rén yì
P	差得很远	chà de hěn yuǎn
P	差额选举	chā é xuǎn jǔ
P	己溺己饥	jǐ nì jǐ jī
P	己饥己溺	jǐ jī jǐ nì
P	巴勒斯坦	bā lè sī tǎn
P	巴头探脑	bā tóu tàn nǎo
P	巴尔扎克	bā ěr zhā kè
P	巴山夜雨	bā shān yè yǔ
P	巴山度岭	bā shān dù lǐng
P	巴山越岭	bā shān yuè lǐng
P	巴巴结结	bā bā jiē jiē
P	巴高望上	bā gāo wàng shàng
P	巴高枝儿	bā gāo zhī ér
P	巴黎和会	bā lí hé huì
P	巷尾街头	xiàng wěi jiē tóu
P	巷议街谈	xiàng yì jiē tán
P	巾帼丈夫	jīn guó zhàng fū
P	巾帼奇才	jīn guó qí cái
P	币重言甘	bì zhòng yán gān
P	市不二价	shì bù èr jià
P	市场体系	shì chǎng tǐ xì
P	市场信息	shì chǎng xìn xī
P	市场机制	shì chǎng jī zhì
P	市场经济	shì chǎng jīng jì
P	市场调节	shì chǎng tiáo jié
P	市无二价	shì wú èr jià
P	布天盖地	bù tiān gài dì
P	布琼布拉	bù qióng bù lā
P	布衣粝食	bù yī lì shí
P	布衣蔬食	bù yī shū shí
P	布被瓦器	bù bèi wǎ qì
P	布达拉宫	bù dá lā gōng
P	布鲁塞尔	bù lǔ sài ěr
P	师出有名	shī chū yǒu míng
P	师直为壮	shī zhí wéi zhuàng
P	师范学校	shī fàn xué xiào
P	希奇古怪	xī qí gǔ guài
P	希望工程	xī wàng gōng chéng
P	帏箔不修	wéi bó bù xiū
P	帏薄不修	wéi báo bù xiū
P	帝王将相	dì wáng jiàng xiàng
P	帡天极地	píng tiān jí dì
P	带水拖泥	dài shuǐ tuō ní
P	席上之珍	xí shàng zhī zhēn
P	席不暇暖	xí bù xiá nuǎn
P	席卷八荒	xí juǎn bā huāng
P	席卷天下	xí juǎn tiān xià
P	席卷而逃	xí juǎn ér táo
P	席地幕天	xí dì mù tiān
P	席地而坐	xí dì ér zuò
P	席珍待聘	xí zhēn dài pìn
P	席门穷巷	xí mén qióng xiàng
P	席门蓬巷	xí mén péng xiàng
P	帮狗吃食	bāng gǒu chī shí
P	帮虎吃食	bāng hǔ chī shí
P	帮闲钻懒	bāng xián zuān lǎn
P	帷幕不修	wéi mù bù xiū
P	帷箔不修	wéi bó bù xiū
P	帷薄不修	wéi bó bù xiū
P	常备不懈	cháng bèi bù xiè
P	常年累月	cháng nián lèi yuè
P	常用对数	cháng yòng duì shù
P	常胜将军	cháng shèng jiāng jūn
P	常规炸弹	cháng guī zhà dàn
P	幕天席地	mù tiān xí dì
P	幕燕釜鱼	mù yàn fǔ yú
P	幕燕鼎鱼	mù yàn dǐng yú
P	干云蔽日	gān yún bì rì
P	干净利索	gān jìng lì suǒ
P	干净利落	gān jìng lì luò
P	干卿底事	gān qīng dǐ shì
P	干名犯义	gàn míng fàn yì
P	干名采誉	gān míng cǎi yù
P	干啼湿哭	gān tí shī kū
P	干城之将	gān chéng zhī jiàng
P	干将莫邪	gān jiāng mò yé
P	干巴利脆	gān bā lì cuì
P	干巴利落	gān bā lì luò
P	干干净净	gān gān jìng jìng
P	干干翼翼	gàn gàn yì yì
P	干戈载戢	gān gē zǎi jí
P	干柴烈火	gān chái liè huǒ
P	干涉现象	gān shè xiàn xiàng
P	干父之蛊	gàn fù zhī gǔ
P	干端坤倪	gàn duān kūn ní
P	干脆利索	gān cuì lì suǒ
P	干脆利落	gān cuì lì luò
P	干部学校	gàn bù xué xiào
P	干霄凌云	gān xiāo líng yún
P	干霄蔽日	gàn xiāo bì rì
P	干鲜果品	gān xiān guǒ pǐn
P	平分秋色	píng fēn qiū sè
P	平地楼台	píng dì lóu tái
P	平地登云	píng dì dēng yún
P	平地起家	píng dì qǐ jiā
P	平地起雷	píng dì qǐ léi
P	平地青云	píng dì qīng yún
P	平地风波	píng dì fēng bō
P	平地风雷	píng dì fēng léi
P	平均地权	píng jūn dì quán
P	平头正脸	píng tóu zhèng liǎn
P	平头百姓	píng tóu bǎi xìng
P	平心而论	píng xīn ér lùn
P	平板三轮	píng bǎn sān lún
P	平淡无奇	píng dàn wú qí
P	平澹无奇	píng dàn wú qí
P	平行作业	píng xíng zuò yè
P	平铺直叙	píng pū zhí xù
P	平铺直序	píng pū zhí xù
P	平面几何	píng miàn jǐ hé
P	平风静浪	píng fēng jìng làng
P	年华垂暮	nián huá chuí mù
P	年头月尾	nián tóu yuè wěi
P	年富力强	nián fù lì qiáng
P	年年月月	nián nián yuè yuè
P	年湮世远	nián yān shì yuǎn
P	年老体弱	nián lǎo tǐ ruò
P	年衰岁暮	nián shuāi suì mù
P	年谊世好	nián yì shì hǎo
P	年谷不登	nián gǔ bù dēng
P	年轻有为	nián qīng yǒu wéi
P	年高望重	nián gāo wàng zhòng
P	并世无两	bìng shì wú liǎng
P	并为一谈	bìng wéi yī tán
P	并威偶势	bìng wēi ǒu shì
P	并存不悖	bìng cún bù bèi
P	并容徧覆	bìng róng biàn fù
P	并日而食	bìng rì ér shí
P	并疆兼巷	bìng jiāng jiān xiàng
P	并肩作战	bìng jiān zuò zhàn
P	并蒂芙蓉	bìng dì fú róng
P	并行不悖	bìng xíng bù bèi
P	并赃拿贼	bìng zāng ná zéi
P	并驱争先	bìng qū zhēng xiān
P	并驾齐驱	bìng jià qí qū
P	幸灾乐祸	xìng zāi lè huò
P	幺麽小丑	yāo mó xiǎo chǒu
P	幼学壮行	yòu xué zhuàng xíng
P	幽期密约	yōu qī mì yuē
P	广东音乐	guǎng dōng yīn yuè
P	广厦万间	guǎng shà wàn jiān
P	广土众民	guǎng tǔ zhòng mín
P	广夏细旃	guǎng xià xì zhān
P	广寒仙子	guǎng hán xiān zǐ
P	广庭大众	guǎng tíng dà zhòng
P	广开才路	guǎng kāi cái lù
P	广开言路	guǎng kāi yán lù
P	广播体操	guǎng bō tǐ cāo
P	广播电台	guǎng bō diàn tái
P	广文先生	guǎng wén xiān shēng
P	广种薄收	guǎng zhòng bó shōu
P	广结良缘	guǎng jié liáng yuán
P	广而告之	guǎng ér gào zhī
P	广而言之	guǎng ér yán zhī
P	广见洽闻	guǎng jiàn qià wén
P	广角镜头	guǎng jiǎo jìng tóu
P	广譬曲谕	guǎng pì qǔ yù
P	广陵散绝	guǎng líng sǎn jué
P	庄严宝相	zhuāng yán bǎo xiàng
P	庆吊不行	qìng diào bù xíng
P	床上叠床	chuáng shàng dié chuáng
P	床上安床	chuáng shàng ān chuáng
P	床上施床	chuáng shàng shī chuáng
P	床上迭床	chuáng shàng dié chuáng
P	床下牛斗	chuáng xià niú dòu
P	床头金尽	chuáng tóu jīn jìn
P	应付帐款	yīng fù zhàng kuǎn
P	应付自如	yìng fù zì rú
P	应付裕如	yìng fù yù rú
P	应刃而解	yìng rèn ér jiě
P	应变无方	yìng biàn wú fāng
P	应名点卯	yìng míng diǎn mǎo
P	应天从人	yìng tiān cóng rén
P	应天承运	yìng tiān chéng yùn
P	应天顺人	yìng tiān shùn rén
P	应天顺时	yīng tiān shùn shí
P	应天顺民	yìng tiān shùn mín
P	应对如响	yìng duì rú xiǎng
P	应对如流	yìng duì rú liú
P	应对得体	yìng duì dé tǐ
P	应弦而倒	yìng xián ér dǎo
P	应接不暇	yìng jiē bù xiá
P	应时对景	yìng shí duì jǐng
P	应有尽有	yīng yǒu jìn yǒu
P	应机立断	yìng jī lì duàn
P	应权通变	yìng quán tōng biàn
P	应答如响	yìng dá rú xiǎng
P	应答如流	yìng dá rú liú
P	应节合拍	yìng jié hé pāi
P	应运而生	yìng yùn ér shēng
P	底死谩生	dǐ sǐ màn shēng
P	庖丁解牛	páo dīng jiě niú
P	庚癸频呼	gēng guǐ pín hū
P	庞然大物	páng rán dà wù
P	庞眉白发	páng méi bái fà
P	庞眉皓发	páng méi hào fà
P	庞眉鹤发	páng méi hè fā
P	庞眉黄发	páng méi huáng fā
P	废寝忘食	fèi qǐn wàng shí
P	废文任武	fèi wén rèn wǔ
P	度人之心	duó rén zhī xīn
P	度人之腹	duó rén zhī fù
P	度外之人	dù wài zhī rén
P	度己以绳	duó jǐ yǐ shéng
P	度德量力	duó dé liàng lì
P	度日如岁	dù rì rú suì
P	度日如年	dù rì rú nián
P	度长絜大	dù cháng xié dà
P	度长絜短	dù cháng xié duǎn
P	康庄大道	kāng zhuāng dà dào
P	庸中佼佼	yōng zhōng jiǎo jiǎo
P	庸中皦皦	yōng zhōng jiǎo jiǎo
P	庸庸碌碌	yōng yōng lù lù
P	庸言庸行	yōng yán yōng xíng
P	廉可寄财	lián kě jì cái
P	廉政建设	lián zhèng jiàn shè
P	廉明公正	lián míng gōng zhèng
P	廉而不刿	lián ér bù guì
P	廉远堂高	lián yuǎn táng gāo
P	廓达大度	kuò dá dà dù
P	延津之合	yán jīn zhī hé
P	延津剑合	yán jīn jiàn hé
P	延颈举踵	yán jǐng jǔ zhǒng
P	延颈企踵	yán jǐng qǐ zhǒng
P	延颈跂踵	yán jǐng qǐ zhǒng
P	延颈鹤望	yán jǐng hè wàng
P	廷争面折	tíng zhēng miàn zhé
P	建筑面积	jiàn zhù miàn jī
P	开云见天	kāi yún jiàn tiān
P	开云见日	kāi yún jiàn rì
P	开华结果	kāi huā jié guǒ
P	开卷有益	kāi juàn yǒu yì
P	开口见心	kāi kǒu jiàn xīn
P	开口见胆	kāi kǒu jiàn dǎn
P	开台锣鼓	kāi tái luó gǔ
P	开合自如	kāi hé zì rú
P	开国承家	kāi guó chéng jiā
P	开基创业	kāi jī chuàng yè
P	开天辟地	kāi tiān pì dì
P	开心见肠	kāi xīn jiàn cháng
P	开心见胆	kāi xīn jiàn dǎn
P	开心见诚	kāi xīn jiàn chéng
P	开怀大笑	kāi huái dà xiào
P	开源节流	kāi yuán jié liú
P	开疆展土	kāi jiāng zhǎn tǔ
P	开疆拓土	kāi jiāng tuò tǔ
P	开疆拓境	kāi jiāng tuò jìng
P	开疆拓宇	kāi jiāng tuò yǔ
P	开疆辟土	kāi jiāng pì tǔ
P	开花结实	kāi huā jié shí
P	开花结果	kāi huā jié guǒ
P	开诚相见	kāi chéng xiāng jiàn
P	开锣喝道	kāi luó hè dào
P	开门见山	kāi mén jiàn shān
P	异口同声	yì kǒu tóng shēng
P	异口同音	yì kǒu tóng yīn
P	异口同韵	yì kǒu tóng yùn
P	异名同实	yì míng tóng shí
P	异地相逢	yì dì xiāng féng
P	异宝奇珍	yì bǎo qí zhēn
P	异曲同工	yì qǔ tóng gōng
P	异木奇花	yì mù qí huā
P	异涂同归	yì tú tóng guī
P	异端邪说	yì duān xié shuō
P	异草奇花	yì cǎo qí huā
P	异路同归	yì lù tóng guī
P	异途同归	yì tú tóng guī
P	异闻传说	yì wén chuán shuō
P	弃义倍信	qì yì bèi xìn
P	弃之可惜	qì zhī kě xī
P	弃之度外	qì zhī dù wài
P	弃伪从真	qì wěi cóng zhēn
P	弃其馀鱼	qì qí yú yú
P	弃同即异	qì tóng jí yì
P	弃好背盟	qì hǎo bèi méng
P	弃家荡产	qì jiā dàng chǎn
P	弃恶从善	qì è cóng shàn
P	弃易求难	qì yì qiú nán
P	弃琼拾砾	qì qióng shí lì
P	弃瑕忘过	qì xiá wàng guò
P	弃甲倒戈	qì jiǎ dǎo gē
P	弃甲曳兵	qì jiǎ yè bīng
P	弃短就长	qì duǎn jiù cháng
P	弃短用长	qì duǎn yòng cháng
P	弃笔从戎	qì bǐ cóng róng
P	弃若敝屣	qì ruò bì xǐ
P	弃车走林	qì chē zǒu lín
P	弃过图新	qì guò tú xīn
P	弃道任术	qì dào rèn shù
P	弃邪从正	qì xié cóng zhèng
P	弃邪归正	qì xié guī zhèng
P	弄假成真	nòng jiǎ chéng zhēn
P	弄兵潢池	nòng bīng huáng chí
P	弄口鸣舌	nòng kǒu míng shé
P	弄嘴弄舌	nòng zuǐ nòng shé
P	弄巧反拙	nòng qiǎo fǎn zhuō
P	弄巧成拙	nòng qiǎo chéng zhuō
P	弄影团风	nòng yǐng tuán fēng
P	弄性尚气	nòng xìng shàng qì
P	弄成一团	nòng chéng yì tuán
P	弄斤操斧	nòng jīn cāo fǔ
P	弄斧班门	nòng fǔ bān mén
P	弄月吟风	nòng yuè yín fēng
P	弄月嘲风	nòng yuè cháo fēng
P	弄法舞文	nòng fǎ wǔ wén
P	弄玉吹箫	nòng yù chuī xiāo
P	弄璋之喜	nòng zhāng zhī xǐ
P	弄瓦之喜	nòng wǎ zhī xǐ
P	弄眉挤眼	nòng méi jǐ yǎn
P	弄神弄鬼	nòng shén nòng guǐ
P	弄竹弹丝	nòng zhú dàn sī
P	弄管调弦	nòng guǎn tiáo xián
P	弄粉调朱	nòng fěn diào zhū
P	弄虚作假	nòng xū zuò jiǎ
P	弄鬼妆幺	nòng guǐ zhuāng yāo
P	弄鬼弄神	nòng guǐ nòng shén
P	弄鬼掉猴	nòng guǐ diào hóu
P	弊绝风清	bì jué fēng qīng
P	弊衣疏食	bì yī shū shí
P	弊衣箪食	bì yī dān shí
P	弊衣蔬食	bì yī shū shí
P	弊车羸马	bì chē léi mǎ
P	弋人何篡	yì rén hé cuàn
P	弓影杯蛇	gōng yǐng bēi shé
P	弓折刀尽	gōng zhé dāo jìn
P	弓腰曲背	gōng yāo qū bèi
P	弓调马服	gōng diào mǎ fú
P	引人深思	yǐn rén shēn sī
P	引人瞩目	yǐn rén zhǔ mù
P	引以为憾	yǐn yǐ wéi hàn
P	引以为戒	yǐn yǐ wéi jiè
P	引以为耻	yǐn yǐ wéi chǐ
P	引以为荣	yǐn yǐ wéi róng
P	引以为鉴	yǐn yǐ wéi jiàn
P	引以自豪	yǐn yǐ zì háo
P	引吭悲歌	yǐn háng bēi gē
P	引吭高唱	yǐn háng gāo chàng
P	引吭高声	yǐn háng gāo shēng
P	引吭高歌	yǐn háng gāo gē
P	引商刻角	yǐn shāng kè jiǎo
P	引新吐故	yǐn xīn tǔ gù
P	引短推长	yǐn duǎn tuī cháng
P	引经据典	yǐn jīng jù diǎn
P	引经据古	yǐn jīng jù gǔ
P	引绳切墨	yǐn shéng qiē mò
P	引绳排根	yǐn shéng pái gēn
P	引而不发	yǐn ér bù fā
P	引蛇出洞	yǐn shé chū dòng
P	引车卖浆	yǐn chē mài jiāng
P	引过自责	yǐn guò zì zé
P	引针拾芥	yǐn zhēn shí jiè
P	引锥刺股	yǐn zhuī cì gǔ
P	引颈受戮	yǐn jǐng shòu lù
P	引风吹火	yǐn fēng chuī huǒ
P	引鬼上门	yǐn guǐ shàng mén
P	弘奖风流	hóng jiǎng fēng liú
P	弛高骛远	chí gāo wù yuǎn
P	弟男子侄	dì nán zǐ zhí
P	张冠李戴	zhāng guān lǐ dài
P	张口结舌	zhāng kǒu jié shé
P	张大其事	zhāng dà qí shì
P	张大其词	zhāng dà qí cí
P	张大其辞	zhāng dà qí cí
P	张灯结彩	zhāng dēng jié cǎi
P	张灯结采	zhāng dēng jié cǎi
P	张牙舞爪	zhāng yá wǔ zhǎo
P	张王李赵	zhāng wáng lǐ zhào
P	张王赵李	zhāng wáng zhào lǐ
P	张皇其事	zhāng huáng qí shì
P	张眼露睛	zhāng yǎn lù jīng
P	张脉偾兴	zhāng mài fèn xīng
P	弥天大祸	mí tiān dà huò
P	弥天大罪	mí tiān dà zuì
P	弥天大谎	mí tiān dà huǎng
P	弥山亘野	mí shān gèn yě
P	弥日累夜	mí rì lèi yè
P	弥留之际	mí liú zhī jì
P	弥缝其阙	mí féng qí què
P	弥补损失	mí bǔ sǔn shī
P	弦外有音	xián wài yǒu yīn
P	弦无虚发	xián wú xū fā
P	弯弯曲曲	wān wān qū qū
P	弱不好弄	ruò bù hǎo nòng
P	弱不禁风	ruò bù jīn fēng
P	弱不胜衣	ruò bù shèng yī
P	弱本强末	ruò běn qiáng mò
P	弱肉强食	ruò ròu qiáng shí
P	弸中彪外	péng zhōng biāo wài
P	弹丝品竹	tán sī pǐn zhú
P	弹丸之地	dàn wán zhī dì
P	弹丸脱手	tán wán tuō shǒu
P	弹丸黑子	dàn wán hēi zǐ
P	弹丸黑志	dàn wán hēi zhì
P	弹冠振衣	tán guān zhèn yī
P	弹冠振衿	tán guān zhèn jīn
P	弹冠相庆	tán guān xiāng qìng
P	弹冠结绶	tán guān jié shòu
P	弹剑作歌	tán jiàn zuò gē
P	弹尽援绝	dàn jìn yuán jué
P	弹尽粮绝	dàn jìn liáng jué
P	弹指之间	tán zhǐ zhī jiān
P	弹斤估两	tán jīn gū liǎng
P	弹无虚发	dàn wú xū fā
P	弹空说嘴	tán kōng shuō zuǐ
P	弹铗无鱼	dàn jiá wú yú
P	弹雨枪林	dàn yǔ qiāng lín
P	强人所难	qiǎng rén suǒ nán
P	强作解人	qiǎng zuò jiě rén
P	强兵富国	qiáng bīng fù guó
P	强凫变鹤	qiáng fú biàn hè
P	强加于人	qiáng jiā yú rén
P	强取豪夺	qiáng qǔ háo duó
P	强唇劣嘴	qiáng chún liè zuǐ
P	强嘴拗舌	jiàng zuǐ niù shé
P	强嘴硬牙	jiàng zuǐ yìng yá
P	强奸民意	qiáng jiān mín yì
P	强干弱枝	qiáng gān ruò zhī
P	强弓劲弩	qiáng gōng jìng nǔ
P	强弩之末	qiáng nǔ zhī mò
P	强弩之极	qiáng nǔ zhī jí
P	强弩末矢	qiáng nǔ mò shǐ
P	强强联合	qiáng qiáng lián hé
P	强得易贫	qiǎng dé yì pín
P	强文假醋	qiǎng wén jiǎ cù
P	强文浉醋	qiáng wén shī cù
P	强本弱支	qiáng běn ruò zhī
P	强本弱末	qiáng běn ruò mò
P	强本弱枝	qiáng běn ruò zhī
P	强本节用	qiáng běn jié yòng
P	强枝弱本	qiáng zhī ruò běn
P	强死强活	qiǎng sǐ qiǎng huó
P	强死赖活	qiǎng sǐ lài huó
P	强直自遂	qiáng zhí zì suí
P	强而后可	qiǎng ér hòu kě
P	强聒不舍	qiǎng guō bù shě
P	强自取折	qiáng zì qǔ shé
P	强自取柱	qiáng zì qǔ zhù
P	强记博闻	qiáng jì bó wén
P	强识博闻	qiǎng shí bó wén
P	强词夺正	qiǎng cí duó zhèng
P	强词夺理	qiǎng cí duó lǐ
P	强颜欢笑	qiǎng yán huān xiào
P	强食弱肉	qiáng shí ruò ròu
P	强食自爱	qiǎng shí zì ài
P	强食靡角	qiǎng shí mí jiǎo
P	归之若水	guī zhī ruò shuǐ
P	归奇顾怪	guī qí gù guài
P	归心似箭	guī xīn sì jiàn
P	归根到底	guī gēn dào dǐ
P	归根究柢	guī gēn jiū dǐ
P	归根结底	guī gēn jié dǐ
P	归根结柢	guī gēn jié dǐ
P	归根结蒂	guī gēn jié dì
P	归正守丘	guī zhèng shǒu qiū
P	归正邱首	guī zhèng qiū shǒu
P	归正首丘	guī zhèng shǒu qiū
P	归正首邱	guī zhèng shǒu qiū
P	归真反朴	guī zhēn fǎn pǔ
P	归邪转曜	guī xié zhuǎn yào
P	当世才度	dāng shì cái dù
P	当世无双	dāng shì wú shuāng
P	当中间儿	dāng zhōng jiān er
P	当之无愧	dāng zhī wú kuì
P	当之有愧	dāng zhī yǒu kuì
P	当仁不让	dāng rén bù ràng
P	当今无辈	dāng jīn wú bèi
P	当刑而王	dāng xíng ér wáng
P	当务之急	dāng wù zhī jí
P	当务始终	dāng wù shǐ zhōng
P	当场出丑	dāng chǎng chū chǒu
P	当场出彩	dāng chǎng chū cǎi
P	当外人看	dàng wài rén kàn
P	当头一棒	dāng tóu yī bàng
P	当头对面	dāng tóu duì miàn
P	当头棒喝	dāng tóu bàng hè
P	当家作主	dāng jiā zuò zhǔ
P	当家做主	dāng jiā zuò zhǔ
P	当家理纪	dāng jiā lǐ jì
P	当家立业	dāng jiā lì yè
P	当家立事	dāng jiā lì shì
P	当家立纪	dāng jiā lì jì
P	当家立计	dāng jiā lì jì
P	当局者迷	dāng jú zhě mí
P	当断不断	dāng duàn bù duàn
P	当机立决	dāng jī lì jué
P	当机立断	dāng jī lì duàn
P	当着不着	dāng zhuó bù zhuó
P	当立之年	dāng lì zhī nián
P	当耳旁风	dāng ěr páng fēng
P	当耳边风	dāng ěr biān fēng
P	当行出色	dāng háng chū sè
P	当行本色	dāng háng běn sè
P	当轴处中	dāng zhóu chǔ zhōng
P	当铺老板	dàng pù lǎo bǎn
P	当门抵户	dāng mén dǐ hù
P	当面错过	dāng miàn cuò guò
P	当风秉烛	dāng fēng bǐng zhú
P	彘肩斗酒	zhì jiān dòu jiǔ
P	形劫势禁	xíng jié shì jìn
P	形单影双	xíng dān yǐng shuāng
P	形单影只	xíng dān yǐng zhī
P	形只影单	xíng zhī yǐng dān
P	形孤影只	xíng gū yǐng zhī
P	形影不离	xíng yǐng bù lí
P	形影相依	xíng yǐng xiāng yī
P	形影相吊	xíng yǐng xiāng diào
P	形影相对	xíng yǐng xiāng duì
P	形影相附	xíng yǐng xiāng fù
P	形影相随	xíng yǐng xiāng suí
P	形枉影曲	xíng wǎng yǐng qū
P	形格势禁	xíng gé shì jìn
P	形神兼备	xíng shén jiān bèi
P	形禁势格	xíng jìn shì gé
P	形而上学	xíng ér shàng xué
P	形象工程	xíng xiàng gōng chéng
P	形象思维	xíng xiàng sī wéi
P	形迹可疑	xíng jì kě yí
P	形销骨立	xíng xiāo gǔ lì
P	彩云易散	cǎi yún yì sàn
P	彩色玻璃	cǎi sè bō lí
P	彩衣娱亲	cǎi yī yú qīn
P	彪形大汉	biāo xíng dà hàn
P	彫章镂句	diāo zhāng lòu jù
P	彫肝琢肾	diāo gān zhuó shèn
P	彬彬有礼	bīn bīn yǒu lǐ
P	彬彬济济	bīn bīn jǐ jǐ
P	彰善瘅恶	zhāng shàn dàn è
P	彰明昭着	zhāng míng zhāo zhe
P	彰明昭著	zhāng míng zhāo zhù
P	彰明较着	zhāng míng jiào zhù
P	彰明较著	zhāng míng jiào zhù
P	影只形单	yǐng zhī xíng dān
P	影只形孤	yǐng zhī xíng gū
P	影子内阁	yǐng zi nèi gé
P	影形不离	yǐng xíng bù lí
P	影影绰绰	yǐng yǐng chuò chuò
P	彻上彻下	chè shàng chè xià
P	彻内彻外	chè nèi chè wài
P	彻头彻尾	chè tóu chè wěi
P	彻首彻尾	chè shǒu chè wěi
P	彼倡此和	bǐ chàng cǐ hè
P	彼唱此和	bǐ chàng cǐ hè
P	往渚还汀	wǎng zhǔ huán tīng
P	征敛无度	zhēng liǎn wú dù
P	径情直行	jìng qíng zhí xíng
P	径行直遂	jìng xíng zhí suí
P	待人接物	dài rén jiē wù
P	待价而沽	dài jià ér gū
P	待兔守株	dài tù shǒu zhū
P	待字闺中	dài zì guī zhōng
P	待时守分	dài shí shǒu fèn
P	待时而动	dài shí ér dòng
P	待月西厢	dài yuè xī xiāng
P	待理不理	dài lǐ bù lǐ
P	待贾而沽	dài jiǎ ér gū
P	徒唤奈何	tú huàn nài hé
P	徒子徒孙	tú zǐ tú sūn
P	徒托空言	tú tuō kōng yán
P	徒有其名	tú yǒu qí míng
P	徒有其表	tú yǒu qí biǎo
P	徒有虚名	tú yǒu xū míng
P	徒讬空言	tú tuō kōng yán
P	徒读父书	tú dú fù shū
P	得不偿丧	dé bù cháng sàng
P	得不偿失	dé bù cháng shī
P	得不补失	dé bù bǔ shī
P	得不酬失	dé bù chóu shī
P	得人死力	dé rén sǐ lì
P	得兔忘蹄	dé tù wàng tí
P	得其三昧	dé qí sān mèi
P	得其所哉	dé qí suǒ zāi
P	得喝水了	děi hē shuǐ le
P	得天独厚	dé tiān dú hòu
P	得失参半	dé shī cān bàn
P	得失在人	dé shī zài rén
P	得失成败	dé shī chéng bài
P	得失相半	dé shī xiāng bàn
P	得失荣枯	dé shī róng kū
P	得婿如龙	dé xù rú lóng
P	得寸得尺	dé cùn dé chǐ
P	得寸进尺	dé cùn jìn chǐ
P	得尺得寸	dé chǐ dé cùn
P	得心应手	dé xīn yìng shǒu
P	得意之作	dé yì zhī zuò
P	得意之色	dé yì zhī sè
P	得意忘形	dé yì wàng xíng
P	得意忘言	dé yì wàng yán
P	得意忘象	dé yì wàng xiàng
P	得意扬扬	dé yì yáng yáng
P	得意洋洋	dé yì yáng yáng
P	得意起来	dé yì qǐ lái
P	得意门生	dé yì mén shēng
P	得手应心	dé shǒu yīng xīn
P	得月较先	dé yuè jiào xiān
P	得未尝有	dé wèi cháng yǒu
P	得未曾有	dé wèi céng yǒu
P	得步进步	dé bù jìn bù
P	得而复失	dé ér fù shī
P	得胜回朝	dé shèng huí cháo
P	得胜头回	dé shèng tóu huí
P	得薄能鲜	dé bó néng xiān
P	得过且过	dé guò qiě guò
P	得道多助	dé dào duō zhù
P	得陇望蜀	dé lǒng wàng shǔ
P	得马失马	dé mǎ shī mǎ
P	得马折足	dé mǎ shé zú
P	得马生灾	dé mǎ shēng zāi
P	得鱼忘筌	dé yú wàng quán
P	得鱼忘荃	dé yú wàng quán
P	徙善远罪	xǐ shàn yuǎn zuì
P	徙宅忘妻	xǐ zhái wàng qī
P	徙薪曲突	xǐ xīn qū tū
P	御沟红叶	yù gōu hóng yè
P	循名核实	xún míng hé shí
P	循序渐进	xún xù jiàn jìn
P	循诵习传	xún sòng xí chuán
P	微不足道	wēi bù zú dào
P	微乎其微	wēi hū qí wēi
P	微服私行	wēi fú sī xíng
P	微言大义	wēi yán dà yì
P	微言大谊	wēi yán dà yì
P	微过细故	wēi guò xì gù
P	德尊望重	dé zūn wàng zhòng
P	德州扒鸡	dé zhōu pá jī
P	德浅行薄	dé qiǎn xíng báo
P	德胜头迴	dé shèng tóu huí
P	德薄才疏	dé bó cái shū
P	德薄才鲜	dé báo cái xiān
P	德薄能鲜	dé bó néng xiǎn
P	德配天地	dé pèi tiān dì
P	德重恩弘	dé zhòng ēn hóng
P	德隆望重	dé lóng wàng zhòng
P	德音莫违	dé yīn mò wéi
P	德高望重	dé gāo wàng zhòng
P	心上心下	xīn shàng xīn xià
P	心不两用	xīn bù liǎng yòng
P	心不在焉	xīn bù zài yān
P	心不应口	xīn bù yīng kǒu
P	心不由主	xīn bù yóu zhǔ
P	心不由意	xīn bù yóu yì
P	心中一懔	xīn zhōng yì lǐn
P	心中无数	xīn zhōng wú shù
P	心中有数	xīn zhōng yǒu shù
P	心事重重	xīn shì chóng chóng
P	心低意沮	xīn dī yì jǔ
P	心到神知	xīn dào shén zhī
P	心力衰竭	xīn lì shuāi jié
P	心去难留	xīn qù nán liú
P	心口不一	xīn kǒu bù yī
P	心口相应	xīn kǒu xiāng yīng
P	心同止水	xīn tóng zhǐ shuǐ
P	心回意转	xīn huí yì zhuǎn
P	心在魏阙	xīn zài wèi què
P	心坚石穿	xīn jiān shí chuān
P	心头撞鹿	xīn tóu zhuàng lù
P	心头鹿撞	xīn tóu lù zhuàng
P	心如坚石	xīn rú jiān shí
P	心如木石	xīn rú mù shí
P	心如金石	xīn rú jīn shí
P	心如铁石	xīn rú tiě shí
P	心存疑虑	xīn cún yí lǜ
P	心存芥蒂	xīn cún jiè dì
P	心安理得	xīn ān lǐ dé
P	心宽体胖	xīn kuān tǐ pán
P	心寒胆落	xīn hán dǎn luò
P	心小志大	xīn xiǎo zhì dà
P	心平气和	xīn píng qì hé
P	心广体胖	xīn guǎng tǐ pán
P	心心相印	xīn xīn xiāng yìn
P	心心相连	xīn xīn xiāng lián
P	心急火燎	xīn jí huǒ liǎo
P	心悦诚服	xīn yuè chéng fú
P	心惊肉跳	xīn jīng ròu tiào
P	心惊胆落	xīn jīng dǎn luò
P	心惊胆裂	xīn jīng dǎn liè
P	心惊胆颤	xīn jīng dǎn zhàn
P	心慌撩乱	xīn huāng liáo luàn
P	心慕手追	xīn mù shǒu zhuī
P	心手相应	xīn shǒu xiāng yìng
P	心手相忘	xīn shǒu xiāng wàng
P	心拙口夯	xīn zhuō kǒu bèn
P	心摹手追	xīn mó shǒu zhuī
P	心无旁骛	xīn wú páng wù
P	心旷神愉	xīn kuàng shén yú
P	心有余悸	xīn yǒu yú jì
P	心服口服	xīn fú kǒu fú
P	心服首肯	xīn fú shǒu kěn
P	心术不正	xīn shù bù zhèng
P	心术不端	xīn shù bù duān
P	心殒胆落	xīn yǔn dǎn luò
P	心浮气盛	xīn fú qì shèng
P	心满意得	xīn mǎn yì dé
P	心潮起伏	xīn cháo qǐ fú
P	心焦火燎	xīn jiāo huǒ liáo
P	心照不宣	xīn zhào bù xuān
P	心狠手毒	xīn hěn shǒu dú
P	心理医生	xīn lǐ yī shēng
P	心电感应	xīn diàn gǎn yìng
P	心痒难抓	xīn yǎng nán zhuā
P	心痒难挝	xīn yǎng nán zhuā
P	心痒难挠	xīn yǎng nán náo
P	心痒难揉	xīn yǎng nán róu
P	心瞻魏阙	xīn zhān wèi què
P	心知其意	xīn zhī qí yì
P	心神不宁	xīn shén bù níng
P	心神不定	xīn shén bù dìng
P	心粗胆大	xīn cū dǎn dà
P	心细于发	xīn xì yú fā
P	心细如发	xīn xì rú fà
P	心织笔耕	xīn zhī bǐ gēng
P	心肌梗塞	xīn jī gěng sè
P	心胆俱裂	xīn dǎn jù liè
P	心腹大患	xīn fù dà huàn
P	心腹重患	xīn fù zhòng huàn
P	心花怒发	xīn huā nù fā
P	心若死灰	xīn ruò sǐ huī
P	心血来潮	xīn xuè lái cháo
P	心逸日休	xīn yì rì xiū
P	心长力短	xīn cháng lì duǎn
P	心长发短	xīn cháng fà duǎn
P	心长绠短	xīn cháng gěng duǎn
P	心雄万夫	xīn xióng wàn fū
P	心非巷议	xīn fēi xiàng yì
P	心领意会	xīn lǐng yì huì
P	心领神会	xīn lǐng shén huì
P	心驰魏阙	xīn chí wèi què
P	必不可少	bì bù kě shǎo
P	必不得已	bì bù dé yǐ
P	必不挠北	bì bù náo běi
P	必也正名	bì yě zhèng míng
P	必争之地	bì zhēng zhī dì
P	必操胜券	bì cāo shèng quàn
P	必然王国	bì rán wáng guó
P	必要产品	bì yào chǎn pǐn
P	必要劳动	bì yào láo dòng
P	必要条件	bì yào tiáo jiàn
P	必躬必亲	bì gōng bì qīn
P	忆苦思甜	yì kǔ sī tián
P	忍俊不住	rěn jùn bù zhù
P	忍俊不禁	rěn jùn bù jīn
P	忍无可忍	rěn wú kě rěn
P	忍辱负重	rěn rǔ fù zhòng
P	忍饥挨饿	rěn jī ái è
P	忐上忑下	tǎn shàng tè xià
P	忐忑不安	tǎn tè bù ān
P	忐忑不定	tǎn tè bù dìng
P	志同道合	zhì tóng dào hé
P	志坚行苦	zhì jiān xíng kǔ
P	志大才疏	zhì dà cái shū
P	志广才疏	zhì guǎng cái shū
P	志得意满	zhì dé yì mǎn
P	志得气盈	zhì dé qì yíng
P	志洁行芳	zhì jié xíng fāng
P	志满意得	zhì mǎn yì dé
P	志满气得	zhì mǎn qì dé
P	志美行厉	zhì měi xíng lì
P	忘乎其形	wàng hū qí xíng
P	忘其所以	wàng qí suǒ yǐ
P	忘啜废枕	wàng chuò fèi zhěn
P	忘寝废食	wàng qǐn fèi shí
P	忘年之契	wàng nián zhī qì
P	忘年之好	wàng nián zhī hǎo
P	忘形之契	wàng xíng zhī qì
P	忘恩背义	wàng ēn bèi yì
P	忘象得意	wàng xiàng dé yì
P	忙不择价	máng bù zé jià
P	忙中有失	máng zhōng yǒu shī
P	忙忙碌碌	máng máng lù lù
P	忠不避危	zhōng bù bì wēi
P	忠孝节义	zhōng xiào jié yì
P	忠贞不渝	zhōng zhēn bù yú
P	忠贞不贰	zhōng zhēn bù èr
P	忧国忘家	yōu guó wàng jiā
P	忧心悄悄	yōu xīn qiāo qiāo
P	忧深思远	yōu shēn sī yuǎn
P	忧盛危明	yōu shèng wēi míng
P	快人快语	kuài rén kuài yǔ
P	快意当前	kuài yì dāng qián
P	快犊破车	kuài dú pò chē
P	念兹在兹	niàn zī zài zī
P	念念不忘	niàn niàn bù wàng
P	念念有词	niàn niàn yǒu cí
P	忸怩不安	niǔ ní bù ān
P	忽忽不乐	hū hū bù lè
P	忽明忽暗	hū míng hū àn
P	忽隐忽现	hū yǐn hū xiàn
P	忿不顾身	fèn bù gù shēn
P	忿忿不平	fèn fèn bù píng
P	忿火中烧	fèn huǒ zhōng shāo
P	怀才不遇	huái cái bú yù
P	怀敌附远	huái dí fù yuǎn
P	怀珠韫玉	huái zhū yùn yù
P	怀璧其罪	huái bì qí zuì
P	怀着鬼胎	huái zhe guǐ tāi
P	怀铅提椠	huái qiān tí qiàn
P	怀铅握椠	huái qiān wò qiàn
P	怅然若失	chàng rán ruò shī
P	怆地呼天	chuàng dì hū tiān
P	怆天呼地	chuàng tiān hū dì
P	怏怏不乐	yàng yàng bù lè
P	怏怏不悦	yàng yàng bù yuè
P	怒不可遏	nù bù kě è
P	怒发冲冠	nù fà chōng guān
P	怒气冲冲	nù qì chōng chōng
P	怒气冲天	nù qì chōng tiān
P	怒气填胸	nù qì tián xiōng
P	怒火中烧	nù huǒ zhōng shāo
P	怒火冲天	nù huǒ chōng tiān
P	怒目切齿	nù mù qiè chǐ
P	怒目横眉	nù mù héng méi
P	怕风怯雨	pà fēng qiè yǔ
P	怕鬼有鬼	pà guǐ yǒu guǐ
P	怙恶不悛	hù è bù quān
P	怙终不悔	hù zhōng bù huǐ
P	怙终不悛	hù zhōng bù quān
P	怙过不悛	hù guò bù quān
P	怙顽不悛	hù wán bù quān
P	思不出位	sī bù chū wèi
P	思前想后	sī qián xiǎng hòu
P	思如涌泉	sī rú yǒng quán
P	思妇病母	sī fù bìng mǔ
P	思归其雌	sī guī qí cí
P	思患预防	sī huàn yù fáng
P	思想体系	sī xiǎng tǐ xì
P	思所逐之	sī suǒ zhú zhī
P	思深忧远	sī shēn yōu yuǎn
P	思潮起伏	sī cháo qǐ fú
P	思绪万千	sī xù wàn qiān
P	思维能力	sī wéi néng lì
P	思贤如渴	sī xián rú kě
P	怡堂燕雀	yí táng yàn què
P	怡然自乐	yí rán zì lè
P	怡然自得	yí rán zì dé
P	怡然自若	yí rán zì ruò
P	急不及待	jí bù jí dài
P	急不可待	jí bù kě dài
P	急不可耐	jí bù kě nài
P	急不择言	jí bù zé yán
P	急不择路	jí bù zé lù
P	急不择途	jí bù zé tú
P	急不暇择	jí bù xiá zé
P	急中生智	jí zhōng shēng zhì
P	急人之难	jí rén zhī nán
P	急公好义	jí gōng hào yì
P	急公好施	jí gōng hào shī
P	急功好利	jí gōng hào lì
P	急处从宽	jí chù cóng kuān
P	急如风火	jí rú fēng huǒ
P	急张拘诸	jí zhāng jū zhū
P	急拍繁弦	jí pāi fán xián
P	急敛暴征	jí liǎn bào zhēng
P	急景凋年	jí yǐng diāo nián
P	急景流年	jí jǐng liú nián
P	急竹繁丝	jí zhú fán sī
P	急管繁弦	jí guǎn fán xián
P	急脉缓受	jí mài huǎn shòu
P	急脉缓灸	jí mài huǎn jiǔ
P	急起直追	jí qǐ zhí zhuī
P	急转直下	jí zhuǎn zhí xià
P	急风暴雨	jí fēng bào yǔ
P	急风骤雨	jí fēng zhòu yǔ
P	怨入骨髓	yuàn rù gǔ suǐ
P	怨声载道	yuàn shēng zài dào
P	怨天怨地	yuàn tiān yuàn dì
P	怨女旷夫	yuàn nǚ kuàng fū
P	怨家债主	yuàn jiā zhài zhǔ
P	怨气冲天	yuàn qì chōng tiān
P	怪模怪样	guài mó guài yàng
P	怪石嶙峋	guài shí lín xún
P	怪诞不经	guài dàn bù jīng
P	怪诞诡奇	guài dàn guǐ qí
P	怪雨盲风	guài yǔ máng fēng
P	怫然不悦	fú rán bù yuè
P	怯头怯脑	qiè tóu qiè nǎo
P	总工程师	zǒng gōng chéng shī
P	总的说来	zǒng de shuō lái
P	总统套房	zǒng tǒng tào fáng
P	总角之交	zǒng jiǎo zhī jiāo
P	总角之好	zǒng jiǎo zhī hǎo
P	总起来看	zǒng qǐ lái kàn
P	恃强凌弱	shì qiáng líng ruò
P	恇怯不前	kuāng qiè bù qián
P	恋恋不舍	liàn liàn bù shě
P	恋恋难舍	liàn liàn nán shě
P	恋栈不去	liàn zhàn bù qù
P	恍然大悟	huǎng rán dà wù
P	恍然若失	huǎng rán ruò shī
P	恐怖分子	kǒng bù fèn zi
P	恐慌万状	kǒng huāng wàn zhuàng
P	恒河一沙	héng hé yī shā
P	恒河沙数	héng hé shā shù
P	恕不奉陪	shù bù fèng péi
P	恢宏大度	huī hóng dà dù
P	恢廓大度	huī kuò dà dù
P	恢恢有余	huī huī yǒu yú
P	恣凶稔恶	zì xiōng rěn è
P	恣心纵欲	zì xīn zòng yù
P	恣情纵欲	zì qíng zòng yù
P	恣意妄为	zì yì wàng wéi
P	恣意妄行	zì yì wàng xíng
P	恣无忌惮	zì wú jì dàn
P	恣睢无忌	zì suī wú jì
P	恣行无忌	zì xíng wú jì
P	恨之入骨	hèn zhī rù gǔ
P	恨入骨髓	hèn rù gǔ suǐ
P	恨如头醋	hèn rú tóu cù
P	恨海难填	hèn hǎi nán tián
P	恨相知晚	hèn xiāng zhī wǎn
P	恨相见晚	hèn xiāng jiàn wǎn
P	恩不放债	ēn bù fàng zhài
P	恩同再造	ēn tóng zài zào
P	恩同山岳	ēn tóng shān yuè
P	恩同父母	ēn tóng fù mǔ
P	恩威并用	ēn wēi bìng yòng
P	恩威并行	ēn wēi bìng xíng
P	恩将仇报	ēn jiāng chóu bào
P	恩怨分明	ēn yuàn fēn míng
P	恩恩相报	ēn ēn xiāng bào
P	恩有重报	ēn yǒu zhòng bào
P	恩深义重	ēn shēn yì zhòng
P	恩甚怨生	ēn shèn yuàn shēng
P	恩若再生	ēn ruò zài shēng
P	恩荣并济	ēn róng bìng jì
P	恩重如山	ēn zhòng rú shān
P	恩重泰山	ēn zhòng tài shān
P	恪守不渝	kè shǒu bù yú
P	恫疑虚喝	dòng yí xū hè
P	恫疑虚猲	dòng yí xū gé
P	恬不为怪	tián bù wéi guài
P	恬不为意	tián bù wéi yì
P	恬不知怪	tián bù zhī guài
P	恬不知愧	tián bù zhī kuì
P	恬不知羞	tián bù zhī xiū
P	恬不知耻	tián bù zhī chǐ
P	恬淡无为	tián dàn wú wéi
P	恭而有礼	gōng ér yǒu lǐ
P	恭行天罚	gōng xíng tiān fá
P	恭逢其盛	gōng féng qí shèng
P	息事宁人	xī shì níng rén
P	息息相关	xī xī xiāng guān
P	息息相通	xī xī xiāng tōng
P	息迹静处	xī jì jìng chù
P	恰到好处	qià dào hǎo chù
P	恰如其分	qià rú qí fèn
P	恶不去善	wù bù qù shàn
P	恶叉白赖	è chā bái lài
P	恶声恶气	è shēng è qì
P	恶尘无染	è chén wú rǎn
P	恶居下流	wù jū xià liú
P	恶性循环	è xìng xún huán
P	恶性肿瘤	è xìng zhǒng liú
P	恶恶从短	wù wù cóng duǎn
P	恶意中伤	è yì zhòng shāng
P	恶有恶报	è yǒu è bào
P	恶湿居下	wù shī jū xià
P	恶直丑正	è zhí chǒu zhèng
P	恶积祸盈	è jī huò yíng
P	恶籍盈指	è jí yíng zhǐ
P	恶紫夺朱	wù zǐ duó zhū
P	恶衣恶食	è yī è shí
P	恶衣粝食	è yī lì shí
P	恶衣菲食	è yī fēi shí
P	恶衣蔬食	è yī shū shí
P	恶言厉色	è yán lì sè
P	恶言詈辞	è yán lì cí
P	恶语中伤	è yǔ zhòng shāng
P	恶语伤人	è yǔ shāng rén
P	恶语相加	è yǔ xiāng jiā
P	恶贯已盈	è guàn yǐ yíng
P	恶贯满盈	è guàn mǎn yíng
P	恶迹昭着	è jì zhāo zhe
P	恶迹昭著	è jì zhāo zhù
P	恶醉强酒	wù zuì qiǎng jiǔ
P	恻隐之心	cè yǐn zhī xīn
P	悃愊无华	kǔn bì wú huá
P	悄然无声	qiǎo rán wú shēng
P	悉索薄赋	xī suǒ bó fù
P	悍然不顾	hàn rán bù gù
P	悒悒不乐	yì yì bù lè
P	悔不当初	huǐ bù dāng chū
P	悔之不及	huǐ zhī bù jí
P	悔其少作	huǐ qí shǎo zuò
P	悔读南华	huǐ dú nán huá
P	悔过自新	huǐ guò zì xīn
P	悔过自责	huǐ guò zì zé
P	悠游自得	yōu yóu zì dé
P	悠然自得	yōu rán zì dé
P	患得患失	huàn dé huàn shī
P	患难与共	huàn nàn yǔ gòng
P	患难之交	huàn nàn zhī jiāo
P	患难夫妻	huàn nàn fū qī
P	悦近来远	yuè jìn lái yuǎn
P	悬剑空垄	xuán jiàn kōng lǒng
P	悬头刺股	xuán tóu cì gǔ
P	悬崖勒马	xuán yá lè mǎ
P	悬崖撒手	xuán yá sā shǒu
P	悬崖转石	xuán yá zhuǎn shí
P	悬旌万里	xuán jīng wàn lǐ
P	悬梁刺股	xuán liáng cì gǔ
P	悬梁刺骨	xuán liáng cì gǔ
P	悬灯结彩	xuán dēng jié cǎi
P	悬狟素飡	xuán huán sù cān
P	悬石程书	xuán dàn chéng shū
P	悬肠挂肚	xuán cháng guà dù
P	悬若日月	xuán ruò rì yuè
P	悬车之岁	xuán chē zhī suì
P	悬车之年	xuán chē zhī nián
P	悬车告老	xuán chē gào lǎo
P	悬车束马	xuán chē shù mǎ
P	悬车致仕	xuán chē zhì shì
P	悬首吴阙	xuán shǒu wú què
P	悬驼就石	xuán tuó jiù shí
P	悬鹑百结	xuán chún bǎi jié
P	悬鼓待椎	xuán gǔ dài zhuī
P	悬龟系鱼	xuán guī xì yú
P	悲不自胜	bēi bù zì shèng
P	悲从中来	bēi cóng zhōng lái
P	悲声载道	bēi shēng zài dào
P	悲悲切切	bēi bēi qiè qiē
P	悲愤填膺	bēi fèn tián yīng
P	悲欢离合	bēi huān lí hé
P	悲歌击筑	bēi gē jī zhù
P	悲观主义	bēi guān zhǔ yì
P	悲观厌世	bēi guān yàn shì
P	情不可却	qíng bù kě què
P	情不自已	qíng bù zì yǐ
P	情不自禁	qíng bù zì jīn
P	情凄意切	qíng qī yì qiè
P	情同一家	qíng tóng yī jiā
P	情同手足	qíng tóng shǒu zú
P	情同骨肉	qíng tóng gǔ ròu
P	情孚意合	qíng fú yì hé
P	情投契合	qíng tóu qì hé
P	情投意合	qíng tóu yì hé
P	情投谊合	qíng tóu yì hé
P	情文并茂	qíng wén bìng mào
P	情景交融	qíng jǐng jiāo róng
P	情有可原	qíng yǒu kě yuán
P	情深义重	qíng shēn yì zhòng
P	情深似海	qíng shēn sì hǎi
P	情深意重	qíng shēn yì zhòng
P	情深意长	qíng shēn yì cháng
P	情深骨肉	qíng shēn gǔ ròu
P	情理难容	qíng lǐ nán róng
P	情真意切	qíng zhēn yì qiè
P	情至意尽	qíng zhì yì jìn
P	情见乎言	qíng jiàn hū yán
P	情见乎词	qíng jiàn hū cí
P	情见乎辞	qíng xiàn hū cí
P	情见于色	qíng jiàn yú sè
P	情见力屈	qíng xiàn lì qū
P	情见势屈	qíng xiàn shì qū
P	情见埶竭	qíng jiàn shì jié
P	情逾骨肉	qíng yú gǔ ròu
P	情重姜肱	qíng zhòng jiāng gōng
P	情长纸短	qíng cháng zhǐ duǎn
P	情非得已	qíng fēi dé yǐ
P	情面难却	qíng miàn nán què
P	惊喜若狂	jīng xǐ ruò kuáng
P	惊天动地	jīng tiān dòng dì
P	惊心丧魄	jīng xīn sàng pò
P	惊心裂胆	jīng xīn liè dǎn
P	惊恐万状	jīng kǒng wàn zhuàng
P	惊惶万状	jīng huáng wàn zhuàng
P	惊才风逸	jīng cái fēng yì
P	惊蛇入草	jīng shé rù cǎo
P	惊见骇闻	jīng jiàn hài wén
P	惊采绝艳	jīng cǎi jué yàn
P	惊风怒涛	jīng fēng nù tāo
P	惊风骇浪	jīng fēng hài làng
P	惊魂丧魄	jīng hún sàng pò
P	惊魂摄魄	jīng hún shè pò
P	惊魂落魄	jīng hún luò pò
P	惘然若失	wǎng rán ruò shī
P	惙怛伤悴	chuò dá shāng cuì
P	惜客好义	xī kè hào yì
P	惟利是趋	wéi lì shì qū
P	惟命是从	wéi mìng shì cóng
P	惟妙惟肖	wéi miào wéi xiào
P	惟所欲为	wéi suǒ yù wéi
P	惟日不足	wéi rì bù zú
P	惟日为岁	wéi rì wéi suì
P	惟肖惟妙	wéi xiāo wéi miào
P	惠子知我	huì zǐ zhī wǒ
P	惠而不费	huì ér bù fèi
P	惠风和畅	huì fēng hé chàng
P	惨不忍睹	cǎn bù rěn dǔ
P	惨不忍言	cǎn bù rěn yán
P	惨不忍闻	cǎn bù rěn wén
P	惨澹经营	cǎn dàn jīng yíng
P	惨然不乐	cǎn rán bù lè
P	惨绿少年	cǎn lǜ shào nián
P	惨绿年华	cǎn lǜ nián huá
P	惨绿愁红	cǎn lǜ chóu hóng
P	惨雨酸风	cǎn yǔ suān fēng
P	惩恶劝善	chéng è quàn shàn
P	惬心贵当	qiè xīn guì dāng
P	惮赫千里	dàn hè qiān lǐ
P	惰性气体	duò xìng qì tǐ
P	想望丰采	xiǎng wàng fēng cǎi
P	想望风褱	xiǎng wàng fēng huái
P	想望风采	xiǎng wàng fēng cǎi
P	惴惴不安	zhuì zhuì bù ān
P	惶恐不安	huáng kǒng bù ān
P	惶惶不安	huáng huáng bù ān
P	惺惺相惜	xīng xīng xiāng xī
P	愀然不乐	qiǎo rán bù lè
P	愀然无乐	qiǎo rán wú lè
P	愁多夜长	chóu duō yè cháng
P	愁山闷海	chóu shān mèn hǎi
P	愁潘病沈	chóu pān bìng shěn
P	愁眉不展	chóu méi bù zhǎn
P	愁红怨绿	chóu hóng yuàn lǜ
P	愁红惨绿	chóu hóng cǎn lǜ
P	愁肠九转	chóu cháng jiǔ zhuǎn
P	愁肠百结	chóu cháng bǎi jié
P	愁长殢酒	chóu cháng tì jiǔ
P	愈来愈少	yù lái yù shǎo
P	意义深长	yì yì shēn cháng
P	意兴盎然	yì xìng àng rán
P	意兴索然	yì xīng suǒ rán
P	意合情投	yì hé qíng tóu
P	意味深长	yì wèi shēn cháng
P	意广才疏	yì guǎng cái shū
P	意得志满	yì dé zhì mǎn
P	意想不到	yì xiǎng bù dào
P	意气相得	yì qì xiāng dé
P	意气相投	yì qì xiāng tóu
P	意气自若	yì qì zì ruò
P	意气风发	yì qì fēng fā
P	意满志得	yì mǎn zhì dé
P	意识形态	yì shí xíng tài
P	意转心回	yì zhuǎn xīn huí
P	愚不可及	yú bù kě jí
P	愚夫愚妇	yú fū yú fù
P	愚夫蠢妇	yú fū chǔn fù
P	愚昧无知	yú mèi wú zhī
P	感今思昔	gǎn jīn sī xī
P	感同身受	gǎn tóng shēn shòu
P	感天动地	gǎn tiān dòng dì
P	感应电流	gǎn yìng diàn liú
P	感性认识	gǎn xìng rèn shí
P	感恩荷德	gǎn ēn hè dé
P	感慨万千	gǎn kǎi wàn qiān
P	感慨万端	gǎn kǎi wàn duān
P	感慨系之	gǎn kǎi xì zhī
P	感激不尽	gǎn jī bù jìn
P	感觉器官	gǎn jué qì guān
P	愣头愣脑	lèng tóu lèng nǎo
P	愤不欲生	fèn bù yù shēng
P	愤不顾身	fèn bù gù shēn
P	愤世疾邪	fèn shì jí xié
P	愤愤不平	fèn fèn bù píng
P	愤风惊浪	fèn fēng jīng làng
P	愧天怍人	kuì tiān zuò rén
P	愧悔无地	kuì huǐ wú dì
P	慈悲为本	cí bēi wéi běn
P	慌不择路	huāng bù zé lù
P	慎之又慎	shèn zhī yòu shèn
P	慎终追远	shèn zhōng zhuī yuǎn
P	慎重其事	shèn zhòng qí shì
P	慕古薄今	mù gǔ bó jīn
P	慢条丝礼	màn tiáo sī lǐ
P	慢条厮礼	màn tiáo sī lǐ
P	慢条斯理	màn tiáo sī lǐ
P	慢条斯礼	màn tiáo sī lǐ
P	慢藏诲盗	màn cáng huì dào
P	慧心巧思	huì xīn qiǎo sī
P	慨当以慷	kǎi dāng yǐ kāng
P	慨然应允	kǎi rán yīng yǔn
P	慷慨淋漓	kāng kǎi lín lí
P	慷慨解囊	kāng kǎi jiě náng
P	慷慨输将	kāng kǎi shū jiāng
P	憎爱分明	zēng ài fēn míng
P	憨状可掬	hān zhuàng kě jū
P	憬然有悟	jǐng rán yǒu wù
P	懦词怪说	nuò cí guài shuō
P	戈兰高地	gē lán gāo dì
P	戎马倥偬	róng mǎ kǒng zǒng
P	戎马倥傯	róng mǎ kǒng zǒng
P	戎马劻勷	róng mǎ kuāng ráng
P	戏彩娱亲	xì cǎi yú qīn
P	戏蝶游蜂	xì dié yóu fēng
P	成一家言	chéng yī jiā yán
P	成事不说	chéng shì bù shuō
P	成人教育	chéng rén jiào yù
P	成佛作祖	chéng fó zuò zǔ
P	成千上万	chéng qiān shàng wàn
P	成千成万	chéng qiān chéng wàn
P	成千累万	chéng qiān lèi wàn
P	成千论万	chéng qiān lùn wàn
P	成吉思汗	chéng jí sī hán
P	成名成家	chéng míng chéng jiā
P	成团打块	chéng tuán dǎ kuài
P	成家立业	chéng jiā lì yè
P	成家立计	chéng jiā lì jì
P	成帮结队	chéng bāng jié duì
P	成年累月	chéng nián lěi yuè
P	成王败寇	chéng wáng bài kòu
P	成群打伙	chéng qún dǎ huǒ
P	成群结伙	chéng qún jié huǒ
P	成群结党	chéng qún jié dǎng
P	成群结队	chéng qún jié duì
P	成败兴废	chéng bài xīng fèi
P	成败得失	chéng bài dé shī
P	成败论人	chéng bài lùn rén
P	成都平原	chéng dū píng yuán
P	成风之斫	chéng fēng zhī zhuó
P	成风尽垩	chéng fēng jìn è
P	我们自己	wǒ men zì jǐ
P	我行我素	wǒ xíng wǒ sù
P	我见犹怜	wǒ jiàn yóu lián
P	戒奢宁俭	jiè shē nìng jiǎn
P	或多或少	huò duō huò shǎo
P	戗面馒头	qiàng miàn mán tou
P	战不旋踵	zhàn bù xuán zhǒng
P	战天斗地	zhàn tiān dòu dì
P	战斗英雄	zhàn dòu yīng xióng
P	战无不克	zhàn wú bù kè
P	战无不胜	zhàn wú bù shèng
P	战而胜之	zhàn ér shèng zhī
P	戟指嚼舌	jǐ zhǐ jiáo shé
P	戢鳞委翼	jí lín wěi yì
P	截发剉稾	jié fā cuò gǎo
P	截发留宾	jié fā liú bīn
P	截然不同	jié rán bù tóng
P	截铁斩钉	jié tiě zhǎn dìng
P	截长补短	jié cháng bǔ duǎn
P	戮力同心	lù lì tóng xīn
P	戮力齐心	lù lì qí xīn
P	戴发含牙	dài fā hán yá
P	戴发含齿	dài fā hán chǐ
P	戴天履地	dài tiān lǚ dì
P	戴天蹐地	dài tiān jí dì
P	戴头识脸	dài tóu shí liǎn
P	戴日戴斗	dài rì dài dòu
P	戴笠乘车	dài lì chéng chē
P	戴绿帽子	dài lǜ mào zi
P	户曹参军	hù cáo cān jūn
P	户枢不朽	hù shū bù xiǔ
P	户枢不蝼	hù shū bù lóu
P	户枢不蠹	hù shū bù dù
P	户限为穿	hù xiàn wéi chuān
P	所作所为	suǒ zuò suǒ wéi
P	所到之处	suǒ dào zhī chù
P	所剩无几	suǒ shèng wú jǐ
P	所当无敌	suǒ dāng wú dí
P	所见所闻	suǒ jiàn suǒ wén
P	所见略同	suǒ jiàn lüè tóng
P	所费不赀	suǒ fèi bù zī
P	扁形动物	biǎn xíng dòng wù
P	扁桃体炎	biǎn táo tǐ yán
P	扇席温枕	shàn xí wēn zhěn
P	扇枕温席	shān zhěn wēn xí
P	扇枕温衾	shàn zhěn wēn qīn
P	扇枕温被	shān zhěn wēn bèi
P	扇火止沸	shàn huǒ zhǐ fèi
P	扇风点火	shàn fēng diǎn huǒ
P	手下败将	shǒu xià bài jiàng
P	手不停挥	shǒu bù tíng huī
P	手不停毫	shǒu bù tíng háo
P	手不应心	shǒu bù yīng xīn
P	手不释书	shǒu bù shì shū
P	手不释卷	shǒu bù shì juàn
P	手泽之遗	shǒu zé zhī yí
P	手脚干净	shǒu jiǎo gān jìng
P	手足异处	shǒu zú yì chǔ
P	手足重茧	shǒu zú chóng jiǎn
P	才华横溢	cái huá héng yì
P	才华盖世	cái huá gài shì
P	才华超众	cái huá chāo zhòng
P	才占八斗	cái zhān bā dǒu
P	才多识寡	cái duō shí guǎ
P	才大如海	cái dà rú hǎi
P	才大难用	cái dà nán yòng
P	才夸八斗	cái kuā bā dǒu
P	才广妨身	cái guǎng fáng shēn
P	才气过人	cái qì guò rén
P	才疏学浅	cái shū xué qiǎn
P	才疏德薄	cái shū dé bó
P	才疏志大	cái shū zhì dà
P	才疏意广	cái shū yì guǎng
P	才短思涩	cái duǎn sī sè
P	才蔽识浅	cái bì shí qiǎn
P	才薄智浅	cái bó zhì qiǎn
P	才识过人	cái shí guò rén
P	才轻德薄	cái qīng dé bó
P	才过屈宋	cái guò qū sòng
P	才高八斗	cái gāo bā dǒu
P	才高意广	cái gāo yì guǎng
P	才高行厚	cái gāo xíng hòu
P	才高行洁	cái gāo xíng jié
P	才高识远	cái gāo shí yuǎn
P	扎根串连	zhā gēn chuàn lián
P	扑地掀天	pū dì xiān tiān
P	扑天盖地	pū tiān gài dì
P	扒耳搔腮	pá ěr sāo sāi
P	扒高踩低	bā gāo cǎi dī
P	打人骂狗	dǎ rén mà gǒu
P	打光棍儿	dǎ guāng gùn er
P	打入冷宫	dǎ rù lěng gōng
P	打凤捞龙	dǎ fèng lāo lóng
P	打凤牢龙	dǎ fèng láo lóng
P	打击乐器	dǎ jī yuè qì
P	打击报复	dǎ jī bào fù
P	打太极拳	dǎ tài jí quán
P	打家劫舍	dǎ jiā jié shè
P	打家截舍	dǎ jiā jié shè
P	打家截道	dǎ jiā jié dào
P	打富济贫	dǎ fù jì pín
P	打小报告	dǎ xiǎo bào gào
P	打小算盘	dǎ xiǎo suàn pán
P	打得火热	dǎ dé huǒ rè
P	打恭作揖	dǎ gōng zuò yī
P	打情卖笑	dǎ qíng mài xiào
P	打情骂俏	dǎ qíng mà qiào
P	打情骂趣	dǎ qíng mà qù
P	打成一片	dǎ chéng yī piàn
P	打抱不平	dǎ bào bù píng
P	打拱作揖	dǎ gǒng zuò yī
P	打歼灭战	dǎ jiān miè zhàn
P	打滚撒泼	dǎ gǔn sā pō
P	打照面儿	dǎ zhào miàn er
P	打牙犯嘴	dǎ yá fàn zuǐ
P	打牙配嘴	dǎ yá pèi zuǐ
P	打狗看主	dǎ gǒu kàn zhǔ
P	打破常规	dǎ pò cháng guī
P	打破迷关	dǎ pò mí guān
P	打翻身仗	dǎ fān shēn zhàng
P	打草惊蛇	dǎ cǎo jīng shé
P	打草蛇惊	dǎ cǎo shé jīng
P	打落水狗	dǎ luò shuǐ gǒu
P	打虎牢龙	dǎ hǔ láo lóng
P	打街骂巷	dǎ jiē mà xiàng
P	打诨插科	dǎ hùn chā kē
P	打躬作揖	dǎ gōng zuō yī
P	打退堂鼓	dǎ tuì táng gǔ
P	打铁趁热	dǎ tiě chèn rè
P	打闷葫芦	dǎ mèn hú lú
P	打预防针	dǎ yù fáng zhēn
P	打马虎眼	dǎ mǎ hǔ yǎn
P	打鸡骂狗	dǎ jī mà gǒu
P	打鸭惊鸳	dǎ yā jīng yuān
P	托之空言	tuō zhī kōng yán
P	托于空言	tuō yú kōng yán
P	托公行私	tuō gōng xíng sī
P	托物寓兴	tuō wù yù xīng
P	托诸空言	tuō zhū kōng yán
P	扛大个儿	káng dà gè er
P	扛鼎抃牛	gāng dǐng biàn niú
P	扛鼎拔山	gāng dǐng bá shān
P	扞格不入	hàn gé bù rù
P	扣壶长吟	kòu hú cháng yín
P	扣楫中流	kòu jí zhōng liú
P	扣盘扪钥	kòu pán mén yào
P	执两用中	zhí liǎng yòng zhōng
P	执意不从	zhí yì bù cóng
P	执法不阿	zhí fǎ bù ā
P	执法犯法	zhí fǎ fàn fǎ
P	执经问难	zhí jīng wèn nán
P	执而不化	zhí ér bù huà
P	执行主席	zhí xíng zhǔ xí
P	执迷不反	zhí mí bù fǎn
P	执迷不悟	zhí mí bù wù
P	执迷不返	zhí mí bù fǎn
P	执迷不醒	zhí mí bù xǐng
P	扩大会议	kuò dà huì yì
P	扪参历井	mén shēn lì jǐng
P	扫地以尽	sǎo dì yǐ jìn
P	扫地俱尽	sǎo dì jù jìn
P	扫地出门	sǎo dì chū mén
P	扫地无余	sǎo dì wú yú
P	扫地无遗	sǎo dì wú yí
P	扫墓望丧	sǎo mù wàng sàng
P	扫榻以待	sǎo tà yǐ dài
P	扫眉才子	sǎo méi cái zǐ
P	扫穴擒渠	sǎo xué qín qú
P	扫穴犁庭	sǎo xué lí tíng
P	扫锅刮灶	sǎo guō guā zào
P	扫除天下	sǎo chú tiān xià
P	扬厉铺张	yáng lì pù zhāng
P	扬名显亲	yáng míng xiǎn qīn
P	扬己露才	yáng jǐ lù cái
P	扬扬得意	yáng yáng dé yì
P	扬扬自得	yáng yáng zì dé
P	扬汤止沸	yáng tāng zhǐ fèi
P	扬眉吐气	yáng méi tǔ qì
P	扬眉眴目	yáng méi shùn mù
P	扬铃打鼓	yáng líng dǎ gǔ
P	扬长而去	yáng cháng ér qù
P	扬长避短	yáng cháng bì duǎn
P	扬风扢雅	yáng fēng jié yǎ
P	扭亏为盈	niǔ kuī wéi yíng
P	扭曲作直	niǔ qū zuò zhí
P	扭直作曲	niǔ zhí zuò qū
P	扭转乾坤	niǔ zhuǎn qián kūn
P	扭转干坤	niǔ zhuǎn gàn kūn
P	扯旗放炮	chě qí fàng pào
P	扯空砑光	chě kōng yà guāng
P	扯篷拉纤	chě péng lā qiàn
P	扯纤拉烟	chě qiàn lā yān
P	扯顺风旗	chě shùn fēng qí
P	扶倾济弱	fú qīng jì ruò
P	扶危拯溺	fú wēi zhěng nì
P	扶危济困	fú wēi jì kùn
P	扶危济急	fú wēi jì jí
P	扶弱抑强	fú ruò yì qiáng
P	扶摇万里	fú yáo wàn lǐ
P	扶摇直上	fú yáo zhí shàng
P	扶正祛邪	fú zhèng qū xié
P	扶正黜邪	fú zhèng chù xié
P	批吭捣虚	pī háng dǎo xū
P	批砉导窾	pī huā dǎo kuǎn
P	批红判白	pī hóng pàn bái
P	批郤导窾	pī xì dǎo kuǎn
P	批隙导窾	pī xì dǎo kuǎn
P	批风抹月	pī fēng mò yuè
P	扼亢拊背	è kàng fǔ bèi
P	扼吭夺食	è háng duó shí
P	扼吭拊背	è háng fǔ bèi
P	扼喉抚背	è hóu fǔ bèi
P	扼腕长叹	è wàn cháng tàn
P	扼襟控咽	è jīn kòng yān
P	找米下锅	zhǎo mǐ xià guō
P	承上启下	chéng shàng qǐ xià
P	承上起下	chéng shàng qǐ xià
P	承嬗离合	chéng shàn lí hé
P	承平盛世	chéng píng shèng shì
P	技工学校	jì gōng xué xiào
P	技术革命	jì shù gé mìng
P	技术革新	jì shù gé xīn
P	技高一筹	jì gāo yī chóu
P	抃风儛润	biàn fēng wǔ rùn
P	抃风舞润	biàn fēng wǔ rùn
P	抉奥阐幽	jué ào chǎn yōu
P	把持不定	bǎ chí bù dìng
P	把水搅浑	bǎ shuǐ jiǎo hún
P	把玩无厌	bǎ wán wú yàn
P	把素持斋	bǎ sù chí zhāi
P	把臂入林	bǎ bì rù lín
P	把臂徐去	bǎ bì xú qù
P	把薪助火	bǎ xīn zhù huǒ
P	把酒持螯	bǎ jiǔ chí áo
P	把饭叫饥	bǎ fàn jiào jī
P	抑塞磊落	yì sè lěi luò
P	抑强扶弱	yì qiáng fú ruò
P	抑菌作用	yì jūn zuò yòng
P	抓乖卖俏	zhuā guāi mài qiào
P	抓乖弄俏	zhuā guāi nòng qiào
P	投井下石	tóu jǐng xià shí
P	投亲靠友	tóu qīn kào yǒu
P	投传而去	tóu zhuàn ér qù
P	投其所好	tóu qí suǒ hào
P	投卵击石	tóu luǎn jī shí
P	投机倒把	tóu jī dǎo bǎ
P	投机分子	tóu jī fèn zi
P	投梭折齿	tóu suō zhé chǐ
P	投河奔井	tóu hé bēn jǐng
P	投石下井	tóu shí xià jǐng
P	投石拔距	tóu shí bá jù
P	投石超距	tóu shí chāo jù
P	投石问路	tóu shí wèn lù
P	投笔从戎	tóu bǐ cóng róng
P	投膏止火	tóu gāo zhǐ huǒ
P	投闲置散	tóu xián zhì sàn
P	投间抵隙	tóu jiān dǐ xì
P	投阱下石	tóu jǐng xià shí
P	抖擞精神	dǒu sǒu jīng shén
P	抗颜为师	kàng yán wéi shī
P	折中主义	zhé zhōng zhǔ yì
P	折冲之臣	zhé chōng zhī chén
P	折冲厌难	zhé chōng yàn nán
P	折冲尊俎	zhé chōng zūn zǔ
P	折冲御侮	zhé chōng yù wǔ
P	折冲樽俎	zhé chōng zūn zǔ
P	折戟沉沙	zhé jǐ chén shā
P	折槁振落	zhé gǎo zhèn luò
P	折矩周规	zhé jǔ zhōu guī
P	折箭为誓	shé jiàn wéi shì
P	折而族之	zhé ér zú zhī
P	折胶堕指	zhé jiāo duò zhǐ
P	折腰五斗	shé yāo wǔ dòu
P	折节下士	zhé jié xià shì
P	折节读书	zhé jié dú shū
P	折足覆餗	zhé zú fù sù
P	折长补短	zhé cháng bǔ duǎn
P	折鼎覆餗	zhé dǐng fù sù
P	抚今思昔	fǔ jīn sī xī
P	抚今追昔	fǔ jīn zhuī xī
P	抚掌击节	fǔ zhǎng jī jié
P	抚掌大笑	fǔ zhǎng dà xiào
P	抚景伤情	fǔ jǐng shāng qíng
P	抚绥万方	fǔ suí wàn fāng
P	抛到一边	pāo dào yì biān
P	抛头露面	pāo tóu lù miàn
P	抟沙作饭	tuán shā zuò fàn
P	抟沙嚼蜡	tuán shā jiáo là
P	抟空捕影	tuán kōng bǔ yǐng
P	抟香弄粉	tuán xiāng nòng fěn
P	抠心挖肚	kōu xīn wā dù
P	抠心挖血	kōu xīn wā xuè
P	抠着手掌	kōu zhe shǒu zhǎng
P	抢地呼天	qiāng dì hū tiān
P	护过饰非	hù guò shì fēi
P	报仇雪恨	bào chóu xuě hèn
P	报仇雪耻	bào chóu xuě chǐ
P	报应不爽	bào yìng bù shuǎng
P	报效万一	bào xiào wàn yī
P	披发入山	pī fà rù shān
P	披发左衽	pī fà zuǒ rèn
P	披发文身	pī fà wén shēn
P	披发缨冠	pī fā yīng guàn
P	披头散发	pī tóu sàn fà
P	披头盖脑	pī tóu gài nǎo
P	披心沥血	pī xīn lì xuè
P	披心相付	pī xīn xiāng fù
P	披挂上阵	pī guà shàng zhèn
P	披榛采兰	pī zhēn cǎi lán
P	披毛戴角	pī máo dài jiǎo
P	披沙剖璞	pī shā pōu pú
P	披沙拣金	pī shā jiǎn jīn
P	披沙简金	pī shā jiǎn jīn
P	披红戴花	pī hóng dài huā
P	披红挂绿	pī hóng guà lǜ
P	披肝沥血	pī gān lì xuè
P	披肝露胆	pī gān lù dǎn
P	披襟解带	pī jīn jiě dài
P	披露肝胆	pī lù gān dǎn
P	披露腹心	pī lù fù xīn
P	抱令守律	bào lìng shǒu lǜ
P	抱关执钥	bào guān zhí yuè
P	抱头大哭	bào tóu dà kū
P	抱头痛哭	bào tóu tòng kū
P	抱头鼠窜	bào tóu shǔ cuàn
P	抱子弄孙	bào zǐ nòng sūn
P	抱打不平	bào dǎ bù píng
P	抱朴含真	bào pǔ hán zhēn
P	抱枝拾叶	bào zhī shí yè
P	抱柱之信	bào zhù zhī xìn
P	抱椠怀铅	bào qiàn huái qiān
P	抱残守阙	bào cán shǒu quē
P	抱法处势	bào fǎ chǔ shì
P	抱璞泣血	bào pú qì xuè
P	抱蔓摘瓜	bào wàn zhāi guā
P	抱负不凡	bào fù bù fán
P	抵死瞒生	dǐ sǐ mán shēng
P	抵背扼喉	dǐ bèi è hóu
P	抹月批风	mǒ yuè pī fēng
P	抹月秕风	mǒ yuè bǐ fēng
P	抹粉施脂	mò fěn shī zhī
P	抽丁拔楔	chōu dīng bá xiē
P	抽丝剥茧	chōu sī bō jiǎn
P	抽样调查	chōu yàng diào chá
P	抽祕骋妍	chōu bì chěng yán
P	抽秘骋妍	chōu mì chěng yán
P	抽筋剥皮	chōu jīn bāo pí
P	抽筋拔骨	chōu jīn bá gǔ
P	抽肥补瘦	chōu féi bǔ shòu
P	抽胎换骨	chōu tāi huàn gǔ
P	抽象思维	chōu xiàng sī wéi
P	拂袖而去	fú xiù ér qù
P	拂袖而归	fú xiù ér guī
P	拄笏看山	zhǔ hù kàn shān
P	拄颊看山	zhǔ jiá kàn shān
P	担惊受怕	dān jīng shòu pà
P	担惊受恐	dān jīng shòu kǒng
P	担惊忍怕	dān jīng rěn pà
P	担雪塞井	dān xuě sāi jǐng
P	担雪填井	dān xuě tián jǐng
P	担雪填河	dān xuě tián hé
P	拆东补西	chāi dōng bǔ xī
P	拆牌道字	chāi pái dào zì
P	拆白道字	chāi bái dào zì
P	拆西补东	chāi xī bǔ dōng
P	拈华摘艳	niān huá zhāi yàn
P	拈毫弄管	niān háo nòng guǎn
P	拈花弄月	niān huā nòng yuè
P	拈花弄柳	niān huā nòng liǔ
P	拈轻怕重	niān qīng pà zhòng
P	拈轻掇重	niān qīng duō zhòng
P	拉丁美洲	lā dīng měi zhōu
P	拉三扯四	lā sān chě sì
P	拉不下脸	lā bù xià liǎn
P	拉家带口	lā jiā dài kǒu
P	拉帮结伙	lā bāng jié huǒ
P	拉帮结派	lā bāng jié pài
P	拉拉扯扯	lā lā chě chě
P	拉拉杂杂	lā lā zá zá
P	拉捭摧藏	lā bǎi cuī cáng
P	拉朽摧枯	lā xiǔ cuī kū
P	拉枯折朽	lā kū shé xiǔ
P	拉闲散闷	lā xián sàn mèn
P	拊心泣血	fǔ xīn qì xuè
P	拊背扼吭	fǔ bèi è kēng
P	拊背扼喉	fǔ bèi è hóu
P	拊背搤吭	fǔ bèi è kēng
P	拍手称快	pāi shǒu chēng kuài
P	拍案惊奇	pāi àn jīng qí
P	拍马溜须	pāi mǎ liū xū
P	拏云攫石	ná yún jué shí
P	拏风跃云	ná fēng yuè yún
P	拐弯抹角	guǎi wān mò jiǎo
P	拔丁抽楔	bá dīng chōu xiē
P	拔刀相助	bá dāo xiāng zhù
P	拔刀相向	bá dāo xiāng xiàng
P	拔剑论功	bá jiàn lùn gōng
P	拔十得五	bá shí dé wǔ
P	拔地倚天	bá dì yǐ tiān
P	拔地参天	bá dì cān tiān
P	拔地摇山	bá dì yáo shān
P	拔地而起	bá dì ér qǐ
P	拔宅上升	bá zhái shàng shēng
P	拔山扛鼎	bá shān gāng dǐng
P	拔山盖世	bá shān gài shì
P	拔本塞原	bá běn sè yuán
P	拔本塞源	bá běn sè yuán
P	拔毛济世	bá máo jì shì
P	拔苗助长	bá miáo zhù zhǎng
P	拔葵去织	bá kuí qù zhī
P	拔锅卷席	bá guō juǎn xí
P	拖人落水	tuō rén luò shuǐ
P	拖儿带女	tuō ér dài nǚ
P	拖天扫地	tuō tiān sǎo dì
P	拖家带口	tuō jiā dài kǒu
P	拖拖拉拉	tuō tuō lā lā
P	拖泥带水	tuō ní dài shuǐ
P	拖男带女	tuō nán dài nǚ
P	拖金委紫	tuō jīn wěi zǐ
P	拖麻拽布	tuō má zhuài bù
P	拘俗守常	jū sú shǒu cháng
P	拘奇抉异	jū qí jué yì
P	拘挛补衲	jū luán bǔ nà
P	拘文牵义	jū wén qiān yì
P	拘神遣将	jū shén qiǎn jiàng
P	招之即来	zhāo zhī jí lái
P	招亡纳叛	zhāo wáng nà pàn
P	招摇过市	zhāo yáo guò shì
P	招架不住	zhāo jià bù zhù
P	招降纳叛	zhāo xiáng nà pàn
P	招风惹草	zhāo fēng rě cǎo
P	招风惹雨	zhāo fēng rě yǔ
P	招风揽火	zhāo fēng lǎn huǒ
P	拜上帝会	bài shàng dì huì
P	拜倒辕门	bài dǎo yuán mén
P	拜将封侯	bài jiàng fēng hóu
P	拟于不伦	nǐ yú bù lún
P	拟非其伦	nǐ fēi qí lún
P	拣佛烧香	jiǎn fó shāo xiāng
P	拣精择肥	jiǎn jīng zé féi
P	拥书南面	yōng shū nán miàn
P	拥军优属	yōng jūn yōu shǔ
P	拨万论千	bō wàn lùn qiān
P	拨万轮千	bō wàn lún qiān
P	拨乱为治	bō luàn wéi zhì
P	拨乱反正	bō luàn fǎn zhèng
P	拨乱济危	bō luàn jì wēi
P	拨乱济时	bō luàn jì shí
P	拨云撩雨	bō yún liáo yǔ
P	拨云见日	bō yún jiàn rì
P	拨嘴撩牙	bō zuǐ liáo yá
P	拨草寻蛇	bō cǎo xún shé
P	拨草瞻风	bō cǎo zhān fēng
P	拨雨撩云	bō yǔ liáo yún
P	择主而事	zé zhǔ ér shì
P	择善而从	zé shàn ér cóng
P	择善而行	zé shàn ér xíng
P	择地而蹈	zé dì ér dǎo
P	择福宜重	zé fú yí zhòng
P	择肥而噬	zé féi ér shì
P	择邻而居	zé lín ér jū
P	括目相待	kuò mù xiāng dài
P	拭目以俟	shì mù yǐ sì
P	拭目以待	shì mù yǐ dài
P	拭目而待	shì mù ér dài
P	拯溺扶危	zhěng nì fú wēi
P	拱手而降	gǒng shǒu ér xiáng
P	拱肩缩背	gǒng jiān suō bèi
P	拳中掿沙	quán zhōng nuò shā
P	拳头产品	quán tou chǎn pǐn
P	拳打脚踢	quán dǎ jiǎo tī
P	拳拳服膺	quán quán fú yīng
P	拳拳盛意	quán quán shèng yì
P	拼命三郎	pīn mìng sān láng
P	拽巷啰街	zhuài xiàng luó jiē
P	拽巷攞街	zhuài xiàng luǒ jiē
P	拽巷逻街	zhuài xiàng luó jiē
P	拽布披麻	zhuài bù pī má
P	拽布拖麻	zhuài bù tuō má
P	拽耙扶犁	zhuāi pá fú lí
P	拽象拖犀	zhuài xiàng tuō xī
P	拾人唾余	shí rén tuò yú
P	拾人唾涕	shí rén tuò tì
P	拾人涕唾	shí rén tì tuò
P	拾人牙慧	shí rén yá huì
P	拾带重还	shí dài zhòng huán
P	拾掇无遗	shí duō wú yí
P	拾级而上	shè jí ér shàng
P	拾遗补阙	shí yí bǔ quē
P	拾金不昧	shí jīn bù mèi
P	拾陈蹈故	shí chén dǎo gù
P	拿不出手	ná bù chū shǒu
P	拿云攫石	ná yún jué shí
P	拿刀动仗	ná dāo dòng zhàng
P	拿刀弄杖	ná dāo nòng zhàng
P	拿得起来	ná de qǐ lái
P	拿手好戏	ná shǒu hǎo xì
P	拿粗夹细	ná cū jiā xì
P	拿粗挟细	ná cū xié xì
P	拿腔作调	ná qiāng zuò diào
P	拿腔拿调	ná qiāng ná diào
P	拿贼见赃	ná zéi jiàn zāng
P	持之有故	chí zhī yǒu gù
P	持人长短	chí rén cháng duǎn
P	持平之论	chí píng zhī lùn
P	持斋把素	chí zhāi bǎ sù
P	持权合变	chí quán hé biàn
P	持正不阿	chí zhèng bù ā
P	持续不断	chí xù bú duàn
P	持螯把酒	chí áo bǎ jiǔ
P	持论公允	chí lùn gōng yǔn
P	挂一漏万	guà yī lòu wàn
P	挂冠归去	guà guān guī qù
P	挂冠求去	guà guān qiú qù
P	挂席为门	guà xí wéi mén
P	挂灯结彩	guà dēng jié cǎi
P	挂肚牵心	guà dù qiān xīn
P	挂肚牵肠	guà dù qiān cháng
P	指不胜偻	zhǐ bù shèng lǚ
P	指不胜屈	zhǐ bù shèng qū
P	指东划西	zhǐ dōng huà xī
P	指东说西	zhǐ dōng shuō xī
P	指亲托故	zhǐ qīn tuō gù
P	指南攻北	zhǐ nán gōng běi
P	指囷相赠	zhǐ qūn xiāng zèng
P	指天为誓	zhǐ tiān wéi shì
P	指天射鱼	zhǐ tiān shè yú
P	指天画地	zhǐ tiān huà dì
P	指山卖磨	zhǐ shān mài mò
P	指山说磨	zhǐ shān shuō mò
P	指手划脚	zhǐ shǒu huà jiǎo
P	指挥可定	zhǐ huī kě dìng
P	指挥若定	zhǐ huī ruò dìng
P	指掌可取	zhǐ zhǎng kě qǔ
P	指日可下	zhǐ rì kě xià
P	指日可待	zhǐ rì kě dài
P	指日而待	zhǐ rì ér dài
P	指树为姓	zhǐ shù wéi xìng
P	指桑说槐	zhǐ sāng shuō huái
P	指甲盖儿	zhǐ jiǎ gài er
P	指皁为白	zhǐ zào wéi bái
P	指皂为白	zhǐ zào wéi bái
P	指空话空	zhǐ kōng huà kōng
P	指腹为婚	zhǐ fù wéi hūn
P	指雁为羹	zhǐ yàn wéi gēng
P	指鹿为马	zhǐ lù wéi mǎ
P	指麾可定	zhǐ huī kě dìng
P	挈瓶之知	qiè píng zhī zhì
P	挈领提纲	qiè lǐng tí gāng
P	按兵不举	àn bīng bù jǔ
P	按兵不动	àn bīng bù dòng
P	按劳分配	àn láo fēn pèi
P	按捺不住	àn nà bù zhù
P	按甲休兵	àn jiǎ xiū bīng
P	按章给付	àn zhāng jǐ fù
P	按行自抑	àn xíng zì yì
P	按辔徐行	àn pèi xú xíng
P	按需分配	àn xū fēn pèi
P	挑三嫌四	tiāo sān xián sì
P	挑三拣四	tiāo sān jiǎn sì
P	挑三拨四	tiāo sān bō sì
P	挑三检四	tiāo sān jiǎn sì
P	挑三豁四	tiāo sān huō sì
P	挑么挑六	tiāo yāo tiāo liù
P	挑唇料嘴	tiǎo chún liào zuǐ
P	挑幺挑六	tiāo yāo tiāo liù
P	挑拨离间	tiǎo bō lí jiàn
P	挑毛拣刺	tiāo máo jiǎn cì
P	挑牙料唇	tiǎo yá liào chún
P	挑精拣肥	tiāo jīng jiǎn féi
P	挑肥拣瘦	tiāo féi jiǎn shòu
P	挑茶斡刺	tiāo chá wò cì
P	挑雪填井	tiāo xuě tián jǐng
P	挖空心思	wā kōng xīn sī
P	挖耳当招	wā ěr dāng zhāo
P	挟主行令	jiā zhǔ xíng lìng
P	挟势弄权	xié shì nòng quán
P	挟嫌报复	xié xián bào fù
P	挟山超海	xié shān chāo hǎi
P	挟细拿粗	xié xì ná cū
P	挠曲枉直	náo qū wǎng zhí
P	挠直为曲	náo zhí wéi qū
P	挢抂过正	jiǎo kuáng guò zhèng
P	挢枉过正	jiǎo wǎng guò zhèng
P	挤眉弄眼	jǐ méi nòng yǎn
P	挤眉溜眼	jǐ méi liū yǎn
P	挥毫落纸	huī háo luò zhǐ
P	挥汗如雨	huī hàn rú yǔ
P	挥汗成雨	huī hàn chéng yǔ
P	挥沐吐餐	huī mù tǔ cān
P	挥洒自如	huī sǎ zì rú
P	挥霍无度	huī huò wú dù
P	挦章撦句	xián zhāng chě jù
P	挨三顶五	āi sān dǐng wǔ
P	挨冻受饿	ái dòng shòu è
P	挨家挨户	āi jiā āi hù
P	挨山塞海	āi shān sè hǎi
P	挨肩叠背	āi jiān dié bèi
P	挨肩并足	āi jiān bìng zú
P	挨肩搭背	āi jiān dā bèi
P	挨肩擦背	āi jiān cā bèi
P	挨肩擦脸	āi jiān cā liǎn
P	挨肩擦膀	āi jiān cā bǎng
P	挨肩迭背	āi jiān dié bèi
P	挨门挨户	āi mén āi hù
P	挨门逐户	āi mén zhú hù
P	挨风缉缝	āi fēng jī fèng
P	挫骨扬灰	cuò gǔ yáng huī
P	振兵泽旅	zhèn bīng zé lǚ
P	振振有词	zhèn zhèn yǒu cí
P	振振有辞	zhèn zhèn yǒu cí
P	振聋发聩	zhèn lóng fā kuì
P	振臂一呼	zhèn bì yī hū
P	振衣濯足	zhèn yī zhuó zú
P	振贫济乏	zhèn pín jì fá
P	振领提纲	zhèn lǐng tí gāng
P	挹彼注兹	yì bǐ zhù zī
P	挹斗扬箕	yì dǒu yáng jī
P	挺胸凸肚	tǐng xiōng tū dù
P	挼好长发	ruó hǎo cháng fà
P	捉影捕风	zhuō yǐng bǔ fēng
P	捉摸不定	zhuō mō bù dìng
P	捉衿肘见	zhuō jīn zhǒu jiàn
P	捉衿见肘	zhuō jīn jiàn zhǒu
P	捉衿露肘	zhuō jīn lù zhǒu
P	捉襟肘见	zhuō jīn zhǒu jiàn
P	捉襟见肘	zhuō jīn jiàn zhǒu
P	捉襟露肘	zhuō jīn lù zhǒu
P	捉风捕影	zhuō fēng bǔ yǐng
P	捉风捕月	zhuō fēng bǔ yuè
P	捉鼠拿猫	zhuō shǔ ná māo
P	捋袖揎拳	luō xiù xuān quán
P	捎关打节	shāo guān dǎ jié
P	捏一把汗	niē yī bǎ hàn
P	捏怪排科	niē guài pái kē
P	捐躯赴难	juān qū fù nàn
P	捕影系风	bǔ yǐng xì fēng
P	捕风弄月	bǔ fēng nòng yuè
P	捕风捉影	bǔ fēng zhuō yǐng
P	损上益下	sǔn shàng yì xià
P	损兵折将	sǔn bīng zhé jiàng
P	损军折将	sǔn jūn zhé jiàng
P	捡破烂儿	jiǎn pò làn er
P	换斗移星	huàn dǒu yí xīng
P	换骨夺胎	huàn gǔ duó tāi
P	换骨脱胎	huàn gǔ tuō tāi
P	捣乱分子	dǎo luàn fèn zi
P	捣虚批吭	dǎo xū pī háng
P	捣虚撇抗	dǎo xū piē kàng
P	捧头鼠窜	pěng tóu shǔ cuàn
P	捧腹大笑	pěng fù dà xiào
P	捭阖纵横	bǎi hé zòng héng
P	据为己有	jù wéi jǐ yǒu
P	据义履方	jù yì lǚ fāng
P	据图刎首	jù tú wěn shǒu
P	据理力争	jù lǐ lì zhēng
P	据鞍读书	jù ān dú shū
P	据高临下	jù gāo lín xià
P	捰袖揎拳	luò xiù xuān quán
P	捱风缉缝	āi fēng qī fèng
P	捶骨沥髓	chuí gǔ lì suǐ
P	捷报频传	jié bào pín chuán
P	捷足先得	jié zú xiān dé
P	捻土为香	niǎn tǔ wéi xiāng
P	捻土焚香	niǎn tǔ fén xiāng
P	捻神捻鬼	niǎn shén niǎn guǐ
P	掀天动地	xiān tiān dòng dì
P	掀天揭地	xiān tiān jiē dì
P	掀天斡地	xiān tiān wò dì
P	掀风鼓浪	xiān fēng gǔ làng
P	掂斤估两	diān jīn gū liǎng
P	掂斤抹两	diān jīn mò liǎng
P	掂梢折本	diān shāo shé běn
P	掇拾章句	duō shí zhāng jù
P	掇菁撷华	duō jīng xié huá
P	掇青拾紫	duō qīng shí zǐ
P	授业解惑	shòu yè jiě huò
P	授受不亲	shòu shòu bù qīn
P	掉头鼠窜	diào tóu shǔ cuàn
P	掉臂不顾	diào bì bù gù
P	掊斗折衡	pǒu dǒu zhé héng
P	掌上明珠	zhǎng shàng míng zhū
P	掌上观文	zhǎng shàng guān wén
P	掌上观纹	zhǎng shàng guān wén
P	掎挈伺诈	jǐ qiè sì zhà
P	掎裳连袂	jǐ cháng lián mèi
P	掎裳连襼	jǐ shang lián yì
P	掎角之势	jǐ jiǎo zhī shì
P	掐头去尾	qiā tóu qù wěi
P	掐尖落钞	qiā jiān luò chāo
P	掐着指头	qiā zhe zhǐ tou
P	排山倒海	pái shān dǎo hǎi
P	排山压卵	pái shān yā luǎn
P	排忧解难	pái yōu jiě nàn
P	排患解纷	pái huàn jiě fēn
P	排斥异己	pái chì yì jǐ
P	排沙简金	pái shā jiǎn jīn
P	排沙见金	pái shā jiàn jīn
P	排糠障风	pái kāng zhàng fēng
P	排除万难	pái chú wàn nán
P	排除异己	pái chú yì jǐ
P	排难解纷	pái nàn jiě fēn
P	掖在怀里	yē zài huái lǐ
P	掞藻飞声	shàn zǎo fēi shēng
P	掠地攻城	lüè dì gōng chéng
P	探亲访友	tàn qīn fǎng yǒu
P	探囊取物	tàn náng qǔ wù
P	探囊胠箧	tàn náng qū qiè
P	探头探脑	tàn tóu tàn nǎo
P	探头缩脑	tàn tóu suō nǎo
P	探幽索隐	tàn yōu suǒ yǐn
P	探汤蹈火	tàn tāng dǎo huǒ
P	探观止矣	tàn guān zhǐ yǐ
P	探赜索隐	tàn zé suǒ yǐn
P	探骊得珠	tàn lí dé zhū
P	掣襟露肘	chè jīn lù zhǒu
P	掤扒吊拷	bīng bā diào kǎo
P	接连不断	jiē lián bù duàn
P	接风洗尘	jiē fēng xǐ chén
P	推亡固存	tuī wáng gù cún
P	推天抢地	tuī tiān qiǎng dì
P	推干就湿	tuī gān jiù shī
P	推枯折腐	tuī kū shé fǔ
P	推波助澜	tuī bō zhù lán
P	推而广之	tuī ér guǎng zhī
P	推聋作哑	tuī lóng zuò yǎ
P	推聋妆哑	tuī lóng zhuāng yǎ
P	推诚相见	tuī chéng xiāng jiàn
P	推贤让能	tuī xián ràng néng
P	推食解衣	tuī shí jiě yī
P	掩其不备	yǎn qí bù bèi
P	掩其无备	yǎn qí wú bèi
P	掩恶扬善	yǎn è yáng shàn
P	掩恶扬美	yǎn è yáng měi
P	掩瑕藏疾	yǎn xiá cáng jí
P	掩目捕雀	yǎn mù bǔ què
P	掩眼捕雀	yǎn yǎn bǔ què
P	掩过扬善	yǎn guò yáng shàn
P	掩过饰非	yǎn guò shì fēi
P	掩骼埋窆	yǎn gé mái biǎn
P	掩骼埋胔	yǎn gé mái zì
P	掩鼻而过	yǎn bí ér guò
P	措手不及	cuò shǒu bù jí
P	措辞不当	cuò cí bú dàng
P	措辞得当	cuò cí dé dàng
P	掷地有声	zhì dì yǒu shēng
P	掷地赋声	zhì dì fù shēng
P	掷地金声	zhì dì jīn shēng
P	掷果潘郎	zhì guǒ pān láng
P	揆情度理	kuí qíng duó lǐ
P	揆时度势	kuí shí dù shì
P	揆理度势	kuí lǐ dù shì
P	揆理度情	kuí lǐ duó qíng
P	揎拳捋袖	xuān quán luō xiù
P	揎拳捰袖	xuān quán luǒ xiù
P	揎拳裸臂	xuān quán luǒ bì
P	揎腕攘臂	xuān wàn rǎng bì
P	描写画角	miáo xiě huà jiǎo
P	描头画角	miáo tóu huà jiǎo
P	提名道姓	tí míng dào xìng
P	提心吊胆	tí xīn diào dǎn
P	提心在口	tí xīn zài kǒu
P	提纲举领	tí gāng jǔ lǐng
P	提纲挈领	tí gāng qiè lǐng
P	提纲振领	tí gāng zhèn lǐng
P	提要钩玄	tí yào gōu xuán
P	插一杠子	chā yī gàng zi
P	插圈弄套	chā quān nòng tào
P	插架万轴	chā jià wàn zhóu
P	插科使砌	chā kē shǐ qì
P	插科打诨	chā kē dǎ hùn
P	插翅难逃	chā chì nán táo
P	插翅难飞	chā chì nán fēi
P	插队落户	chā duì luò hù
P	揠苗助长	yà miáo zhù zhǎng
P	握发吐哺	wò fà tǔ bǔ
P	握发吐飧	wò fā tǔ sūn
P	握手言和	wò shǒu yán hé
P	握拳透爪	wò quán tòu zhǎo
P	握炭流汤	wò tàn liú tāng
P	握粟出卜	wò sù chū bo
P	握素怀铅	wò sù huái qiān
P	握纲提领	wò gāng tí lǐng
P	握蛇骑虎	wò shé qí hǔ
P	握铅抱椠	wò qiān bào qiàn
P	握雨携云	wò yǔ xié yún
P	握风捕影	wò fēng bǔ yǐng
P	揣合逢迎	chuǎi hé féng yíng
P	揣奸把猾	chuāi jiān bǎ huá
P	揣时度力	chuǎi shí duó lì
P	揣骨听声	chuāi gǔ tīng shēng
P	揭不开锅	jiē bù kāi guō
P	揭地掀天	jiē dì xiān tiān
P	揭竿而起	jiē gān ér qǐ
P	揭箧担囊	jiē qiè dān náng
P	揭箧探囊	jiē qiè tàn náng
P	揭衣涉水	qì yī shè shuǐ
P	援古刺今	yuán gǔ cì jīn
P	援鳖失龟	yuán biē shī guī
P	揽辔中原	lǎn pèi zhōng yuán
P	揽辔澄清	lǎn pèi chéng qīng
P	揽辔登车	lǎn pèi dēng chē
P	搀前落后	chān qián luò hòu
P	搀行夺市	chān háng duó shì
P	搔到痒处	sāo dào yǎng chù
P	搔头弄姿	sāo tóu nòng zī
P	搔头抓耳	sāo tóu zhuā ěr
P	搔头摸耳	sāo tóu mō ěr
P	搔着痒处	sāo zhe yǎng chù
P	搔首弄姿	sāo shǒu nòng zī
P	搜奇抉怪	sōu qí jué guài
P	搜岩采干	sōu yán cǎi gàn
P	搜扬侧陋	sōu yáng cè lòu
P	搜章摘句	sōu zhāng zhāi jù
P	搜肠刮肚	sōu cháng guā dù
P	搤臂啮指	è bì niè zhǐ
P	搦朽磨钝	nuò xiǔ mó dùn
P	搬口弄舌	bān kǒu nòng shé
P	搬唇弄舌	bān chún nòng shé
P	搬弄是非	bān nòng shì fēi
P	搬石砸脚	bān shí zá jiǎo
P	搭搭撒撒	dā dā sā sā
P	搴旗取将	qiān qí qǔ jiàng
P	搴旗斩将	qiān qí zhǎn jiàng
P	携云握雨	xié yún wò yǔ
P	携家带口	xié jiā dài kǒu
P	携男挈女	xié nán qiè nǚ
P	搽脂抹粉	chá zhī mǒ fěn
P	摄威擅势	shè wēi shàn shì
P	摄影艺术	shè yǐng yì shù
P	摄氏温标	shè shì wēn biāo
P	摄魄钩魂	shè pò gōu hún
P	摆尾摇头	bǎi wěi yáo tóu
P	摇头叹息	yáo tóu tàn xī
P	摇头幌脑	yáo tóu huǎng nǎo
P	摇头摆尾	yáo tóu bǎi wěi
P	摇头摆脑	yáo tóu bǎi nǎo
P	摇头晃脑	yáo tóu huàng nǎo
P	摇头稾脑	yáo tóu gǎo nǎo
P	摇头麰尾	yáo tóu móu wěi
P	摇尾乞怜	yáo wěi qǐ lián
P	摇尾求食	yáo wěi qiú shí
P	摇尾涂中	yáo wěi tú zhōng
P	摇手触禁	yáo shǒu chù jìn
P	摇旗呐喊	yáo qí nà hǎn
P	摇笔杆儿	yáo bǐ gǎn er
P	摇羽毛扇	yáo yǔ máo shàn
P	摇鹅毛扇	yáo é máo shàn
P	摘句寻章	zhāi jù xún zhāng
P	摘瓜抱蔓	zhāi guā bào màn
P	摘艳熏香	zhāi yàn xūn xiāng
P	摧兰折玉	cuī lán zhé yù
P	摧刚为柔	cuī gāng wéi róu
P	摧折豪强	cuī zhé háo qiáng
P	摧朽拉枯	cuī xiǔ lā kū
P	摧枯折腐	cuī kū zhé fǔ
P	摧枯拉朽	cuī kū lā xiǔ
P	摧枯拉腐	cuī kū lā fǔ
P	摧眉折腰	cuī méi zhé yāo
P	摩加迪沙	mó jiā dí shā
P	摩厉以需	mó lì yǐ xū
P	摩厉以须	mó lì yǐ xū
P	摩口膏舌	mó kǒu gāo shé
P	摩拳擦掌	mó quán cā zhǎng
P	摩砺以须	mó lì yǐ xū
P	摩肩击毂	mó jiān jī gǔ
P	摩肩接毂	mó jiān jiē gǔ
P	摩肩接踵	mó jiān jiē zhǒng
P	摩肩擦踵	mó jiān cā zhǒng
P	摩顶放踵	mó dǐng fàng zhǒng
P	摩顶至足	mó dǐng zhì zú
P	摩顶至踵	mó dǐng zhì zhǒng
P	摸不着边	mō bù zhuó biān
P	摸头不着	mō tóu bù zháo
P	摸金校尉	mō jīn xiào wèi
P	摸门不着	mō mén bù zháo
P	摽梅之年	biào méi zhī nián
P	撅坑撅堑	jué kēng jué qiàn
P	撅天扑地	juē tiān pū dì
P	撇呆打堕	piě dāi dǎ duò
P	撑天拄地	chēng tiān zhǔ dì
P	撑天柱地	chēng tiān zhù dì
P	撑竿跳高	chēng gān tiào gāo
P	撑肠拄肚	chēng cháng zhǔ dù
P	撑霆裂月	chēng tíng liè yuè
P	撒娇卖俏	sā jiāo mài qiào
P	撒娇撒痴	sā jiāo sā chī
P	撒水拿鱼	sā shuǐ ná yú
P	撒泼打滚	sā pō dǎ gǔn
P	撒泼放刁	sā pō fàng diāo
P	撒痴撒娇	sā chī sā jiāo
P	撒科打诨	sā kē dǎ hùn
P	撒诈捣虚	sā zhà dǎo xū
P	撒豆成兵	sǎ dòu chéng bīng
P	撒骚放屁	sā sāo fàng pì
P	撕心裂肺	sī xīn liè fèi
P	撕肝裂肺	sī gān liè fèi
P	撞头搕脑	zhuàng tóu kē nǎo
P	撞头磕脑	zhuàng tóu kē nǎo
P	撞府冲州	zhuàng fǔ chōng zhōu
P	撞阵冲军	zhuàng zhèn chōng jūn
P	撩云拨雨	liáo yún bō yǔ
P	撩火加油	liáo huǒ jiā yóu
P	撩蜂剔蝎	liáo fēng tī xiē
P	撩蜂吃螫	liáo fēng chī shì
P	播弄是非	bō nòng shì fēi
P	播穅眯目	bō kāng mǐ mù
P	播糠眯目	bō kāng mǐ mù
P	撮土焚香	cuō tǔ fén xiāng
P	撮盐入水	cuō yán rù shuǐ
P	撮盐入火	cuō yán rù huǒ
P	撮科打哄	cuō kē dǎ hòng
P	撮科打閧	cuō kē dǎ hòng
P	撼人心魄	hàn rén xīn pò
P	撼地摇天	hàn dì yáo tiān
P	撼天动地	hàn tiān dòng dì
P	撼天震地	hàn tiān zhèn dì
P	擂天倒地	léi tiān dǎo dì
P	擂鼓筛锣	léi gǔ shāi luó
P	擂鼓鸣金	léi gǔ míng jīn
P	操之过切	cāo zhī guò qiè
P	操之过急	cāo zhī guò jí
P	操之过激	cāo zhī guò jī
P	操之过蹙	cāo zhī guò cù
P	操奇计赢	cāo qí jì yíng
P	操奇逐赢	cāo qí zhú yíng
P	操戈同室	cāo gē tóng shì
P	操揉磨治	cāo róu mó zhì
P	操纵自如	cāo zòng zì rú
P	操赢致奇	cāo yíng zhì qí
P	操身行世	cāo shēn xíng shì
P	擒奸擿伏	qín jiān tī fú
P	擒奸讨暴	qín jiān tǎo bào
P	擒贼擒王	qín zéi qín wáng
P	擗踊拊心	pǐ yǒng fǔ xīn
P	擘两分星	bò liǎng fēn xīng
P	擘肌分理	bò jī fēn lǐ
P	擢发莫数	zhuó fà mò shǔ
P	擢发难数	zhuó fà nán shǔ
P	擢筋剥肤	zhuó jīn bō fū
P	擢筋割骨	zhuó jīn gē gǔ
P	擦拳抹掌	cā quán mò zhǎng
P	擦拳磨掌	cā quán mó zhǎng
P	擦掌磨拳	cā zhǎng mó quán
P	擦脂抹粉	cā zhī mǒ fěn
P	擿伏发奸	tī fú fā jiān
P	擿伏发隐	tī fú fā yǐn
P	擿埴索涂	zhāi zhí suǒ tú
P	擿埴索途	zhāi zhí suǒ tú
P	擿奸发伏	tī jiān fā fú
P	擿植索涂	zhāi zhí suǒ tú
P	攀枝花市	pān zhī huā shì
P	攀花折柳	pān huā zhé liǔ
P	攀藤揽葛	pān téng lǎn gě
P	攀藤附葛	pān téng fù gě
P	攀蟾折桂	pān chán shé guì
P	攀车卧辙	pān chē wò zhé
P	攀高枝儿	pān gāo zhī ér
P	攀高结贵	pān gāo jié guì
P	攀龙附风	pān lóng fù fēng
P	攒三聚五	cuán sān jù wǔ
P	攒三集五	cuán sān jí wǔ
P	攒眉苦脸	zǎn méi kǔ liǎn
P	攒眉蹙额	cuán méi cù é
P	攒锋聚镝	cuán fēng jù dí
P	攒零合整	cuán líng hé zhěng
P	攘外安内	rǎng wài ān nèi
P	攘肌及骨	rǎng jī jí gǔ
P	攘臂一呼	rǎng bì yī hū
P	攧扑不破	diān pū bù pò
P	攫为己有	jué wéi jǐ yǒu
P	支分族解	zhī fēn zú jiě
P	支分节解	zhī fēn jié jiě
P	支吾其词	zhī wú qí cí
P	支支吾吾	zhī zhī wú wú
P	支策据梧	zhī cè jù wú
P	支纷节解	zhī fēn jié jiě
P	收因种果	shōu yīn zhǒng guǒ
P	收因结果	shōu yīn jié guǒ
P	收园结果	shōu yuán jié guǒ
P	收旗卷伞	shōu qí juàn sǎn
P	收离纠散	shōu lí jiū sàn
P	收离聚散	shōu lí jù sàn
P	收缘结果	shōu yuán jié guǒ
P	收锣罢鼓	shōu luó bà gǔ
P	改俗迁风	gǎi sú qiān fēng
P	改变心意	gǎi biàn xīn yì
P	改口沓舌	gǎi kǒu tà shé
P	改天换地	gǎi tiān huàn dì
P	改头换尾	gǎi tóu huàn wěi
P	改头换面	gǎi tóu huàn miàn
P	改姓更名	gǎi xìng gēng míng
P	改张易调	gǎi zhāng yì diào
P	改弦易调	gǎi xián yì diào
P	改弦更张	gǎi xián gēng zhāng
P	改恶为善	gǎi è wéi shàn
P	改恶从善	gǎi è cóng shàn
P	改恶向善	gǎi è xiàng shàn
P	改恶行善	gǎi è xíng shàn
P	改换头面	gǎi huàn tóu miàn
P	改换家门	gǎi huàn jiā mén
P	改操易节	gǎi cāo yì jié
P	改政移风	gǎi zhèng yí fēng
P	改曲易调	gǎi qǔ yì diào
P	改朝换代	gǎi cháo huàn dài
P	改朝换姓	gǎi cháo huàn xìng
P	改柯易叶	gǎi kē yì yè
P	改柯易节	gǎi kē yì jié
P	改玉改行	gǎi yù gǎi xíng
P	改而更张	gǎi ér gèng zhāng
P	改节易操	gǎi jié yì cāo
P	改行为善	gǎi xíng wéi shàn
P	改行从善	gǎi xíng cóng shàn
P	改行自新	gǎi xíng zì xīn
P	改行迁善	gǎi xíng qiān shàn
P	改过不吝	gǎi guò bù lìn
P	改过从善	gǎi guò cóng shàn
P	改过作新	gǎi guò zuò xīn
P	改过自新	gǎi guò zì xīn
P	改过迁善	gǎi guò qiān shàn
P	改邪归正	gǎi xié guī zhèng
P	攻其不备	gōng qí bù bèi
P	攻其无备	gōng qí wú bèi
P	攻击行为	gōng jī xíng wéi
P	攻城掠地	gōng chéng lüè dì
P	攻城略地	gōng chéng lüè dì
P	攻守同盟	gōng shǒu tóng méng
P	攻心为上	gōng xīn wèi shàng
P	攻心扼吭	gōng xīn è háng
P	攻无不克	gōng wú bù kè
P	攻苦食俭	gōng kǔ shí jiǎn
P	攻苦食啖	gōng kǔ shí dàn
P	攻苦食淡	gōng kǔ shí dàn
P	攻过箴阙	gōng guò zhēn què
P	放任自流	fàng rèn zì liú
P	放僻淫佚	fàng pì yín yì
P	放僻邪侈	fàng pì xié chǐ
P	放刁把滥	fàng diāo bǎ làn
P	放刁撒泼	fàng diāo sā pō
P	放射疗法	fàng shè liáo fǎ
P	放屁添风	fàng pì tiān fēng
P	放心解体	fàng xīn jiě tǐ
P	放歌纵酒	fàng gē zòng jiǔ
P	放泼撒豪	fàng pō sā háo
P	放浪不拘	fàng làng bù jū
P	放浪不羁	fàng làng bù jī
P	放浪无拘	fàng làng wú jū
P	放纵不拘	fàng zòng bù jū
P	放纵不羁	fàng zòng bù jī
P	放纵驰荡	fàng zòng chí dàng
P	放荡不羁	fàng dàng bù jī
P	放言高论	fàng yán gāo lùn
P	放诞不拘	fàng dàn bù jū
P	放诞不羁	fàng dàn bù jī
P	放诞风流	fàng dàn fēng liú
P	放辟淫侈	fàng pì yín chǐ
P	放辟邪侈	fàng pì xié chǐ
P	放达不羁	fàng dá bù jī
P	放马华阳	fàng mǎ huá yáng
P	放马后炮	fàng mǎ hòu pào
P	政令不一	zhèng lìng bù yī
P	政教合一	zhèng jiào hé yī
P	政治委员	zhèng zhì wěi yuán
P	政治文明	zhèng zhì wén míng
P	政治避难	zhèng zhì bì nàn
P	政清人和	zhèng qīng rén hé
P	政通人和	zhèng tōng rén hé
P	故伎重演	gù jì chóng yǎn
P	故土难离	gù tǔ nán lí
P	故家乔木	gù jiā qiáo mù
P	故弄玄虚	gù nòng xuán xū
P	故弄虚玄	gù nòng xū xuán
P	故态复还	gù tài fù huán
P	故技重演	gù jì chóng yǎn
P	故旧不弃	gù jiù bù qì
P	故甚其词	gù shèn qí cí
P	效死疆场	xiào sǐ jiāng chǎng
P	效益工资	xiào yì gōng zī
P	敌不可假	dí bù kě jiǎ
P	敌不可纵	dí bù kě zòng
P	敌力角气	dí lì jiǎo qì
P	敌忾同仇	dí kài tóng chóu
P	敌王所忾	dí wáng suǒ kài
P	救世济民	jiù shì jì mín
P	救亡图存	jiù wáng tú cún
P	救火拯溺	jiù huǒ zhěng nì
P	救焚拯溺	jiù fén zhěng nì
P	救燎助薪	jiù liáo zhù xīn
P	救苦救难	jiù kǔ jiù nàn
P	救过不暇	jiù guò bù xiá
P	救过不给	jiù guò bù gěi
P	救过不赡	jiù guò bù shàn
P	救过补阙	jiù guò bǔ quē
P	救难解危	jiù nán jiě wēi
P	救饥拯溺	jiù jī zhěng nì
P	敖不可长	ào bù kě zhǎng
P	教一识百	jiāo yī shí bǎi
P	教亦多术	jiào yì duō shù
P	教学相长	jiào xué xiāng zhǎng
P	教导有方	jiào dǎo yǒu fāng
P	教无常师	jiào wú cháng shī
P	教猱升木	jiāo náo shēng mù
P	敛声屏息	liǎn shēng bǐng xī
P	敛声屏气	liǎn shēng bǐng qì
P	敛容屏气	liǎn róng bǐng qì
P	敛手屏足	liǎn shǒu píng zú
P	敛手待毙	liǎn shǒu dài bì
P	敛色屏气	liǎn sè bǐng qì
P	敛骨吹魂	liǎn gǔ chuī hún
P	敝帷不弃	bì wéi bù qì
P	敝盖不弃	bì gài bù qì
P	敝綈恶粟	bì tì è sù
P	敝绨恶粟	bì tí è sù
P	敝衣粝食	bì yī lì shí
P	敝鼓丧豚	bì gǔ sàng tún
P	敞胸露怀	chǎng xiōng lù huái
P	敢不承命	gǎn bù chéng mìng
P	敢为敢做	gǎn wéi gǎn zuò
P	敢作敢为	gǎn zuò gǎn wéi
P	敢作敢当	gǎn zuò gǎn dāng
P	敢勇当先	gǎn yǒng dāng xiān
P	散伤丑害	sàn shāng chǒu hài
P	散兵游勇	sǎn bīng yóu yǒng
P	散带衡门	sàn dài héng mén
P	散灰扃户	sàn huī jiōng hù
P	散言碎语	sǎn yán suì yǔ
P	散阵投巢	sàn zhèn tóu cháo
P	散马休牛	sàn mǎ xiū niú
P	敦世厉俗	dūn shì lì sú
P	敦本务实	dūn běn wù shí
P	敦煌石窟	dūn huáng shí kū
P	敦诗说礼	dūn shī shuō lǐ
P	敦风厉俗	dūn fēng lì sú
P	敦默寡言	dūn mò guǎ yán
P	敩学相长	xiào xué xiāng cháng
P	敬上接下	jìng shàng jiē xià
P	敬上爱下	jìng shàng ài xià
P	敬业乐群	jìng yè lè qún
P	敬事不暇	jìng shì bù xiá
P	敬事后食	jìng shì hòu shí
P	敬如上宾	jìng rú shàng bīn
P	敬老慈少	jìng lǎo cí shǎo
P	敬而远之	jìng ér yuǎn zhī
P	敬若神明	jìng ruò shén míng
P	敬谢不敏	jìng xiè bù mǐn
P	敬贤重士	jìng xián zhòng shì
P	敬陈管见	jìng chén guǎn jiàn
P	数一数二	shǔ yī shǔ èr
P	数不胜数	shǔ bù shèng shǔ
P	数九寒天	shǔ jiǔ hán tiān
P	数以万计	shǔ yǐ wàn jì
P	数典忘祖	shǔ diǎn wàng zǔ
P	数往知来	shǔ wǎng zhī lái
P	数理统计	shù lǐ tǒng jì
P	数白论黄	shǔ bái lùn huáng
P	数短论长	shǔ duǎn lùn cháng
P	数米而炊	shǔ mǐ ér chuī
P	数米量柴	shǔ mǐ liáng chái
P	数罪并罚	shù zuì bìng fá
P	数见不鲜	shuò jiàn bù xiān
P	数黄道白	shù huáng dào bái
P	数黄道黑	shǔ huáng dào hēi
P	数黑论白	shù hēi lùn bái
P	数黑论黄	shǔ hēi lùn huáng
P	敲敲打打	qiāo qiāo dǎ dǎ
P	敲榨勒索	qiāo zhà lè suǒ
P	敲膏吸髓	qiāo gāo xī suǐ
P	敲诈勒索	qiāo zhà lè suǒ
P	敲金击石	qiāo jīn jī shí
P	敲锣打鼓	qiāo luó dǎ gǔ
P	敲锣放炮	qiāo luó fàng pào
P	敲骨剥髓	qiāo gǔ bāo suǐ
P	敲骨取髓	qiāo gǔ qǔ suǐ
P	敲骨吸髓	qiāo gǔ xī suǐ
P	敲骨榨髓	qiāo gǔ zhà suǐ
P	敲髓洒膏	qiāo suǐ sǎ gāo
P	整冠纳履	zhěng guān nà lǚ
P	整年累月	zhěng nián lèi yuè
P	整整齐齐	zhěng zhěng qí qí
P	整旅厉卒	zhěng lǚ lì zú
P	整本大套	zhěng běn dà tào
P	整装待发	zhěng zhuāng dài fā
P	整躬率物	zhěng gōng shuài wù
P	整顿干坤	zhěng dùn gàn kūn
P	敷衍了事	fū yǎn liǎo shì
P	敷衍塞责	fū yǎn sè zé
P	敷衍搪塞	fū yǎn táng sè
P	文不加点	wén bù jiā diǎn
P	文不对题	wén bù duì tí
P	文丝不动	wén sī bù dòng
P	文人无行	wén rén wú xíng
P	文人相轻	wén rén xiāng qīng
P	文从字顺	wén cóng zì shùn
P	文以载道	wén yǐ zài dào
P	文似其人	wén sì qí rén
P	文化垃圾	wén huà lā jī
P	文化景观	wén huà jǐng guān
P	文化沙漠	wén huà shā mò
P	文化生活	wén huà shēng huó
P	文化遗产	wén huà yí chǎn
P	文化革命	wén huà gé mìng
P	文坛宿将	wén tán sù jiàng
P	文奸济恶	wén jiān jì è
P	文如其人	wén rú qí rén
P	文子同升	wén zǐ tóng shēng
P	文子文孙	wén zǐ wén sūn
P	文学语言	wén xué yǔ yán
P	文山会海	wén shān huì hǎi
P	文思泉涌	wén sī quán yǒng
P	文房四侯	wén fáng sì hòu
P	文搜丁甲	wén sōu dīng jiǎ
P	文期酒会	wén qī jiǔ huì
P	文武差事	wén wǔ chà shì
P	文献之家	wén xiàn zhī jiā
P	文理不通	wén lǐ bù tōng
P	文章宿老	wén zhāng sù lǎo
P	文章山斗	wén zhāng shān dòu
P	文章星斗	wén zhāng xīng dòu
P	文章盖世	wén zhāng gài shì
P	文章经济	wén zhāng jīng jì
P	文艺复兴	wén yì fù xīng
P	文行出处	wén xíng chū chǔ
P	文身剪发	wén shēn jiǎn fā
P	文身断发	wén shēn duàn fā
P	文身翦发	wén shēn jiǎn fā
P	文过其实	wén guò qí shí
P	文过遂非	wén guò suì fēi
P	文过饰非	wén guò shì fēi
P	文采风流	wén cǎi fēng liú
P	文风不动	wén fēng bù dòng
P	斐然乡风	fěi rán xiāng fēng
P	斐然向风	fěi rán xiàng fēng
P	斐然成章	fěi rán chéng zhāng
P	斑衣戏彩	bān yī xì cǎi
P	斗丽争妍	dòu lì zhēng yán
P	斗升之水	dǒu shēng zhī shuǐ
P	斗南一人	dǒu nán yī rén
P	斗唇合舌	dòu chún hé shé
P	斗媚争妍	dòu mèi zhēng yán
P	斗心眼儿	dòu xīn yǎn ér
P	斗志昂扬	dòu zhì áng yáng
P	斗怪争奇	dòu guài zhēng qí
P	斗折蛇行	dǒu zhé shé xíng
P	斗挹箕扬	dǒu yì jī yáng
P	斗方名士	dǒu fāng míng shì
P	斗榫合缝	dǒu sǔn hé fèng
P	斗水活鳞	dòu shuǐ huó lín
P	斗牙拌齿	dòu yá bàn chǐ
P	斗筲之人	dǒu shāo zhī rén
P	斗筲之器	dǒu shāo zhī qì
P	斗筲穿窬	dǒu shāo chuān yú
P	斗米尺布	dǒu mǐ chǐ bù
P	斗粟尺布	dǒu sù chǐ bù
P	斗绝一隅	dǒu jué yī yú
P	斗美夸丽	dòu měi kuā lì
P	斗而铸兵	dòu ér zhù bīng
P	斗而铸锥	dòu ér zhù zhuī
P	斗色争妍	dòu sè zhēng yán
P	斗艳争妍	dòu yàn zhēng yán
P	斗艳争芳	dòu yàn zhēng fāng
P	斗艳争辉	dòu yàn zhēng huī
P	斗转参横	dǒu zhuǎn shēn héng
P	斗转星移	dǒu zhuǎn xīng yí
P	斗酒双柑	dòu jiǔ shuāng gān
P	斗酒只鸡	dǒu jiǔ zhī jī
P	斗酒学士	dǒu jiǔ xué shì
P	斗酒百篇	dǒu jiǔ bǎi piān
P	斗量筲计	dǒu liáng shāo jì
P	斗量车载	dǒu liáng chē zài
P	斗霜傲雪	dòu shuāng ào xuě
P	斗鸡养狗	dòu jī yǎng gǒu
P	斗鸡走犬	dòu jī zǒu quǎn
P	斗鸡走狗	dòu jī zǒu gǒu
P	斗鸡走马	dòu jī zǒu mǎ
P	料敌若神	liào dí ruò shén
P	斜头歪脑	xié tóu wāi nǎo
P	斜行横阵	xié xíng héng zhèn
P	斜风细雨	xié fēng xì yǔ
P	斠若画一	jiào ruò huà yī
P	斤斤较量	jīn jīn jiào liàng
P	斧钺汤镬	fǔ yuè tāng huò
P	斩头去尾	zhǎn tóu qù wěi
P	斩头沥血	zhǎn tóu lì xuè
P	斩将刈旗	zhǎn jiàng yì qí
P	斩将搴旗	zhǎn jiàng qiān qí
P	斩尽杀绝	zhǎn jìn shā jué
P	斩木揭竿	zhǎn mù jiē gān
P	斩竿揭木	zhǎn gān jiē mù
P	斩钉切铁	zhǎn dīng qiē tiě
P	斩钉截铁	zhǎn dīng jié tiě
P	斩钢截铁	zhǎn gāng jié tiě
P	斫木为舟	zhuó mù wéi zhōu
P	斫琱为朴	zhuó diāo wéi pǔ
P	斫雕为朴	zhuó diāo wéi pǔ
P	断发文身	duàn fà wén shēn
P	断发纹身	duàn fà wén shēn
P	断头将军	duàn tóu jiāng jūn
P	断子绝孙	duàn zǐ jué sūn
P	断手续玉	duàn shóu xù yù
P	断木掘地	duàn mù jué dì
P	断杼择邻	duàn zhù zé lín
P	断根绝种	duàn gēn jué zhǒng
P	断烂朝报	duàn làn cháo bào
P	断章截句	duàn zhāng jié jù
P	断章摘句	duàn zhāng zhāi jù
P	断管残沈	duàn guǎn cán shěn
P	断线偶戏	duàn xiàn ǒu xì
P	断线风筝	duàn xiàn fēng zhēng
P	断织之诫	duàn zhī zhī jiè
P	断织劝学	duàn zhī quàn xué
P	断缣尺楮	duàn jiān chǐ chǔ
P	断蛟刺虎	duàn jiāo cì hǔ
P	断还归宗	duàn huán guī zōng
P	断长续短	duàn cháng xù duǎn
P	断长补短	duàn cháng bǔ duǎn
P	断雨残云	duàn yǔ cán yún
P	断齑块粥	duàn jī kuài zhōu
P	断齑画粥	duàn jī huà zhōu
P	斯事体大	sī shì tǐ dà
P	斯拉夫人	sī lā fū rén
P	斯文扫地	sī wén sǎo dì
P	新仇旧恨	xīn chóu jiù hèn
P	新发于硎	xīn fā yú xíng
P	新婚燕尔	xīn hūn yàn ěr
P	新媳妇儿	xīn xí fù er
P	新生力量	xīn shēng lì liàng
P	新疆大学	xīn jiāng dà xué
P	新老交替	xīn lǎo jiāo tì
P	方便之门	fāng biàn zhī mén
P	方兴未已	fāng xīng wèi yǐ
P	方兴未艾	fāng xīng wèi ài
P	方员可施	fāng yuán kě shī
P	方头不劣	fāng tóu bù liè
P	方头不律	fāng tóu bù lǜ
P	方寸万重	fāng cùn wàn chóng
P	方寸不乱	fāng cùn bù luàn
P	方寸之地	fāng cùn zhī dì
P	方底圆盖	fāng dǐ yuán gài
P	方方正正	fāng fāng zhèng zhèng
P	方枘圜凿	fāng ruì huán záo
P	方正不阿	fāng zhèng bù ē
P	方言矩行	fāng yán jǔ xíng
P	方面大耳	fāng miàn dà ěr
P	方领圆冠	fāng lǐng yuán guàn
P	方骖并路	fāng cān bìng lù
P	施号发令	shī hào fā lìng
P	施命发号	shī mìng fā hào
P	施施而行	shī shī ér xíng
P	施绯拖绿	shī fēi tuō lǜ
P	施而不费	shī ér bù fèi
P	施衿结褵	shī jīn jié lí
P	旁引曲证	páng yǐn qǔ zhèng
P	旁征博引	páng zhēng bó yǐn
P	旁指曲谕	páng zhǐ qǔ yù
P	旁推侧引	páng tuī cè yǐn
P	旁搜博采	páng sōu bó cǎi
P	旁搜远绍	páng sōu yuǎn shào
P	旁摇阴煽	páng yáo yīn shān
P	旁收博采	páng shōu bó cǎi
P	旁敲侧击	páng qiāo cè jī
P	旁文剩义	páng wén shèng yì
P	旁枝末节	páng zhī mò jié
P	旁求俊彦	páng qiú jùn yàn
P	旁求博考	páng qiú bó kǎo
P	旁系亲属	páng xì qīn shǔ
P	旁若无人	páng ruò wú rén
P	旁蒐远绍	páng sōu yuǎn shào
P	旁行斜上	páng xíng xié shàng
P	旁见侧出	páng jiàn cè chū
P	旁观者清	páng guān zhě qīng
P	旁通曲畅	páng tōng qǔ chàng
P	旁通曲鬯	páng tōng qǔ chàng
P	旁逸横出	páng yì héng chū
P	旁门外道	páng mén wài dào
P	旁门小道	páng mén xiǎo dào
P	旁门左道	páng mén zuǒ dào
P	旁门邪道	páng mén xié dào
P	旋乾转坤	xuán qián zhuǎn kūn
P	旋干转坤	xuán qián zhuǎn kūn
P	旋得旋失	xuán dé xuán shī
P	旋生旋灭	xuán shēng xuán miè
P	旋转乾坤	xuán zhuǎn qián kūn
P	旋转干坤	xuán zhuǎn gàn kūn
P	旋转餐厅	xuán zhuǎn cān tīng
P	旌旗卷舒	jīng qí juǎn shū
P	旖旎风光	yǐ nǐ fēng guāng
P	旗布星峙	qí bù xīng zhì
P	旗帜鲜明	qí zhì xiān míng
P	旗开得胜	qí kāi dé shèng
P	旗鼓相当	qí gǔ xiāng dāng
P	无一不备	wú yī bù bèi
P	无一不知	wú yī bù zhī
P	无一例外	wú yī lì wài
P	无一是处	wú yī shì chù
P	无万大千	wú wàn dà qiān
P	无下箸处	wú xià zhù chǔ
P	无与为比	wú yǔ wéi bǐ
P	无与伦比	wú yǔ lún bǐ
P	无与比伦	wú yǔ bǐ lún
P	无丝有线	wú sī yǒu xiàn
P	无中生有	wú zhōng shēng yǒu
P	无为之治	wú wéi zhī zhì
P	无为而成	wú wéi ér chéng
P	无为而治	wú wéi ér zhì
P	无为自化	wú wéi zì huà
P	无为自成	wú wéi zì chéng
P	无乎不可	wú hū bù kě
P	无了无休	wú le wú xiū
P	无了根蒂	wú le gēn dì
P	无亲无故	wú qīn wú gù
P	无人之地	wú rén zhī dì
P	无人过问	wú rén guò wèn
P	无从置喙	wú cóng zhì huì
P	无以塞责	wú yǐ sè zé
P	无价之宝	wú jià zhī bǎo
P	无任之禄	wú rèn zhī lù
P	无休无了	wú xiū wú le
P	无伤大体	wú shāng dà tǐ
P	无伤大雅	wú shāng dà yǎ
P	无伤无臭	wú shāng wú xiù
P	无何有乡	wú hé yǒu xiāng
P	无偏无陂	wú piān wú bēi
P	无关大体	wú guān dà tǐ
P	无关大局	wú guān dà jú
P	无关紧要	wú guān jǐn yào
P	无其伦比	wú qí lún bǐ
P	无其奈何	wú qí nài hé
P	无冕之王	wú miǎn zhī wáng
P	无出其右	wú chū qí yòu
P	无利可图	wú lì kě tú
P	无力回天	wú lì huí tiān
P	无功功率	wú gōng gōng lǜ
P	无动为大	wú dòng wéi dà
P	无动于中	wú dòng yú zhōng
P	无千待万	wú qiān dài wàn
P	无千无万	wú qiān wú wàn
P	无可不可	wú kě bù kě
P	无可争议	wú kě zhēng yì
P	无可争辩	wú kě zhēng biàn
P	无可厚非	wú kě hòu fēi
P	无可名状	wú kě míng zhuàng
P	无可否认	wú kě fǒu rèn
P	无可奈何	wú kě nài hé
P	无可奉告	wú kě fèng gào
P	无可如何	wú kě rú hé
P	无可指责	wú kě zhǐ zé
P	无可救药	wú kě jiù yào
P	无可柰何	wú kě nài hé
P	无可比伦	wú kě bǐ lún
P	无可比拟	wú kě bǐ nǐ
P	无可比象	wú kě bǐ xiàng
P	无可置喙	wú kě zhì huì
P	无可置疑	wú kě zhì yí
P	无可置辩	wú kě zhì biàn
P	无可讳言	wú kě huì yán
P	无可非议	wú kě fēi yì
P	无名之朴	wú míng zhī pǔ
P	无名之辈	wú míng zhī bèi
P	无名小卒	wú míng xiǎo zú
P	无名肿毒	wú míng zhǒng dú
P	无土栽培	wú tǔ zāi péi
P	无地可容	wú dì kě róng
P	无地自厝	wú dì zì cuò
P	无地自处	wú dì zì chǔ
P	无地自容	wú dì zì róng
P	无坚不摧	wú jiān bù cuī
P	无坚不陷	wú jiān bù xiàn
P	无声无臭	wú shēng wú xiù
P	无大不大	wú dà bù dà
P	无大无小	wú dà wú xiǎo
P	无头告示	wú tóu gào shì
P	无头无尾	wú tóu wú wěi
P	无奇不有	wú qí bù yǒu
P	无奈我何	wú nài wǒ hé
P	无如之何	wú rú zhī hé
P	无如奈何	wú rú nài hé
P	无孔不入	wú kǒng bù rù
P	无孔不钻	wú kǒng bù zuān
P	无家可奔	wú jiā kě bēn
P	无家可归	wú jiā kě guī
P	无家无室	wú jiā wú shì
P	无容置疑	wú róng zhì yí
P	无寇暴死	wú kòu bào sǐ
P	无尽无休	wú jìn wú xiū
P	无尽无穷	wú jìn wú qióng
P	无平不颇	wú píng bù pō
P	无幽不烛	wú yōu bù zhú
P	无庸置疑	wú yōng zhì yí
P	无形之中	wú xíng zhī zhōng
P	无形资产	wú xíng zī chǎn
P	无往不克	wú wǎng bù kè
P	无往不利	wú wǎng bù lì
P	无往不复	wú wǎng bù fù
P	无往不胜	wú wǎng bù shèng
P	无征不信	wú zhēng bù xìn
P	无待蓍龟	wú dài shī guī
P	无微不至	wú wēi bù zhì
P	无德而称	wú dé ér chēng
P	无思无虑	wú sī wú lǜ
P	无恶不为	wú è bù wéi
P	无恶不作	wú è bù zuò
P	无恶不造	wú è bù zào
P	无情少面	wú qíng shǎo miàn
P	无懈可击	wú xiè kě jī
P	无所不为	wú suǒ bù wéi
P	无所不作	wú suǒ bù zuò
P	无所不包	wú suǒ bù bāo
P	无所不及	wú suǒ bù jí
P	无所不可	wú suǒ bù kě
P	无所不在	wú suǒ bù zài
P	无所不备	wú suǒ bù bèi
P	无所不容	wú suǒ bù róng
P	无所不晓	wú suǒ bù xiǎo
P	无所不有	wú suǒ bù yǒu
P	无所不知	wú suǒ bù zhī
P	无所不能	wú suǒ bù néng
P	无所不至	wú suǒ bù zhì
P	无所不通	wú suǒ bù tōng
P	无所作为	wú suǒ zuò wéi
P	无所可否	wú suǒ kě fǒu
P	无所忌惮	wú suǒ jì dàn
P	无所用心	wú suǒ yòng xīn
P	无所畏惮	wú suǒ wèi dàn
P	无所适从	wú suǒ shì cóng
P	无所重轻	wú suǒ zhòng qīng
P	无所顾惮	wú suǒ gù dàn
P	无拘无束	wú jū wú shù
P	无拘无碍	wú jū wú ài
P	无拘无缚	wú jū wú fù
P	无施不可	wú shī bù kě
P	无施不效	wú shī bù xiào
P	无有伦比	wú yǒu lún bǐ
P	无服之丧	wú fú zhī sàng
P	无服之殇	wú fú zhī shāng
P	无期徒刑	wú qī tú xíng
P	无机化学	wú jī huà xué
P	无机可乘	wú jī kě chéng
P	无束无拘	wú shù wú jū
P	无毛大虫	wú máo dà chóng
P	无济于事	wú jì yú shì
P	无烟工业	wú yān gōng yè
P	无父无君	wú fù wú jūn
P	无独有偶	wú dú yǒu ǒu
P	无疆之休	wú jiāng zhī xiū
P	无的放矢	wú dì fàng shǐ
P	无相无作	wú xiāng wú zuò
P	无知妄作	wú zhī wàng zuò
P	无私有弊	wú sī yǒu bì
P	无私有意	wú sī yǒu yì
P	无稽之言	wú jī zhī yán
P	无稽之谈	wú jī zhī tán
P	无穷无尽	wú qióng wú jìn
P	无空不入	wú kōng bù rù
P	无精嗒彩	wú jīng dā cǎi
P	无精打彩	wú jīng dǎ cǎi
P	无精打采	wú jīng dǎ cǎi
P	无线电台	wú xiàn diàn tái
P	无缝天衣	wú fèng tiān yī
P	无缝钢管	wú fèng gāng guǎn
P	无置锥地	wú zhì zhuī dì
P	无肠可断	wú cháng kě duàn
P	无背无侧	wú bèi wú cè
P	无胫而行	wú jìng ér xíng
P	无能为力	wú néng wéi lì
P	无能为役	wú néng wéi yì
P	无般不识	wú bān bù shí
P	无色无臭	wú sè wú xiù
P	无虑无思	wú lǜ wú sī
P	无言可对	wú yán kě duì
P	无计可奈	wú jì kě nài
P	无计可施	wú jì kě shī
P	无计奈何	wú jì nài hé
P	无论如何	wú lùn rú hé
P	无足轻重	wú zú qīng zhòng
P	无足重轻	wú zú zhòng qīng
P	无路可走	wú lù kě zǒu
P	无轨电车	wú guǐ diàn chē
P	无辜受累	wú gū shòu lěi
P	无边风月	wú biān fēng yuè
P	无远不届	wú yuǎn bù jiè
P	无远弗届	wú yuǎn fú jiè
P	无迹可寻	wú jì kě xún
P	无迹可求	wú jì kě qiú
P	无适无莫	wú shì wú mò
P	无適无莫	wú dí wú mò
P	无遮大会	wú zhē dà huì
P	无铅汽油	wú qiān qì yóu
P	无间冬夏	wú jiān dōng xià
P	无间可乘	wú jiān kě chéng
P	无间可伺	wú jiān kě sì
P	无间是非	wú jiàn shì fēi
P	无际可寻	wú jì kě xún
P	无隙可乘	wú xì kě chéng
P	无颜落色	wú yán luò sè
P	无颠无倒	wú diān wú dǎo
P	无风作浪	wú fēng zuò làng
P	无风扬波	wú fēng yáng bō
P	无风生浪	wú fēng shēng làng
P	无风起浪	wú fēng qǐ làng
P	既往不咎	jì wǎng bù jiù
P	既得利益	jì dé lì yì
P	日上三竿	rì shàng sān gān
P	日不我与	rì bù wǒ yǔ
P	日不暇给	rì bù xiá jǐ
P	日不移影	rì bù yí yǐng
P	日不移晷	rì bù yí guǐ
P	日中为市	rì zhōng wéi shì
P	日中则昃	rì zhōng zé zè
P	日中则移	rì zhōng zé yí
P	日中将昃	rì zhōng jiāng zè
P	日中必彗	rì zhōng bì huì
P	日中必昃	rì zhōng bì zè
P	日中必湲	rì zhōng bì yuán
P	日中必移	rì zhōng bì yí
P	日丽风和	rì lì fēng hé
P	日丽风清	rì lì fēng qīng
P	日久天长	rì jiǔ tiān cháng
P	日久岁长	rì jiǔ suì cháng
P	日乾夕惕	rì qián xī tì
P	日以为常	rì yǐ wéi cháng
P	日出不穷	rì chū bù qióng
P	日削月割	rì xuē yuè gē
P	日削月朘	rì xuē yuè juān
P	日和风暖	rì hé fēng nuǎn
P	日堙月塞	rì yīn yuè sāi
P	日增月盛	rì zēng yuè shèng
P	日复一日	rì fù yí rì
P	日就月将	rì jiù yuè jiāng
P	日居月诸	rì jū yuè zhū
P	日异月更	rì yì yuè gèng
P	日引月长	rì yǐn yuè cháng
P	日新月盛	rì xīn yuè shèng
P	日新月著	rì xīn yuè zhù
P	日旰不食	rì gàn bù shí
P	日旰忘食	rì gàn wàng shí
P	日旰忘餐	rì gàn wàng cān
P	日昃不食	rì zè bù shí
P	日昃忘食	rì zè wàng shí
P	日昃旰食	rì zè gàn shí
P	日暖风和	rì nuǎn fēng hé
P	日暖风恬	rì nuǎn fēng tián
P	日暮路远	rì mù lù yuǎn
P	日暮途远	rì mù tú yuǎn
P	日暮道远	rì mù dào yuǎn
P	日月不居	rì yuè bù jū
P	日月丽天	rì yuè lì tiān
P	日月交食	rì yuè jiāo shí
P	日月其除	rì yuè qí chú
P	日月参辰	rì yuè shēn chén
P	日月合壁	rì yuè hé bì
P	日月合璧	rì yuè hé bì
P	日月重光	rì yuè chóng guāng
P	日有万机	rì yǒu wàn jī
P	日朘月减	rì juān yuè jiǎn
P	日朘月削	rì juān yuè xuē
P	日渐月染	rì jiàn yuè rǎn
P	日炙风吹	rì zhì fēng chuī
P	日炙风筛	rì zhì fēng shāi
P	日理万机	rì lǐ wàn jī
P	日甚一日	rì shèn yī rì
P	日省月修	rì xǐng yuè xiū
P	日省月试	rì xǐng yuè shì
P	日省月课	rì xǐng yuè kè
P	日短心长	rì duǎn xīn cháng
P	日积月累	rì jī yuè lěi
P	日累月积	rì lèi yuè jī
P	日耳曼人	rì ěr màn rén
P	日臻完美	rì zhēn wán měi
P	日莫途远	rì mò tú yuǎn
P	日落千丈	rì luò qiān zhàng
P	日落西山	rì luò xī shān
P	日薄桑榆	rì báo sāng yú
P	日薄虞渊	rì báo yú yuān
P	日薄西山	rì bó xī shān
P	日行千里	rì xíng qiān lǐ
P	日角偃月	rì jiǎo yǎn yuè
P	日角珠庭	rì jiǎo zhū tíng
P	日角龙庭	rì jiǎo lóng tíng
P	日角龙颜	rì jiǎo lóng yán
P	日许多时	rì xǔ duō shí
P	日许时间	rì xǔ shí jiān
P	日试万言	rì shì wàn yán
P	日诵五车	rì sòng wǔ chē
P	日转千街	rì zhuǎn qiān jiē
P	日转千阶	rì zhuǎn qiān jiē
P	日进斗金	rì jìn dǒu jīn
P	日长一线	rì cháng yī xiàn
P	日长似岁	rì cháng sì suì
P	日食万钱	rì shí wàn qián
P	日饮亡何	rì yǐn wáng hé
P	日饮无何	rì yǐn wú hé
P	旦不报夕	dàn bú bào xī
P	旦夕祸福	dàn xī huò fú
P	旦暮入地	dàn mù rù dì
P	旦种暮成	dàn zhòng mù chéng
P	旧事重提	jiù shì chóng tí
P	旧仇宿怨	jiù chóu sù yuàn
P	旧地重游	jiù dì chóng yóu
P	旧恨新仇	jiù hèn xīn chóu
P	旧燕归巢	jiù yàn guī cháo
P	旧病复发	jiù bìng fù fā
P	旧病难医	jiù bìng nán yī
P	旧话重提	jiù huà chóng tí
P	旧调重弹	jiù diào chóng tán
P	旧雨今雨	jiù yǔ jīn yǔ
P	旧雨重逢	jiù yǔ chóng féng
P	早占勿药	zǎo zhān wù yào
P	早朝晏罢	zǎo cháo yàn bà
P	早期白话	zǎo qī bái huà
P	早该淘汰	zǎo gāi táo tài
P	旰食之劳	gàn shí zhī láo
P	旰食宵衣	gàn shí xiāo yī
P	旱苗得雨	hàn miáo dé yǔ
P	旱魃为虐	hàn bá wèi nüè
P	时不再来	shí bù zài lái
P	时不可失	shí bù kě shī
P	时不我与	shí bù wǒ yǔ
P	时不我待	shí bù wǒ dài
P	时亨运泰	shí hēng yùn tài
P	时和岁丰	shí hé suì fēng
P	时和岁稔	shí hé suì rěn
P	时和年丰	shí hé nián fēng
P	时日曷丧	shí rì hé sàng
P	时来运旋	shí lái yùn xuán
P	时来运转	shí lái yùn zhuǎn
P	时殊风异	shí shū fēng yì
P	时起时伏	shí qǐ shí fú
P	时过境迁	shí guò jìng qiān
P	时运不齐	shí yùn bù jì
P	时运亨通	shí yùn hēng tōng
P	时隐时见	shí yǐn shí jiàn
P	旷世奇才	kuàng shì qí cái
P	旷古奇闻	kuàng gǔ qí wén
P	旷古未有	kuàng gǔ wèi yǒu
P	旷夫怨女	kuàng fū yuàn nǚ
P	旷日弥久	kuàng rì mí jiǔ
P	旷日累时	kuàng rì lěi shí
P	旷日长久	kuàng rì cháng jiǔ
P	旷若发蒙	kuàng ruò fā méng
P	旷达不羁	kuàng dá bù jī
P	昂头天外	áng tóu tiān wài
P	昂头挺胸	áng tóu tǐng xiōng
P	昂头阔步	áng tóu kuò bù
P	昂昂自若	áng áng zì ruò
P	昂然自得	áng rán zì dé
P	昂然自若	áng rán zì ruò
P	昂藏七尺	áng cáng qī chǐ
P	昃食宵衣	zè shí xiāo yī
P	昆山片玉	kūn shān piàn yù
P	昆弟之好	kūn dì zhī hǎo
P	昊天不吊	hào tiān bù diào
P	昌亭旅食	chāng tíng lǚ shí
P	昌歜羊枣	chāng chù yáng zǎo
P	明争暗斗	míng zhēng àn dòu
P	明公正义	míng gōng zhèng yì
P	明公正气	míng gōng zhèng qì
P	明公正道	míng gōng zhèng dào
P	明刑不戮	míng xíng bù lù
P	明刑弼教	míng xíng bì jiào
P	明升暗降	míng shēng àn jiàng
P	明发不寐	míng fā bù mèi
P	明堂正道	míng táng zhèng dào
P	明婚正娶	míng hūn zhèng qǔ
P	明婚正配	míng hūn zhèng pèi
P	明媒正娶	míng méi zhèng qǔ
P	明媒正礼	míng méi zhèng lǐ
P	明心见性	míng xīn jiàn xìng
P	明扬侧陋	míng yáng cè lòu
P	明抢暗偷	míng qiǎng àn tōu
P	明效大验	míng xiào dà yàn
P	明教不变	míng jiào bù biàn
P	明昭昏蒙	míng zhāo hūn méng
P	明月清风	míng yuè qīng fēng
P	明查暗访	míng chá àn fǎng
P	明正典刑	míng zhèng diǎn xíng
P	明法审令	míng fǎ shěn lìng
P	明珠弹雀	míng zhū tán què
P	明白了当	míng bái liǎo dàng
P	明知故犯	míng zhī gù fàn
P	明知故问	míng zhī gù wèn
P	明窗净几	míng chuāng jìng jī
P	明耻教战	míng chǐ jiào zhàn
P	明若观火	míng ruò guān huǒ
P	明见万里	míng jiàn wàn lǐ
P	明赏不费	míng shǎng bù fèi
P	明验大效	míng yàn dà xiào
P	昏天暗地	hūn tiān àn dì
P	昏天熙地	hūn tiān xī dì
P	昏天黑地	hūn tiān hēi dì
P	昏头打脑	hūn tóu dǎ nǎo
P	昏头搭脑	hūn tóu dā nǎo
P	昏头昏脑	hūn tóu hūn nǎo
P	昏头晕脑	hūn tóu yūn nǎo
P	昏头转向	hūn tóu zhuǎn xiàng
P	昏定晨省	hūn dìng chén xǐng
P	昏聩无能	hūn kuì wú néng
P	昏迷不省	hūn mí bù xǐng
P	昏迷不醒	hūn mí bù xǐng
P	昏镜重明	hūn jìng chóng míng
P	昏镜重磨	hūn jìng chóng mó
P	易于拾遗	yì yú shí yí
P	易俗移风	yì sú yí fēng
P	易口以食	yì kǒu yǐ shí
P	易同反掌	yì tóng fǎn zhǎng
P	易地而处	yì dì ér chǔ
P	易如拾芥	yì rú shí jiè
P	易子而教	yì zǐ ér jiào
P	易子而食	yì zǐ ér shí
P	易货贸易	yì huò mào yì
P	昔天同庆	xī tiān tóng qìng
P	星星落落	xīng xīng luò luò
P	星火燎原	xīng huǒ liáo yuán
P	星火计划	xīng huǒ jì huà
P	星离月会	xīng lí yuè huì
P	星离雨散	xīng lí yǔ sàn
P	星移斗转	xīng yí dǒu zhuǎn
P	星移漏转	xīng yí lòu zhuǎn
P	星落云散	xīng luò yún sàn
P	星行夜归	xīng xíng yè guī
P	星行电征	xīng xíng diàn zhēng
P	星飞云散	xīng fēi yún sàn
P	星驰电发	xīng chí diàn fā
P	映月读书	yìng yuè dú shū
P	映雪囊萤	yìng xuě náng yíng
P	映雪读书	yìng xuě dú shū
P	春光漏泄	chūn guāng lòu xiè
P	春冰虎尾	chūn bīng hǔ wěi
P	春华秋实	chūn huá qiū shí
P	春和景明	chūn hé jǐng míng
P	春回大地	chūn huí dà dì
P	春深似海	chūn shēn sì hǎi
P	春秋鼎盛	chūn qiū dǐng shèng
P	春笋怒发	chūn sǔn nù fā
P	春色撩人	chūn sè liáo rén
P	春葩丽藻	chūn pā lì zǎo
P	春蚓秋蛇	chūn yǐn qiū shé
P	春蛇秋蚓	chūn shé qiū yǐn
P	春雨如油	chūn yǔ rú yóu
P	春露秋霜	chūn lù qiū shuāng
P	春风一度	chūn fēng yī dù
P	春风化雨	chūn fēng huà yǔ
P	春风和气	chūn fēng hé qì
P	春风夏雨	chūn fēng xià yǔ
P	春风得意	chūn fēng dé yì
P	春风沂水	chūn fēng yí shuǐ
P	春风满面	chūn fēng mǎn miàn
P	春风野火	chūn fēng yě huǒ
P	春风雨露	chūn fēng yǔ lù
P	春风风人	chūn fēng fēng rén
P	昧地瞒天	mèi dì mán tiān
P	昧地谩天	mèi dì mán tiān
P	昧己瞒心	mèi jǐ mán xīn
P	昧旦晨兴	mèi dàn chén xīng
P	昭德塞违	zhāo dé sè wéi
P	昭然若揭	zhāo rán ruò jiē
P	昭聋发聩	zhāo lóng fā kuì
P	是非分明	shì fēi fēn míng
P	是非得失	shì fēi dé shī
P	是非曲直	shì fēi qū zhí
P	是非颠倒	shì fēi diān dǎo
P	昼乾夕惕	zhòu qián xī tì
P	昼伏夜行	zhòu fú yè xíng
P	昼夜兼行	zhòu yè jiān xíng
P	昼干夕惕	zhòu gàn xī tì
P	昼度夜思	zhòu duó yè sī
P	昼思夜想	zhòu sī yè xiǎng
P	显亲扬名	xiǎn qīn yáng míng
P	显山露水	xiǎn shān lù shuǐ
P	显而易见	xiǎn ér yì jiàn
P	显露头角	xiǎn lù tóu jiǎo
P	晃晃悠悠	huàng huàng yōu yōu
P	晏安酖毒	yàn ān dān dú
P	晓之以理	xiǎo zhī yǐ lǐ
P	晓以大义	xiǎo yǐ dà yì
P	晓行夜住	xiǎo xíng yè zhù
P	晓行夜宿	xiǎo xíng yè sù
P	晓风残月	xiǎo fēng cán yuè
P	晕头晕脑	yūn tóu yūn nǎo
P	晕头转向	yūn tóu zhuàn xiàng
P	晕晕沉沉	yūn yūn chén chén
P	晚节不保	wǎn jié bù bǎo
P	晚节不终	wǎn jié bù zhōng
P	晚节黄花	wǎn jié huáng huā
P	晚食当肉	wǎn shí dàng ròu
P	晦盲否塞	huì máng pǐ sè
P	晨兴夜寐	chén xīng yè mèi
P	晨参暮省	chén cān mù shěng
P	晨参暮礼	chén cān mù lǐ
P	晨提夕命	chén tí xī mìng
P	晨昏定省	chén hūn dìng xǐng
P	晬面盎背	zuì miàn àng bèi
P	普天匝地	pǔ tiān zā dì
P	普天同庆	pǔ tiān tóng qìng
P	普天率土	pǔ tiān shuài tǔ
P	普度众生	pǔ dù zhòng shēng
P	普度群生	pǔ dù qún shēng
P	普济众生	pǔ jì zhòng shēng
P	普济群生	pǔ jì qún shēng
P	普通教育	pǔ tōng jiào yù
P	景入桑榆	jǐng rù sāng yú
P	景升豚犬	jǐng shēng tún quǎn
P	景星凤凰	jǐng xīng fèng huáng
P	景星凤皇	jǐng xīng fèng huáng
P	景星庆云	jǐng xīng qìng yún
P	景星麟凤	jǐng xīng lín fèng
P	晰毛辨发	xī máo biàn fà
P	晶莹剔透	jīng yíng tī tòu
P	智力商数	zhì lì shāng shù
P	智周万物	zhì zhōu wàn wù
P	智圆行方	zhì yuán xíng fāng
P	智小言大	zhì xiǎo yán dà
P	智小谋大	zhì xiǎo móu dà
P	智尽能索	zhì jìn néng suǒ
P	智穷才尽	zhì qióng cái jìn
P	智藏瘝在	zhì cáng guān zài
P	暑雨祁寒	shǔ yǔ qí hán
P	暖衣饱食	nuǎn yī bǎo shí
P	暗中摸索	àn zhōng mō suǒ
P	暗中行事	àn zhōng xíng shì
P	暗室不欺	àn shì bù qī
P	暗射地图	àn shè dì tú
P	暗度金针	àn dù jīn zhēn
P	暗度陈仓	àn dù chén cāng
P	暗斗明争	àn dòu míng zhēng
P	暗箭中人	àn jiàn zhòng rén
P	暗箭难防	àn jiàn nán fáng
P	暗绿稀红	àn lǜ xī hóng
P	暗锤打人	àn chuí dǎ rén
P	暧昧不明	ài mèi bù míng
P	暮去朝来	mù qù zhāo lái
P	暮四朝三	mù sì zhāo sān
P	暮夜无知	mù yè wú zhī
P	暮想朝思	mù xiǎng zhāo sī
P	暮景桑榆	mù jǐng sāng yú
P	暮景残光	mù jǐng cán guāng
P	暮暮朝朝	mù mù zhāo zhāo
P	暮楚朝秦	mù chǔ cháo qín
P	暮爨朝舂	mù cuàn zhāo chōng
P	暮礼晨参	mù lǐ chén cān
P	暮翠朝红	mù cuì zhāo hóng
P	暮虢朝虞	mù guó zhāo yú
P	暮雨朝云	mù yǔ zhāo yún
P	暮鼓朝钟	mù gǔ cháo zhōng
P	暴内陵外	bào nèi líng wài
P	暴力革命	bào lì gé mìng
P	暴取豪夺	bào qǔ háo duó
P	暴戾恣睢	bào lì zì suī
P	暴敛横征	bào liǎn héng zhēng
P	暴殄天物	bào tiǎn tiān wù
P	暴腮龙门	pù sāi lóng mén
P	暴虎冯河	bào hǔ píng hé
P	暴虐无道	bào nüè wú dào
P	暴衣露冠	pù yī lù guàn
P	暴衣露盖	pù yī lù gài
P	暴跳如雷	bào tiào rú léi
P	暴躁如雷	bào zào rú léi
P	暴露文学	bào lòu wén xué
P	暴露无遗	bào lù wú yí
P	暴风疾雨	bào fēng jí yǔ
P	暴风骤雨	bào fēng zhòu yǔ
P	暴饮暴食	bào yǐn bào shí
P	曝书见竹	pù shū jiàn zhú
P	曝背食芹	pù bèi shí qín
P	曝骨履肠	pù gǔ lǚ cháng
P	曲不离口	qǔ bù lí kǒu
P	曲学诐行	qǔ xué bì xíng
P	曲学阿世	qǔ xué ā shì
P	曲尽其妙	qū jìn qí miào
P	曲径通幽	qū jìng tōng yōu
P	曲意奉迎	qǔ yì fèng yíng
P	曲意承迎	qǔ yì chéng yíng
P	曲意迎合	qǔ yì yíng hé
P	曲意逢迎	qū yì féng yíng
P	曲曲弯弯	qū qū wān wān
P	曲曲折折	qū qū zhé zhé
P	曲水流觞	qū shuǐ liú shāng
P	曲眉丰颊	qǔ méi fēng jiá
P	曲突徙薪	qū tū xǐ xīn
P	曲突移薪	qǔ tū yí xīn
P	曲线运动	qū xiàn yùn dòng
P	曲终人散	qǔ zhōng rén sàn
P	曲终奏雅	qǔ zhōng zòu yǎ
P	曲肱而枕	qǔ gōng ér zhěn
P	曲里拐弯	qū lǐ guǎi wān
P	曲高和寡	qǔ gāo hè guǎ
P	曳尾泥涂	yè wěi ní tú
P	曳尾涂中	yè wěi tú zhōng
P	曳裾王门	yè jū wáng mén
P	更仆难尽	gèng pú nán jìn
P	更仆难数	gēng pú nán shǔ
P	更仆难终	gēng pú nán zhōng
P	更令明号	gēng lìng míng hào
P	更名改姓	gēng míng gǎi xìng
P	更唱叠和	gēng chàng dié hé
P	更唱迭和	gēng chàng dié hé
P	更姓改物	gēng xìng gǎi wù
P	更弦改辙	gēng xián gǎi zhé
P	更弦易辙	gēng xián yì zhé
P	更待干罢	gèng dài gān bà
P	更新换代	gēng xīn huàn dài
P	更正错误	gēng zhèng cuò wù
P	更深人静	gēng shēn rén jìng
P	更深夜静	gēng shēn yè jìng
P	更进一步	gèng jìn yí bù
P	更进一竿	gèng jìn yī gān
P	更长梦短	gēng cháng mèng duǎn
P	更阑人静	gēng lán rén jìng
P	更难仆数	gēng nán pú shù
P	曾不惨然	zēng bù cǎn rán
P	曾几何时	céng jǐ hé shí
P	曾参杀人	zēng shēn shā rén
P	曾无与二	céng wú yǔ èr
P	曾母投杼	zēng mǔ tóu zhù
P	曾经沧海	céng jīng cāng hǎi
P	替天行道	tì tiān xíng dào
P	替身演员	tì shēn yǎn yuán
P	最低工资	zuì dī gōng zī
P	最后一刻	zuì hòu yí kè
P	月中折桂	yuè zhōng shé guì
P	月份牌儿	yuè fèn pái er
P	月光如水	yuè guāng rú shuǐ
P	月圆花好	yuè yuán huā hǎo
P	月地云阶	yuè dì yún jiē
P	月坠花折	yuè zhuì huā zhé
P	月夕花朝	yuè xī huā zhāo
P	月夜花朝	yuè yè huā zhāo
P	月晕础润	yuè yùn chǔ rùn
P	月晕而风	yuè yùn ér fēng
P	月朗风清	yuè lǎng fēng qīng
P	月没参横	yuè mò shēn héng
P	月白风清	yuè bái fēng qīng
P	月盈则食	yuè yíng zé shí
P	月章星句	yuè zhāng xīng jù
P	月缺难圆	yuè quē nán yuán
P	月落参横	yuè luò shēn héng
P	月落星沉	yuè luò xīng chén
P	月露之体	yuè lù zhī tǐ
P	月露风云	yuè lù fēng yún
P	月黑风高	yuè hēi fēng gāo
P	有一得一	yǒu yī dé yī
P	有一无二	yǒu yī wú èr
P	有三有俩	yǒu sān yǒu liǎng
P	有两下子	yǒu liǎng xià zi
P	有事之秋	yǒu shì zhī qiū
P	有人家儿	yǒu rén jiā ér
P	有以善处	yǒu yǐ shàn chǔ
P	有价证券	yǒu jià zhèng quàn
P	有伤风化	yǒu shāng fēng huà
P	有何面目	yǒu hé miàn mù
P	有例可援	yǒu lì kě yuán
P	有借无还	yǒu jiè wú huán
P	有偿新闻	yǒu cháng xīn wén
P	有冯有翼	yǒu píng yǒu yì
P	有凤来仪	yǒu fèng lái yí
P	有凭有据	yǒu píng yǒu jù
P	有利可图	yǒu lì kě tú
P	有利有弊	yǒu lì yǒu bì
P	有加无已	yǒu jiā wú yǐ
P	有勇无谋	yǒu yǒng wú móu
P	有勇有谋	yǒu yǒng yǒu móu
P	有勇知方	yǒu yǒng zhī fāng
P	有口无心	yǒu kǒu wú xīn
P	有口无行	yǒu kǒu wú xíng
P	有口皆碑	yǒu kǒu jiē bēi
P	有口难分	yǒu kǒu nán fēn
P	有口难言	yǒu kǒu nán yán
P	有口难辩	yǒu kǒu nán biàn
P	有名亡实	yǒu míng wáng shí
P	有名无实	yǒu míng wú shí
P	有嘴无心	yǒu zuǐ wú xīn
P	有嘴没心	yǒu zuǐ méi xīn
P	有嘴没舌	yǒu zuǐ méi shé
P	有国难投	yǒu guó nán tóu
P	有增无已	yǒu zēng wú yǐ
P	有增无损	yǒu zēng wú sǔn
P	有声无实	yǒu shēng wú shí
P	有声无气	yǒu shēng wú qì
P	有声有色	yǒu shēng yǒu sè
P	有声没气	yǒu shēng méi qì
P	有声电影	yǒu shēng diàn yǐng
P	有声读物	yǒu shēng dú wù
P	有备无患	yǒu bèi wú huàn
P	有天无日	yǒu tiān wú rì
P	有天没日	yǒu tiān méi rì
P	有头无尾	yǒu tóu wú wěi
P	有头无脑	yǒu tóu wú nǎo
P	有头有尾	yǒu tóu yǒu wěi
P	有头有脑	yǒu tóu yǒu nǎo
P	有头有脸	yǒu tóu yǒu liǎn
P	有头没脑	yǒu tóu méi nǎo
P	有奖销售	yǒu jiǎng xiāo shòu
P	有女怀春	yǒu nǚ huái chūn
P	有始无终	yǒu shǐ wú zhōng
P	有始有卒	yǒu shǐ yǒu zú
P	有始有终	yǒu shǐ yǒu zhōng
P	有害无利	yǒu hài wú lì
P	有家难奔	yǒu jiā nán bēn
P	有己无人	yǒu jǐ wú rén
P	有年无月	yǒu nián wú yuè
P	有形损耗	yǒu xíng sǔn hào
P	有征无战	yǒu zhēng wú zhàn
P	有心无力	yǒu xīn wú lì
P	有心有意	yǒu xīn yǒu yì
P	有志之士	yǒu zhì zhī shì
P	有志无时	yǒu zhì wú shí
P	有志竟成	yǒu zhì jìng chéng
P	有性杂交	yǒu xìng zá jiāo
P	有性生殖	yǒu xìng shēng zhí
P	有恃无恐	yǒu shì wú kǒng
P	有恃毋恐	yǒu shì wú kǒng
P	有意无意	yǒu yì wú yì
P	有我无人	yǒu wǒ wú rén
P	有所作为	yǒu suǒ zuò wéi
P	有才无命	yǒu cái wú mìng
P	有损无益	yǒu sǔn wú yì
P	有教无类	yǒu jiào wú lèi
P	有文无行	yǒu wén wú xíng
P	有无相通	yǒu wú xiāng tōng
P	有朝一日	yǒu zhāo yī rì
P	有期徒刑	yǒu qī tú xíng
P	有本有原	yǒu běn yǒu yuán
P	有本有源	yǒu běn yǒu yuán
P	有机化学	yǒu jī huà xué
P	有机可乘	yǒu jī kě chéng
P	有机合成	yǒu jī hé chéng
P	有机玻璃	yǒu jī bō lí
P	有机肥料	yǒu jī féi liào
P	有机食品	yǒu jī shí pǐn
P	有条不紊	yǒu tiáo bù wěn
P	有条有理	yǒu tiáo yǒu lǐ
P	有来无回	yǒu lái wú huí
P	有来有往	yǒu lái yǒu wǎng
P	有板有眼	yǒu bǎn yǒu yǎn
P	有枝有叶	yǒu zhī yǒu yè
P	有枝添叶	yǒu zhī tiān yè
P	有根有底	yǒu gēn yǒu dǐ
P	有根有苗	yǒu gēn yǒu miáo
P	有案可查	yǒu àn kě chá
P	有案可稽	yǒu àn kě jī
P	有棱有角	yǒu léng yǒu jiǎo
P	有模有样	yǒu mú yǒu yàng
P	有死无二	yǒu sǐ wú èr
P	有气无力	yǒu qì wú lì
P	有气无烟	yǒu qì wú yān
P	有气没力	yǒu qì méi lì
P	有求必应	yǒu qiú bì yìng
P	有物有则	yǒu wù yǒu zé
P	有理分式	yǒu lǐ fēn shì
P	有理方程	yǒu lǐ fāng chéng
P	有生之年	yǒu shēng zhī nián
P	有生以来	yǒu shēng yǐ lái
P	有生力量	yǒu shēng lì liàng
P	有的放矢	yǒu dì fàng shǐ
P	有目共睹	yǒu mù gòng dǔ
P	有目共见	yǒu mù gòng jiàn
P	有目共赏	yǒu mù gòng shǎng
P	有目无睹	yǒu mù wú dǔ
P	有眼如盲	yǒu yǎn rú máng
P	有眼无珠	yǒu yǎn wú zhū
P	有眼无瞳	yǒu yǎn wú tóng
P	有福同享	yǒu fú tóng xiǎng
P	有章可循	yǒu zhāng kě xún
P	有约在先	yǒu yuē zài xiān
P	有线广播	yǒu xiàn guǎng bō
P	有线电话	yǒu xiàn diàn huà
P	有翅难飞	yǒu chì nán fēi
P	有耻且格	yǒu chǐ qiě gé
P	有胆有识	yǒu dǎn yǒu shí
P	有脚书厨	yǒu jiǎo shū chú
P	有脚书橱	yǒu jiǎo shū chú
P	有脚阳春	yǒu jiǎo yáng chūn
P	有色人种	yǒu sè rén zhǒng
P	有色眼镜	yǒu sè yǎn jìng
P	有色金属	yǒu sè jīn shǔ
P	有蠙可乘	yǒu pín kě chéng
P	有血有肉	yǒu xuè yǒu ròu
P	有言在先	yǒu yán zài xiān
P	有识之士	yǒu shí zhī shì
P	有说有笑	yǒu shuō yǒu xiào
P	有负众望	yǒu fù zhòng wàng
P	有财有势	yǒu cái yǒu shì
P	有轨电车	yǒu guǐ diàn chē
P	有进无退	yǒu jìn wú tuì
P	有钱有势	yǒu qián yǒu shì
P	有问必答	yǒu wèn bì dá
P	有闻必录	yǒu wén bì lù
P	有限公司	yǒu xiàn gōng sī
P	有隙可乘	yǒu xì kě chéng
P	有风有化	yǒu fēng yǒu huà
P	朋比为奸	péng bǐ wéi jiān
P	服低做小	fú dī zuò xiǎo
P	服务行业	fú wù háng yè
P	服服帖帖	fú fú tiē tiē
P	服服贴贴	fú fú tiē tiē
P	服牛乘马	fú niú chéng mǎ
P	服田力穑	fú tián lì sè
P	朗月清风	lǎng yuè qīng fēng
P	朗朗上口	lǎng lǎng shàng kǒu
P	朗朗乾坤	lǎng lǎng qián kūn
P	望其肩项	wàng qí jiān xiàng
P	望其项背	wàng qí xiàng bèi
P	望尘不及	wàng chén bù jí
P	望尘僄声	wàng chén piào shēng
P	望尘奔北	wàng chén bēn běi
P	望尘奔溃	wàng chén bēn kuì
P	望尘莫及	wàng chén mò jí
P	望尘追迹	wàng chén zhuī jì
P	望屋以食	wàng wū yǐ shí
P	望屋而食	wàng wū ér shí
P	望影揣情	wàng yǐng chuāi qíng
P	望洋兴叹	wàng yáng xīng tàn
P	望眼将穿	wàng yǎn jiāng chuān
P	望空捉影	wàng kōng zhuō yǐng
P	望表知里	wàng biǎo zhī lǐ
P	望闻问切	wàng wén wèn qiè
P	望阙谢恩	wàng què xiè ēn
P	望风响应	wàng fēng xiǎng yīng
P	望风希指	wàng fēng xī zhǐ
P	望风希旨	wàng fēng xī zhǐ
P	望风扑影	wàng fēng pū yǐng
P	望风承旨	wàng fēng chéng zhǐ
P	望风披靡	wàng fēng pī mǐ
P	望风捕影	wàng fēng bǔ yǐng
P	望风而逃	wàng fēng ér táo
P	望风而遁	wàng fēng ér dùn
P	望风而降	wàng fēng ér jiàng
P	望风而靡	wàng fēng ér mǐ
P	朝三暮二	zhāo sān mù èr
P	朝三暮四	zhāo sān mù sì
P	朝不保夕	zhāo bù bǎo xī
P	朝不保暮	zhāo bù bǎo mù
P	朝不及夕	zhāo bù jí xī
P	朝不虑夕	zhāo bù lǜ xī
P	朝不谋夕	zhāo bù móu xī
P	朝乾夕惕	zhāo qián xī tì
P	朝乾夕愓	zhāo qián xī dàng
P	朝云暮雨	zhāo yún mù yǔ
P	朝令夕改	zhāo lìng xī gǎi
P	朝令暮改	zhāo lìng mù gǎi
P	朝前夕惕	zhāo qián xī tì
P	朝升暮合	zhāo shēng mù gě
P	朝华夕秀	zhāo huá xī xiù
P	朝发夕至	zhāo fā xī zhì
P	朝发暮至	zhāo fā mù zhì
P	朝夕相处	zhāo xī xiāng chǔ
P	朝夷暮跖	zhāo yí mù zhí
P	朝奏夕召	zhāo zòu xī zhào
P	朝奏暮召	zhāo zòu mù zhào
P	朝思暮想	zhāo sī mù xiǎng
P	朝成夕毁	zhāo chéng xī huǐ
P	朝成暮徧	zhāo chéng mù biàn
P	朝成暮毁	zhāo chéng mù huǐ
P	朝成暮遍	zhāo chéng mù biàn
P	朝折暮折	zhāo shé mù shé
P	朝攀暮折	zhāo pān mù shé
P	朝斯夕斯	zhāo sī xī sī
P	朝日关系	cháo rì guān xì
P	朝更暮改	zhāo gèng mù gǎi
P	朝朝暮暮	zhāo zhāo mù mù
P	朝梁暮周	zhāo liáng mù zhōu
P	朝梁暮晋	zhāo liáng mù jìn
P	朝梁暮陈	zhāo liáng mù chén
P	朝欢暮乐	zhāo huān mù lè
P	朝歌夜弦	zhāo gē yè xián
P	朝歌暮弦	zhāo gē mù xián
P	朝气蓬勃	zhāo qì péng bó
P	朝生夕死	zhāo shēng xī sǐ
P	朝生暮死	zhāo shēng mù sǐ
P	朝种暮获	zhāo zhòng mù huò
P	朝秦暮楚	zhāo qín mù chǔ
P	朝穿暮塞	zhāo chuān mù sāi
P	朝章国典	cháo zhāng guó diǎn
P	朝章国故	cháo zhāng guó gù
P	朝经暮史	zhāo jīng mù shǐ
P	朝荣夕灭	zhāo róng xī miè
P	朝衣东市	zhāo yī dōng shì
P	朝觐圣地	cháo jìn shèng dì
P	朝趁暮食	zhāo chèn mù shí
P	朝过夕改	zhāo guò xī gǎi
P	朝野上下	cháo yě shàng xià
P	朝钟暮鼓	zhāo zhōng mù gǔ
P	朝锺暮鼓	zhāo zhōng mù gǔ
P	朝闻夕改	zhāo wén xī gǎi
P	朝闻夕死	zhāo wén xī sǐ
P	朝阳丹凤	cháo yáng dān fèng
P	朝阳鸣凤	zhāo yáng míng fèng
P	朝露溘至	zhāo lù kè zhì
P	朝饔夕飧	zhāo yōng xī sūn
P	朝齑夕盐	zhāo jī xī yán
P	朝齑暮盐	zhāo jī mù yán
P	期中考试	qī zhōng kǎo shì
P	期期艾艾	qī qī ài ài
P	期末考试	qī mò kǎo shì
P	期货交易	qī huò jiāo yì
P	期货市场	qī huò shì chǎng
P	期颐之寿	qī yí zhī shòu
P	木人石心	mù rén shí xīn
P	木坏山颓	mù huài shān tuí
P	木头木脑	mù tóu mù nǎo
P	木干鸟栖	mù gān niǎo qī
P	木心石腹	mù xīn shí fù
P	木石心肠	mù shí xīn cháng
P	木落归本	mù luò guī běn
P	木雕泥塑	mù diāo ní sù
P	未为不可	wèi wéi bù kě
P	未了公案	wèi liǎo gōng àn
P	未卜先知	wèi bǔ xiān zhī
P	未可厚非	wèi kě hòu fēi
P	未敢苟同	wèi gǎn gǒu tóng
P	未爆炸弹	wèi bào zhà dàn
P	未知万一	wèi zhī wàn yī
P	未老先衰	wèi lǎo xiān shuāi
P	未能免俗	wèi néng miǎn sú
P	未艾方兴	wèi ài fāng xīng
P	未识一丁	wèi shí yī dīng
P	未足轻重	wèi zú qīng zhòng
P	未达一间	wèi dá yī jiān
P	未雨绸缪	wèi yǔ chóu móu
P	未风先雨	wèi fēng xiān yǔ
P	末大不掉	mò dà bù diào
P	末大必折	mò dà bì zhé
P	末如之何	mò rú zhī hé
P	末梢神经	mò shāo shén jīng
P	末节细行	mò jié xì xíng
P	末路之难	mò lù zhī nán
P	本同末异	běn tóng mò yì
P	本同末离	běn tóng mò lí
P	本固枝荣	běn gù zhī róng
P	本固邦宁	běn gù bāng níng
P	本性难移	běn xìng nán yí
P	本支百世	běn zhī bǎi shì
P	本末倒置	běn mò dào zhì
P	本本分分	běn běn fèn fēn
P	本枝百世	běn zhī bǎi shì
P	本相毕露	běn xiàng bì lù
P	朱唇玉面	zhū chún yù miàn
P	朱唇皓齿	zhū chún hào chǐ
P	朱唇粉面	zhū chún fěn miàn
P	朱干玉戚	zhū gān yù qī
P	朱弦三叹	zhū xián sān tàn
P	朱楼碧瓦	zhū lóu bì wǎ
P	朱楼绮户	zhū lóu qǐ hù
P	朱槃玉敦	zhū pán yù duì
P	朱甍碧瓦	zhū méng bì wǎ
P	朱盘玉敦	zhū pán yù duì
P	朱衣使者	zhū yī shǐ zhě
P	朱衣点头	zhū yī diǎn tóu
P	朱轓皁盖	zhū fān zào gài
P	朱轓皂盖	zhū fān zào gài
P	朱轮华毂	zhū lún huá gǔ
P	朱门绣户	zhū mén xiù hù
P	朱阁青楼	zhū gé qīng lóu
P	朱陈之好	zhū chén zhī hǎo
P	朱雀玄武	zhū què xuán wǔ
P	朱颜绿发	zhū yán lǜ fā
P	朱颜翠发	zhū yán cuì fā
P	朱颜鹤发	zhū yán hè fā
P	朴实无华	pǔ shí wú huá
P	朴斫之材	pǔ zhuó zhī cái
P	朴素无华	pǔ sù wú huá
P	朴讷诚笃	pǔ nè chéng dǔ
P	朵颐大嚼	duǒ yí dà jiáo
P	机不可失	jī bù kě shī
P	机不容发	jī bù róng fā
P	机不旋踵	jī bù xuán zhǒng
P	机事不密	jī shì bù mì
P	机会主义	jī huì zhǔ yì
P	机关用尽	jī guān yòng jìn
P	机关算尽	jī guān suàn jìn
P	机杼一家	jī zhù yī jiā
P	机要秘书	jī yào mì shū
P	机难轻失	jī nán qīng shī
P	朽木不雕	xiǔ mù bù diāo
P	朽木难彫	xiǔ mù nán diāo
P	朽木难雕	xiǔ mù nán diāo
P	朽条腐索	xiǔ tiáo fǔ suǒ
P	朽棘不彫	xiǔ jí bù diāo
P	朽棘不雕	xiǔ jí bù diāo
P	朽骨重肉	xiǔ gǔ zhòng ròu
P	杀伤炸弹	shā shāng zhà dàn
P	杀出重围	shā chū chóng wéi
P	杀妻求将	shā qī qiú jiàng
P	杀彘教子	shā zhì jiào zǐ
P	杀衣缩食	shā yī suō shí
P	杀马毁车	shā mǎ huǐ chē
P	杀鸡为黍	shā jī wéi shǔ
P	杀鸡吓猴	shā jī xià hóu
P	杀鸡抹脖	shā jī mǒ bó
P	权倾中外	quán qīng zhōng wài
P	权均力齐	quán jūn lì qí
P	权欲熏心	quán yù xūn xīn
P	权衡轻重	quán héng qīng zhòng
P	权豪势要	quán háo shì yào
P	权重望崇	quán zhòng wàng chóng
P	权重秩卑	quán zhòng zhì bēi
P	权钱交易	quán qián jiāo yì
P	杅穿皮蠹	yú chuān pí dù
P	李广不侯	lǐ guǎng bù hòu
P	李广未封	lǐ guǎng wèi fēng
P	李广难封	lǐ guǎng nán fēng
P	李白桃红	lǐ bái táo hóng
P	李郭同舟	lǐ guō tóng zhōu
P	李郭同船	lǐ guō tóng chuán
P	杏花春雨	xìng huā chūn yǔ
P	杏雨梨云	xìng yǔ lí yún
P	材优干济	cái yōu gàn jǐ
P	材剧志大	cái jù zhì dà
P	材大难用	cái dà nán yòng
P	材朽行秽	cái xiǔ xíng huì
P	材疏志大	cái shū zhì dà
P	材能兼备	cái néng jiān bèi
P	材茂行洁	cái mào xíng jié
P	材茂行絜	cái mào xíng jié
P	材薄质衰	cái bó zhì shuāi
P	材轻德薄	cái qīng dé bó
P	材高知深	cái gāo zhì shēn
P	村夫俗子	cūn fū sú zǐ
P	村夫野老	cūn fū yě lǎo
P	村学究语	cūn xué jiū yǔ
P	村生泊长	cūn shēng bó cháng
P	村规民约	cūn guī mín yuē
P	村野匹夫	cūn yě pǐ fū
P	杖履相从	zhàng lǚ xiāng cóng
P	杖履纵横	zhàng lǚ zòng héng
P	杜口结舌	dù kǒu jié shé
P	杜渐防微	dù jiàn fáng wēi
P	杜渐防萌	dù jiàn fáng méng
P	杜渐除微	dù jiàn chú wēi
P	杜耳恶闻	dù ěr è wén
P	杜门不出	dù mén bù chū
P	杜门却扫	dù mén què sǎo
P	杜门屏迹	dù mén píng jì
P	杜鹃啼血	dù juān tí xuè
P	杜默为诗	dù mò wéi shī
P	束上起下	shù shàng qǐ xià
P	束修自好	shù xiū zì hǎo
P	束发封帛	shù fā fēng bó
P	束带结发	shù dài jié fā
P	束广就狭	shù guǎng jiù xiá
P	束戈卷甲	shù gē juàn jiǎ
P	束手待死	shù shǒu dài sǐ
P	束手待毙	shù shǒu dài bì
P	束手旁观	shù shǒu páng guān
P	束手无术	shù shǒu wú shù
P	束教管闻	shù jiào guǎn wén
P	束椽为柱	shù chuán wéi zhù
P	束缊举火	shù yūn jǔ huǒ
P	束缊请火	shù yùn qǐng huǒ
P	束缊还妇	shù yūn huán fù
P	束蒲为脯	shù pú wéi pú
P	束身自好	shù shēn zì hào
P	束马县车	shù mǎ xiàn chē
P	束马悬车	shù mǎ xuán chē
P	条三窝四	tiáo sān wō sì
P	条件刺激	tiáo jiàn cì jī
P	条件反射	tiáo jiàn fǎn shè
P	条修叶贯	tiáo xiū yè guàn
P	条入叶贯	tiáo rù yè guàn
P	条分缕析	tiáo fēn lǚ xī
P	条分节解	tiáo fēn jié jiě
P	条条块块	tiáo tiáo kuài kuài
P	条条杠杠	tiáo tiáo gàng gàng
P	条条框框	tiáo tiáo kuàng kuàng
P	条解支劈	tiáo jiě zhī pī
P	条贯部分	tiáo guàn bù fēn
P	来之不易	lái zhī bù yì
P	来历不明	lái lì bù míng
P	来去分明	lái qù fēn míng
P	来处不易	lái chù bù yì
P	来好息师	lái hǎo xī shī
P	来日大难	lái rì dà nàn
P	来日方长	lái rì fāng cháng
P	来来去去	lái lái qù qù
P	来者不善	lái zhě bù shàn
P	来者不拒	lái zhě bù jù
P	来者可追	lái zhě kě zhuī
P	来者居上	lái zhě jū shàng
P	来路不明	lái lù bù míng
P	来鸿去燕	lái hóng qù yàn
P	来龙去脉	lái lóng qù mài
P	杨朱泣岐	yáng zhū qì qí
P	杨生黄雀	yáng shēng huáng què
P	杨穿三叶	yáng chuān sān yè
P	杨雀衔环	yáng què xián huán
P	杯中之物	bēi zhōng zhī wù
P	杯中蛇影	bēi zhōng shé yǐng
P	杯弓蛇影	bēi gōng shé yǐng
P	杯影蛇弓	bēi yǐng shé gōng
P	杯水车薪	bēi shuǐ chē xīn
P	杯盘狼藉	bēi pán láng jí
P	杯蛇幻影	bēi shé huàn yǐng
P	杯蛇鬼车	bēi shé guǐ chē
P	杯酒解怨	bēi jiǔ jiě yuàn
P	杳不可闻	yǎo bù kě wén
P	杳无信息	yǎo wú xìn xī
P	杳无音信	yǎo wú yīn xìn
P	杼柚之空	zhù zhóu zhī kōng
P	杼柚其空	zhù zhóu qí kōng
P	杼柚空虚	zhù zhóu kōng xū
P	松形鹤骨	sōng xíng hè gǔ
P	松枝挂剑	sōng zhī guà jiàn
P	松柏之寿	sōng bǎi zhī shòu
P	松柏之志	sōng bǎi zhī zhì
P	松柏之茂	sōng bǎi zhī mào
P	松柏后凋	sōng bǎi hòu diāo
P	松柏寒盟	sōng bǎi hán méng
P	松筠之节	sōng yún zhī jié
P	松萝共倚	sōng luó gòng yǐ
P	板上砸钉	bǎn shàng zá dīng
P	板上钉钉	bǎn shàng dìng dīng
P	极乐世界	jí lè shì jiè
P	极天罔地	jí tiān wǎng dì
P	极天蟠地	jí tiān pán dì
P	极天际地	jí tiān jì dì
P	极寿无疆	jí shòu wú jiāng
P	极往知来	jí wǎng zhī lái
P	极性分子	jí xìng fēn zǐ
P	极恶不赦	jí è bù shè
P	极恶穷凶	jí è qióng xiōng
P	极情尽致	jí qíng jìn zhì
P	极情纵欲	jí qíng zòng yù
P	极智穷思	jí zhì qióng sī
P	极深研几	jí shēn yán jī
P	极深研幾	jí shēn yán jī
P	极目远望	jí mù yuǎn wàng
P	极目远眺	jí mù yuǎn tiào
P	极重不反	jí zhòng bù fǎn
P	极重难返	jí zhòng nán fǎn
P	构造地震	gòu zào dì zhèn
P	枇杷门巷	pí pá mén xiàng
P	枉口嚼舌	wǎng kǒu jiáo shé
P	枉墨矫绳	wǎng mò jiǎo shéng
P	枉尺直寻	wǎng chǐ zhí xún
P	枉己正人	wǎng jǐ zhèng rén
P	枉曲直凑	wǎng qǔ zhí còu
P	枉物难消	wǎng wù nán xiāo
P	枉直同贯	wǎng zhí tóng guàn
P	枉矫过激	wǎng jiǎo guò jī
P	枉费工夫	wǎng fèi gōng fū
P	枉费心思	wǎng fèi xīn sī
P	析交离亲	xī jiāo lí qīn
P	析圭儋爵	xī guī dān jué
P	析圭分组	xī guī fēn zǔ
P	析圭担爵	xī guī dān jué
P	析疑匡谬	xī yí kuāng miù
P	析缕分条	xī lǚ fēn tiáo
P	析肝吐胆	xī gān tǔ dǎn
P	析骨而炊	xī gǔ ér chuī
P	枕中鸿宝	zhěn zhōng hóng bǎo
P	枕山栖谷	zhěn shān qī gǔ
P	枕山臂江	zhěn shān bì jiāng
P	枕席过师	zhěn xí guò shī
P	枕席还师	zhěn xí huán shī
P	枕干之雠	zhěn gàn zhī chóu
P	枕戈以待	zhěn gē yǐ dài
P	枕戈待命	zhěn gē dài mìng
P	枕戈待敌	zhěn gē dài dí
P	枕戈待旦	zhěn gē dài dàn
P	枕戈汗马	zhěn gē hàn mǎ
P	枕戈泣血	zhěn gē qì xuè
P	枕戈饮血	zhěn gē yǐn xuè
P	枕曲藉糟	zhěn qū jiè zāo
P	枕流漱石	zhěn liú shù shí
P	枕石嗽流	zhěn shí shù liú
P	枕石寝绳	zhěn shí qǐn shéng
P	枕石漱流	zhěn shí shù liú
P	枕麹藉糟	zhěn qū jiè zāo
P	林下清风	lín xià qīng fēng
P	林下风度	lín xià fēng dù
P	林下风气	lín xià fēng qì
P	林下风致	lín xià fēng zhì
P	林下风范	lín xià fēng fàn
P	林下风韵	lín xià fēng yùn
P	林下高风	lín xià gāo fēng
P	林栖谷隐	lín qī gǔ yǐn
P	果不其然	guǒ bù qí rán
P	果于自信	guǒ yú zì xìn
P	果刑信赏	guǒ xíng xìn shǎng
P	果熟蒂落	guǒ shú dì luò
P	果行育德	guǒ xíng yù dé
P	枝分叶散	zhī fēn yè sàn
P	枝分缕解	zhī fēn lǚ jiě
P	枝别条异	zhī bié tiáo yì
P	枝叶扶疏	zhī yè fú shū
P	枝叶扶苏	zhī yè fú sū
P	枝叶相持	zhī yè xiāng chí
P	枝外生枝	zhī wài shēng zhī
P	枝大于本	zhī dà yú běn
P	枝对叶比	zhī duì yè bǐ
P	枝布叶分	zhī bù yè fēn
P	枝干相持	zhī gàn xiāng chí
P	枝末生根	zhī mò shēng gēn
P	枝枝节节	zhī zhī jié jié
P	枝流叶布	zhī liú yè bù
P	枝源派本	zhī yuán pài běn
P	枝繁叶茂	zhī fán yè mào
P	枝节横生	zhī jié héng shēng
P	枝词蔓语	zhī cí màn yǔ
P	枝词蔓说	zhī cí màn shuō
P	枝辞蔓语	zhī cí màn yǔ
P	枝附叶从	zhī fù yè cóng
P	枝附叶着	zhī fù yè zhuó
P	枝附叶著	zhī fù yè zhuó
P	枝附叶连	zhī fù yè lián
P	枝附影从	zhī fù yǐng cóng
P	枪林弹雨	qiāng lín dàn yǔ
P	枪烟炮雨	qiāng yān pào yǔ
P	枪烟砲雨	qiāng yān pào yǔ
P	枭蛇鬼怪	xiāo shé guǐ guài
P	枯体灰心	kū tǐ huī xīn
P	枯木发荣	kū mù fā róng
P	枯枝再春	kū zhī zài chūn
P	枯枝败叶	kū zhī bài yè
P	枯树生华	kū shù shēng huā
P	枯苗望雨	kū miáo wàng yǔ
P	枯骨之馀	kū gǔ zhī yú
P	枯骨生肉	kū gǔ shēng ròu
P	枵腹从公	xiāo fù cóng gōng
P	枵腹终朝	xiāo fù zhōng cháo
P	架谎凿空	jià huǎng záo kōng
P	柏舟之节	bǎi zhōu zhī jié
P	柏舟之誓	bǎi zhōu zhī shì
P	染神刻骨	rǎn shén kè gǔ
P	染须种齿	rǎn xū zhǒng chǐ
P	染风习俗	rǎn fēng xí sú
P	柔心弱骨	róu xīn ruò gǔ
P	柔情侠骨	róu qíng xiá gǔ
P	柔情绰态	róu qíng chuò tài
P	柔枝嫩叶	róu zhī nèn yè
P	柔枝嫩条	róu zhī nèn tiáo
P	柔筋脆骨	róu jīn cuì gǔ
P	柔而不犯	róu ér bù fàn
P	柔肠百结	róu cháng bǎi jié
P	柔肠百转	róu cháng bǎi zhuǎn
P	柔肤弱体	róu fū ruò tǐ
P	柔能制刚	róu néng zhì gāng
P	柔茹刚吐	róu rú gāng tǔ
P	柔远怀来	róu yuǎn huái lái
P	柔远怀迩	róu yuǎn huái ěr
P	柔远绥怀	róu yuǎn suí huái
P	柔远能迩	róu yuǎn néng ěr
P	柔远镇迩	róu yuǎn zhèn ěr
P	查无实据	chá wú shí jù
P	柱天踏地	zhù tiān tà dì
P	柱小倾大	zhù xiǎo qīng dà
P	柱石之坚	zhù shí zhī jiān
P	柳夭桃艳	liǔ yāo táo yàn
P	柳巷花街	liǔ xiàng huā jiē
P	柳折花残	liǔ zhé huā cán
P	柳眉倒竖	liǔ méi dào shù
P	柳绿桃红	liǔ lǜ táo hóng
P	柳绿花红	liǔ lǜ huā hóng
P	柳莺花燕	liǔ yīng huā yàn
P	柳街花巷	liǔ jiē huā xiàng
P	柳门竹巷	liǔ mén zhú xiàng
P	柳骨颜筋	liǔ gǔ yán jīn
P	柴毁骨立	chái huǐ gǔ lì
P	柴立不阿	chái lì bù ē
P	柴米夫妻	chái mǐ fū qī
P	标准时区	biāo zhǔn shí qū
P	标同伐异	biāo tóng fá yì
P	标情夺趣	biāo qíng duó qù
P	标新创异	biāo xīn chuàng yì
P	标枝野鹿	biāo zhī yě lù
P	标点符号	biāo diǎn fú hào
P	标题音乐	biāo tí yīn yuè
P	栉比鳞差	zhì bǐ lín chà
P	栉沐风雨	zhì mù fēng yǔ
P	栉霜沐露	zhì shuāng mù lù
P	栉风沐雨	zhì fēng mù yǔ
P	栉风酾雨	zhì fēng shī yǔ
P	栋折榱坏	dòng shé cuī huài
P	栋折榱崩	dòng zhé cuī bēng
P	栎阳雨金	lì yáng yǔ jīn
P	树上开花	shù shàng kāi huā
P	树俗立化	shù sú lì huà
P	树倒根摧	shù dǎo gēn cuī
P	树同拔异	shù tóng bá yì
P	树大招风	shù dà zhāo fēng
P	树大根深	shù dà gēn shēn
P	树碑立传	shù bēi lì zhuàn
P	树高招风	shù gāo zhāo fēng
P	栖丘饮谷	qī qiū yǐn gǔ
P	栖冲业简	qī chōng yè jiǎn
P	栖栖遑遑	qī qī huáng huáng
P	栖风宿雨	qī fēng xiǔ yǔ
P	校短推长	xiào duǎn tuī cháng
P	校短量长	jiào duǎn liáng cháng
P	株连蔓引	zhū lián màn yǐn
P	核反应堆	hé fǎn yìng duī
P	核心期刊	hé xīn qī kān
P	核桃仁儿	hé táo rén er
P	核磁共振	hé cí gòng zhèn
P	核糖核酸	hé táng hé suān
P	根壮叶茂	gēn zhuàng yè mào
P	根孤伎薄	gēn gū jì báo
P	根据槃互	gēn jù pán hù
P	根据盘互	gēn jù pán hù
P	根株结盘	gēn zhū jié pán
P	根株附丽	gēn zhū fù lì
P	根椽片瓦	gēn chuán piàn wǎ
P	根深叶茂	gēn shēn yè mào
P	根深枝茂	gēn shēn zhī mào
P	根深柢固	gēn shēn dǐ gù
P	根深蒂结	gēn shēn dì jié
P	根生土长	gēn shēng tǔ zhǎng
P	根盘蒂结	gēn pán dì jié
P	根结盘固	gēn jié pán gù
P	根结盘据	gēn jié pán jù
P	根蟠节错	gēn pán jié cuò
P	格不相入	gé bù xiāng rù
P	格杀不论	gé shā bù lùn
P	格杀勿论	gé shā wù lùn
P	格杀弗论	gé shā fú lùn
P	格杀无论	gé shā wú lùn
P	格格不入	gé gé bù rù
P	格格不吐	gē gē bù tǔ
P	格格不纳	gē gē bù nà
P	格物致知	gé wù zhì zhī
P	格高意远	gé gāo yì yuǎn
P	桀傲不恭	jié ào bù gōng
P	桀傲不驯	jié ào bù xùn
P	桀敖不驯	jié áo bù xùn
P	桀骜不恭	jié ào bù gōng
P	桀骜不逊	jié ào bù xùn
P	桀骜不驯	jié ào bù xùn
P	桀骜难驯	jié ào nán xùn
P	桂子兰孙	guì zǐ lán sūn
P	桂折一枝	guì shé yī zhī
P	桂折兰摧	guì shé lán cuī
P	桂林一枝	guì lín yī zhī
P	桂枝片玉	guì zhī piàn yù
P	桂玉之地	guì yù zhī dì
P	桂酒椒浆	guì jiǔ jiāo jiāng
P	桃李之教	táo lǐ zhī jiào
P	桃李春风	táo lǐ chūn fēng
P	桃来李答	táo lái lǐ dá
P	桃红柳绿	táo hóng liǔ lǜ
P	桃蹊柳曲	táo qī liǔ qǔ
P	案甲休兵	àn jiǎ xiū bīng
P	桌椅板凳	zhuō yǐ bǎn dèng
P	桌面儿上	zhuō miàn ér shàng
P	桑中之喜	sāng zhōng zhī xǐ
P	桑中之约	sāng zhōng zhī yuē
P	桑土绸缪	sāng tǔ chóu miù
P	桑户棬枢	sāng hù juàn shū
P	桑榆之景	sāng yú zhī jǐng
P	桑榆暮景	sāng yú mù jǐng
P	桑榆末景	sāng yú mò jǐng
P	桑给巴尔	sāng gěi bā ěr
P	桑荫不徙	sāng yīn bù xǐ
P	桑荫未移	sāng yīn wèi yí
P	桑落瓦解	sāng luò wǎ jiě
P	桑间之咏	sāng jiān zhī yǒng
P	桑间之约	sāng jiān zhī yuē
P	桑间之音	sāng jiān zhī yīn
P	桑间濮上	sāng jiān pú shàng
P	桴鼓相应	fú gǔ xiāng yìng
P	梁上君子	liáng shàng jūn zǐ
P	梁孟相敬	liáng mèng xiāng jìng
P	梅妻鹤子	méi qī hè zǐ
P	梗泛萍漂	gěng fàn píng piāo
P	梗着脖子	gěng zhe bó zi
P	梗顽不化	gěng wán bù huà
P	梦中说梦	mèng zhōng shuō mèng
P	梦幻泡影	mèng huàn pào yǐng
P	梦想颠倒	mèng xiǎng diān dǎo
P	梦撒寮丁	mèng sā liáo dīng
P	梦撒撩丁	mèng sā liáo dīng
P	梦见周公	mèng jiàn zhōu gōng
P	梦里南轲	mèng lǐ nán kē
P	梦魂颠倒	mèng hún diān dǎo
P	梧桐断角	wú tóng duàn jiǎo
P	梨园子弟	lí yuán zǐ dì
P	梨园弟子	lí yuán dì zǐ
P	梨眉艾发	lí méi ài fā
P	梨花带雨	lí huā dài yǔ
P	梭天摸地	suō tiān mō dì
P	梳妆打扮	shū zhuāng dǎ bàn
P	梵册贝叶	fàn cè bèi yè
P	棉红蜘蛛	mián hóng zhī zhū
P	棋布错峙	qí bù cuò zhì
P	棋输先着	qí shū xiān zhāo
P	棋输先著	qí shū xiān zhuó
P	棋高一着	qí gāo yī zhāo
P	棒打鸳鸯	bàng dǎ yuān yāng
P	棘地荆天	jí dì jīng tiān
P	森罗万象	sēn luó wàn xiàng
P	植发冲冠	zhí fà chōng guàn
P	植发穿冠	zhí fà chuān guàn
P	植善倾恶	zhí shàn qīng è
P	植物群落	zhí wù qún luò
P	椎埋屠狗	chuí mái tú gǒu
P	椎埋狗窃	chuí mái gǒu qiè
P	椎天抢地	chuí tiān qiǎng dì
P	椎心呕血	chuí xīn ǒu xuè
P	椎心泣血	chuí xīn qì xuè
P	椎心顿足	chuí xīn dùn zú
P	椎心饮泣	chuí xīn yǐn qì
P	椎牛发冢	chuí niú fā zhǒng
P	椎牛歃血	chuí niú shà xuè
P	椎牛飨士	chuí niú xiǎng shì
P	椎肤剥体	chuí fū bō tǐ
P	椎肤剥髓	chuí fū bō suǐ
P	椎胸跌足	chuí xiōng diē zú
P	椎胸顿足	chuí xiōng dùn zú
P	椎膺顿足	chuí yīng dùn zú
P	椎锋陷阵	chuí fēng xiàn zhèn
P	椎锋陷陈	chuí fēng xiàn chén
P	椎髻布衣	zhuī jì bù yī
P	椒焚桂折	jiāo fén guì zhé
P	椿萱并茂	chūn xuān bìng mào
P	楚云湘雨	chǔ yún xiāng yǔ
P	楚囊之情	chǔ náng zhī qíng
P	楚囚相对	chǔ qiú xiāng duì
P	楚天云雨	chǔ tiān yún yǔ
P	楚尾吴头	chǔ wěi wú tóu
P	楚弓复得	chǔ gōng fù dé
P	楚弓楚得	chǔ gōng chǔ dé
P	楚得楚弓	chǔ dé chǔ gōng
P	楚梦云雨	chǔ mèng yún yǔ
P	楚楚不凡	chǔ chǔ bù fán
P	楚楚可人	chǔ chǔ kě rén
P	楚楚可怜	chǔ chǔ kě lián
P	楚楚可爱	chǔ chǔ kě ài
P	楚楚有致	chǔ chǔ yǒu zhì
P	楚歌四合	chǔ gē sì hé
P	楚璧隋珍	chǔ bì suí zhēn
P	楚腰纤细	chǔ yāo xiān xì
P	楚雨巫云	chǔ yǔ wū yún
P	楛耘伤岁	kǔ yún shāng suì
P	楞头呆脑	léng tóu dāi nǎo
P	楞头楞脑	léng tóu léng nǎo
P	楞头磕脑	léng tóu kē nǎo
P	楞眉横眼	lèng méi héng yǎn
P	極性分子	jí xìng fēn zǐ
P	楼台亭阁	lóu tái tíng gé
P	楼堂馆所	lóu táng guǎn suǒ
P	楼阁亭台	lóu gé tíng tái
P	楼阁台榭	lóu gé tái xiè
P	概莫能外	gài mò néng wài
P	榆木疙瘩	yú mù gē da
P	榆木脑壳	yú mù nǎo ké
P	榆枋之见	yú fāng zhī jiàn
P	榆瞑豆重	yú míng dòu zhòng
P	榜上无名	bǎng shàng wú míng
P	榱崩栋折	cuī bēng dòng shé
P	榱栋崩折	cuī dòng bēng shé
P	槁苏暍醒	gǎo sū yē xǐng
P	槁项没齿	gǎo xiàng mò chǐ
P	槃根错节	pán gēn cuò jié
P	槊血满袖	shuò xuè mǎn xiù
P	槌仁提义	chuí rén tí yì
P	槌胸蹋地	chuí xiōng tà dì
P	槐南一梦	huái nán yī mèng
P	槛花笼鹤	jiàn huā lóng hè
P	樗栎庸材	chū lì yōng cái
P	模山范水	mó shān fàn shuǐ
P	模式识别	mó shì shí bié
P	模棱两可	mó léng liǎng kě
P	模棱两端	mó léng liǎng duān
P	模模糊糊	mó mó hú hú
P	横七竖八	héng qī shù bā
P	横三竖四	héng sān shù sì
P	横三顺四	héng sān shùn sì
P	横从穿贯	héng cóng chuān guàn
P	横倒竖卧	héng dǎo shù wò
P	横僿不文	héng sài bù wén
P	横冲直撞	héng chōng zhí zhuàng
P	横冲直闯	héng chōng zhí chuǎng
P	横刀揭斧	héng dāo jiē fǔ
P	横刀跃马	héng dāo yuè mǎ
P	横加梗阻	hèng jiā gěng zǔ
P	横向联合	héng xiàng lián hé
P	横峰侧岭	héng fēng cè lǐng
P	横征暴敛	héng zhēng bào liǎn
P	横征暴赋	hèng zhēng bào fù
P	横征苛役	hèng zhēng kē yì
P	横征苛敛	hèng zhēng kē liǎn
P	横恩滥赏	hèng ēn làn shǎng
P	横戈盘马	héng gē pán mǎ
P	横戈跃马	héng gē yuè mǎ
P	横扫千军	héng sǎo qiān jūn
P	横抢武夺	hèng qiǎng wǔ duó
P	横抢硬夺	hèng qiǎng yìng duó
P	横拖倒扯	héng tuō dào chě
P	横拖倒拽	héng tuō dào zhuāi
P	横拖竖拉	héng tuō shù lā
P	横拦竖挡	héng lán shù dǎng
P	横无忌惮	hèng wú jì dàn
P	横枪跃马	héng qiāng yuè mǎ
P	横槊赋诗	héng shuò fù shī
P	横殃飞祸	hèng yāng fēi huò
P	横灾飞祸	hèng zāi fēi huò
P	横生枝节	héng shēng zhī jié
P	横眉冷对	héng méi lěng duì
P	横眉冷目	héng méi lěng mù
P	横眉冷眼	héng méi lěng yǎn
P	横眉努目	héng méi nǔ mù
P	横眉吐气	héng méi tǔ qì
P	横眉怒目	héng méi nù mù
P	横眉怒视	héng méi nù shì
P	横眉瞪目	héng méi dèng mù
P	横眉瞪眼	héng méi dèng yǎn
P	横眉立目	héng méi lì mù
P	横眉立眼	héng méi lì yǎn
P	横眉竖目	héng méi shù mù
P	横眉竖眼	héng méi shù yǎn
P	横祸非灾	hèng huò fēi zāi
P	横祸飞灾	hèng huò fēi zāi
P	横科暴敛	hèng kē bào liǎn
P	横翔捷出	héng xiáng jié chū
P	横草之功	héng cǎo zhī gōng
P	横蛮无理	hèng mán wú lǐ
P	横行不法	héng xíng bù fǎ
P	横行天下	héng xíng tiān xià
P	横行无忌	héng xíng wú jì
P	横行直撞	héng xíng zhí zhuàng
P	横行直走	héng xíng zhí zǒu
P	横行逆施	héng xíng nì shī
P	横行霸道	héng xíng bà dào
P	横见侧出	héng jiàn cè chū
P	横说竖说	héng shuō shù shuō
P	横赋暴敛	héng fù bào liǎn
P	横躺竖卧	héng tǎng shù wò
P	横遮竖挡	héng zhē shù dǎng
P	横金拖玉	héng jīn tuō yù
P	横针竖线	héng zhēn shù xiàn
P	横驱别骛	héng qū bié wù
P	樵苏不爨	qiáo sū bù cuàn
P	樵苏失爨	qiáo sū shī cuàn
P	樽俎折冲	zūn zǔ zhé chōng
P	樽酒论文	zūn jiǔ lùn wén
P	橘化为枳	jú huà wéi zhǐ
P	橙黄桔绿	chéng huáng jú lǜ
P	橙黄橘绿	chéng huáng jú lǜ
P	橡皮图章	xiàng pí tú zhāng
P	橡皮钉子	xiàng pí dìng zǐ
P	檀郎谢女	tán láng xiè nǚ
P	欢呼雀跃	huān hū què yuè
P	欢喜冤家	huān xǐ yuān jiā
P	欢喜若狂	huān xǐ ruò kuáng
P	欢声笑语	huān shēng xiào yǔ
P	欢天喜地	huān tiān xǐ dì
P	欢欣若狂	huān xīn ruò kuáng
P	欢歌笑语	huān gē xiào yǔ
P	欢若平生	huān ruò píng shēng
P	欢蹦乱跳	huān bèng luàn tiào
P	欢迸乱跳	huān bèng luàn tiào
P	欣喜若狂	xīn xǐ ruò kuáng
P	欣欣自得	xīn xīn zì dé
P	欣然自得	xīn rán zì dé
P	欧亚大陆	ōu yà dà lù
P	欧风美雨	ōu fēng měi yǔ
P	欲加之罪	yù jiā zhī zuì
P	欲取姑予	yù qǔ gū yǔ
P	欲取故予	yù qǔ gù yǔ
P	欲壑难填	yù hè nán tián
P	欲擒故纵	yù qín gù zòng
P	欲盖弥彰	yù gài mí zhāng
P	欲盖而彰	yù gài ér zhāng
P	欲罢不能	yù bà bù néng
P	欲速不达	yù sù bù dá
P	欹嵚历落	qī qīn lì luò
P	欺三瞒四	qī sān mán sì
P	欺上瞒下	qī shàng mán xià
P	欺上罔下	qī shàng wǎng xià
P	欺上蒙下	qī shàng mēng xià
P	欺人太甚	qī rén tài shèn
P	欺君罔上	qī jūn wǎng shàng
P	欺善怕恶	qī shàn pà è
P	欺大压小	qī dà yā xiǎo
P	欺天罔地	qī tiān wǎng dì
P	欺天诳地	qī tiān kuáng dì
P	欺行霸市	qī háng bà shì
P	款曲周至	kuǎn qǔ zhōu zhì
P	款语温言	kuǎn yǔ wēn yán
P	歃血为盟	shà xuè wéi méng
P	歇斯底里	xiē sī dǐ lǐ
P	歌台舞榭	gē tái wǔ xiè
P	歌莺舞燕	gē yīng wǔ yàn
P	歙漆阿胶	shè qī ē jiāo
P	止戈为武	zhǐ gē wéi wǔ
P	止戈兴仁	zhǐ gē xīng rén
P	止戈散马	zhǐ gē sàn mǎ
P	止暴禁非	zhǐ bào jìn fēi
P	止渴思梅	zhǐ kě sī méi
P	止谈风月	zhǐ tán fēng yuè
P	正中下怀	zhèng zhòng xià huái
P	正中己怀	zhèng zhòng jǐ huái
P	正人君子	zhèng rén jūn zǐ
P	正儿八经	zhèng ér bā jīng
P	正儿巴经	zhèng ér bā jīng
P	正冠李下	zhèng guàn lǐ xià
P	正冠纳履	zhèng guàn nà lǚ
P	正名定分	zhèng míng dìng fēn
P	正声雅音	zhèng shēng yǎ yīn
P	正多边形	zhèng duō biān xíng
P	正多面体	zhèng duō miàn tǐ
P	正大光明	zhèng dà guāng míng
P	正大堂煌	zhèng dà táng huáng
P	正大堂皇	zhèng dà táng huáng
P	正始之音	zhèng shǐ zhī yīn
P	正容亢色	zhèng róng kàng sè
P	正当防卫	zhèng dàng fáng wèi
P	正心诚意	zhèng xīn chéng yì
P	正明公道	zhèng míng gōng dào
P	正本清源	zhèng běn qīng yuán
P	正本澄源	zhèng běn chéng yuán
P	正正之旗	zhèng zhèng zhī qí
P	正正堂堂	zhèng zhèng táng táng
P	正正气气	zhèng zhèng qì qì
P	正正经经	zhèng zhèng jīng jīng
P	正气凛然	zhèng qì lǐn rán
P	正法直度	zhèng fǎ zhí dù
P	正法眼藏	zhèng fǎ yǎn cáng
P	正理平治	zhèng lǐ píng zhì
P	正直无私	zhèng zhí wú sī
P	正直无邪	zhèng zhí wú xié
P	正经八本	zhèng jīng bā běn
P	正经八板	zhèng jīng bā bǎn
P	正经八百	zhèng jīng bā bǎi
P	正色危言	zhèng sè wēi yán
P	正色厉声	zhèng sè lì shēng
P	正色敢言	zhèng sè gǎn yán
P	正色直绳	zhèng sè zhí shéng
P	正色直言	zhèng sè zhí yán
P	正襟危坐	zhèng jīn wēi zuò
P	正视绳行	zhèng shì shéng xíng
P	正言不讳	zhèng yán bù huì
P	正言厉色	zhèng yán lì sè
P	正言厉颜	zhèng yán lì yán
P	正言直谏	zhèng yán zhí jiàn
P	正身明法	zhèng shēn míng fǎ
P	正身清心	zhèng shēn qīng xīn
P	正身率下	zhèng shēn shuài xià
P	正面人物	zhèng miàn rén wù
P	正颜厉色	zhèng yán lì sè
P	此中三昧	cǐ zhōng sān mèi
P	此事体大	cǐ shì tǐ dà
P	此动彼应	cǐ dòng bǐ yīng
P	此发彼应	cǐ fā bǐ yīng
P	此呼彼应	cǐ hū bǐ yīng
P	此唱彼和	cǐ chàng bǐ hè
P	此界彼疆	cǐ jiè bǐ jiāng
P	此疆尔界	cǐ jiāng ěr jiè
P	此起彼伏	cǐ qǐ bǐ fú
P	此起彼落	cǐ qǐ bǐ luò
P	此问彼难	cǐ wèn bǐ nán
P	步履蹒跚	bù lǚ pán shān
P	步斗踏罡	bù dǒu tà gāng
P	步步为营	bù bù wéi yíng
P	步线行针	bù xiàn xíng zhēn
P	步罡踏斗	bù gāng tà dǒu
P	步调一致	bù diào yī zhì
P	步调快速	bù diào kuài sù
P	武不善作	wǔ bù shàn zuò
P	武侠小说	wǔ xiá xiǎo shuō
P	武断专横	wǔ duàn zhuān héng
P	武断乡曲	wǔ duàn xiāng qū
P	武爵武任	wǔ jué wǔ rèn
P	武装力量	wǔ zhuāng lì liàng
P	歧路亡羊	qí lù wáng yáng
P	歪不横楞	wāi bù héng léng
P	歪嘴和尚	wāi zuǐ hé shàng
P	歪心邪意	wāi xīn xié yì
P	歪打正着	wāi dǎ zhèng zháo
P	歪歪倒倒	wāi wāi dǎo dǎo
P	歪门邪道	wāi mén xié dào
P	歪风邪气	wāi fēng xié qì
P	死不悔改	sǐ bù huǐ gǎi
P	死不改悔	sǐ bù gǎi huǐ
P	死不旋踵	sǐ bù xuán zhǒng
P	死不瞑目	sǐ bù míng mù
P	死不足惜	sǐ bù zú xī
P	死且不朽	sǐ qiě bù xiǔ
P	死中求活	sǐ zhōng qiú huó
P	死中求生	sǐ zhōng qiú shēng
P	死亡无日	sǐ wáng wú rì
P	死亡枕藉	sǐ wáng zhěn jiè
P	死别生离	sǐ bié shēng lí
P	死得其所	sǐ dé qí suǒ
P	死心塌地	sǐ xīn tā dì
P	死心搭地	sǐ xīn dā dì
P	死心落地	sǐ xīn luò dì
P	死心踏地	sǐ xīn tà dì
P	死有余僇	sǐ yǒu yú lù
P	死有余罪	sǐ yǒu yú zuì
P	死有余诛	sǐ yǒu yú zhū
P	死有余责	sǐ yǒu yú zé
P	死有余辜	sǐ yǒu yú gū
P	死模活样	sǐ mó huó yàng
P	死生存亡	sǐ shēng cún wáng
P	死缠硬磨	sǐ chán yìng mó
P	死而不朽	sǐ ér bù xiǔ
P	死要面子	sǐ yào miàn zi
P	死记硬背	sǐ jì yìng bèi
P	死说活说	sǐ shuō huó shuō
P	死败涂地	sǐ bài tú dì
P	死重泰山	sǐ zhòng tài shān
P	死骨更肉	sǐ gǔ gèng ròu
P	殊功劲节	shū gōng jìng jié
P	殊方同致	shū fāng tóng zhì
P	殊涂同会	shū tú tóng huì
P	殊涂同归	shū tú tóng guī
P	殊涂同致	shū tú tóng zhì
P	殊致同归	shū zhì tóng guī
P	殊言别语	shū yán bié yǔ
P	殊路同归	shū lù tóng guī
P	殊途同归	shū tú tóng guī
P	残兵败将	cán bīng bài jiàng
P	残军败将	cán jūn bài jiàng
P	残年暮景	cán nián mù jǐng
P	残暴不仁	cán bào bù rén
P	残汤剩饭	cán tāng shèng fàn
P	残编裂简	cán biān liè jiǎn
P	残缺不全	cán quē bù quán
P	残膏剩馥	cán gāo shèng fù
P	殒身不恤	yǔn shēn bú xù
P	殚思极虑	dān sī jí lǜ
P	殚见洽闻	dān jiàn qià wén
P	殢云尤雨	tì yún yóu yǔ
P	殢雨尤云	tì yǔ yóu yún
P	殷天蔽日	yīn tiān bì rì
P	殷殷屯屯	yīn yīn tún tún
P	殷民阜财	yīn mín fù cái
P	殷浩书空	yīn hào shū kōng
P	殷鉴不远	yīn jiàn bù yuǎn
P	毁不危身	huǐ bù wēi shēn
P	毁不灭性	huǐ bù miè xìng
P	毁冠裂裳	huǐ guān liè cháng
P	毁家纾国	huǐ jiā shū guó
P	毁家纾难	huǐ jiā shū nàn
P	毁方瓦合	huǐ fāng wǎ hé
P	毁瓦画墁	huǐ wǎ huà màn
P	毁舟为杕	huǐ zhōu wéi duò
P	毁誉不一	huǐ yù bù yī
P	毁誉参半	huǐ yù cān bàn
P	毁车杀马	huǐ chē shā mǎ
P	毁钟为铎	huǐ zhōng wéi duó
P	毁风败俗	huǐ fēng bài sú
P	毂击肩摩	gǔ jī jiān mó
P	毋庸讳言	wú yōng huì yán
P	母难之日	mǔ nán zhī rì
P	每饭不忘	měi fàn bù wàng
P	毒手尊前	dú shǒu zūn qián
P	毒手尊拳	dú shǒu zūn quán
P	毒气炸弹	dú qì zhà dàn
P	毒泷恶雾	dú lóng è wù
P	毒蛇猛兽	dú shé měng shòu
P	毒赋剩敛	dú fù shèng liǎn
P	毒魔狠怪	dú mó hěn guài
P	毓子孕孙	yù zǐ yùn sūn
P	比众不同	bǐ zhòng bù tóng
P	比喻失当	bǐ yù shī dàng
P	比屋可封	bǐ wū kě fēng
P	比岁不登	bǐ suì bù dēng
P	比年不登	bǐ nián bù dēng
P	比户可封	bǐ hù kě fēng
P	比手划脚	bǐ shǒu huà jiǎo
P	比权量力	bǐ quán liàng lì
P	比物假事	bǐ wù jiǎ shì
P	比物属事	bǐ wù zhǔ shì
P	比目连枝	bǐ mù lián zhī
P	比类从事	bǐ lèi cóng shì
P	比翼连枝	bǐ yì lián zhī
P	比翼齐飞	bǐ yì qí fēi
P	比肩并起	bǐ jiān bìng qǐ
P	比肩系踵	bǐ jiān xì zhǒng
P	比肩齐声	bǐ jiān qí shēng
P	比较价格	bǐ jiào jià gé
P	比量齐观	bǐ liàng qí guān
P	毕业论文	bì yè lùn wén
P	毕力同心	bì lì tóng xīn
P	毕雨箕风	bì yǔ jī fēng
P	毛发不爽	máo fā bù shuǎng
P	毛发丝粟	máo fà sī sù
P	毛发之功	máo fà zhī gōng
P	毛发倒竖	máo fà dǎo shù
P	毛发悚然	máo fà sǒng rán
P	毛发耸然	máo fà sǒng rán
P	毛头小子	máo tóu xiǎo zi
P	毛头毛脑	máo tóu máo nǎo
P	毛森骨立	máo sēn gǔ lì
P	毛羽零落	máo yǔ líng luò
P	毛遂堕井	máo suí duò jǐng
P	毛遂自荐	máo suì zì jiàn
P	毛骨悚然	máo gǔ sǒng rán
P	毛骨竦然	máo gǔ sǒng rán
P	毛骨耸然	máo gǔ sǒng rán
P	毡上拖毛	zhān shàng tuō máo
P	毫不介意	háo bù jiè yì
P	毫不含糊	háo bù hán hú
P	毫不屑意	háo bú xiè yì
P	毫不讳言	háo bù huì yán
P	毫分缕析	háo fēn lǚ xī
P	毫厘不爽	háo lí bù shuǎng
P	毫发不爽	háo fà bù shuǎng
P	毫发丝粟	háo fā sī sù
P	毫无疑义	háo wú yí yì
P	毫毛不犯	háo máo bù fàn
P	民不堪命	mín bù kān mìng
P	民不聊生	mín bù liáo shēng
P	民主改革	mín zhǔ gǎi gé
P	民事权利	mín shì quán lì
P	民事法庭	mín shì fǎ tíng
P	民保于信	mín bǎo yú xìn
P	民办公助	mín bàn gōng zhù
P	民和年丰	mín hé nián fēng
P	民和年稔	mín hé nián rěn
P	民富国强	mín fù guó qiáng
P	民心不壹	mín xīn bù yī
P	民族资本	mín zú zī běn
P	民族运动	mín zú yùn dòng
P	民有菜色	mín yǒu cài sè
P	民殷国富	mín yīn guó fù
P	民殷财阜	mín yīn cái fù
P	民淳俗厚	mín chún sú hòu
P	民穷财匮	mín qióng cái kuì
P	民穷财尽	mín qióng cái jìn
P	民胞物与	mín bāo wù yǔ
P	民脂民膏	mín zhī mín gāo
P	民膏民脂	mín gāo mín zhī
P	民贼独夫	mín zéi dú fū
P	民间故事	mín jiān gù shì
P	民间文学	mín jiān wén xué
P	民间艺术	mín jiān yì shù
P	气不忿儿	qì bù fèn ér
P	气义相投	qì yì xiāng tóu
P	气克斗牛	qì kè dǒu niú
P	气冲斗牛	qì chōng dǒu niú
P	气冲牛斗	qì chōng niú dǒu
P	气冲霄汉	qì chōng xiāo hàn
P	气势磅礴	qì shì páng bó
P	气吞牛斗	qì tūn niú dǒu
P	气味相投	qì wèi xiāng tóu
P	气喘吁吁	qì chuǎn xū xū
P	气得志满	qì dé zhì mǎn
P	气急败丧	qì jí bài sàng
P	气急败坏	qì jí bài huài
P	气息奄奄	qì xī yān yān
P	气愤填膺	qì fèn tián yīng
P	气涌如山	qì yǒng rú shān
P	气满志得	qì mǎn zhì dé
P	气焰熏天	qì yàn xūn tiān
P	气血方刚	qì xuè fāng gāng
P	气谊相投	qì yì xiāng tóu
P	气象万千	qì xiàng wàn qiān
P	气贯长虹	qì guàn cháng hóng
P	氢氧化钾	qīng yǎng huà jiǎ
P	水中捉月	shuǐ zhōng zhuō yuè
P	水中捞月	shuǐ zhōng lāo yuè
P	水中著盐	shuǐ zhōng zhuó yán
P	水佩风裳	shuǐ pèi fēng shang
P	水净鹅飞	shuǐ jìng é fēi
P	水到渠成	shuǐ dào qú chéng
P	水到鱼行	shuǐ dào yú xíng
P	水力发电	shuǐ lì fā diàn
P	水土不服	shuǐ tǔ bù fú
P	水宿山行	shuǐ sù shān xíng
P	水宿风餐	shuǐ sù fēng cān
P	水尽山穷	shuǐ jìn shān qióng
P	水尽鹅飞	shuǐ jìn é fēi
P	水幕电影	shuǐ mù diàn yǐng
P	水底捞月	shuǐ dǐ lāo yuè
P	水底捞针	shuǐ dǐ lāo zhēn
P	水底摸月	shuǐ dǐ mō yuè
P	水底纳瓜	shuǐ dǐ nà guā
P	水晶灯笼	shuǐ jīng dēng lóng
P	水月观音	shuǐ yuè guān yīn
P	水木清华	shuǐ mù qīng huá
P	水枯石烂	shuǐ kū shí làn
P	水楔不通	shuǐ xiē bù tōng
P	水泄不漏	shuǐ xiè bù lòu
P	水泄不透	shuǐ xiè bù tòu
P	水泄不通	shuǐ xiè bù tōng
P	水洩不通	shuǐ xiè bù tōng
P	水流云散	shuǐ liú yún sàn
P	水流花落	shuǐ liú huā luò
P	水涨船高	shuǐ zhǎng chuán gāo
P	水滴石穿	shuǐ dī shí chuān
P	水火不辞	shuǐ huǒ bù cí
P	水火不避	shuǐ huǒ bù bì
P	水火之中	shuǐ huǒ zhī zhōng
P	水石清华	shuǐ shí qīng huá
P	水磨工夫	shuǐ mó gōng fu
P	水穷山尽	shuǐ qióng shān jìn
P	水米无干	shuǐ mǐ wú gàn
P	水菜不交	shuǐ cài bù jiāo
P	水落归槽	shuǐ luò guī cáo
P	水落归漕	shuǐ luò guī cáo
P	水落石出	shuǐ luò shí chū
P	水调歌头	shuǐ diào gē tóu
P	水过鸭背	shuǐ guò yā bèi
P	水远山遥	shuǐ yuǎn shān yáo
P	水远山长	shuǐ yuǎn shān cháng
P	水长船高	shuǐ zhǎng chuán gāo
P	水陆杂陈	shuǐ lù zá chén
P	永不磨灭	yǒng bù mó miè
P	永垂不朽	yǒng chuí bù xiǔ
P	永志不忘	yǒng zhì bù wàng
P	永无宁日	yǒng wú níng rì
P	永葆青春	yǒng bǎo qīng chūn
P	求之不得	qiú zhī bù dé
P	求亲告友	qiú qīn gào yǒu
P	求亲靠友	qiú qīn kào yǒu
P	求仁得仁	qiú rén dé rén
P	求同存异	qiú tóng cún yì
P	求浆得酒	qiú jiāng dé jiǔ
P	求知若渴	qiú zhī ruò kě
P	求神拜佛	qiú shén bài fó
P	求神问卜	qiú shén wèn bǔ
P	求贤若渴	qiú xián ruò kě
P	求过于供	qiú guò yú gòng
P	汇丰银行	huì fēng yín háng
P	汉白玉石	hàn bái yù shí
P	汗不敢出	hàn bù gǎn chū
P	汗出洽背	hàn chū qià bèi
P	汗出浃背	hàn chū jiā bèi
P	汗如雨下	hàn rú yǔ xià
P	汗洽股栗	hàn qià gǔ lì
P	汗流夹背	hàn liú jiā bèi
P	汗流接踵	hàn liú jiē zhǒng
P	汗流洽背	hàn liú qià bèi
P	汗流洽衣	hàn liú qià yī
P	汗流浃体	hàn liú jiā tǐ
P	汗流浃肤	hàn liú jiā fū
P	汗流浃背	hàn liú jiā bèi
P	汗流浃踵	hàn liú jiā zhǒng
P	汗流满面	hàn liú mǎn miàn
P	汗流至踵	hàn liú zhì zhǒng
P	汗牛充屋	hàn niú chōng wū
P	汗牛充栋	hàn niú chōng dòng
P	汗牛塞栋	hàn niú sāi dòng
P	汗血盐车	hàn xuè yán chē
P	汗青头白	hàn qīng tóu bái
P	汗颜无地	hàn yán wú dì
P	汗马之功	hàn mǎ zhī gōng
P	汗马之劳	hàn mǎ zhī láo
P	汗马功劳	hàn mǎ gōng láo
P	汝南晨鸡	rǔ nán chén jī
P	汝成人耶	rǔ chéng rén yé
P	江东父老	jiāng dōng fù lǎo
P	江南海北	jiāng nán hǎi běi
P	江左夷吾	jiāng zuǒ yí wú
P	江汉朝宗	jiāng hàn cháo zōng
P	江河行地	jiāng hé xíng dì
P	江洋大盗	jiāng yáng dà dào
P	江淹才尽	jiāng yān cái jìn
P	江翻海倒	jiāng fān hǎi dǎo
P	江郎才尽	jiāng láng cái jìn
P	江郎才掩	jiāng láng cái yǎn
P	池鱼堂燕	chí yú táng yàn
P	池鱼幕燕	chí yú mù yàn
P	池鱼笼鸟	chí yú lóng niǎo
P	污泥浊水	wū ní zhuó shuǐ
P	污言秽语	wū yán huì yǔ
P	汤去三面	tāng qù sān miàn
P	汤池铁城	tāng chí tiě chéng
P	汤烧火热	tāng shāo huǒ rè
P	汪洋大海	wāng yáng dà hǎi
P	汪洋大肆	wāng yáng dà sì
P	汶阳田反	wèn yáng tián fǎn
P	汹涌彭湃	xiōng yǒng péng pài
P	汹涌淜湃	xiōng yǒng péng pài
P	汹涌澎湃	xiōng yǒng péng pài
P	汽车工业	qì chē gōng yè
P	沂水春风	yí shuǐ chūn fēng
P	沅江九肋	yuán jiāng jiǔ lèi
P	沈博绝丽	chén bó jué lì
P	沈腰潘鬓	shěn yāo pān bìn
P	沈诗任笔	shěn shī rèn bǐ
P	沉冤莫白	chén yuān mò bái
P	沉冤莫雪	chén yuān mò xuě
P	沉博绝丽	chén bó jué lì
P	沉吟不决	chén yín bù jué
P	沉吟章句	chén yín zhāng jù
P	沉思熟虑	chén sī shú lǜ
P	沉浮俯仰	chén fú fǔ yǎng
P	沉疴宿疾	chén kē sù jí
P	沉疴难起	chén kē nán qǐ
P	沉痼自若	chén gù zì ruò
P	沉着痛快	chén zhuó tòng kuài
P	沉著痛快	chén zhù tòng kuài
P	沉谋研虑	chén móu yán lǜ
P	沉谋重虑	chén móu chóng lǜ
P	沉迷不悟	chén mí bù wù
P	沉重寡言	chén zhòng guǎ yán
P	沉重少言	chén zhòng shǎo yán
P	沉鱼落雁	chén yú luò yàn
P	沐猴而冠	mù hóu ér guàn
P	沐猴衣冠	mù hóu yī guàn
P	沐雨栉风	mù yǔ zhì fēng
P	沐雨梳风	mù yǔ shū fēng
P	沐雨经霜	mù yǔ jīng shuāng
P	沐露梳风	mù lù shū fēng
P	沐露沾霜	mù lù zhān shuāng
P	沓冈复岭	tà gāng fù lǐng
P	沓来踵至	tà lái zhǒng zhì
P	沓来麕至	tà lái jūn zhì
P	沙文主义	shā wén zhǔ yì
P	沙里淘金	shā lǐ táo jīn
P	沙鸥翔集	shā ōu xiáng jí
P	沛雨甘霖	pèi yǔ gān lín
P	没上没下	méi shàng méi xià
P	没世不忘	mò shì bù wàng
P	没世不渝	mò shì bù yú
P	没世无称	mò shì wú chēng
P	没世无闻	mò shì wú wén
P	没世穷年	mò shì qióng nián
P	没世难忘	mò shì nán wàng
P	没卫饮羽	méi wèi yǐn yǔ
P	没可奈何	méi kě nài hé
P	没大没小	méi dà méi xiǎo
P	没头没尾	méi tóu mò wěi
P	没头没脑	méi tóu méi nǎo
P	没头没脸	méi tóu méi liǎn
P	没头苍蝇	méi tóu cāng yíng
P	没完没了	méi wán méi liǎo
P	没家没业	méi jiā méi yè
P	没屋架梁	méi wū jià liáng
P	没心没肺	méi xīn méi fèi
P	没日没夜	méi rì méi yè
P	没查没利	méi chá méi lì
P	没毛大虫	méi máo dà chóng
P	没没无闻	mò mò wú wén
P	没法奈何	méi fǎ nài hé
P	没法没天	méi fǎ méi tiān
P	没深没浅	méi shēn méi qiǎn
P	没皮没脸	méi pí méi liǎn
P	没眉没眼	méi méi méi yǎn
P	没石饮羽	méi shí yǐn yǔ
P	没精塌彩	méi jīng tā cǎi
P	没精打彩	méi jīng dǎ cǎi
P	没精打采	méi jīng dǎ cǎi
P	没精没彩	méi jīng méi cǎi
P	没而不朽	méi ér bù xiǔ
P	没衷一是	mò zhōng yī shì
P	没计奈何	méi jì nài hé
P	没话找话	méi huà zhǎo huà
P	没轻没重	méi qīng méi zhòng
P	没里没外	méi lǐ méi wài
P	没金铩羽	méi jīn shā yǔ
P	没金饮羽	mò jīn yǐn yǔ
P	没颠没倒	méi diān méi dǎo
P	没齿不忘	mò chǐ bù wàng
P	没齿无怨	mò chǐ wú yuàn
P	没齿难忘	mò chǐ nán wàng
P	沤沫槿艳	ōu mò jǐn yàn
P	沤浮泡影	ōu fú pào yǐng
P	沤珠槿艳	ōu zhū jǐn yàn
P	沥胆堕肝	lì dǎn duò gān
P	沥胆濯肝	lì dǎn zhuó gān
P	沥胆隳肝	lì dǎn huī gān
P	沥血叩心	lì xuè kòu xīn
P	沥血披心	lì xuè pī xīn
P	沥血披肝	lì xuè pī gān
P	沦落风尘	lún luò fēng chén
P	沧海横流	cāng hǎi héng liú
P	河不出图	hé bù chū tú
P	河伯为患	hé bó wéi huàn
P	河倾月落	hé qīng yuè luò
P	河北梆子	hé běi bāng zi
P	河南坠子	hé nán zhuì zi
P	河南梆子	hé nán bāng zi
P	河同水密	hé tóng shuǐ mì
P	河奔海聚	hé bēn hǎi jù
P	河斜月落	hé xié yuè luò
P	河沙世界	hé shā shì jiè
P	河涸海干	hé hé hǎi gān
P	河清难俟	hé qīng nán sì
P	河溓海夷	hé lián hǎi yí
P	河溓海晏	hé lián hǎi yàn
P	河落海干	hé luò hǎi gān
P	沸天震地	fèi tiān zhèn dì
P	沸沸汤汤	fèi fèi shāng shāng
P	油光可鉴	yóu guāng kě jiàn
P	油壁香车	yóu bì xiāng chē
P	油头光棍	yóu tóu guāng gùn
P	油头滑脑	yóu tóu huá nǎo
P	油头滑脸	yóu tóu huá liǎn
P	油头滑面	yóu tóu huá miàn
P	油头粉面	yóu tóu fěn miàn
P	油干火尽	yóu gān huǒ jìn
P	油干灯尽	yóu gàn dēng jìn
P	油浇火燎	yóu jiāo huǒ liáo
P	油煎火燎	yóu jiān huǒ liáo
P	油脂麻花	yóu zhī má huā
P	油腔滑调	yóu qiāng huá diào
P	沽名干誉	gū míng gàn yù
P	沽名要誉	gū míng yào yù
P	沾亲带友	zhān qīn dài yǒu
P	沾亲带故	zhān qīn dài gù
P	沾沾自好	zhān zhān zì hào
P	沾泥带水	zhān ní dài shuǐ
P	沾风惹草	zhān fēng rě cǎo
P	泄漏天机	xiè lòu tiān jī
P	泄露天机	xiè lòu tiān jī
P	泉石膏肓	quán shí gāo huāng
P	泌尿系统	mì niào xì tǒng
P	法不徇情	fǎ bù xùn qíng
P	法不责众	fǎ bù zé zhòng
P	法不阿贵	fǎ bù ē guì
P	法定人数	fǎ dìng rén shù
P	法家拂士	fǎ jiā bì shì
P	法律关系	fǎ lǜ guān xì
P	法律制度	fǎ lǜ zhì dù
P	法律意识	fǎ lǜ yì shí
P	法律行为	fǎ lǜ xíng wéi
P	法律责任	fǎ lǜ zé rèn
P	法无可贷	fǎ wú kě dài
P	法脉准绳	fǎ mài zhǔn shéng
P	法轮常转	fǎ lún cháng zhuàn
P	泛宅浮家	fàn zhái fú jiā
P	泛应曲当	fàn yīng qǔ dāng
P	泛浩摩苍	fàn hào mó cāng
P	泡沫塑料	pào mò sù liào
P	泡沫经济	pào mò jīng jì
P	波属云委	bō zhǔ yún wěi
P	波波碌碌	bō bō lù lù
P	波涛汹涌	bō tāo xiōng yǒng
P	波罗塞戏	bō luó sāi xì
P	波罗的海	bō luó dì hǎi
P	波骇云属	bō hài yún zhǔ
P	泣下如雨	qì xià rú yǔ
P	泣不可仰	qì bù kě yǎng
P	泣不成声	qì bù chéng shēng
P	泣数行下	qì shù háng xià
P	泣涕如雨	qì tì rú yǔ
P	泣血捶膺	qì xuè chuí yīng
P	泣血枕戈	qì xuè zhěn gē
P	泣血稽颡	qì xuè jī sǎng
P	泥中隐刺	ní zhōng yǐn cì
P	泥古不化	nì gǔ bù huà
P	泥古拘方	nì gǔ jū fāng
P	泥古非今	nì gǔ fēi jīn
P	泥名失实	nì míng shī shí
P	泥塑木雕	ní sù mù diāo
P	泥多佛大	ní duō fó dà
P	泥沙俱下	ní shā jù xià
P	泥牛入海	ní niú rù hǎi
P	泥猪瓦狗	ní zhū wǎ gǒu
P	泥猪疥狗	ní zhū jiè gǒu
P	泥猪癞狗	ní zhū lài gǒu
P	泥而不滓	niè ér bù zǐ
P	泥船渡河	ní chuán dù hé
P	泥蟠不滓	ní pán bù zǐ
P	泥足巨人	ní zú jù rén
P	泥车瓦马	ní chē wǎ mǎ
P	泥金万点	ní jīn wàn diǎn
P	泪如泉涌	lèi rú quán yǒng
P	泪如雨下	lèi rú yǔ xià
P	泪干肠断	lèi gān cháng duàn
P	泰山其颓	tài shān qí tuí
P	泰山北斗	tài shān běi dǒu
P	泰山压卵	tài shān yā luǎn
P	泰山压顶	tài shān yā dǐng
P	泰山盘石	tài shān pán shí
P	泰山磐石	tài shān pán shí
P	泰来否往	tài lái pǐ wǎng
P	泰来否极	tài lái pǐ jí
P	泰极而否	tài jí ér pǐ
P	泰然处之	tài rán chǔ zhī
P	泰然自若	tài rán zì ruò
P	泱泱大国	yāng yāng dà guó
P	泱泱大风	yāng yāng dà fēng
P	泼天大祸	pō tiān dà huò
P	泼水难收	pō shuǐ nán shōu
P	泽及枯骨	zé jí kū gǔ
P	泽吻磨牙	zé wěn mó yá
P	泽被后世	zé bèi hòu shì
P	泾渭不分	jīng wèi bù fēn
P	泾渭分明	jīng wèi fēn míng
P	泾渭自分	jīng wèi zì fēn
P	洁己从公	jié jǐ cóng gōng
P	洁身累行	jié shēn lèi xíng
P	洁身自好	jié shēn zì hào
P	洋为中用	yáng wéi zhōng yòng
P	洋洋大观	yáng yáng dà guān
P	洋洋得意	yáng yáng dé yì
P	洋洋洒洒	yáng yáng sǎ sǎ
P	洋洋纚纚	yáng yáng sǎ sǎ
P	洋洋自得	yáng yáng zì dé
P	洋里洋气	yáng lǐ yáng qì
P	洒心更始	sǎ xīn gèng shǐ
P	洒扫应对	sǎ sǎo yìng duì
P	洒洒潇潇	sǎ sǎ xiāo xiāo
P	洗兵牧马	xǐ bīng mù mǎ
P	洗劫一空	xǐ jié yī kōng
P	洗垢匿瑕	xǐ gòu nì xiá
P	洗垢求瑕	xǐ gòu qiú xiá
P	洗垢求瘢	xǐ gòu qiú bān
P	洗垢索瘢	xǐ gòu suǒ bān
P	洗心回面	xǐ xīn huí miàn
P	洗心换骨	xǐ xīn huàn gǔ
P	洗心涤虑	xǐ xīn dí lǜ
P	洗心自新	xǐ xīn zì xīn
P	洗心革面	xǐ xīn gé miàn
P	洗手不干	xǐ shǒu bù gàn
P	洗手奉公	xǐ shǒu fèng gōng
P	洗手奉职	xǐ shǒu fèng zhí
P	洗濯磨淬	xǐ zhuó mó cuì
P	洗眉刷目	xǐ méi shuā mù
P	洗耳恭听	xǐ ěr gōng tīng
P	洗耳拱听	xǐ ěr gǒng tīng
P	洗肠涤胃	xǐ cháng dí wèi
P	洗脚上船	xǐ jiǎo shàng chuán
P	洗雪逋负	xǐ xuě bū fù
P	洗颈就戮	xǐ jǐng jiù lù
P	洗髓伐毛	xǐ suǐ fá máo
P	洞中肯綮	dòng zhōng kěn qìng
P	洞天福地	dòng tiān fú dì
P	洞如观火	dòng rú guān huǒ
P	洞察一切	dòng chá yī qiè
P	洞察其奸	dòng chá qí jiān
P	洞幽烛远	dòng yōu zhú yuǎn
P	洞烛其奸	dòng zhú qí jiān
P	洞若观火	dòng ruò guān huǒ
P	洞见症结	dòng jiàn zhèng jié
P	洞鉴废兴	dòng jiàn fèi xīng
P	洞隐烛微	dòng yǐn zhú wēi
P	津关险塞	jīn guān xiǎn sài
P	津津乐道	jīn jīn lè dào
P	津津有味	jīn jīn yǒu wèi
P	洪乔捎书	hóng qiáo shāo shū
P	洪水横流	hóng shuǐ héng liú
P	洪炉燎发	hóng lú liáo fà
P	洪福齐天	hóng fú qí tiān
P	洪都拉斯	hóng dōu lā sī
P	洲际导弹	zhōu jì dǎo dàn
P	活剥生吞	huó bō shēng tūn
P	活动分子	huó dòng fèn zǐ
P	活字印刷	huó zì yìn shuā
P	活期存款	huó qī cún kuǎn
P	活蹦乱跳	huó bèng luàn tiào
P	活蹦活跳	huó bèng huó tiào
P	活龙鲜健	huó lóng xiān jiàn
P	洽闻强记	qià wén qiáng jì
P	流天澈地	liú tiān chè dì
P	流年不利	liú nián bù lì
P	流年似水	liú nián sì shuǐ
P	流水朝宗	liú shuǐ cháo zōng
P	流水落花	liú shuǐ luò huā
P	流水行云	liú shuǐ xíng yún
P	流汗浃背	liú hàn jiā bèi
P	流溺忘反	liú nì wàng fǎn
P	流离琐尾	liú lí suǒ wěi
P	流离转徙	liú lí zhuǎn xǐ
P	流离颠疐	liú lí diān zhì
P	流落他乡	liú luò tā xiāng
P	流落天涯	liú luò tiān yá
P	流落失所	liú luò shī suǒ
P	流落江湖	liú luò jiāng hú
P	流落风尘	liú luò fēng chén
P	流血千里	liú xuè qiān lǐ
P	流血漂卤	liú xuè piāo lǔ
P	流行坎止	liú xíng kǎn zhǐ
P	流行歌曲	liú xíng gē qǔ
P	流言混话	liú yán hùn huà
P	流言蜚语	liú yán fēi yǔ
P	流言风语	liú yán fēng yǔ
P	流言飞语	liú yán fēi yǔ
P	流质食物	liú zhì shí wù
P	流金铄石	liú jīn shuò shí
P	流风余俗	liú fēng yú sú
P	流风余韵	liú fēng yú yùn
P	流风回雪	liú fēng huí xuě
P	流风遗迹	liú fēng yí jì
P	浃背汗流	jiā bèi hàn liú
P	浅尝辄止	qiǎn cháng zhé zhǐ
P	浅希近求	qiǎn xī jìn qiú
P	浅斟低唱	qiǎn zhēn dī chàng
P	浅见寡闻	qiǎn jiàn guǎ wén
P	浆水不交	jiāng shuǐ bù jiāo
P	浆酒藿肉	jiāng jiǔ huò ròu
P	浆酒霍肉	jiāng jiǔ huò ròu
P	浇淳散朴	jiāo chún sàn pǔ
P	浇醇散朴	jiāo chún sàn pǔ
P	浇风薄俗	jiāo fēng bó sú
P	浊骨凡胎	zhuó gǔ fán tāi
P	济世之才	jì shì zhī cái
P	济世匡时	jì shì kuāng shí
P	济世安人	jì shì ān rén
P	济世安民	jì shì ān mín
P	济世安邦	jì shì ān bāng
P	济世救人	jì shì jiù rén
P	济人利物	jì rén lì wù
P	济困扶危	jì kùn fú wēi
P	济寒赈贫	jì hán zhèn pín
P	济弱扶倾	jì ruò fú qīng
P	济弱锄强	jì ruò chú qiáng
P	济河焚舟	jì hé fén zhōu
P	济济一堂	jǐ jǐ yī táng
P	济窍飘风	jì qiào piāo fēng
P	济苦怜贫	jì kǔ lián pín
P	济贫拔苦	jì pín bá kǔ
P	浑俗和光	hún sú hé guāng
P	浑头浑脑	hún tóu hún nǎo
P	浑抡吞枣	hún lún tūn zǎo
P	浑水摸鱼	hún shuǐ mō yú
P	浑然一体	hún rán yī tǐ
P	浑然无知	hún rán wú zhī
P	浑身上下	hún shēn shàng xià
P	浑身冒汗	hún shēn mào hàn
P	浑身解数	hún shēn xiè shù
P	浓墨重彩	nóng mò zhòng cǎi
P	浓妆艳抹	nóng zhuāng yàn mǒ
P	浓妆艳服	nóng zhuāng yàn fú
P	浓抹淡妆	nóng mò dàn zhuāng
P	浓眉大眼	nóng méi dà yǎn
P	浓荫蔽日	nóng yīn bì rì
P	浓装艳抹	nóng zhuāng yàn mǒ
P	浙江大学	zhè jiāng dà xué
P	浩气长存	hào qì cháng cún
P	浩浩汤汤	hào hào shāng shāng
P	浪子回头	làng zǐ huí tóu
P	浪子宰相	làng zǐ zǎi xiàng
P	浮一大白	fú yī dà bái
P	浮云朝露	fú yún zhāo lù
P	浮动汇率	fú dòng huì lǜ
P	浮名薄利	fú míng bó lì
P	浮声切响	fú shēng qiè xiǎng
P	浮头滑脑	fú tóu huá nǎo
P	浮家泛宅	fú jiā fàn zhái
P	浮收勒折	fú shōu lè shé
P	浮收勒索	fú shōu lè suǒ
P	浮文巧语	fú wén qiǎo yǔ
P	浮瓜沈李	fú guā shěn lǐ
P	浮生六记	fú shēng liù jì
P	浮生切响	fú shēng qiè xiǎng
P	浮生若梦	fú shēng ruò mèng
P	浮白载笔	fú bái zǎi bǐ
P	浮皮潦草	fú pí liáo cǎo
P	浮石沉木	fú shí chén mù
P	浮而不实	fú ér bù shí
P	浮语虚辞	fú yǔ xū cí
P	浴血奋战	yù xuè fèn zhàn
P	海不扬波	hǎi bù yáng bō
P	海不波溢	hǎi bù bō yì
P	海中捞月	hǎi zhōng lāo yuè
P	海内无双	hǎi nèi wú shuāng
P	海内鼎沸	hǎi nèi dǐng fèi
P	海北天南	hǎi běi tiān nán
P	海外关系	hǎi wài guān xì
P	海外奇谈	hǎi wài qí tán
P	海底捞月	hǎi dǐ lāo yuè
P	海底捞针	hǎi dǐ lāo zhēn
P	海枯石烂	hǎi kū shí làn
P	海枯见底	hǎi kū jiàn dǐ
P	海水难量	hǎi shuǐ nán liáng
P	海沸山裂	hǎi fèi shān liè
P	海涯天角	hǎi yá tiān jiǎo
P	海涵地负	hǎi hán dì fù
P	海涸石烂	hǎi hé shí làn
P	海约山盟	hǎi yuē shān méng
P	海角天涯	hǎi jiǎo tiān yá
P	海角天隅	hǎi jiǎo tiān yú
P	海阔天空	hǎi kuò tiān kōng
P	涂歌巷舞	tú gē xiàng wǔ
P	涂脂抹粉	tú zhī mǒ fěn
P	涅而不淄	niè ér bù zī
P	涅而不缁	niè ér bù zī
P	消化不良	xiāo huà bù liáng
P	消化系统	xiāo huà xì tǒng
P	消息盈冲	xiāo xī yíng chōng
P	消愁解闷	xiāo chóu jiě mèn
P	消费结构	xiāo fèi jié gòu
P	涉外婚姻	shè wài hūn yīn
P	涉笔成趣	shè bǐ chéng qù
P	涎言涎语	xián yán xián yǔ
P	涓滴不剩	juān dī bú shèng
P	涓滴不漏	juān dī bù lòu
P	涓滴不遗	juān dī bù yí
P	涕泗横流	tì sì héng liú
P	涕泗滂沲	tì sì pāng tuó
P	涕泗纵横	tì sì zòng héng
P	涕零如雨	tì líng rú yǔ
P	涣发大号	huàn fā dà hào
P	涣汗大号	huàn hàn dà hào
P	涣若冰消	huàn ruò bīng xiāo
P	涣若冰释	huàn ruò bīng shì
P	涤地无类	dí dì wú lèi
P	涤故更新	dí gù gēng xīn
P	涨红了脸	zhàng hóng le liǎn
P	涩于言论	sè yú yán lùn
P	液体炸弹	yè tǐ zhà dàn
P	涸思干虑	hé sī gān lǜ
P	涸泽而渔	hé zé ér yú
P	涸鱼得水	hé yú dé shuǐ
P	涸鲋得水	hé fù dé shuǐ
P	淋漓尽致	lín lí jìn zhì
P	淘沙取金	táo shā qǔ jīn
P	淘沙得金	táo shā dé jīn
P	淡妆浓抹	dàn zhuāng nóng mǒ
P	淡妆轻抹	dàn zhuāng qīng mò
P	淡扫蛾眉	dàn sǎo é méi
P	淡汝浓抹	dàn rǔ nóng mǒ
P	淡泊明志	dàn bó míng zhì
P	淡然处之	dàn rán chǔ zhī
P	淡而不厌	dàn ér bù yàn
P	淫心匿行	yín xīn nì xíng
P	淫言媟语	yín yán xiè yǔ
P	淫言狎语	yín yán xiá yǔ
P	淫言诐行	yín yán bì xíng
P	淫词亵语	yín cí xiè yǔ
P	淫词秽语	yín cí huì yǔ
P	淫词艳曲	yín cí yàn qǔ
P	淫辞秽语	yín cí huì yǔ
P	淫辞邪说	yín cí xié shuō
P	淮南鸡犬	huái nán jī quǎn
P	淮橘为枳	huái jú wéi zhǐ
P	淮王鸡狗	huái wáng jī gǒu
P	深不可测	shēn bù kě cè
P	深中笃行	shēn zhōng dǔ xíng
P	深中肯綮	shēn zhōng kěn qìng
P	深中隐厚	shēn zhōng yǐn hòu
P	深仁厚泽	shēn rén hòu zé
P	深仇大恨	shēn chóu dà hèn
P	深仇宿怨	shēn chóu xiǔ yuàn
P	深仇重怨	shēn chóu zhòng yuàn
P	深信不疑	shēn xìn bù yí
P	深入浅出	shēn rù qiǎn chū
P	深入膏肓	shēn rù gāo huāng
P	深入骨髓	shēn rù gǔ suǐ
P	深切着明	shēn qiē zhe míng
P	深切着白	shēn qiē zhe bái
P	深切著明	shēn qiè zhù míng
P	深切著白	shēn qiè zhù bái
P	深刺腧髓	shēn cì shù suǐ
P	深厉浅揭	shēn lì qiǎn qì
P	深受其害	shēn shòu qí hài
P	深图远算	shēn tú yuǎn suàn
P	深奥莫测	shēn ào mò cè
P	深宅大院	shēn zhái dà yuàn
P	深山长谷	shēn shān cháng gǔ
P	深得人心	shēn dé rén xīn
P	深思熟虑	shēn sī shú lǜ
P	深思苦索	shēn sī kǔ suǒ
P	深思远虑	shēn sī yuǎn lǜ
P	深恶痛嫉	shēn wù tòng jí
P	深恶痛疾	shēn wù tòng jí
P	深恶痛绝	shēn wù tòng jué
P	深情底理	shēn qíng dǐ lǐ
P	深惟重虑	shēn wéi zhòng lǜ
P	深扃固钥	shēn jiōng gù yào
P	深文傅会	shēn wén fù huì
P	深文周内	shēn wén zhōu nà
P	深文大义	shēn wén dà yì
P	深文曲折	shēn wén qǔ shé
P	深文附会	shēn wén fù huì
P	深明大义	shēn míng dà yì
P	深更半夜	shēn gēng bàn yè
P	深根固柢	shēn gēn gù dǐ
P	深根宁极	shēn gēn níng jí
P	深根蟠结	shēn gēn pán jié
P	深水炸弹	shēn shuǐ zhà dàn
P	深猷远计	shēn yóu yuǎn jì
P	深知灼见	shēn zhī zhuó jiàn
P	深藏若虚	shēn cáng ruò xū
P	深见远虑	shēn jiàn yuǎn lǜ
P	深计远虑	shēn jì yuǎn lǜ
P	深谋远略	shēn móu yuǎn lüè
P	深谋远虑	shēn móu yuǎn lǜ
P	深谷为陵	shēn gǔ wéi líng
P	深雠大恨	shēn chóu dà hèn
P	混世魔王	hùn shì mó wáng
P	混为一体	hùn wéi yì tǐ
P	混为一谈	hùn wéi yī tán
P	混作一谈	hùn zuò yī tán
P	混俗和光	hùn sú hé guāng
P	混凝纸浆	hùn níng zhǐ jiàng
P	混合面儿	hùn hé miàn er
P	混应滥应	hùn yīng làn yīng
P	混战一场	hùn zhàn yì chǎng
P	混水捞鱼	hùn shuǐ lāo yú
P	混水摸鱼	hùn shuǐ mō yú
P	混沌不分	hùn dùn bù fēn
P	混淆是非	hùn xiáo shì fēi
P	混淆视听	hùn xiáo shì tīng
P	混淆黑白	hùn xiáo hēi bái
P	混混噩噩	hún hún è è
P	混混沄沄	hùn hùn yún yún
P	混混沌沌	hùn hùn dùn dùn
P	混然一体	hún rán yī tǐ
P	混然天成	hùn rán tiān chéng
P	淹会贯通	yān huì guàn tōng
P	添枝加叶	tiān zhī jiā yè
P	添枝增叶	tiān zhī zēng yè
P	添枝接叶	tiān zhī jiē yè
P	添盐着醋	tiān yán zhe cù
P	添砖加瓦	tiān zhuān jiā wǎ
P	清净寂灭	qīng jìng jì miè
P	清净无为	qīng jìng wú wéi
P	清华大学	qīng huá dà xué
P	清廉正直	qīng lián zhèng zhí
P	清微淡远	qīng wēi dàn yuǎn
P	清心少欲	qīng xīn shǎo yù
P	清汤寡水	qīng tāng guǎ shuǐ
P	清洌可鉴	qīng liè kě jiàn
P	清浊同流	qīng zhuó tóng liú
P	清源正本	qīng yuán zhèng běn
P	清莹秀澈	qīng yíng xiù chè
P	清词丽句	qīng cí lì jù
P	清贫如洗	qīng pín rú xǐ
P	清辞丽句	qīng cí lì jù
P	清辞丽曲	qīng cí lì qǔ
P	清都紫府	qīng dōu zǐ fǔ
P	清都紫微	qīng dōu zǐ wēi
P	清都绛阙	qīng dōu jiàng què
P	清静无为	qīng jìng wú wéi
P	清风两袖	qīng fēng liǎng xiù
P	清风亮节	qīng fēng liàng jié
P	清风劲节	qīng fēng jìng jié
P	清风峻节	qīng fēng jùn jié
P	清风明月	qīng fēng míng yuè
P	清风朗月	qīng fēng lǎng yuè
P	清风高节	qīng fēng gāo jié
P	渊图远算	yuān tú yuǎn suàn
P	渊涌风厉	yuān yǒng fēng lì
P	渊涓蠖濩	yuān juān huò hù
P	渊清玉絜	yuān qīng yù jié
P	渊渟岳峙	yuān tíng yuè zhì
P	渊渟岳立	yuān tíng yuè lì
P	渊渟泽汇	yuān tíng zé huì
P	渊源有自	yuān yuán yǒu zì
P	渊谋远略	yuān móu yuǎn lüè
P	渊鱼丛雀	yuān yú cóng què
P	渐不可长	jiàn bù kě zhǎng
P	渐仁摩义	jiān rén mó yì
P	渐仁摩谊	jiān rén mó yì
P	渐入佳境	jiàn rù jiā jìng
P	渐至佳境	jiàn zhì jiā jìng
P	渑池之功	miǎn chí zhī gōng
P	渔人得利	yú rén dé lì
P	渔夺侵牟	yú duó qīn móu
P	渔翁得利	yú wēng dé lì
P	渔阳鞞鼓	yú yáng pí gǔ
P	温凊定省	wēn qìng dìng xǐng
P	温席扇枕	wēn xí shān zhěn
P	温情脉脉	wēn qíng mò mò
P	温故知新	wēn gù zhī xīn
P	温枕扇席	wēn zhěn shān xí
P	温柔敦厚	wēn róu dūn hòu
P	温润而泽	wēn rùn ér zé
P	温衾扇枕	wēn qīn shān zhěn
P	港务监督	gǎng wù jiān dū
P	渴尘万斛	kě chén wàn hú
P	渴骥奔泉	kě jì bēn quán
P	游刃有余	yóu rèn yǒu yú
P	游回磨转	yóu huí mó zhuǎn
P	游山玩景	yóu shān wán jǐng
P	游必有方	yóu bì yǒu fāng
P	游思妄想	yóu sī wàng xiǎng
P	游戏三昧	yóu xì sān mèi
P	游戏人世	yóu xì rén shì
P	游戏人间	yóu xì rén jiān
P	游戏尘寰	yóu xì chén huán
P	游戏笔墨	yóu xì bǐ mò
P	游戏翰墨	yóu xì hàn mò
P	游手好闲	yóu shǒu hào xián
P	游标卡尺	yóu biāo kǎ chǐ
P	游泳裤衩	yóu yǒng kù chǎ
P	游目骋观	yóu mù chěng guān
P	游移不定	yóu yí bù dìng
P	游荡不羁	yóu dàng bù jī
P	游蜂戏蝶	yóu fēng xì dié
P	渺不足道	miǎo bù zú dào
P	渺无音信	miǎo wú yīn xìn
P	湖北大鼓	hú běi dà gǔ
P	湛恩汪濊	zhàn ēn wāng huì
P	湮没无闻	yān mò wú wén
P	溃不成军	kuì bù chéng jūn
P	溃兵游勇	kuì bīng yóu yǒng
P	源头活水	yuán tóu huó shuǐ
P	源泉万斛	yuán quán wàn hú
P	源源不断	yuán yuán bù duàn
P	源源不绝	yuán yuán bù jué
P	源远流长	yuán yuǎn liú cháng
P	溘先朝露	kè xiān zhāo lù
P	溘然长往	kè rán cháng wǎng
P	溘然长逝	kè rán cháng shì
P	溜之乎也	liū zhī hū yě
P	溜之大吉	liū zhī dà jí
P	溜须拍马	liū xū pāi mǎ
P	溢美之语	yì měi zhī yǔ
P	溢美溢恶	yì měi yì wù
P	溥天同庆	pǔ tiān tóng qìng
P	溥天率土	pǔ tiān shuài tǔ
P	溯水行舟	sù shuǐ xíng zhōu
P	溯流追源	sù liú zhuī yuán
P	溯端竟委	sù duān jìng wěi
P	溺心灭质	nì xīn miè zhì
P	滂沱大雨	pāng tuó dà yǔ
P	滋蔓难图	zī màn nán tú
P	滑不唧溜	huá bù jī liū
P	滑头滑脑	huá tóu huá nǎo
P	滑泥扬波	huá ní yáng bō
P	滔天大罪	tāo tiān dà zuì
P	滔天罪行	tāo tiān zuì xíng
P	滔滔不尽	tāo tāo bù jìn
P	滔滔不断	tāo tāo bù duàn
P	滔滔不竭	tāo tāo bù jié
P	滔滔不绝	tāo tāo bù jué
P	滔滔汩汩	tāo tāo gǔ gǔ
P	滚动轴承	gǔn dòng zhóu chéng
P	滚柱轴承	gǔn zhù zhóu chéng
P	滚珠轴承	gǔn zhū zhóu chéng
P	满不在乎	mǎn bù zài hū
P	满不在意	mǎn bù zài yì
P	满坐风生	mǎn zuò fēng shēng
P	满城风雨	mǎn chéng fēng yǔ
P	满天星斗	mǎn tiān xīng dǒu
P	满座风生	mǎn zuò fēng shēng
P	满怀信心	mǎn huái xìn xīn
P	满打满算	mǎn dǎ mǎn suàn
P	满满当当	mǎn mǎn dāng dāng
P	满目凄凉	mǎn mù qī liáng
P	满纸空言	mǎn zhǐ kōng yán
P	满而不溢	mǎn ér bù yì
P	满脸春风	mǎn liǎn chūn fēng
P	满腹牢骚	mǎn fù láo sāo
P	满腹狐疑	mǎn fù hú yí
P	满腹疑团	mǎn fù yí tuán
P	满腹经纶	mǎn fù jīng lún
P	满袖春风	mǎn xiù chūn fēng
P	满载而归	mǎn zài ér guī
P	满面春风	mǎn miàn chūn fēng
P	满面红光	mǎn miàn hóng guāng
P	滥竽充数	làn yú chōng shù
P	滴水不漏	dī shuǐ bù lòu
P	滴水不羼	dī shuǐ bù chàn
P	滴水穿石	dī shuǐ chuān shí
P	滴水难消	dī shuǐ nán xiāo
P	滴滴答答	dī dī dā dā
P	滴露研朱	dī lù yán zhū
P	滴露研珠	dī lù yán zhū
P	漂母进饭	piāo mǔ jìn fàn
P	漂泊无定	piāo bó wú dìng
P	漂蓬断梗	piāo péng duàn gěng
P	漂零蓬断	piāo líng péng duàn
P	漏卮难满	lòu zhī nán mǎn
P	漏尽更阑	lòu jìn gēng lán
P	漏尽钟鸣	lòu jìn zhōng míng
P	漏尽锺鸣	lòu jìn zhōng míng
P	漏泄天机	lòu xiè tiān jī
P	漏泄春光	lòu xiè chūn guāng
P	漠不关心	mò bù guān xīn
P	漠不相关	mò bù xiāng guān
P	漫不加意	màn bù jiā yì
P	漫不经心	màn bù jīng xīn
P	漫不经意	màn bù jīng yì
P	漫地漫天	màn dì màn tiān
P	漫天匝地	màn tiān zā dì
P	漫天叫价	màn tiān jiào jià
P	漫天大谎	màn tiān dà huǎng
P	漫天开价	màn tiān kāi jià
P	漫天掩地	màn tiān yǎn dì
P	漫天盖地	màn tiān gài dì
P	漫天要价	màn tiān yào jià
P	漫天过海	màn tiān guò hǎi
P	漫天遍地	màn tiān biàn dì
P	漫山塞野	màn shān sāi yě
P	漫条斯理	màn tiáo sī lǐ
P	漫藏诲盗	màn cáng huì dào
P	漱流枕石	shù liú zhěn shí
P	漱石枕流	shù shí zhěn liú
P	潇洒风流	xiāo sǎ fēng liú
P	潘文乐旨	pān wén lè zhǐ
P	潜休隐德	qián xiū yǐn dé
P	潜光隐德	qián guāng yǐn dé
P	潜光隐耀	qián guāng yǐn yào
P	潜山隐市	qián shān yǐn shì
P	潜德秘行	qián dé mì xíng
P	潜德隐行	qián dé yǐn xíng
P	潜消默化	qián xiāo mò huà
P	潜滋暗长	qián zī àn zhǎng
P	潜濡默化	qián rú mò huà
P	潜濡默被	qián rú mò bèi
P	潜神嘿规	qián shén hēi guī
P	潜移嘿夺	qián yí hēi duó
P	潜移暗化	qián yí àn huà
P	潜移默化	qián yí mò huà
P	潜移默转	qián yí mò zhuǎn
P	潜精研思	qián jīng yán sī
P	潜精积思	qián jīng jī sī
P	潜踪隐迹	qián zōng yǐn jì
P	潢池弄兵	huáng chí nòng bīng
P	潢池盗弄	huáng chí dào nòng
P	潦原浸天	lǎo yuán jìn tiān
P	潮涨潮落	cháo zhǎng cháo luò
P	澄思渺虑	chéng sī miǎo lǜ
P	澄江如练	chéng jiāng rú liàn
P	澄沙汰砾	dèng shā tài lì
P	澄清天下	chéng qīng tiān xià
P	澄神离形	chéng shén lí xíng
P	澈底澄清	chè dǐ chéng qīng
P	澜倒波随	lán dǎo bō suí
P	澳大利亚	ào dà lì yà
P	澹泊寡欲	dàn bó guǎ yù
P	激光照排	jī guāng zhào pái
P	激忿填膺	jī fèn tián yīng
P	激薄停浇	jī bó tíng jiāo
P	激进分子	jī jìn fèn zǐ
P	濠梁之上	háo liáng zhī shàng
P	濯污扬清	zhuó wū yáng qīng
P	濯足濯缨	zhuó zú zhuó yīng
P	灌夫骂坐	guàn fū mà zuò
P	灌夫骂座	guàn fū mà zuò
P	火上加油	huǒ shàng jiā yóu
P	火上弄冰	huǒ shàng nòng bīng
P	火上浇油	huǒ shàng jiāo yóu
P	火上添油	huǒ shàng tiān yóu
P	火中取栗	huǒ zhōng qǔ lì
P	火冒三丈	huǒ mào sān zhàng
P	火冒三尺	huǒ mào sān chǐ
P	火力发电	huǒ lì fā diàn
P	火妻灰子	huǒ qī huī zǐ
P	火尽灰冷	huǒ jìn huī lěng
P	火尽薪传	huǒ jìn xīn chuán
P	火山汤海	huǒ shān tāng hǎi
P	火急火燎	huǒ jí huǒ liǎo
P	火炬计划	huǒ jù jì huà
P	火烧火燎	huǒ shāo huǒ liǎo
P	火耕水种	huǒ gēng shuǐ zhòng
P	火耕流种	huǒ gēng liú zhǒng
P	灭景追风	miè yǐng zhuī fēng
P	灭此朝食	miè cǐ zhāo shí
P	灯尽油干	dēng jìn yóu gān
P	灯火万家	dēng huǒ wàn jiā
P	灯红酒绿	dēng hóng jiǔ lǜ
P	灯蛾扑火	dēng é pū huǒ
P	灰不溜丢	huī bù liū diū
P	灰头土脸	huī tóu tǔ liǎn
P	灰头土面	huī tóu tǔ miàn
P	灰心丧意	huī xīn sàng yì
P	灰心丧气	huī xīn sàng qì
P	灰色收入	huī sè shōu rù
P	灰身粉骨	huī shēn fěn gǔ
P	灰躯糜骨	huī qū mí gǔ
P	灵蛇之珠	líng shé zhī zhū
P	灸艾分痛	jiǔ ài fēn tòng
P	灼艾分痛	zhuó ài fēn tòng
P	灼见真知	zhuó jiàn zhēn zhī
P	灾难深重	zāi nán shēn zhòng
P	灿若繁星	càn ruò fán xīng
P	炊沙作糜	chuī shā zuò mí
P	炊沙作饭	chuī shā zuò fàn
P	炊沙成饭	chuī shā chéng fàn
P	炊沙镂冰	chuī shā lòu bīng
P	炊鲜漉清	chuī xiān lù qīng
P	炎凉世态	yán liáng shì tài
P	炎黄子孙	yán huáng zǐ sūn
P	炙手可热	zhì shǒu kě rè
P	炫奇争胜	xuàn qí zhēng shèng
P	炫巧斗妍	xuàn qiǎo dòu yán
P	炫异争奇	xuàn yì zhēng qí
P	炫昼缟夜	xuàn zhòu gǎo yè
P	炫玉贾石	xuàn yù gǔ shí
P	炫石为玉	xuàn shí wéi yù
P	炮凤烹龙	páo fèng pēng lóng
P	炮火连天	pào huǒ lián tiān
P	炮龙烹凤	pào lóng pēng fèng
P	炯炯有神	jiǒng jiǒng yǒu shén
P	炰鳖脍鲤	fǒu biē kuài lǐ
P	炳如观火	bǐng rú guān huǒ
P	炳若日星	bǐng ruò rì xīng
P	炳若观火	bǐng ruò guān huǒ
P	炸土豆条	zhá tǔ dòu tiáo
P	炸烹大虾	zhá pēng dà xiā
P	炸肉丸子	zhá ròu wán zi
P	点头之交	diǎn tóu zhī jiāo
P	点头会意	diǎn tóu huì yì
P	点头咂嘴	diǎn tóu zā zuǐ
P	点头哈腰	diǎn tóu hā yāo
P	点心瓤子	diǎn xīn ráng zi
P	点手划脚	diǎn shǒu huà jiǎo
P	点指划脚	diǎn zhǐ huá jiǎo
P	点水不漏	diǎn shuǐ bù lòu
P	点石为金	diǎn shí wéi jīn
P	点石成金	diǎn shí chéng jīn
P	点胸洗眼	diǎn xiōng xǐ yǎn
P	点金乏术	diǎn jīn fá shù
P	点金无术	diǎn jīn wú shù
P	炼石补天	liàn shí bǔ tiān
P	烁石流金	shuò shí liú jīn
P	烂若披掌	làn ruò pī zhǎng
P	烂若披锦	làn ruò pī jǐn
P	烂若舒锦	làn ruò shū jǐn
P	烂醉如泥	làn zuì rú ní
P	烂额焦头	làn é jiāo tóu
P	烈火干柴	liè huǒ gān chái
P	烘堂大笑	hōng táng dà xiào
P	烛照数计	zhú zhào shù jì
P	烟云过眼	yān yún guò yǎn
P	烟消云散	yān xiāo yún sàn
P	烟消雾散	yān xiāo wù sàn
P	烟熏火燎	yān xūn huǒ liǎo
P	烟聚波属	yān jù bō shǔ
P	烟花风月	yān huā fēng yuè
P	烟蓑雨笠	yān suō yǔ lì
P	烟视媚行	yān shì mèi xíng
P	烟霏雨散	yān fēi yǔ sàn
P	烟飞星散	yān fēi xīng sàn
P	烧犀观火	shāo xī guān huǒ
P	热功当量	rè gōng dāng liàng
P	热可炙手	rè kě zhì shǒu
P	热核反应	rè hé fǎn yìng
P	热核炸弹	rè hé zhà dàn
P	热火朝天	rè huǒ cháo tiān
P	热熬翻饼	rè áo fān bǐng
P	热线电话	rè xiàn diàn huà
P	热血动物	rè xuè dòng wù
P	热血沸腾	rè xuè fèi téng
P	烹犬藏弓	pēng quǎn cáng gōng
P	烹狗藏弓	pēng gǒu cáng gōng
P	烹龙炮凤	pēng lóng páo fèng
P	烽火相连	fēng huǒ xiāng lián
P	烽鼓不息	fēng gǔ bù xī
P	焕然一新	huàn rán yì xīn
P	焚林竭泽	fén lín jié zé
P	焚枯食淡	fén kū shí dàn
P	焚膏继晷	fén gāo jì guǐ
P	焚香扫地	fén xiāng sǎo dì
P	焚骨扬灰	fén gǔ yáng huī
P	焦唇干肺	jiāo chún gān fèi
P	焦唇干舌	jiāo chún gān shé
P	焦头烂额	jiāo tóu làn é
P	焦心劳思	jiāo xīn láo sī
P	焦心热中	jiāo xīn rè zhōng
P	焦思苦虑	jiāo sī kǔ lǜ
P	焦沙烂石	jiāo shā làn shí
P	焦熬投石	jiāo áo tóu shí
P	焦金流石	jiāo jīn liú shí
P	焦金烁石	jiāo jīn shuò shí
P	焮天铄地	xìn tiān shuò dì
P	然荻读书	rán dí dú shū
P	煞有介事	shà yǒu jiè shì
P	煞费心机	shà fèi xīn jī
P	煞费苦心	shà fèi kǔ xīn
P	照功行赏	zhào gōng xíng shǎng
P	照猫画虎	zhào māo huà hǔ
P	煨干就湿	wēi gān jiù shī
P	煨干避湿	wēi gān bì shī
P	煮粥焚须	zhǔ zhōu fén xū
P	煽风点火	shān fēng diǎn huǒ
P	熊据虎跱	xióng jù hǔ zhì
P	熊罴百万	xióng pí bǎi wàn
P	熊腰虎背	xióng yāo hǔ bèi
P	熏天赫地	xūn tiān hè dì
P	熏莸同器	xūn yóu tóng qì
P	熏陶成性	xūn táo chéng xìng
P	熏风解愠	xūn fēng jiě yùn
P	熟思审处	shú sī shěn chǔ
P	熟能生巧	shú néng shēng qiǎo
P	熟读深思	shú dú shēn sī
P	熟路轻车	shú lù qīng chē
P	熬姜呷醋	áo jiāng xiā cù
P	熬心费力	áo xīn fèi lì
P	熬更守夜	áo gēng shǒu yè
P	熬枯受淡	áo kū shòu dàn
P	熬油费火	áo yóu fèi huǒ
P	熬清受淡	áo qīng shòu dàn
P	熬清守淡	áo qīng shǒu dàn
P	熬清守谈	áo qīng shǒu tán
P	熬肠刮肚	áo cháng guā dù
P	熯天炽地	hàn tiān chì dì
P	燃烧炸弹	rán shāo zhà dàn
P	燋头烂额	jiāo tóu làn é
P	燋金烁石	jiāo jīn shuò shí
P	燎原烈火	liáo yuán liè huǒ
P	燎发摧枯	liǎo fà cuī kū
P	燎如观火	liǎo rú guān huǒ
P	燎若观火	liáo ruò guān huǒ
P	燕侣莺俦	yàn lǚ yīng chóu
P	燕俦莺侣	yàn chóu yīng lǚ
P	燕处危巢	yàn chǔ wēi cháo
P	燕处焚巢	yàn chǔ fén cháo
P	燕妒莺惭	yàn dù yīng cán
P	燕子衔食	yàn zǐ xián shí
P	燕安酖毒	yàn ān dān dú
P	燕安鸩毒	yàn ān zhèn dú
P	燕尔新婚	yàn ěr xīn hūn
P	燕岱之石	yān dài zhī shí
P	燕巢于幕	yàn cháo yú mù
P	燕巢卫幕	yàn cháo wèi mù
P	燕巢危幕	yàn cháo wēi mù
P	燕巢幕上	yàn cháo mù shàng
P	燕巢幙上	yàn cháo mù shàng
P	燕巢飞幕	yàn cháo fēi mù
P	燕市悲歌	yān shì bēi gē
P	燕幕自安	yàn mù zì ān
P	燕昭好马	yān zhāo hǎo mǎ
P	燕昭市骏	yān zhāo shì jùn
P	燕歌赵舞	yān gē zhào wǔ
P	燕燕于归	yàn yàn yú guī
P	燕燕莺莺	yàn yàn yīng yīng
P	燕瘦环肥	yàn shòu huán féi
P	燕石妄珍	yān shí wàng zhēn
P	燕约莺期	yàn yuē yīng qī
P	燕翼贻谋	yàn yì yí móu
P	燕舞莺啼	yàn wǔ yīng tí
P	燕舞莺歌	yàn wǔ yīng gē
P	燕语莺啼	yàn yǔ yīng tí
P	燕语莺声	yàn yǔ yīng shēng
P	燕跃鹄踊	yàn yuè hú yǒng
P	燕金募秀	yān jīn mù xiù
P	燕雀之居	yàn què zhī jū
P	燕雀之见	yàn què zhī jiàn
P	燕雀处堂	yàn què chǔ táng
P	燕雀处屋	yàn què chǔ wū
P	燕雀相贺	yàn què xiāng hè
P	燕雁代飞	yàn yàn dài fēi
P	燕颔书生	yàn hàn shū shēng
P	燕颔儒生	yàn hàn rú shēng
P	燕颔虎头	yàn hàn hǔ tóu
P	燕颔虎须	yàn hàn hǔ xū
P	燕颔虎颈	yàn hàn hǔ jǐng
P	燕颔虬须	yàn hàn qiú xū
P	燕额虎头	yàn é hǔ tóu
P	燕驾越毂	yān jià yuè gū
P	燕骏千金	yān jùn qiān jīn
P	爆破炸弹	bào pò zhà dàn
P	爆跳如雷	bào tiào rú léi
P	爬梳洗剔	pá shū xǐ tī
P	爬行动物	pá xíng dòng wù
P	爱不忍释	ài bù rěn shì
P	爱不释手	ài bù shì shǒu
P	爱丽舍宫	ài lì shè gōng
P	爱人好士	ài rén hào shì
P	爱别离苦	ài bié lí kǔ
P	爱国如家	ài guó rú jiā
P	爱憎分明	ài zēng fēn míng
P	爱才若渴	ài cái ruò kě
P	爱生恶死	ài shēng wù sǐ
P	爱礼存羊	ài lǐ cún yáng
P	爱答不理	ài dá bù lǐ
P	爱素好古	ài sù hào gǔ
P	爱莫之助	ài mò zhī zhù
P	爱莫能助	ài mò néng zhù
P	爵士音乐	jué shì yīn yuè
P	父严子孝	fù yán zǐ xiào
P	父为子隐	fù wéi zǐ yǐn
P	父债子还	fù zhài zǐ huán
P	父慈子孝	fù cí zǐ xiào
P	父析子荷	fù xī zǐ hé
P	父母之邦	fù mǔ zhī bāng
P	父母恩勤	fù mǔ ēn qín
P	爽心豁目	shuǎng xīn huō mù
P	爽然若失	shuǎng rán ruò shī
P	片云遮顶	piàn yún zhē dǐng
P	片光零羽	piàn guāng líng yǔ
P	片接寸附	piàn jiē cùn fù
P	片文只事	piàn wén zhī shì
P	片瓦不留	piàn wǎ bù liú
P	片瓦无存	piàn wǎ wú cún
P	片甲不回	piàn jiǎ bù huí
P	片甲不存	piàn jiǎ bù cún
P	片甲不留	piàn jiǎ bù liú
P	片甲不还	piàn jiǎ bù huán
P	片甲无存	piàn jiǎ wú cún
P	片纸只字	piàn zhǐ zhī zì
P	片言一字	piàn yán yī zì
P	片言只字	piàn yán zhī zì
P	片言只语	piàn yán zhī yǔ
P	片言折狱	piàn yán zhé yù
P	片词只句	piàn cí zhī jù
P	片语只辞	piàn yǔ zhǐ cí
P	片长末技	piàn cháng mò jì
P	片长薄技	piàn cháng bó jì
P	片鳞半爪	piàn lín bàn zhǎo
P	片鳞只甲	piàn lín zhī jiǎ
P	片鳞残甲	piàn lín cán jiǎ
P	片鳞碎甲	piàn lín suì jiǎ
P	版筑饭牛	bǎn zhù fàn niú
P	牖中窥日	yǒu zhōng kuī rì
P	牙牙学语	yá yá xué yǔ
P	牙签万轴	yá qiān wàn zhóu
P	牙签犀轴	yá qiān xī zhóu
P	牙签玉轴	yá qiān yù zhóu
P	牙签锦轴	yá qiān jǐn zhóu
P	牛听弹琴	niú tīng tán qín
P	牛头马面	niú tóu mǎ miàn
P	牛星织女	niú xīng zhī nǚ
P	牛毛细雨	niú máo xì yǔ
P	牛溲马勃	niú sōu mǎ bó
P	牛羊勿践	niú yáng wù jiàn
P	牛角之歌	niú jiǎo zhī gē
P	牛角书生	niú jiǎo shū shēng
P	牛角挂书	niú jiǎo guà shū
P	牛蹄中鱼	niú tí zhōng yú
P	牛郎织女	niú láng zhī nǚ
P	牛骥共牢	niú jì gòng láo
P	牛骥同槽	niú jì tóng cáo
P	牛骥同皁	niú jì tóng zào
P	牛骥同皂	niú jì tóng zào
P	牛高马大	niú gāo mǎ dà
P	牛鬼蛇神	niú guǐ shé shén
P	牢不可破	láo bù kě pò
P	牢什古子	láo shí gǔ zi
P	牢骚满腹	láo sāo mǎn fù
P	牧猪奴戏	mù zhū nú xì
P	物以群分	wù yǐ qún fēn
P	物伤其类	wù shāng qí lèi
P	物华天宝	wù huá tiān bǎo
P	物在人亡	wù zài rén wáng
P	物尽其用	wù jìn qí yòng
P	物极将返	wù jí jiāng fǎn
P	物殷俗阜	wù yīn sú fù
P	物理化学	wù lǐ huà xué
P	物理变化	wù lǐ biàn huà
P	物稀为贵	wù xī wéi guì
P	物竞天择	wù jìng tiān zé
P	物美价廉	wù měi jià lián
P	牵合傅会	qiān hé fù huì
P	牵合附会	qiān hé fù huì
P	牵引附会	qiān yǐn fù huì
P	牵强附会	qiān qiǎng fù huì
P	牵强附合	qiān qiǎng fù hé
P	牵牛织女	qiān niú zhī nǚ
P	牵线搭桥	qiān xiàn dā qiáo
P	牵羊担酒	qiān yáng dān jiǔ
P	牵肠割肚	qiān cháng gē dù
P	牵肠挂肚	qiān cháng guà dù
P	牵萝莫补	qiān luó mò bǔ
P	牵衣肘见	qiān yī zhǒu jiàn
P	牵鬼上剑	qiān guǐ shàng jiàn
P	特别快车	tè bié kuài chē
P	特型演员	tè xíng yǎn yuán
P	特异功能	tè yì gōng néng
P	特殊教育	tè shū jiào yù
P	特种工艺	tè zhǒng gōng yì
P	特种邮票	tè zhǒng yóu piào
P	特立独行	tè lì dú xíng
P	特遣部队	tè qiǎn bù duì
P	犀角烛怪	xī jiǎo zhú guài
P	犀顶龟文	xī dǐng guī wén
P	犁庭扫穴	lí tíng sǎo xué
P	犁庭扫闾	lí tíng sǎo lǘ
P	犁牛骍角	lí niú xīng jiǎo
P	犁生骍角	lí shēng xīng jiǎo
P	犊牧采薪	dú mù cǎi xīn
P	犬兔俱毙	quǎn tù jù bì
P	犬牙盘石	quǎn yá pán shí
P	犬牙相制	quǎn yá xiāng zhì
P	犬牙相错	quǎn yá xiāng cuò
P	犬牙鹰爪	quǎn yá yīng zhǎo
P	犯上作乱	fàn shàng zuò luàn
P	犯而不校	fàn ér bù jiào
P	犯而勿校	fàn ér wù xiào
P	犹解倒悬	yóu jiě dào xuán
P	犹豫不决	yóu yù bù jué
P	狂吠狴犴	kuáng fèi bì àn
P	狂妄自大	kuáng wàng zì dà
P	狂嫖滥赌	kuáng piáo làn dǔ
P	狂轰滥炸	kuáng hōng làn zhà
P	狂风怒号	kuáng fēng nù háo
P	狂风恶浪	kuáng fēng è làng
P	狂风暴雨	kuáng fēng bào yǔ
P	狂风骤雨	kuáng fēng zhòu yǔ
P	狐不二雄	hú bù èr xióng
P	狐假虎威	hú jiǎ hǔ wēi
P	狐假鸱张	hú jiǎ chī zhāng
P	狐唱枭和	hú chàng xiāo hé
P	狐埋狐扬	hú mái hú yáng
P	狐埋狐搰	hú mái hú hú
P	狐奔鼠窜	hú bēn shǔ cuàn
P	狐狸尾巴	hú lí wěi bā
P	狐疑不决	hú yí bù jué
P	狐藉虎威	hú jiè hǔ wēi
P	狐裘尨茸	hú qiú méng róng
P	狐裘蒙戎	hú qiú méng róng
P	狐裘蒙茸	hú qiú méng róng
P	狐鸣篝中	hú míng gōu zhōng
P	狗吠不惊	gǒu fèi bù jīng
P	狗头军师	gǒu tóu jūn shī
P	狗头鼠脑	gǒu tóu shǔ nǎo
P	狗尾续貂	gǒu wěi xù diāo
P	狗尾貂续	gǒu wěi diāo xù
P	狗屁不通	gǒu pì bù tōng
P	狗彘不如	gǒu zhì bù rú
P	狗彘不若	gǒu zhì bù ruò
P	狗彘不食	gǒu zhì bù shí
P	狗心狗行	gǒu xīn gǒu xíng
P	狗急跳墙	gǒu jí tiào qiáng
P	狗恶酒酸	gǒu è jiǔ suān
P	狗皮膏药	gǒu pí gāo yào
P	狗眼看人	gǒu yǎn kàn rén
P	狗续侯冠	gǒu xù hòu guàn
P	狗续貂尾	gǒu xù diāo wěi
P	狗血喷头	gǒu xuè pēn tóu
P	狗血淋头	gǒu xuè lín tóu
P	狗行狼心	gǒu xíng láng xīn
P	狗追耗子	gǒu zhuī hào zǐ
P	狡焉思启	jiǎo yān sī qǐ
P	狡焉思肆	jiǎo yān sī sì
P	狡焉思逞	jiǎo yān sī chěng
P	狧穅及米	shì kāng jí mǐ
P	独具只眼	dú jù zhī yǎn
P	独出己见	dú chū jǐ jiàn
P	独到之处	dú dào zhī chù
P	独占鳌头	dú zhàn áo tóu
P	独善其身	dú shàn qí shēn
P	独善吾身	dú shàn wú shēn
P	独夫民贼	dú fū mín zéi
P	独当一面	dú dāng yī miàn
P	独得之见	dú dé zhī jiàn
P	独揽大权	dú lǎn dà quán
P	独断专行	dú duàn zhuān xíng
P	独断独行	dú duàn dú xíng
P	独有千古	dú yǒu qiān gǔ
P	独有千秋	dú yǒu qiān qiū
P	独木不林	dú mù bù lín
P	独木难支	dú mù nán zhī
P	独步当世	dú bù dāng shì
P	独步当时	dú bù dāng shí
P	独清独醒	dú qīng dú xǐng
P	独立王国	dú lì wáng guó
P	独行其是	dú xíng qí shì
P	独行其道	dú xíng qí dào
P	独行独断	dú xíng dú duàn
P	独行踽踽	dú xíng jǔ jǔ
P	独辟蹊径	dú pì xī jìng
P	狭路相逢	xiá lù xiāng féng
P	狼号鬼哭	láng háo guǐ kū
P	狼吃幞头	láng chī fú tóu
P	狼吞虎咽	láng tūn hǔ yàn
P	狼多肉少	láng duō ròu shǎo
P	狼奔兔脱	láng bēn tù tuō
P	狼奔豕突	láng bēn shǐ tū
P	狼奔鼠偷	láng bēn shǔ tōu
P	狼奔鼠窜	láng bēn shǔ cuàn
P	狼心狗行	láng xīn gǒu xíng
P	狼烟大话	láng yān dà huà
P	狼狈万状	láng bèi wàn zhuàng
P	狼狈不堪	láng bèi bù kān
P	狼狈为奸	láng bèi wéi jiān
P	狼猛蜂毒	láng měng fēng dú
P	狼羊同饲	láng yáng tóng sì
P	狼艰狈蹶	láng jiān bèi juě
P	狼顾狐疑	láng gù hú yí
P	狼飡虎咽	láng cān hǔ yān
P	狼飡虎食	láng cān hǔ shí
P	狼飧虎咽	láng sūn hǔ yàn
P	狼餐虎咽	láng cān hǔ yàn
P	猜拳行令	cāi quán xíng lìng
P	猜枚行令	cāi méi xíng lìng
P	猜闷葫芦	cāi mèn hú lú
P	猝不及防	cù bù jí fáng
P	猫哭老鼠	māo kū lǎo shǔ
P	猫哭耗子	māo kū hào zi
P	猫噬鹦鹉	māo shì yīng wǔ
P	猫鼠同乳	māo shǔ tóng rǔ
P	猫鼠同处	māo shǔ tóng chǔ
P	猫鼠同眠	māo shǔ tóng mián
P	献可替否	xiàn kě tì fǒu
P	献曝之忱	xiàn pù zhī chén
P	献替可否	xiàn tì kě fǒu
P	猴头猴脑	hóu tóu hóu nǎo
P	猿穴坏山	yuán xué huài shān
P	猿鹤沙虫	yuán hè shā chóng
P	猿鹤虫沙	yuán hè chóng shā
P	獐头鼠目	zhāng tóu shǔ mù
P	獐麇马鹿	zhāng jūn mǎ lù
P	玄妙莫测	xuán miào mò cè
P	玄辞冷语	xuán cí lěng yǔ
P	率以为常	shuài yǐ wéi cháng
P	率兽食人	shuài shòu shí rén
P	率土同庆	shuài tǔ tóng qìng
P	率土宅心	shuài tǔ zhái xīn
P	率土归心	shuài tǔ guī xīn
P	率尔成章	shuài ěr chéng zhāng
P	率尔操觚	shuài ěr cāo gū
P	率由旧则	shuài yóu jiù zé
P	率由旧章	shuài yóu jiù zhāng
P	率马以骥	shuài mǎ yǐ jì
P	玉卮无当	yù zhī wú dàng
P	玉叶金枝	yù yè jīn zhī
P	玉尺量才	yù chǐ liáng cái
P	玉成其事	yù chéng qí shì
P	玉成其美	yù chéng qí měi
P	玉树临风	yù shù lín fēng
P	玉树琼枝	yù shù qióng zhī
P	玉楼赴召	yù lóu fù zhào
P	玉毁椟中	yù huǐ dú zhōng
P	玉液琼浆	yù yè qióng jiāng
P	玉液金浆	yù yè jīn jiāng
P	玉燕投怀	yù yàn tóu huái
P	玉皇大帝	yù huáng dà dì
P	玉石不分	yù shí bù fēn
P	玉石俱摧	yù shí jù cuī
P	玉石俱焚	yù shí jù fén
P	玉石俱碎	yù shí jù suì
P	玉石同沉	yù shí tóng chén
P	玉石同碎	yù shí tóng suì
P	玉石杂糅	yù shí zá róu
P	玉石混淆	yù shí hùn xiáo
P	玉石皆碎	yù shí jiē suì
P	玉石相揉	yù shí xiāng róu
P	玉砌雕阑	yù qì diāo lán
P	玉米花儿	yù mǐ huā er
P	玉质金相	yù zhì jīn xiàng
P	玉食锦衣	yù shí jǐn yī
P	玉骨冰肌	yù gǔ bīng jī
P	王不留行	wáng bù liú xíng
P	王佐之才	wáng zuǒ zhī cái
P	王侯将相	wáng hóu jiàng xiàng
P	王八羔子	wáng bā gāo zǐ
P	王公大人	wáng gōng dà rén
P	王公贵戚	wáng gōng guì qī
P	王后卢前	wáng hòu lú qián
P	王孙公子	wáng sūn gōng zǐ
P	王孙贵戚	wáng sūn guì qī
P	王母娘娘	wáng mǔ niáng niáng
P	王祥卧冰	wáng xiáng wò bīng
P	王贡弹冠	wáng gòng dàn guàn
P	玩世不恭	wán shì bù gōng
P	玩人丧德	wán rén sàng dé
P	玩儿不转	wán ér bù zhuàn
P	玩岁愒日	wán suì kài rì
P	玩岁愒时	wán suì kài shí
P	玩岁愒月	wán suì kài yuè
P	玩日愒时	wán rì kài shí
P	玩时愒日	wán shí kài rì
P	玩物丧志	wán wù sàng zhì
P	环肥燕瘦	huán féi yàn shòu
P	现世现报	xiàn shì xiàn bào
P	现在为止	xiàn zài wéi zhǐ
P	现身说法	xiàn shēn shuō fǎ
P	现钟不打	xiàn zhōng bù dǎ
P	现钟弗打	xiàn zhōng fú dǎ
P	玻璃纤维	bō lí xiān wéi
P	珍禽奇兽	zhēn qín qí shòu
P	珠宫贝阙	zhū gōng bèi què
P	珠槃玉敦	zhū pán yù dūn
P	珠流璧转	zhū liú bì zhuǎn
P	珠玉在侧	zhū yù zài cè
P	珠盘玉敦	zhū pán yù dūn
P	珠箔银屏	zhū bó yín píng
P	珠联璧合	zhū lián bì hé
P	珠还合浦	zhū huán hé pǔ
P	珠连璧合	zhū lián bì hé
P	珠零玉落	zhū líng yù luò
P	班功行赏	bān gōng xíng shǎng
P	班师回朝	bān shī huí cháo
P	班师得胜	bān shī dé shèng
P	班班可考	bān bān kě kǎo
P	班衣戏采	bān yī xì cǎi
P	班门弄斧	bān mén nòng fǔ
P	琅嬛福地	láng huán fú dì
P	琅琅上口	láng láng shàng kǒu
P	理不忘乱	lǐ bù wàng luàn
P	理不胜辞	lǐ bù shèng cí
P	理之当然	lǐ zhī dāng rán
P	理所不容	lǐ suǒ bù róng
P	理所应当	lǐ suǒ yīng dāng
P	理所当然	lǐ suǒ dāng rán
P	理正词直	lǐ zhèng cí zhí
P	琐尾流离	suǒ wěi liú lí
P	琴挑文君	qín tiāo wén jūn
P	琴断朱弦	qín duàn zhū xián
P	琴瑟不调	qín sè bù tiáo
P	琴瑟之好	qín sè zhī hǎo
P	琴瑟和好	qín sè hé hǎo
P	琴瑟失调	qín sè shī tiáo
P	琴瑟调和	qín sè tiáo hé
P	琵琶别弄	pí pá bié nòng
P	琵琶别抱	pí pá bié bào
P	琵琶旧语	pí pá jiù yǔ
P	琵琶胡语	pí pá hú yǔ
P	琼堆玉砌	qióng duī yù qì
P	琼枝玉叶	qióng zhī yù yè
P	琼枝玉树	qióng zhī yù shù
P	琼楼金阙	qióng lóu jīn què
P	琼浆玉液	qióng jiāng yù yè
P	琼浆金液	qióng jiāng jīn yè
P	瑕不掩瑜	xiá bù yǎn yú
P	瑕不揜瑜	xiá bù yǎn yú
P	瑕瑜互见	xiá yú hù jiàn
P	瑜不掩瑕	yú bù yǎn xiá
P	瑜不揜瑕	yú bù yǎn xiá
P	瑟弄琴调	sè nòng qín tiáo
P	瑟调琴弄	sè tiáo qín nòng
P	瑰意奇行	guī yì qí xíng
P	瑰意琦行	guī yì qí xíng
P	瑶台琼室	yáo tái qióng shì
P	瑶台银阙	yáo tái yín què
P	瑶池女使	yáo chí nǚ shǐ
P	瑶草奇花	yáo cǎo qí huā
P	璇霄丹台	xuán xiāo dān tái
P	璇霄丹阙	xuán xiāo dān què
P	璧合珠联	bì hé zhū lián
P	璧合珠连	bì hé zhū lián
P	瓜分豆剖	guā fēn dòu pōu
P	瓜分鼎峙	guā fēn dǐng zhì
P	瓜剖豆分	guā pōu dòu fēn
P	瓜区豆分	guā qū dòu fēn
P	瓜子仁儿	guā zi rén er
P	瓜子儿脸	guā zi er liǎn
P	瓜字初分	guā zì chū fēn
P	瓜熟蒂落	guā shú dì luò
P	瓜葛相连	guā gé xiāng lián
P	瓜连蔓引	guā lián màn yǐn
P	瓢泼大雨	piáo pō dà yǔ
P	瓦合之卒	wǎ hé zhī zú
P	瓦器蚌盘	wǎ qì bàng pán
P	瓦查尿溺	wǎ chá niào nì
P	瓦玉集糅	wǎ yù jí róu
P	瓦解冰泮	wǎ jiě bīng pàn
P	瓦解冰消	wǎ jiě bīng xiāo
P	瓦解冰销	wǎ jiě bīng xiāo
P	瓦解土崩	wǎ jiě tǔ bēng
P	瓦解星散	wǎ jiě xīng sàn
P	瓦釜雷鸣	wǎ fǔ léi míng
P	瓮中之鳖	wèng zhōng zhī biē
P	瓮中捉鳖	wèng zhōng zhuō biē
P	瓮天之见	wèng tiān zhī jiàn
P	瓮尽杯干	wèng jìn bēi gān
P	瓶坠簪折	píng zhuì zān zhé
P	瓶沉簪折	píng chén zān zhé
P	瓶瓶罐罐	píng píng guàn guàn
P	甄奇录异	zhēn qí lù yì
P	甘之若素	gān zhī ruò sù
P	甘冒虎口	gān mào hǔ kǒu
P	甘分随时	gān fèn suí shí
P	甘处下流	gān chǔ xià liú
P	甘拜下风	gān bài xià fēng
P	甘油炸药	gān yóu zhà yào
P	甘苦与共	gān kǔ yǔ gòng
P	甘言美语	gān yán měi yǔ
P	甘败下风	gān bài xià fēng
P	甘贫乐道	gān pín lè dào
P	甘贫守分	gān pín shǒu fēn
P	甘雨随车	gān yǔ suí chē
P	甚嚣尘上	shèn xiāo chén shàng
P	甚而至于	shèn ér zhì yú
P	甜言媚语	tián yán mèi yǔ
P	甜言美语	tián yán měi yǔ
P	甜言蜜语	tián yán mì yǔ
P	甜言软语	tián yán ruǎn yǔ
P	生不逢时	shēng bù féng shí
P	生不逢辰	shēng bù féng chén
P	生不遇时	shēng bù yù shí
P	生产关系	shēng chǎn guān xì
P	生产能力	shēng chǎn néng lì
P	生产过剩	shēng chǎn guò shèng
P	生众食寡	shēng zhòng shí guǎ
P	生公说法	shēng gōng shuō fǎ
P	生发未燥	shēng fà wèi zào
P	生吞活剥	shēng tūn huó bō
P	生态农业	shēng tài nóng yè
P	生态工程	shēng tài gōng chéng
P	生态科学	shēng tài kē xué
P	生态系统	shēng tài xì tǒng
P	生拉硬扯	shēng lā yìng chě
P	生拉硬拽	shēng lā yìng zhuài
P	生拖死拽	shēng tuō sǐ zhuài
P	生机勃勃	shēng jī bó bó
P	生杀予夺	shēng shā yǔ duó
P	生死不渝	shēng sǐ bù yú
P	生死与共	shēng sǐ yǔ gòng
P	生死予夺	shēng sǐ yǔ duó
P	生死关头	shēng sǐ guān tóu
P	生死存亡	shēng sǐ cún wáng
P	生死有命	shēng sǐ yǒu mìng
P	生死未卜	shēng sǐ wèi bǔ
P	生死相依	shēng sǐ xiāng yī
P	生死肉骨	shēng sǐ ròu gǔ
P	生气勃勃	shēng qì bó bó
P	生灵涂地	shēng líng tú dì
P	生物化学	shēng wù huà xué
P	生生不已	shēng shēng bù yǐ
P	生生不息	shēng shēng bù xī
P	生离死别	shēng lí sǐ bié
P	生编硬造	shēng biān yìng zào
P	生而知之	shēng ér zhī zhī
P	生聚教训	shēng jù jiào xùn
P	生荣死衰	shēng róng sǐ shuāi
P	生财有道	shēng cái yǒu dào
P	生长激素	shēng zhǎng jī sù
P	生齿日繁	shēng chǐ rì fán
P	用一当十	yòng yī dāng shí
P	用之不竭	yòng zhī bù jié
P	用人不当	yòng rén bú dàng
P	用其所长	yòng qí suǒ cháng
P	用力一搡	yòng lì yì sǎng
P	用天因地	yòng tiān yīn dì
P	用尽心机	yòng jìn xīn jī
P	用智铺谋	yòng zhì pù móu
P	用武之地	yòng wǔ zhī dì
P	用水和面	yòng shuǐ huò miàn
P	用舍行藏	yòng shě xíng cáng
P	用行舍藏	yòng xíng shě cáng
P	用词不当	yòng cí bú dàng
P	用词切当	yòng cí qiè dàng
P	用逸待劳	yòng yì dài láo
P	用非其人	yòng fēi qí rén
P	甩手掌柜	shuǎi shǒu zhǎng guì
P	田夫野老	tián fū yě lǎo
P	田父之功	tián fǔ zhī gōng
P	田父献曝	tián fǔ xiàn pù
P	田间管理	tián jiān guǎn lǐ
P	由博返约	yóu bó fǎn yuē
P	由浅入深	yóu qiǎn rù shēn
P	由近及远	yóu jìn jí yuǎn
P	甲冠天下	jiǎ guàn tiān xià
P	申冤吐气	shēn yuān tǔ qì
P	电光朝露	diàn guāng zhāo lù
P	电光石火	diàn guāng shí huǒ
P	电力机车	diàn lì jī chē
P	电力系统	diàn lì xì tǒng
P	电化教学	diàn huà jiào xué
P	电化教育	diàn huà jiào yù
P	电声乐队	diàn shēng yuè duì
P	电子乐器	diàn zǐ yuè qì
P	电子图书	diàn zǐ tú shū
P	电子垃圾	diàn zǐ lā jī
P	电子干扰	diàn zǐ gān rǎo
P	电子汇款	diàn zǐ huì kuǎn
P	电子游戏	diàn zǐ yóu xì
P	电子玩具	diàn zǐ wán jù
P	电子词典	diàn zǐ cí diǎn
P	电子音乐	diàn zǐ yīn yuè
P	电报挂号	diàn bào guà hào
P	电掣风驰	diàn chè fēng chí
P	电流强度	diàn liú qiáng dù
P	电流星散	diàn liú xīng sàn
P	电照风行	diàn zhào fēng xíng
P	电磁感应	diàn cí gǎn yìng
P	电磁污染	diàn cí wū rǎn
P	电脑病毒	diàn nǎo bìng dú
P	电视会议	diàn shì huì yì
P	电视大学	diàn shì dà xué
P	电视广播	diàn shì guǎng bō
P	电视频道	diàn shì pín dào
P	电话会议	diàn huà huì yì
P	电话号码	diàn huà hào mǎ
P	男唱女随	nán chàng nǚ suí
P	男大当娶	nán dà dāng qǔ
P	男大当婚	nán dà dāng hūn
P	男大须婚	nán dà xū hūn
P	男女平等	nán nǚ píng děng
P	男女有别	nán nǚ yǒu bié
P	男女老小	nán nǚ lǎo xiǎo
P	男女老少	nán nǚ lǎo shào
P	男女老幼	nán nǚ lǎo yòu
P	男婚女嫁	nán hūn nǚ jià
P	男婚女聘	nán hūn nǚ pìn
P	男室女家	nán shì nǚ jiā
P	男尊女卑	nán zūn nǚ bēi
P	男才女貌	nán cái nǚ mào
P	男欢女爱	nán huān nǚ ài
P	男男女女	nán nán nǚ nǚ
P	男盗女娼	nán dào nǚ chāng
P	男耕女织	nán gēng nǚ zhī
P	画中有诗	huà zhōng yǒu shī
P	画土分疆	huà tǔ fēn jiāng
P	画地为牢	huà dì wéi láo
P	画地为狱	huà dì wéi yù
P	画地作狱	huà dì zuò yù
P	画地刻木	huà dì kè mù
P	画地成图	huà dì chéng tú
P	画地成牢	huà dì chéng láo
P	画地而趋	huà dì ér qū
P	画沙印泥	huà shā yìn ní
P	画沙聚米	huà shā jù mǐ
P	画疆墨守	huà jiāng mò shǒu
P	画荻和丸	huà dí huò wán
P	画荻教子	huà dí jiào zǐ
P	画虎不成	huà hǔ bù chéng
P	画蛇添足	huà shé tiān zú
P	画蛇著足	huà shé zhuó zú
P	画野分疆	huà yě fēn jiāng
P	畅所欲为	chàng suǒ yù wéi
P	畅行无碍	chàng xíng wú ài
P	畅行无阻	chàng xíng wú zǔ
P	畏影恶迹	wèi yǐng è jì
P	畏缩不前	wèi suō bù qián
P	畏葸不前	wèi xǐ bù qián
P	畏首畏尾	wèi shǒu wèi wěi
P	留恋不舍	liú liàn bù shě
P	留有余地	liú yǒu yú dì
P	留连不舍	liú lián bù shě
P	畜妻养子	xù qī yǎng zǐ
P	略无忌惮	lüè wú jì dàn
P	略知一二	lüè zhī yī èr
P	略知皮毛	lüè zhī pí máo
P	略见一斑	lüè jiàn yī bān
P	略识之无	lüè shí zhī wú
P	略迹论心	lüè jì lùn xīn
P	番来覆去	fān lái fù qù
P	番窠倒臼	fān kē dǎo jiù
P	畸轻畸重	jī qīng jī zhòng
P	畸重畸轻	jī zhòng jī qīng
P	疏不间亲	shū bù jiàn qīn
P	疏忽大意	shū hū dà yì
P	疏而不漏	shū ér bù lòu
P	疏财重义	shū cái zhòng yì
P	疑事无功	yí shì wú gōng
P	疑似之间	yí sì zhī jiān
P	疑信参半	yí xìn cān bàn
P	疑团满腹	yí tuán mǎn fù
P	疑团莫释	yí tuán mò shì
P	疑神疑鬼	yí shén yí guǐ
P	疑神见鬼	yí shén jiàn guǐ
P	疑行无成	yí xíng wú chéng
P	疑误天下	yí wù tiān xià
P	疑难杂症	yí nán zá zhèng
P	疑鬼疑神	yí guǐ yí shén
P	疙疙瘩瘩	gē gē dā dá
P	疙里疙瘩	gē lǐ gē da
P	疲于奔命	pí yú bēn mìng
P	疲惫不堪	pí bèi bù kān
P	疲疲沓沓	pí pí tà tà
P	疾不可为	jí bù kě wéi
P	疾如旋踵	jí rú xuán zhǒng
P	疾恶如仇	jí è rú chóu
P	疾恶如雠	jí è rú chóu
P	疾恶如风	jí è rú fēng
P	疾恶若雠	jí è ruò chóu
P	疾病相扶	jí bìng xiāng fú
P	疾走先得	jí zǒu xiān dé
P	疾足先得	jí zú xiān dé
P	疾雨暴风	jí yǔ bào fēng
P	疾风劲草	jí fēng jìng cǎo
P	疾风暴雨	jí fēng bào yǔ
P	疾风甚雨	jí fēng shèn yǔ
P	疾风迅雷	jí fēng xùn léi
P	疾风骤雨	jí fēng zhòu yǔ
P	病从口入	bìng cóng kǒu rù
P	病入膏肓	bìng rù gāo huāng
P	病入骨隨	bìng rù gǔ suí
P	病入骨髓	bìng rù gǔ suǐ
P	病在膏肓	bìng zài gāo huāng
P	病染膏肓	bìng rǎn gāo huāng
P	病骨支离	bìng gǔ zhī lí
P	症瘕积聚	zhēng jiǎ jī jù
P	痌瘝在抱	tōng guān zài bào
P	痛不欲生	tòng bù yù shēng
P	痛入骨髓	tòng rù gǔ suǐ
P	痛剿穷迫	tòng jiǎo qióng pò
P	痛定思痛	tòng dìng sī tòng
P	痛心入骨	tòng xīn rù gǔ
P	痛心切骨	tòng xīn qiè gǔ
P	痛快淋漓	tòng kuài lín lí
P	痛深恶绝	tòng shēn wù jué
P	痛湔宿垢	tòng jiān sù gòu
P	痛痒相关	tòng yǎng xiāng guān
P	痛自创艾	tòng zì chuāng yì
P	痴人说梦	chī rén shuō mèng
P	痴儿呆女	chī ér dāi nǚ
P	痴男怨女	chī nán yuàn nǚ
P	瘗玉埋香	yì yù mái xiāng
P	瘦羊博士	shòu yáng bó shì
P	瘦骨如柴	shòu gǔ rú chái
P	瘦骨嶙峋	shòu gǔ lín xún
P	瘦骨嶙嶙	shòu gǔ lín lín
P	瘦骨梭棱	shòu gǔ suō léng
P	瘦高挑儿	shòu gāo tiǎo ér
P	瘴乡恶土	zhàng xiāng è tǔ
P	瘴雨蛮烟	zhàng yǔ mán yān
P	登台拜将	dēng tái bài jiàng
P	登坛拜将	dēng tán bài jiàng
P	登山越岭	dēng shān yuè lǐng
P	登山陟岭	dēng shān zhì lǐng
P	登木求鱼	dēng mù qiú yú
P	登高望远	dēng gāo wàng yuǎn
P	白丁俗客	bái dīng sú kè
P	白不呲咧	bái bù cī liě
P	白云亲舍	bái yún qīn shè
P	白华之怨	bái huá zhī yuàn
P	白发丹心	bái fà dān xīn
P	白发千丈	bái fà qiān zhàng
P	白发朱颜	bái fà zhū yán
P	白发红颜	bái fà hóng yán
P	白发苍苍	bái fà cāng cāng
P	白发苍颜	bái fà cāng yán
P	白发青衫	bái fà qīng shān
P	白天见鬼	bái tiān jiàn guǐ
P	白头不终	bái tóu bù zhōng
P	白头之叹	bái tóu zhī tàn
P	白头偕老	bái tóu xié lǎo
P	白头到老	bái tóu dào lǎo
P	白头如新	bái tóu rú xīn
P	白头相守	bái tóu xiāng shǒu
P	白头相并	bái tóu xiāng bìng
P	白头而新	bái tóu ér xīn
P	白手成家	bái shǒu chéng jiā
P	白手空拳	bái shǒu kōng quán
P	白手起家	bái shǒu qǐ jiā
P	白旄黄钺	bái máo huáng yuè
P	白日上升	bái rì shàng shēng
P	白日见鬼	bái rì jiàn guǐ
P	白白朱朱	bái bái zhū zhū
P	白眼儿狼	bái yǎn er láng
P	白眼相看	bái yǎn xiāng kàn
P	白色垃圾	bái sè lā jī
P	白色污染	bái sè wū rǎn
P	白藋同心	bái diào tóng xīn
P	白衣卿相	bái yī qīng xiàng
P	白衣宰相	bái yī zǎi xiàng
P	白袷蓝衫	bái jiá lán shān
P	白雪难和	bái xuě nán hé
P	白面书郎	bái miàn shū láng
P	白面儒冠	bái miàn rú guān
P	白首一节	bái shǒu yī jié
P	白首不渝	bái shǒu bù yú
P	白首为郎	bái shǒu wéi láng
P	白首北面	bái shǒu běi miàn
P	白首同归	bái shǒu tóng guī
P	白首相庄	bái shǒu xiāng zhuāng
P	白首相知	bái shǒu xiāng zhī
P	白首空归	bái shǒu kōng guī
P	白首齐眉	bái shǒu qí méi
P	白马王子	bái mǎ wáng zǐ
P	白驹空谷	bái jū kōng gǔ
P	白驹过隙	bái jū guò xì
P	白骨再肉	bái gǔ zài ròu
P	白骨露野	bái gǔ lù yě
P	白黑不分	bái hēi bù fēn
P	白黑分明	bái hēi fēn míng
P	白黑颠倒	bái hēi diān dǎo
P	白龙鱼服	bái lóng yú fú
P	百万富翁	bǎi wàn fù wēng
P	百万雄兵	bǎi wàn xióng bīng
P	百万雄师	bǎi wàn xióng shī
P	百丈竿头	bǎi zhàng gān tóu
P	百下百着	bǎi xià bǎi zháo
P	百不一存	bǎi bù yī cún
P	百不一贷	bǎi bù yī dài
P	百不一遇	bǎi bù yī yù
P	百不失一	bǎi bù shī yī
P	百不当一	bǎi bù dāng yī
P	百不获一	bǎi bù huò yī
P	百世不易	bǎi shì bù yì
P	百世不磨	bǎi shì bù mó
P	百业萧条	bǎi yè xiāo tiáo
P	百中百发	bǎi zhòng bǎi fā
P	百了千当	bǎi liǎo qiān dāng
P	百事可乐	bǎi shì kě lè
P	百事大吉	bǎi shì dà jí
P	百代过客	bǎi dài guò kè
P	百依百从	bǎi yī bǎi cóng
P	百兽率舞	bǎi shòu shuài wǔ
P	百凡待举	bǎi fán dài jǔ
P	百分之百	bǎi fēn zhī bǎi
P	百发百中	bǎi fā bǎi zhòng
P	百口同声	bǎi kǒu tóng shēng
P	百口莫辩	bǎi kǒu mò biàn
P	百口难分	bǎi kǒu nán fēn
P	百品千条	bǎi pǐn qiān tiáo
P	百喙莫辩	bǎi huì mò biàn
P	百喙难辞	bǎi huì nán cí
P	百喙难辩	bǎi huì nán biàn
P	百堕俱举	bǎi huī jù jǔ
P	百孔千创	bǎi kǒng qiān chuāng
P	百宝万货	bǎi bǎo wàn huò
P	百家争鸣	bǎi jiā zhēng míng
P	百尺无枝	bǎi chǐ wú zhī
P	百尺竿头	bǎi chǐ gān tóu
P	百岁之好	bǎi suì zhī hǎo
P	百川朝海	bǎi chuān cháo hǎi
P	百年不遇	bǎi nián bù yù
P	百年之好	bǎi nián zhī hǎo
P	百年之约	bǎi nián zhī yuē
P	百年大业	bǎi nián dà yè
P	百年大计	bǎi nián dà jì
P	百年好事	bǎi nián hǎo shì
P	百年好合	bǎi nián hǎo hé
P	百年难遇	bǎi nián nán yù
P	百废俱兴	bǎi fèi jù xīng
P	百废具兴	bǎi fèi jù xīng
P	百废待举	bǎi fèi dài jǔ
P	百废待兴	bǎi fèi dài xīng
P	百思不解	bǎi sī bù jiě
P	百思莫解	bǎi sī mò jiě
P	百怪千奇	bǎi guài qiān qí
P	百战不殆	bǎi zhàn bù dài
P	百折不回	bǎi zhé bù huí
P	百折不屈	bǎi zhé bù qū
P	百折不挠	bǎi zhé bù náo
P	百折不移	bǎi zhé bù yí
P	百折千回	bǎi zhé qiān huí
P	百无一能	bǎi wú yī néng
P	百无是处	bǎi wú shì chù
P	百无禁忌	bǎi wú jìn jì
P	百炼成钢	bǎi liàn chéng gāng
P	百端待举	bǎi duān dài jǔ
P	百紫千红	bǎi zǐ qiān hóng
P	百纵千随	bǎi zòng qiān suí
P	百结悬鹑	bǎi jié xuán chún
P	百结愁肠	bǎi jié chóu cháng
P	百舍重茧	bǎi shè chóng jiǎn
P	百舍重趼	bǎi shè chóng jiǎn
P	百般刁难	bǎi bān diāo nàn
P	百般折磨	bǎi bān zhé mó
P	百花齐放	bǎi huā qí fàng
P	百虑攒心	bǎi lǜ zǎn xīn
P	百读不厌	bǎi dú bù yàn
P	百足不僵	bǎi zú bù jiāng
P	百身何赎	bǎi shēn hé shú
P	百身莫赎	bǎi shēn mò shú
P	百载树人	bǎi zǎi shù rén
P	百辞莫辩	bǎi cí mò biàn
P	百里挑一	bǎi lǐ tiāo yī
P	百鸟朝凤	bǎi niǎo cháo fèng
P	皂白不分	zào bái bù fēn
P	的一确二	dí yī què èr
P	皆大欢喜	jiē dà huān xǐ
P	皇亲国戚	huáng qīn guó qī
P	皎阳似火	jiǎo yáng shì huǒ
P	皓齿蛾眉	hào chǐ é méi
P	皖南事变	wǎn nán shì biàn
P	皮下注射	pí xià zhù shè
P	皮包骨头	pí bāo gú tou
P	皮相之见	pí xiàng zhī jiàn
P	皮相之谈	pí xiàng zhī tán
P	盈千累万	yíng qiān lěi wàn
P	盈篇累牍	yíng piān lěi dú
P	盎盂相击	àng yú xiāng jī
P	盎盂相敲	àng yú xiāng qiāo
P	盐梅相成	yán méi xiāng chéng
P	监临自盗	jiān lín zì dào
P	监主自盗	jiān zhǔ zì dào
P	监守自盗	jiān shǒu zì dào
P	监市履狶	jiān shì lǚ xī
P	盖不由己	gài bù yóu jǐ
P	盖世之才	gài shì zhī cái
P	盖世太保	gài shì tài bǎo
P	盖世无双	gài shì wú shuāng
P	盖世英雄	gài shì yīng xióng
P	盖头换面	gài tóu huàn miàn
P	盖棺事定	gài guān shì dìng
P	盖棺论定	gài guān lùn dìng
P	盗亦有道	dào yì yǒu dào
P	盗录行为	dào lù xíng wéi
P	盗食致饱	dào shí zhì bǎo
P	盘根究底	pán gēn jiū dǐ
P	盘根错节	pán gēn cuò jié
P	盘根问底	pán gēn wèn dǐ
P	盘游无度	pán yóu wú dù
P	盘石桑苞	pán shí sāng bāo
P	盛况空前	shèng kuàng kōng qián
P	盛名难副	shèng míng nán fù
P	盛宴难再	shèng yàn nán zài
P	盛必虑衰	shèng bì lǜ shuāi
P	盛情难却	shèng qíng nán què
P	盛极一时	shèng jí yī shí
P	盛气凌人	shèng qì líng rén
P	盛水不漏	chéng shuǐ bù lòu
P	盛筵必散	shèng yán bì sàn
P	盛筵难再	shèng yán nán zài
P	盛衰兴废	shèng shuāi xīng fèi
P	盛衰荣辱	shèng shuāi róng rǔ
P	盛食厉兵	shèng shí lì bīng
P	目下十行	mù xià shí háng
P	目不交睫	mù bù jiāo jié
P	目不别视	mù bù bié shì
P	目不忍睹	mù bù rěn dǔ
P	目不忍见	mù bù rěn jiàn
P	目不忍视	mù bù rěn shì
P	目不斜视	mù bù xié shì
P	目不暇接	mù bù xiá jiē
P	目不暇给	mù bù xiá jǐ
P	目不知书	mù bù zhī shū
P	目不窥园	mù bù kuī yuán
P	目不给赏	mù bù gěi shǎng
P	目不苟视	mù bù gǒu shì
P	目不见睫	mù bù jiàn jié
P	目不识丁	mù bù shí dīng
P	目不识书	mù bù shí shū
P	目不转睛	mù bù zhuǎn jīng
P	目不邪视	mù bù xié shì
P	目中无人	mù zhōng wú rén
P	目使颐令	mù shǐ yí lìng
P	目光短浅	mù guāng duǎn qiǎn
P	目别汇分	mù bié huì fēn
P	目前为止	mù qián wéi zhǐ
P	目成心许	mù chéng xīn xǔ
P	目挑心悦	mù tiāo xīn yuè
P	目挑心招	mù tiǎo xīn zhāo
P	目挑眉语	mù tiāo méi yǔ
P	目无三尺	mù wú sān chǐ
P	目无尊长	mù wú zūn zhǎng
P	目无法纪	mù wú fǎ jì
P	目无王法	mù wú wáng fǎ
P	目目相觑	mù mù xiāng qù
P	目眢心忳	mù yuān xīn tún
P	目眦尽裂	mù zì jìn liè
P	目眩头昏	mù xuàn tóu hūn
P	目眩头晕	mù xuàn tóu yūn
P	目睫之论	mù jié zhī lùn
P	目瞪口结	mù dèng kǒu jié
P	目瞪舌强	mù dèng shé qiáng
P	目瞪舌彊	mù dèng shé jiāng
P	目知眼见	mù zhī yǎn jiàn
P	目空一世	mù kōng yī shì
P	目空一切	mù kōng yī qiè
P	目空余子	mù kōng yú zǐ
P	目窕心与	mù tiǎo xīn yǔ
P	目若悬珠	mù ruò xuán zhū
P	目见耳闻	mù jiàn ěr wén
P	目语额瞬	mù yǔ é shùn
P	目量意营	mù liàng yì yíng
P	目食耳视	mù shí ěr shì
P	盲人把烛	máng rén bǎ zhú
P	盲人说象	máng rén shuō xiàng
P	盲翁扪钥	máng wēng mén yào
P	盲者得镜	máng zhě dé jìng
P	盲风妒雨	máng fēng dù yǔ
P	盲风怪云	máng fēng guài yún
P	盲风怪雨	máng fēng guài yǔ
P	盲风晦雨	máng fēng huì yǔ
P	盲风暴雨	máng fēng bào yǔ
P	盲风涩雨	máng fēng sè yǔ
P	直上直下	zhí shàng zhí xià
P	直上青云	zhí shàng qīng yún
P	直内方外	zhí nèi fāng wài
P	直情径行	zhí qíng jìng xíng
P	直截了当	zhí jié liǎo dàng
P	直扑无华	zhí pū wú huá
P	直抒己见	zhí shū jǐ jiàn
P	直捷了当	zhí jié liǎo dàng
P	直接了当	zhí jiē liǎo dàng
P	直接经验	zhí jiē jīng yàn
P	直撞横冲	zhí zhuàng héng chōng
P	直权无华	zhí quán wú huá
P	直系亲属	zhí xì qīn shǔ
P	直言不讳	zhí yán bù huì
P	直言切谏	zhí yán qiē jiàn
P	直言无隐	zhí yán wú yǐn
P	直言正色	zhí yán zhèng sè
P	直言正论	zhí yán zhèng lùn
P	直言正谏	zhí yán zhèng jiàn
P	直言贾祸	zhí yán gǔ huò
P	直认不讳	zhí rèn bù huì
P	直道而行	zhí dào ér xíng
P	相与为一	xiāng yǔ wéi yī
P	相习成风	xiāng xí chéng fēng
P	相亲相爱	xiāng qīn xiāng ài
P	相依为命	xiāng yī wéi mìng
P	相克相济	xiāng kè xiāng jì
P	相切相磋	xiāng qiē xiāng cuō
P	相去几何	xiāng qù jǐ hé
P	相去悬殊	xiāng qù xuán shū
P	相去无几	xiāng qù wú jǐ
P	相反相成	xiāng fǎn xiāng chéng
P	相呴以湿	xiāng xǔ yǐ shī
P	相呴相济	xiāng xǔ xiāng jì
P	相因相生	xiāng yīn xiāng shēng
P	相失交臂	xiāng shī jiāo bì
P	相女配夫	xiàng nǚ pèi fū
P	相安无事	xiāng ān wú shì
P	相安相受	xiāng ān xiāng shòu
P	相对无言	xiāng duì wú yán
P	相对真理	xiāng duì zhēn lǐ
P	相差不大	xiāng chā bú dà
P	相差无几	xiāng chā wú jǐ
P	相差甚远	xiāng chā shèn yuǎn
P	相帅成风	xiāng shuài chéng fēng
P	相庄如宾	xiāng zhuāng rú bīn
P	相形之下	xiāng xíng zhī xià
P	相形失色	xiāng xíng shī sè
P	相形见拙	xiāng xíng jiàn zhuō
P	相形见绌	xiāng xíng jiàn chù
P	相待如宾	xiāng dài rú bīn
P	相得甚欢	xiāng dé shèn huān
P	相得益彰	xiāng dé yì zhāng
P	相得益章	xiāng dé yì zhāng
P	相忍为国	xiāng rěn wèi guó
P	相忘形骸	xiāng wàng xíng hái
P	相惊伯有	xiāng jīng bó yǒu
P	相持不下	xiāng chí bù xià
P	相提并论	xiāng tí bìng lùn
P	相敬如宾	xiāng jìng rú bīn
P	相时而动	xiàng shí ér dòng
P	相映成趣	xiāng yìng chéng qù
P	相机而动	xiàng jī ér dòng
P	相机行事	xiàng jī xíng shì
P	相沿成习	xiāng yán chéng xí
P	相沿成俗	xiāng yán chéng sú
P	相濡以沫	xiāng rú yǐ mò
P	相煎何急	xiāng jiān hé jí
P	相煎太急	xiāng jiān tài jí
P	相生相克	xiāng shēng xiāng kè
P	相生相成	xiāng shēng xiāng chéng
P	相知恨晚	xiāng zhī hèn wǎn
P	相知有素	xiāng zhī yǒu sù
P	相见恨晚	xiāng jiàn hèn wǎn
P	相视而笑	xiāng shì ér xiào
P	相视莫逆	xiāng shì mò nì
P	相貌堂堂	xiàng mào táng táng
P	相貌寒碜	xiàng mào hán chěn
P	相辅相成	xiāng fǔ xiāng chéng
P	相辅而行	xiāng fǔ ér xíng
P	相逢恨晚	xiāng féng hèn wǎn
P	相逢狭路	xiāng féng xiá lù
P	相遗以水	xiāng wèi yǐ shuǐ
P	相门有相	xiàng mén yǒu xiàng
P	相顾失色	xiāng gù shī sè
P	相鼠有皮	xiàng shǔ yǒu pí
P	省吃俭用	shěng chī jiǎn yòng
P	省烦从简	shěng fán cóng jiǎn
P	眉头一皱	méi tou yí zhòu
P	眉头不伸	méi tóu bù shēn
P	眉头眼尾	méi tóu yǎn wěi
P	眉目传情	méi mù chuán qíng
P	眉睫之内	méi jié zhī nèi
P	眉语目笑	méi yǔ mù xiào
P	看不上眼	kàn bù shàng yǎn
P	看人下菜	kàn rén xià cài
P	看人眉眼	kàn rén méi yǎn
P	看人眉睫	kàn rén méi jié
P	看人行事	kàn rén xíng shì
P	看守内阁	kān shǒu nèi gé
P	看家本事	kān jiā běn shì
P	看家本领	kān jiā běn lǐng
P	看景生情	kàn jǐng shēng qíng
P	看朱成碧	kàn zhū chéng bì
P	看杀卫玠	kàn shā wèi jiè
P	看破红尘	kàn pò hóng chén
P	看菜吃饭	kàn cài chī fàn
P	看风使帆	kàn fēng shǐ fān
P	看风使舵	kàn fēng shǐ duò
P	看风使船	kàn fēng shǐ chuán
P	看风驶船	kàn fēng shǐ chuán
P	真伪莫辨	zhēn wěi mò biàn
P	真凭实据	zhēn píng shí jù
P	真名实姓	zhēn míng shí xìng
P	真枪实弹	zhēn qiāng shí dàn
P	真相大白	zhēn xiàng dà bái
P	真相毕露	zhēn xiàng bì lù
P	真真假假	zhēn zhēn jiǎ jiǎ
P	真知卓见	zhēn zhī zhuó jiàn
P	真知灼见	zhēn zhī zhuó jiàn
P	真金不镀	zhēn jīn bù dù
P	眠云卧石	mián yún wò shí
P	眠思梦想	mián sī mèng xiǎng
P	眠花宿柳	mián huā sù liǔ
P	眠花藉柳	mián huā jiè liǔ
P	眦裂发指	zì liè fà zhǐ
P	眩碧成朱	xuàn bì chéng zhū
P	眷红偎翠	juàn hóng wēi cuì
P	眼中拔钉	yǎn zhōng bá dīng
P	眼中有铁	yǎn zhōng yǒu tiě
P	眼内无珠	yǎn nèi wú zhū
P	眼空四海	yǎn kōng sì hǎi
P	眼花撩乱	yǎn huā liáo luàn
P	眼花雀乱	yǎn huā què luàn
P	眼观六路	yǎn guān liù lù
P	眼馋肚饱	yǎn chán dù bǎo
P	着书立说	zhuó shū lì shuō
P	着人先鞭	zhuó rén xiān biān
P	着人办理	zhuó rén bàn lǐ
P	着手成春	zhuó shǒu chéng chūn
P	睟面盎背	suì miàn àng bèi
P	睡卧不宁	shuì wò bù níng
P	睡眼惺忪	shuì yǎn xīng sōng
P	睡眼蒙眬	shuì yǎn méng lóng
P	睥睨一切	pì nì yī qiè
P	睹始知终	dǔ shǐ zhī zhōng
P	睹微知著	dǔ wēi zhī zhù
P	睹景伤情	dǔ jǐng shāng qíng
P	睹物兴情	dǔ wù xīng qíng
P	睹物思人	dǔ wù sī rén
P	睹着知微	dǔ zhe zhī wēi
P	睹著知微	dǔ zhù zhī wēi
P	瞋目切齿	chēn mù qiè chǐ
P	瞎说八道	xiā shuō bā dào
P	瞑思苦想	míng sī kǔ xiǎng
P	瞒上欺下	mán shàng qī xià
P	瞒天大谎	mán tiān dà huǎng
P	瞒天昧地	mán tiān mèi dì
P	瞒天瞒地	mán tiān mán dì
P	瞒天要价	mán tiān yào jià
P	瞒天讨价	mán tiān tǎo jià
P	瞒天过海	mán tiān guò hǎi
P	瞒心昧己	mán xīn mèi jǐ
P	瞒神弄鬼	mán shén nòng guǐ
P	瞠乎其后	chēng hū qí hòu
P	瞠目结舌	chēng mù jié shé
P	瞪目结舌	dèng mù jié shé
P	瞪眼咋舌	dèng yǎn zé shé
P	瞬息万变	shùn xī wàn biàn
P	瞬息之间	shùn xī zhī jiān
P	瞰瑕伺隙	kàn xiá sì xì
P	矜功不立	jīn gōng bù lì
P	矜功伐善	jīn gōng fá shàn
P	矜功伐能	jīn gōng fá néng
P	矜功恃宠	jīn gōng shì chǒng
P	矜功自伐	jīn gōng zì fá
P	矜功负气	jīn gōng fù qì
P	矜名妒能	jīn míng dù néng
P	矜名嫉能	jīn míng jí néng
P	矜己自饰	jīn jǐ zì shì
P	矜平躁释	jīn píng zào shì
P	矜愚饰智	jīn yú shì zhì
P	矜才使气	jīn cái shǐ qì
P	矜智负能	jīn zhì fù néng
P	矜纠收缭	jīn jiū shōu liáo
P	矜能负才	jīn néng fù cái
P	矜贫恤独	jīn pín xù dú
P	矜贫救厄	jīn pín jiù è
P	矢不虚发	shǐ bù xū fā
P	矢口否认	shǐ kǒu fǒu rèn
P	矢在弦上	shǐ zài xián shàng
P	矢尽兵穷	shǐ jìn bīng qióng
P	矢志不渝	shǐ zhì bù yú
P	矢志不移	shǐ zhì bù yí
P	矢忠不二	shǐ zhōng bù èr
P	矢石之难	shǐ shí zhī nán
P	知一万毕	zhī yī wàn bì
P	知书达礼	zhī shū dá lǐ
P	知人下士	zhī rén xià shì
P	知人之明	zhī rén zhī míng
P	知人善任	zhī rén shàn rèn
P	知人论世	zhī rén lùn shì
P	知冷知热	zhī lěng zhī rè
P	知名当世	zhī míng dāng shì
P	知命不忧	zhī mìng bù yōu
P	知命之年	zhī mìng zhī nián
P	知命乐天	zhī mìng lè tiān
P	知地知天	zhī dì zhī tiān
P	知小谋大	zhī xiǎo móu dà
P	知尽能索	zhī jìn néng suǒ
P	知己之遇	zhī jǐ zhī yù
P	知己知彼	zhī jǐ zhī bǐ
P	知彼知己	zhī bǐ zhī jǐ
P	知往鉴今	zhī wǎng jiàn jīn
P	知微知彰	zhī wēi zhī zhāng
P	知恩报德	zhī ēn bào dé
P	知恩报恩	zhī ēn bào ēn
P	知情不举	zhī qíng bù jǔ
P	知情不报	zhī qíng bù bào
P	知情达理	zhī qíng dá lǐ
P	知我罪我	zhī wǒ zuì wǒ
P	知无不言	zhī wú bù yán
P	知易行难	zhī yì xíng nán
P	知来藏往	zhī lái cáng wǎng
P	知根知底	zhī gēn zhī dǐ
P	知止不殆	zhī zhǐ bù dài
P	知法犯法	zhī fǎ fàn fǎ
P	知疼着热	zhī téng zháo rè
P	知疼着痒	zhī téng zháo yǎng
P	知白守黑	zhī bái shǒu hēi
P	知羞识廉	zhī xiū shí lián
P	知荣守辱	zhī róng shǒu rǔ
P	知行合一	zhī xíng hé yī
P	知识产业	zhī shí chǎn yè
P	知识产权	zhī shí chǎn quán
P	知识分子	zhī shí fèn zǐ
P	知识宝库	zhī shí bǎo kù
P	知识工厂	zhī shí gōng chǎng
P	知识工程	zhī shí gōng chéng
P	知识更新	zhī shí gēng xīn
P	知识爆炸	zhī shí bào zhà
P	知识经济	zhī shí jīng jì
P	知识老化	zhī shí lǎo huà
P	知识财产	zhī shí cái chǎn
P	知识贬值	zhī shí biǎn zhí
P	知识青年	zhī shí qīng nián
P	知足不辱	zhī zú bù rǔ
P	知足常乐	zhī zú cháng lè
P	知足知止	zhī zú zhī zhǐ
P	知过必改	zhī guò bì gǎi
P	知过能改	zhī guò néng gǎi
P	知遇之恩	zhī yù zhī ēn
P	知难而进	zhī nán ér jìn
P	知难而退	zhī nán ér tuì
P	知雄守雌	zhī xióng shǒu cí
P	矩步方行	jǔ bù fāng xíng
P	矫世励俗	jiǎo shì lì sú
P	矫世厉俗	jiǎo shì lì sú
P	矫世变俗	jiǎo shì biàn sú
P	矫国更俗	jiǎo guó gēng sú
P	矫国革俗	jiǎo guó gé sú
P	矫尾厉角	jiǎo wěi lì jiǎo
P	矫情干誉	jiǎo qíng gān yù
P	矫情镇物	jiǎo qíng zhèn wù
P	矫情饰行	jiǎo qíng shì xíng
P	矫情饰诈	jiǎo qíng shì zhà
P	矫情饰貌	jiǎo qíng shì mào
P	矫揉造作	jiǎo róu zào zuò
P	矫时慢物	jiǎo shí màn wù
P	矫枉过中	jiǎo wǎng guò zhōng
P	矫枉过当	jiǎo wǎng guò dāng
P	矫枉过正	jiǎo wǎng guò zhèng
P	矫枉过直	jiǎo wǎng guò zhí
P	矫矫不群	jiǎo jiǎo bù qún
P	矫若惊龙	jiǎo ruò jīng lóng
P	矫若游龙	jiǎo ruò yóu lóng
P	矫言伪行	jiǎo yán wěi xíng
P	矫邪归正	jiǎo xié guī zhèng
P	短中取长	duǎn zhōng qǔ cháng
P	短兵相接	duǎn bīng xiāng jiē
P	短叹长吁	duǎn tàn cháng xū
P	短吃少穿	duǎn chī shǎo chuān
P	短篇小说	duǎn piān xiǎo shuō
P	短褐不完	duǎn hè bù wán
P	短褐穿结	duǎn hè chuān jié
P	短见薄识	duǎn jiàn bó shí
P	矮人看场	ǎi rén kàn chǎng
P	矮人看戏	ǎi rén kàn xì
P	矮人观场	ǎi rén guān cháng
P	矮子看戏	ǎi zǐ kàn xì
P	矮子观场	ǎi zǐ guān cháng
P	石城汤池	shí chéng tāng chí
P	石头子儿	shí tou zi er
P	石室金匮	shí shì jīn guì
P	石室金鐀	shí shì jīn guì
P	石心木肠	shí xīn mù cháng
P	石沈大海	shí shěn dà hǎi
P	石沉大海	shí chén dà hǎi
P	石河子市	shí hé zǐ shì
P	石泐海枯	shí lè hǎi kū
P	石火光阴	shí huǒ guāng yīn
P	石火电光	shí huǒ diàn guāng
P	石火风灯	shí huǒ fēng dēng
P	石火风烛	shí huǒ fēng zhú
P	石烂江枯	shí làn jiāng kū
P	石烂海枯	shí làn hǎi kū
P	石破天惊	shí pò tiān jīng
P	石缄金匮	shí jiān jīn kuì
P	石英玻璃	shí yīng bō lí
P	石蕊试纸	shí ruǐ shì zhǐ
P	石赤不夺	shí chì bù duó
P	砌红堆绿	qì hóng duī lǜ
P	砌词捏控	qì cí niē kòng
P	研京练都	yán jīng liàn dōu
P	研机综微	yán jī zōng wēi
P	研桑心计	yán sāng xīn jì
P	研精殚力	yán jīng dān lì
P	研精殚思	yán jīng dān sī
P	研精毕智	yán jīng bì zhì
P	研精究微	yán jīng jiū wēi
P	研精竭虑	yán jīng jié lǜ
P	研精致思	yán jīng zhì sī
P	研精苦思	yán jīng kǔ sī
P	研精覃思	yán jīng tán sī
P	研精钩深	yán jīng gōu shēn
P	研精阐微	yán jīng chǎn wēi
P	研经铸史	yán jīng zhù shǐ
P	砥厉名号	dǐ lì míng hào
P	砥志研思	dǐ zhì yán sī
P	砥柱中流	dǐ zhù zhōng liú
P	砥砺名号	dǐ lì míng hào
P	砥砺名节	dǐ lì míng jié
P	砥砺琢磨	dǐ lì zhuó mó
P	砥砺风节	dǐ lì fēng jié
P	砥节励行	dǐ jié lì xíng
P	砥节厉行	dǐ jié lì xíng
P	砥节奉公	dǐ jié fèng gōng
P	砥节砺行	dǐ jié lì xíng
P	砥行磨名	dǐ xíng mó míng
P	砥行立名	dǐ xíng lì míng
P	砥身砺行	dǐ shēn lì xíng
P	破军杀将	pò jūn shā jiāng
P	破口大骂	pò kǒu dà mà
P	破国亡家	pò guó wáng jiā
P	破头烂额	pò tóu làn é
P	破奸发伏	pò jiān fā fú
P	破家丧产	pò jiā sàng chǎn
P	破家为国	pò jiā wèi guó
P	破家亡国	pò jiā wáng guó
P	破家县令	pò jiā xiàn lìng
P	破家竭产	pò jiā jié chǎn
P	破家荡业	pò jiā dàng yè
P	破家荡产	pò jiā dàng chǎn
P	破家败产	pò jiā bài chǎn
P	破崖绝角	pò yá jué jiǎo
P	破愁为笑	pò chóu wéi xiào
P	破桐之叶	pò tóng zhī yè
P	破浪乘风	pò làng chéng fēng
P	破涕为笑	pò tì wéi xiào
P	破烂不堪	pò làn bù kān
P	破瓦寒窑	pò wǎ hán yáo
P	破瓦颓垣	pò wǎ tuí yuán
P	破甑不顾	pò zèng bù gù
P	破矩为圆	pò jǔ wéi yuán
P	破肝糜胃	pò gān mí wèi
P	破衣烂衫	pò yī làn shān
P	破觚为圜	pò gū wéi yuán
P	破釜沈舟	pò fǔ shěn zhōu
P	破镜分钗	pò jìng fēn chāi
P	破镜重合	pò jìng chóng hé
P	破镜重圆	pò jìng chóng yuán
P	破除迷信	pò chú mí xìn
P	砺世摩钝	lì shì mó dùn
P	砺世磨钝	lì shì mó dùn
P	础泣而雨	chǔ qì ér yǔ
P	础润而雨	chǔ rùn ér yǔ
P	硕大无朋	shuò dà wú péng
P	硕大无比	shuò dà wú bǐ
P	硕望宿德	shuò wàng xiǔ dé
P	硕果仅存	shuò guǒ jǐn cún
P	硝云弹雨	xiāo yún dàn yǔ
P	硬笔书法	yìng bǐ shū fǎ
P	硬语盘空	yìng yǔ pán kōng
P	确乎不拔	què hū bù bá
P	确凿不移	què záo bù yí
P	确切不移	què qiè bù yí
P	确固不拔	què gù bù bá
P	确然不群	què rán bù qún
P	碌碌寡合	lù lù guǎ hé
P	碌碌无为	lù lù wú wéi
P	碌碌无奇	lù lù wú qí
P	碌碌无能	lù lù wú néng
P	碌碌无闻	lù lù wú wén
P	碍口识羞	ài kǒu shí xiū
P	碍难从命	ài nán cóng mìng
P	碎尸万段	suì shī wàn duàn
P	碎心裂胆	suì xīn liè dǎn
P	碎瓦颓垣	suì wǎ tuí yuán
P	碎身粉骨	suì shēn fěn gǔ
P	碎身糜躯	suì shēn mí qū
P	碎首糜躯	suì shǒu mí qū
P	碎骨粉尸	suì gǔ fěn shī
P	碎骨粉身	suì gǔ fěn shēn
P	碔砆混玉	wǔ fū hùn yù
P	碧空如洗	bì kōng rú xǐ
P	碧落黄泉	bì luò huáng quán
P	碧血丹心	bì xuè dān xīn
P	碧鬟红袖	bì huán hóng xiù
P	磊浪不羁	lěi làng bù jī
P	磊瑰不羁	lěi guī bù jī
P	磊磊落落	lěi lěi luò luò
P	磊落不凡	lěi luò bù fán
P	磊落不羁	lěi luò bù jī
P	磊落光明	lěi luò guāng míng
P	磊落豪横	lěi luò háo héng
P	磊落轶荡	lěi luò yì dàng
P	磊落飒爽	lěi luò sà shuǎng
P	磐石之固	pán shí zhī gù
P	磐石之安	pán shí zhī ān
P	磕头如捣	kē tóu rú dǎo
P	磕头碰脑	kē tóu pèng nǎo
P	磕头礼拜	kē tóu lǐ bài
P	磨刀擦枪	mó dāo cā qiāng
P	磨刀霍霍	mó dāo huò huò
P	磨厉以须	mó lì yǐ xū
P	磨形炼性	mó xíng liàn xìng
P	磨拳擦掌	mó quán cā zhǎng
P	磨昬抉聩	mó hūn jué kuì
P	磨杵作针	mó chǔ zuò zhēn
P	磨杵成针	mó chǔ chéng zhēn
P	磨棱刓角	mó léng wán jiǎo
P	磨牙凿齿	mó yá záo chǐ
P	磨牙吮血	mó yá shǔn xuè
P	磨盘两圆	mò pán liǎng yuán
P	磨盾之暇	mó dùn zhī xiá
P	磨砂玻璃	mó shā bō lí
P	磨砖成镜	mó zhuān chéng jìng
P	磨砥刻厉	mó dǐ kè lì
P	磨砺以须	mó lì yǐ xū
P	磨砻底厉	mó lóng dǐ lì
P	磨砻浸灌	mó lóng jìn guàn
P	磨砻砥砺	mó lóng dǐ lì
P	磨砻镌切	mó lóng juān qiē
P	磨礲浸灌	mó lóng jìn guàn
P	磨礲淬励	mó lóng cuì lì
P	磨礲砥砺	mó lóng dǐ lì
P	磨穿铁砚	mó chuān tiě yàn
P	磨穿铁鞋	mó chuān tiě xié
P	磨踵灭顶	mó zhǒng miè dǐng
P	磨铅策蹇	mó qiān cè jiǎn
P	磬石之固	qìng shí zhī gù
P	磬竹难书	qìng zhú nán shū
P	磬笔难书	qìng bǐ nán shū
P	礼为情貌	lǐ wéi qíng mào
P	礼坏乐崩	lǐ huài yuè bēng
P	礼奢宁俭	lǐ shē níng jiǎn
P	礼崩乐坏	lǐ bēng yuè huài
P	礼无不答	lǐ wú bù dá
P	礼让为国	lǐ ràng wéi guó
P	社会主义	shè huì zhǔ yì
P	社会保险	shè huì bǎo xiǎn
P	社会关系	shè huì guān xì
P	社会制度	shè huì zhì dù
P	社会存在	shè huì cún zài
P	社会意识	shè huì yì shí
P	社会效益	shè huì xiào yì
P	社会教育	shè huì jiào yù
P	社会活动	shè huì huó dòng
P	社会福利	shè huì fú lì
P	社会科学	shè huì kē xué
P	社会贤达	shè huì xián dá
P	社会青年	shè huì qīng nián
P	社燕秋鸿	shè yàn qiū hóng
P	社队企业	shè duì qǐ yè
P	祖宗家法	zǔ zōng jiā fǎ
P	祖宗法度	zǔ zōng fǎ dù
P	祝不胜诅	zhù bù shèng zǔ
P	祝发文身	zhù fā wén shēn
P	祝发空门	zhù fā kōng mén
P	祝咽祝哽	zhù yān zhù gěng
P	神不守舍	shén bù shǒu shě
P	神不收舍	shén bù shōu shě
P	神不附体	shén bù fù tǐ
P	神丧胆落	shén sàng dǎn luò
P	神乎其技	shén hū qí jì
P	神乎其神	shén hū qí shén
P	神仙中人	shén xiān zhōng rén
P	神会心融	shén huì xīn róng
P	神使鬼差	shén shǐ guǐ chà
P	神兵天将	shén bīng tiān jiàng
P	神出鬼没	shén chū guǐ mò
P	神功圣化	shén gōng shèng huà
P	神区鬼奥	shén qū guǐ ào
P	神号鬼哭	shén háo guǐ kū
P	神号鬼泣	shén hào guǐ qì
P	神哗鬼叫	shén huá guǐ jiào
P	神头鬼脸	shén tóu guǐ liǎn
P	神头鬼面	shén tóu guǐ miàn
P	神妙莫测	shén miào mò cè
P	神州赤县	shén zhōu chì xiàn
P	神差鬼使	shén chāi guǐ shǐ
P	神差鬼遣	shén chà guǐ qiǎn
P	神志不清	shén zhì bù qīng
P	神思恍惚	shén sī huǎng hū
P	神怿气愉	shén yì qì yú
P	神情不属	shén qíng bù shǔ
P	神情自若	shén qíng zì ruò
P	神意自若	shén yì zì ruò
P	神术妙计	shén shù miào jì
P	神机莫测	shén jī mò cè
P	神枢鬼藏	shén shū guǐ cáng
P	神武挂冠	shén wǔ guà guàn
P	神清骨秀	shén qīng gǔ xiù
P	神湛骨寒	shén zhàn gǔ hán
P	神秘主义	shén mì zhǔ yì
P	神经中枢	shén jīng zhōng shū
P	神经末梢	shén jīng mò shāo
P	神经系统	shén jīng xì tǒng
P	神经纤维	shén jīng xiān wéi
P	神经衰弱	shén jīng shuāi ruò
P	神经过敏	shén jīng guò mǐn
P	神色不动	shén sè bù dòng
P	神色不惊	shén sè bù jīng
P	神色自若	shén sè zì ruò
P	神藏鬼伏	shén cáng guǐ fú
P	神谟远算	shén mó yuǎn suàn
P	神通广大	shén tōng guǎng dà
P	神道设教	shén dào shè jiào
P	神采奕奕	shén cǎi yì yì
P	神采奕然	shén cǎi yì rán
P	神采焕发	shén cǎi huàn fā
P	神采英拔	shén cǎi yīng bá
P	神采飞扬	shén cǎi fēi yáng
P	神霄绛阙	shén xiāo jiàng què
P	神领意得	shén lǐng yì dé
P	神鬼不测	shén guǐ bù cè
P	神鬼莫测	shén guǐ mò cè
P	神鬼难测	shén guǐ nán cè
P	神魂不定	shén hún bú dìng
P	神魂颠倒	shén hún diān dǎo
P	神龙失埶	shén lóng shī shì
P	神龙见首	shén lóng jiàn shǒu
P	祥风时雨	xiáng fēng shí yǔ
P	祲威盛容	jìn wēi shèng róng
P	祸不单行	huò bù dān xíng
P	祸不旋踵	huò bù xuán zhǒng
P	祸中有福	huò zhōng yǒu fú
P	祸为福先	huò wéi fú xiān
P	祸从口出	huò cóng kǒu chū
P	祸从口生	huò cóng kǒu shēng
P	祸从天降	huò cóng tiān jiàng
P	祸盈恶稔	huò yíng è rěn
P	祸福同门	huò fú tóng mén
P	祸福有命	huò fú yǒu mìng
P	祸福相依	huò fú xiāng yī
P	祸福相倚	huò fú xiāng yǐ
P	祸福相生	huò fú xiāng shēng
P	祸稔恶积	huò rěn è jī
P	祸结兵连	huò jié bīng lián
P	祸迫眉睫	huò pò méi jié
P	禀性难移	bǐng xìng nán yí
P	禁中颇牧	jìn zhōng pō mù
P	禁情割欲	jìn qíng gē yù
P	禁攻寝兵	jìn gōng qǐn bīng
P	禁暴正乱	jìn bào zhèng luàn
P	禁暴诛乱	jìn bào zhū luàn
P	禁止令行	jìn zhǐ lìng xíng
P	禁网疏阔	jìn wǎng shū kuò
P	禁舍开塞	jìn shě kāi sāi
P	禁鼎一脔	jìn dǐng yī luán
P	禅世雕龙	chán shì diāo lóng
P	禅絮沾泥	chán xù zhān ní
P	福不盈眦	fú bù yíng zì
P	福为祸先	fú wéi huò xiān
P	福为祸始	fú wéi huò shǐ
P	福利彩票	fú lì cǎi piào
P	福地洞天	fú dì dòng tiān
P	福孙荫子	fú sūn yìn zǐ
P	福寿康宁	fú shòu kāng níng
P	福寿无疆	fú shòu wú jiāng
P	福寿齐天	fú shòu qí tiān
P	福衢寿车	fú qú shòu chē
P	福过灾生	fú guò zāi shēng
P	禹行舜趋	yǔ xíng shùn qū
P	离世遁上	lí shì dùn shàng
P	离乡别井	lí xiāng bié jǐng
P	离乡别土	lí xiāng bié tǔ
P	离乡背井	lí xiāng bèi jǐng
P	离乡背土	lí xiāng bèi tǔ
P	离合悲欢	lí hé bēi huān
P	离奇古怪	lí qí gǔ guài
P	离山调虎	lí shān diào hǔ
P	离弦之箭	lí xián zhī jiàn
P	离情别绪	lí qíng bié xù
P	离本徼末	lí běn yāo mò
P	离本趣末	lí běn qū mò
P	离析分崩	lí xī fēn bēng
P	离析涣奔	lí xī huàn bēn
P	离题万里	lí tí wàn lǐ
P	离魂倩女	lí hún qiàn nǚ
P	离鸾别凤	lí luán bié fèng
P	离鸾别鹄	lí luán bié hú
P	离鸾别鹤	lí luán bié hè
P	禽困覆车	qín kùn fù chē
P	秀出班行	xiù chū bān háng
P	秀外慧中	xiù wài huì zhōng
P	秀而不实	xiù ér bù shí
P	秀色可餐	xiù sè kě cān
P	私淑弟子	sī shū dì zǐ
P	私相授受	sī xiāng shòu shòu
P	私营经济	sī yíng jīng jì
P	秉公任直	bǐng gōng rèn zhí
P	秉公执法	bǐng gōng zhí fǎ
P	秉正无私	bǐng zhèng wú sī
P	秉烛待旦	bǐng zhú dài dàn
P	秉节持重	bǐng jié chí zhòng
P	秉要执本	bǐng yào zhí běn
P	秉钧当轴	bǐng jūn dāng zhóu
P	秉钧持轴	bǐng jūn chí zhóu
P	秋实春华	qiū shí chūn huā
P	秋扇见捐	qiū shàn jiàn juān
P	秋收冬藏	qiū shōu dōng cáng
P	秋月春风	qiū yuè chūn fēng
P	秋毫不犯	qiū háo bù fàn
P	秋毫见捐	qiū háo jiàn juān
P	秋色平分	qiū sè píng fēn
P	秋行夏令	qiū xíng xià líng
P	秋风团扇	qiū fēng tuán shàn
P	秋风扫叶	qiū fēng sǎo yè
P	秋风纨扇	qiū fēng wán shàn
P	秋风落叶	qiū fēng luò yè
P	秋风过耳	qiū fēng guò ěr
P	秋高气和	qiū gāo qì hé
P	种族歧视	zhǒng zú qí shì
P	种瓜得瓜	zhòng guā dé guā
P	种豆得豆	zhòng dòu dé dòu
P	科头箕踞	kē tóu jī jù
P	科头跣足	kē tóu xiǎn zú
P	秕言谬说	bǐ yán miù shuō
P	秘而不宣	mì ér bù xuān
P	秘而不言	mì ér bù yán
P	秘而不露	mì ér bù lù
P	秤不离砣	chèng bù lí tuó
P	秤平斗满	chèng píng dǒu mǎn
P	秤锤落井	chèng chuí luò jǐng
P	秦失其鹿	qín shī qí lù
P	秦晋之好	qín jìn zhī hǎo
P	积不相能	jī bù xiāng néng
P	积习难改	jī xí nán gǎi
P	积习难除	jī xí nán chú
P	积以为常	jī yǐ wéi cháng
P	积功兴业	jī gōng xīng yè
P	积小成大	jī xiǎo chéng dà
P	积少成多	jī shǎo chéng duō
P	积岁累月	jī suì lěi yuè
P	积年累岁	jī nián lěi suì
P	积年累月	jī nián lěi yuè
P	积微成著	jī wēi chéng zhù
P	积德累仁	jī dé lěi rén
P	积德累功	jī dé lěi gōng
P	积德累善	jī dé lěi shàn
P	积思广益	jī sī guǎng yì
P	积恶余殃	jī è yú yāng
P	积日累久	jī rì lěi jiǔ
P	积日累岁	jī rì lěi suì
P	积日累月	jī rì lěi yuè
P	积时累日	jī shí lěi rì
P	积极分子	jī jí fèn zǐ
P	积毁销骨	jī huǐ xiāo gǔ
P	积沙成塔	jī shā chéng tǎ
P	积沙成滩	jī shā chéng tān
P	积甲山齐	jī jiǎ shān qí
P	积素累旧	jī sù lěi jiù
P	积草屯粮	jī cǎo tún liáng
P	积薪候燎	jī xīn hòu liáo
P	积谗磨骨	jī chán mó gǔ
P	积谗糜骨	jī chán méi gǔ
P	积贫积弱	jī pín jī ruò
P	积重不反	jī zhòng bù fǎn
P	积重不返	jī zhòng bù fǎn
P	积重难反	jī zhòng nán fǎn
P	积重难返	jī zhòng nán fǎn
P	积金累玉	jī jīn lèi yù
P	积铢累寸	jī zhū lěi cùn
P	积雪囊萤	jī xuě náng yíng
P	积露为波	jī lù wéi bō
P	称体裁衣	chèn tǐ cái yī
P	称体载衣	chèn tǐ zài yī
P	称兄道弟	chēng xiōng dào dì
P	称功颂德	chēng gōng sòng dé
P	称奇道绝	chēng qí dào jué
P	称孤道寡	chēng gū dào guǎ
P	称家有无	chèn jiā yǒu wú
P	称德度功	chēng dé duó gōng
P	称心如意	chèn xīn rú yì
P	称心快意	chèn xīn kuài yì
P	称心满意	chèn xīn mǎn yì
P	称柴而爨	chēng chái ér cuàn
P	称王称霸	chēng wáng chēng bà
P	称臣纳贡	chēng chén nà gòng
P	称薪而爨	chēng xīn ér cuàn
P	称贤荐能	chēng xián jiàn néng
P	称赏不已	chēng shǎng bù yǐ
P	称雨道晴	chēng yǔ dào qíng
P	移孝为忠	yí xiào wéi zhōng
P	移山倒海	yí shān dǎo hǎi
P	移山填海	yí shān tián hǎi
P	移日卜夜	yí rì bǔ yè
P	移星换斗	yí xīng huàn dǒu
P	移有足无	yí yǒu zú wú
P	移根换叶	yí gēn huàn yè
P	移根接叶	yí gēn jiē yè
P	移樽就教	yí zūn jiù jiào
P	移气养体	yí qì yǎng tǐ
P	移的就箭	yí dì jiù jiàn
P	移风崇教	yí fēng chóng jiào
P	移风平俗	yí fēng píng sú
P	移风振俗	yí fēng zhèn sú
P	移风改俗	yí fēng gǎi sú
P	移风易俗	yí fēng yì sú
P	移风易尚	yí fēng yì shàng
P	移风革俗	yí fēng gé sú
P	秽德垢行	huì dé gòu xíng
P	秽言污语	huì yán wū yǔ
P	稀奇古怪	xī qí gǔ guài
P	稀有元素	xī yǒu yuán sù
P	稀有金属	xī yǒu jīn shǔ
P	稀稀拉拉	xī xī lā lā
P	稀稀落落	xī xī luò luò
P	稀里哗啦	xī lǐ huā lā
P	稀里糊涂	xī lǐ hú tú
P	稂莠不齐	láng yǒu bù qí
P	稍纵即逝	shāo zòng jí shì
P	稍胜一筹	shāo shèng yī chóu
P	稍逊一筹	shāo xùn yī chóu
P	稔恶不悛	rěn è bù quān
P	稔恶盈贯	rěn è yíng guàn
P	稔恶藏奸	rěn è cáng jiān
P	稗官小说	bài guān xiǎo shuō
P	稚齿婑媠	zhì chǐ wǒ tuǒ
P	稠人广众	chóu rén guǎng zhòng
P	稠人广坐	chóu rén guǎng zuò
P	稠人广座	chóu rén guǎng zuò
P	稳扎稳打	wěn zhā wěn dǎ
P	稳操左券	wěn cāo zuǒ quàn
P	稳操胜券	wěn cāo shèng quàn
P	稳稳当当	wěn wěn dāng dāng
P	稼穑艰难	jià sè jiān nán
P	稽古振今	jī gǔ zhèn jīn
P	稽古揆今	jī gǔ kuí jīn
P	稽疑送难	jī yí sòng nán
P	穆如清风	mù rú qīng fēng
P	穰穰满家	ráng ráng mǎn jiā
P	穴居野处	xué jū yě chǔ
P	穷不失义	qióng bù shī yì
P	穷且益坚	qióng qiě yì jiān
P	穷凶极恶	qióng xiōng jí è
P	穷则思变	qióng zé sī biàn
P	穷原竟委	qióng yuán jìng wěi
P	穷困潦倒	qióng kùn liáo dǎo
P	穷大失居	qióng dà shī jū
P	穷天极地	qióng tiān jí dì
P	穷家富路	qióng jiā fù lù
P	穷寇勿追	qióng kòu wù zhuī
P	穷山恶水	qióng shān è shuǐ
P	穷巷陋室	qióng xiàng lòu shì
P	穷年累世	qióng nián lěi shì
P	穷年累月	qióng nián lěi yuè
P	穷当益坚	qióng dāng yì jiān
P	穷形尽相	qióng xíng jìn xiàng
P	穷愁潦倒	qióng chóu liáo dǎo
P	穷极思变	qióng jí sī biàn
P	穷极要妙	qióng jí yào miào
P	穷根究底	qióng gēn jiū dǐ
P	穷源竟委	qióng yuán jìng wěi
P	穷猿奔林	qióng yuán bēn lín
P	穷理尽性	qióng lǐ jìn xìng
P	穷途潦倒	qióng tú liáo dǎo
P	空中小姐	kōng zhōng xiǎo jiě
P	空中楼阁	kōng zhōng lóu gé
P	空中管制	kōng zhōng guǎn zhì
P	空前绝后	kōng qián jué hòu
P	空口无凭	kōng kǒu wú píng
P	空头支票	kōng tóu zhī piào
P	空室清野	kōng shì qīng yě
P	空心吃药	kōng xīn chī yào
P	空心汤圆	kōng xīn tāng yuán
P	空无一人	kōng wú yì rén
P	空气污染	kōng qì wū rǎn
P	空洞无物	kōng dòng wú wù
P	空穴来风	kōng xué lái fēng
P	空空如也	kōng kōng rú yě
P	空空导弹	kōng kōng dǎo dàn
P	空空洞洞	kōng kōng dòng dòng
P	空腹便便	kōng fù pián pián
P	空腹高心	kōng fù gāo xīn
P	空袭惊报	kōng xí jīng bào
P	空话连篇	kōng huà lián piān
P	空谈快意	kōng tán kuài yì
P	空谷传声	kōng gǔ chuán shēng
P	空谷幽兰	kōng gǔ yōu lán
P	空谷白驹	kōng gǔ bái jū
P	空谷足音	kōng gǔ zú yīn
P	空费词说	kōng fèi cí shuō
P	空间技术	kōng jiān jì shù
P	穿云破雾	chuān yún pò wù
P	穿云裂石	chuān yún liè shí
P	穿井得人	chuān jǐng dé rén
P	穿凿附会	chuān záo fù huì
P	穿着打扮	chuān zhuó dǎ bàn
P	穿红着绿	chuān hóng zhuó lǜ
P	突如其来	tū rú qí lái
P	窃据要津	qiè jù yào jīn
P	窃窃私语	qiè qiè sī yǔ
P	窈窕淑女	yǎo tiǎo shū nǚ
P	窒碍难行	zhì ài nán xíng
P	窗口行业	chuāng kǒu háng yè
P	窗明几净	chuāng míng jī jìng
P	窗间过马	chuāng jiān guò mǎ
P	窥见一斑	kuī jiàn yī bān
P	窥间伺隙	kuī jiàn sì xì
P	立体交叉	lì tǐ jiāo chā
P	立体几何	lì tǐ jǐ hé
P	立体电影	lì tǐ diàn yǐng
P	立体绿化	lì tǐ lǜ huà
P	立地书厨	lì dì shū chú
P	立地书橱	lì dì shū chú
P	立地成佛	lì dì chéng fó
P	立木南门	lì mù nán mén
P	立竿见影	lì gān jiàn yǐng
P	立等可取	lì děng kě qǔ
P	立谈之间	lì tán zhī jiān
P	立足之地	lì zú zhī dì
P	立身处世	lì shēn chǔ shì
P	立身行己	lì shēn xíng jǐ
P	立锥之地	lì zhuī zhī dì
P	立马万言	lì mǎ wàn yán
P	竞争机制	jìng zhēng jī zhì
P	竞技体育	jìng jì tǐ yù
P	竞短争长	jìng duǎn zhēng cháng
P	章句之徒	zhāng jù zhī tú
P	章句小儒	zhāng jù xiǎo rú
P	章台杨柳	zhāng tái yáng liǔ
P	童山濯濯	tóng shān zhuó zhuó
P	童牛角马	tóng niú jiǎo mǎ
P	童男童女	tóng nán tóng nǚ
P	童颜鹤发	tóng yán hè fà
P	竭尽全力	jié jìn quán lì
P	竭尽心力	jié jìn xīn lì
P	竭忠尽智	jié zhōng jìn zhì
P	竭智尽力	jié zhì jìn lì
P	竭智尽忠	jié zhì jìn zhōng
P	竭泽焚薮	jié zé fén sǒu
P	竭泽而渔	jié zé ér yú
P	竭诚尽节	jié chéng jìn jié
P	竭诚相待	jié chéng xiāng dài
P	端人正士	duān rén zhèng shì
P	端倪可察	duān ní kě chá
P	端本正源	duān běn zhèng yuán
P	端本澄源	duān běn chéng yuán
P	竹头木屑	zhú tóu mù xiè
P	竹柏异心	zhú bǎi yì xīn
P	竹篮打水	zhú lán dá shuǐ
P	竿头一步	gān tóu yī bù
P	竿头日上	gān tóu rì shàng
P	竿头日进	gān tóu rì jìn
P	竿头直上	gān tóu zhí shàng
P	笃信好学	dǔ xìn hào xué
P	笃学不倦	dǔ xué bù juàn
P	笃学好古	dǔ xué hào gǔ
P	笃实好学	dǔ shí hào xué
P	笃志好学	dǔ zhì hǎo xué
P	笃而论之	dǔ ér lùn zhī
P	笃论高言	dǔ lùn gāo yán
P	笃近举远	dǔ jìn jǔ yuǎn
P	笑不可仰	xiào bù kě yǎng
P	笑傲风月	xiào ào fēng yuè
P	笑容可掬	xiào róng kě jū
P	笑容满面	xiào róng mǎn miàn
P	笑而不答	xiào ér bù dá
P	笑里藏刀	xiào lǐ cáng dāo
P	笑面夜叉	xiào miàn yè chā
P	笔冢研穿	bǐ zhǒng yán chuān
P	笔削褒贬	bǐ xuē bāo biǎn
P	笔墨横姿	bǐ mò héng zī
P	笔大如椽	bǐ dà rú chuán
P	笔头生花	bǐ tóu shēng huā
P	笔底春风	bǐ dǐ chūn fēng
P	笔底生花	bǐ dǐ shēng huā
P	笔底超生	bǐ dǐ chāo shēng
P	笔底龙蛇	bǐ dǐ lóng shé
P	笔扫千军	bǐ sǎo qiān jūn
P	笔管条直	bǐ guǎn tiáo zhí
P	笔走龙蛇	bǐ zǒu lóng shé
P	笙磬同音	shēng qìng tóng yīn
P	笨头笨脑	bèn tóu bèn nǎo
P	第三梯队	dì sān tī duì
P	第二梯队	dì èr tī duì
P	第五纵队	dì wǔ zòng duì
P	笼中之鸟	lóng zhōng zhī niǎo
P	笼络人心	lǒng luò rén xīn
P	笼鸟槛猿	lóng niǎo jiàn yuán
P	笼鸟池鱼	lóng niǎo chí yú
P	等价交换	děng jià jiāo huàn
P	等价连城	děng jià lián chéng
P	等差数列	děng chā shù liè
P	等差级数	děng chà jí shù
P	等比数列	děng bǐ shù liè
P	等比级数	děng bǐ jí shù
P	等礼相亢	děng lǐ xiāng kàng
P	等离子体	děng lí zǐ tǐ
P	等而上之	děng ér shàng zhī
P	等量齐观	děng liàng qí guān
P	筋疲力尽	jīn pí lì jìn
P	筐箧中物	kuāng qiè zhōng wù
P	筑坛拜将	zhù tán bài jiàng
P	筑室反耕	zhù shì fǎn gēng
P	筑室道谋	zhù shì dào móu
P	筑巢引凤	zhù cháo yǐn fèng
P	筑舍道傍	zhù shè dào bàng
P	答非所问	dá fēi suǒ wèn
P	策名委质	cè míng wěi zhì
P	策顽磨钝	cè wán mó dùn
P	筛锣擂鼓	shāi luó léi gǔ
P	简丝数米	jiǎn sī shǔ mǐ
P	简切了当	jiǎn qiè liǎo dàng
P	简化汉字	jiǎn huà hàn zì
P	简单劳动	jiǎn dān láo dòng
P	简截了当	jiǎn jié liǎo dàng
P	简捷了当	jiǎn jié liǎo dàng
P	简明扼要	jiǎn míng è yào
P	简约详核	jiǎn yuē xiáng hé
P	简能而任	jiǎn néng ér rèn
P	简落狐狸	jiǎn luò hú lí
P	简要不烦	jiǎn yào bù fán
P	简要清通	jiǎn yào qīng tōng
P	简贤任能	jiǎn xián rèn néng
P	箕山之节	jī shān zhī jié
P	箕山之风	jī shān zhī fēng
P	箕裘相继	jī qiú xiāng jì
P	箕风毕雨	jī fēng bì yǔ
P	管中窥天	guǎn zhōng kuī tiān
P	管中窥豹	guǎn zhōng kuī bào
P	管宁割席	guǎn níng gē xí
P	管窥蠡测	guǎn kuī lí cè
P	管见所及	guǎn jiàn suǒ jí
P	管鲍分金	guǎn bào fēn jīn
P	箪瓢屡空	dān piáo lǚ kōng
P	箪豆见色	dān dòu jiàn sè
P	箪食壶浆	dān sì hú jiāng
P	箪食壶酒	dān sì hú jiǔ
P	箪食瓢饮	dān sì piáo yǐn
P	箭不虚发	jiàn bù xū fā
P	箭在弦上	jiàn zài xián shàng
P	箸长碗短	zhù cháng wǎn duǎn
P	簟纹如水	diàn wén rú shuǐ
P	簠簋不饬	fǔ guǐ bù chì
P	簸土扬沙	bǒ tǔ yáng shā
P	类聚群分	lèi jù qún fēn
P	粉墨登场	fěn mò dēng chǎng
P	粉妆玉琢	fěn zhuāng yù zhuó
P	粉妆玉砌	fěn zhuāng yù qì
P	粉白黛绿	fěn bái dài lǜ
P	粉装玉琢	fěn zhuāng yù zhuó
P	粉身灰骨	fěn shēn huī gǔ
P	粉身碎骨	fěn shēn suì gǔ
P	粉雕玉琢	fěn diāo yù zhuó
P	粉面朱唇	fěn miàn zhū chún
P	粉面油头	fěn miàn yóu tóu
P	粉骨捐躯	fěn gǔ juān qū
P	粉骨碎身	fěn gǔ suì shēn
P	粉骨糜身	fěn gǔ mí shēn
P	粉骨糜躯	fěn gǔ mí qū
P	粗中有细	cū zhōng yǒu xì
P	粗心大意	cū xīn dà yì
P	粗手笨脚	cū shǒu bèn jiǎo
P	粗服乱头	cū fú luàn tóu
P	粗枝大叶	cū zhī dà yè
P	粗衣恶食	cū yī è shí
P	粗衣粝食	cū yī lì shí
P	粗袍粝食	cū páo lì shí
P	粗风暴雨	cū fēng bào yǔ
P	粘皮带骨	zhān pí dài gǔ
P	粜风卖雨	tiào fēng mài yǔ
P	粝食粗衣	lì shí cū yī
P	粟红贯朽	sù hóng guàn xiǔ
P	粥少僧多	zhōu shǎo sēng duō
P	粥粥无能	zhōu zhōu wú néng
P	粪土不如	fèn tú bù rú
P	粮多草广	liáng duō cǎo guǎng
P	粮尽援绝	liáng jìn yuán jué
P	粮食作物	liáng shí zuò wù
P	粲然可观	càn rán kě guān
P	粲花之论	càn huā zhī lùn
P	精兵强将	jīng bīng qiáng jiàng
P	精卫填海	jīng wèi tián hǎi
P	精强力壮	jīng qiáng lì zhuàng
P	精打细算	jīng dǎ xì suàn
P	精明强干	jīng míng qiáng gàn
P	精明能干	jīng míng néng gàn
P	精疲力尽	jīng pí lì jìn
P	精神不振	jīng shén bú zhèn
P	精神头儿	jīng shén tóu er
P	精神抖擞	jīng shén dǒu sǒu
P	精神焕发	jīng shén huàn fā
P	精神衰弱	jīng shén shuāi ruò
P	精诚团结	jīng chéng tuán jié
P	精采秀发	jīng cǎi xiù fā
P	糊口度日	hú kǒu dù rì
P	糊糊涂涂	hū hū tú tú
P	糊里糊涂	hú lǐ hú tú
P	糖衣炮弹	táng yī pào dàn
P	糜躯碎首	mí qū suì shǒu
P	糟糠之妻	zāo kāng zhī qī
P	糠豆不赡	kāng dòu bù shàn
P	系统工程	xì tǒng gōng chéng
P	系风捕影	xì fēng bǔ yǐng
P	系风捕景	xì fēng bǔ jǐng
P	系马埋轮	xì mǎ mái lún
P	素不相能	sù bù xiāng néng
P	素不相识	sù bù xiāng shí
P	素丝羔羊	sù sī gāo yáng
P	素车白马	sù chē bái mǎ
P	素隐行怪	sù yǐn xíng guài
P	索隐行怪	suǒ yǐn xíng guài
P	紧打慢敲	jǐn dǎ màn qiāo
P	紧要关头	jǐn yào guān tóu
P	紧跟不舍	jǐn gēn bú shè
P	紧追不舍	jǐn zhuī bù shě
P	紫花苜蓿	zǐ huā mù xu
P	累世不仕	lěi shì bú shì
P	累卵之危	lěi luǎn zhī wēi
P	累及无辜	lěi jí wú gū
P	累土聚沙	lěi tǔ jù shā
P	累土至山	lěi tǔ zhì shān
P	累块积苏	lěi kuài jī sū
P	累屋重架	lěi wū chóng jià
P	累建奇功	lěi jiàn qí gōng
P	累教不改	lěi jiào bù gǎi
P	累月经年	lěi yuè jīng nián
P	累死累活	lèi sǐ lèi huó
P	累牍连篇	lěi dú lián piān
P	累瓦结绳	lěi wǎ jié shéng
P	累累作案	lěi lěi zuò àn
P	累累失误	lěi lěi shī wù
P	累累如珠	lěi lěi rú zhū
P	累苏积块	lěi sū jī kuài
P	累足成步	lěi zú chéng bù
P	絮絮叨叨	xù xù dāo dāo
P	綦溪利跂	qí xī lì qí
P	繁刑重赋	fán xíng zhòng fù
P	繁华损枝	fán huá sǔn zhī
P	繁弦急管	fán xián jí guǎn
P	繁征博引	fán zhēng bó yǐn
P	繁文末节	fán wén mò jié
P	繁文缛礼	fán wén rù lǐ
P	繁文缛节	fán wén rù jié
P	繁枝细节	fán zhī xì jié
P	繁花似锦	fán huā sì jǐn
P	繁荣兴旺	fán róng xīng wàng
P	繁荣富强	fán róng fù qiáng
P	繁荣昌盛	fán róng chāng shèng
P	纠合之众	jiū hé zhī zhòng
P	纠缠不清	jiū chán bù qīng
P	纡尊降贵	yū zūn jiàng guì
P	纡朱怀金	yū zhū huái jīn
P	纡朱拖紫	yū zhū tuō zǐ
P	纡朱曳紫	yū zhū yè zǐ
P	红不棱登	hóng bù lēng dēng
P	红光满面	hóng guāng mǎn miàn
P	红十字会	hóng shí zì huì
P	红口白牙	hóng kǒu bái yá
P	红叶题诗	hóng yè tí shī
P	红头文件	hóng tóu wén jiàn
P	红得发紫	hóng de fā zǐ
P	红情绿意	hóng qíng lǜ yì
P	红愁绿惨	hóng chóu lǜ cǎn
P	红斑狼疮	hóng bān láng chuāng
P	红新月会	hóng xīn yuè huì
P	红旗报捷	hóng qí bào jié
P	红日三竿	hóng rì sān gān
P	红杏出墙	hóng xìng chū qiáng
P	红男绿女	hóng nán lǜ nǚ
P	红白喜事	hóng bái xǐ shì
P	红粉青楼	hóng fěn qīng lóu
P	红紫乱朱	hóng zǐ luàn zhū
P	红红绿绿	hóng hóng lǜ lǜ
P	红绳系足	hóng shéng jì zú
P	红腐贯朽	hóng fǔ guàn xiǔ
P	红衣主教	hóng yī zhǔ jiào
P	红衰翠减	hóng shuāi cuì jiǎn
P	红豆相思	hóng dòu xiāng sī
P	红颜薄命	hóng yán bó mìng
P	红飞翠舞	hóng fēi cuì wǔ
P	纤介之失	xiān jiè zhī shī
P	纤尘不染	xiān chén bù rǎn
P	纤悉无遗	xiān xī wú yí
P	纤芥之疾	xiān jiè zhī jí
P	约定俗成	yuē dìng sú chéng
P	约法三章	yuē fǎ sān zhāng
P	纨绔子弟	wán kù zǐ dì
P	纨袴子弟	wán kù zǐ dì
P	纨袴膏粱	wán kù gāo liáng
P	纪纲人论	jì gāng rén lún
P	纪群之交	jì qún zhī jiāo
P	纯一不杂	chún yī bù zá
P	纯属骗局	chún shǔ piàn jú
P	纯正无邪	chún zhèng wú xié
P	纲提领挈	gāng tí lǐng qiè
P	纲目不疏	gāng mù bù shū
P	纲纪废弛	gāng jì fèi chí
P	纳垢藏污	nà gòu cáng wū
P	纳新吐故	nà xīn tǔ gù
P	纳贡称臣	nà gòng chēng chén
P	纵曲枉直	zòng qǔ wǎng zhí
P	纵横交贯	zòng héng jiāo guàn
P	纵横交错	zòng héng jiāo cuò
P	纵横天下	zòng héng tiān xià
P	纵横开合	zòng héng kāi hé
P	纵横开阖	zòng héng kāi hé
P	纵横捭阖	zòng héng bǎi hé
P	纵横驰骋	zòng héng chí chěng
P	纵虎出柙	zòng hǔ chū xiá
P	纵虎归山	zòng hǔ guī shān
P	纵风止燎	zòng fēng zhǐ liáo
P	纶巾羽扇	guān jīn yǔ shàn
P	纶音佛语	lún yīn fó yǔ
P	纷红骇绿	fēn hóng hài lǜ
P	纷纭杂沓	fēn yún zá tà
P	纷纷不一	fēn fēn bù yī
P	纷至沓来	fēn zhì tà lái
P	纸上谈兵	zhǐ shàng tán bīng
P	纸短情长	zhǐ duǎn qíng cháng
P	纸落云烟	zhǐ luò yún yān
P	纹丝不动	wén sī bù dòng
P	纺织工业	fǎng zhī gōng yè
P	组合家具	zǔ hé jiā jù
P	组织关系	zǔ zhī guān xì
P	组织得当	zǔ zhī dé dàng
P	组织生活	zǔ zhī shēng huó
P	组织路线	zǔ zhī lù xiàn
P	细嚼慢咽	xì jiáo màn yàn
P	细大不捐	xì dà bù juān
P	细大不逾	xì dà bù yú
P	细微末节	xì wēi mò jié
P	细枝末节	xì zhī mò jié
P	细水长流	xì shuǐ cháng liú
P	细菌炸弹	xì jùn zhà dàn
P	细高挑儿	xì gāo tiǎo ér
P	织当访婢	zhī dāng fǎng bì
P	织楚成门	zhī chǔ chéng mén
P	织白守黑	zhī bái shǒu hēi
P	终其天年	zhōng qí tiān nián
P	终南捷径	zhōng nán jié jìng
P	终始不渝	zhōng shǐ bù yú
P	终始若一	zhōng shǐ ruò yī
P	终成泡影	zhōng chéng pào yǐng
P	终身大事	zhōng shēn dà shì
P	终身教育	zhōng shēn jiào yù
P	经久不息	jīng jiǔ bù xī
P	经久不衰	jīng jiǔ bù shuāi
P	经国大业	jīng guó dà yè
P	经天纬地	jīng tiān wěi dì
P	经年累月	jīng nián lěi yuè
P	经明行修	jīng míng xíng xiū
P	经济之才	jīng jì zhī cái
P	经济合同	jīng jì hé tóng
P	经济基础	jīng jì jī chǔ
P	经济效益	jīng jì xiào yì
P	经济杠杆	jīng jì gàng gǎn
P	经济特区	jīng jì tè qū
P	经济犯罪	jīng jì fàn zuì
P	经济规律	jīng jì guī lǜ
P	经纬万端	jīng wěi wàn duān
P	经纶济世	jīng lún jì shì
P	经纶满腹	jīng lún mǎn fù
P	经邦论道	jīng bāng lùn dào
P	结不解缘	jié bù jiě yuán
P	结党营私	jié dǎng yíng sī
P	结发夫妻	jié fà fū qī
P	结婚证书	jié hūn zhèng shū
P	结核杆菌	jié hé gǎn jūn
P	结结巴巴	jiē jiē bā bā
P	结绳而治	jié shéng ér zhì
P	结缔组织	jié dì zǔ zhī
P	结舌杜口	jié shé dù kǒu
P	结草衔环	jié cǎo xián huán
P	结驷连骑	jié sì lián qí
P	给水工程	jǐ shuǐ gōng chéng
P	绚丽多姿	xuàn lì duō zī
P	绚丽多彩	xuàn lì duō cǎi
P	络绎不绝	luò yì bù jué
P	络腮胡子	luò sāi hú zi
P	绝其本根	jué qí běn gēn
P	绝口不道	jué kǒu bù dào
P	绝处逢生	jué chù féng shēng
P	绝妙好辞	jué miào hǎo cí
P	绝子绝孙	jué zǐ jué sūn
P	绝对真理	jué duì zhēn lǐ
P	绝少分甘	jué shǎo fēn gān
P	绝无仅有	jué wú jǐn yǒu
P	绝甘分少	jué gān fēn shǎo
P	绝长继短	jué cháng jì duǎn
P	绝长续短	jué cháng xù duǎn
P	绝长补短	jué cháng bǔ duǎn
P	绞尽脑汁	jiǎo jìn nǎo zhī
P	绣花枕头	xiù huā zhěn tóu
P	继晷焚膏	jì guǐ fén gāo
P	继续教育	jì xù jiào yù
P	绨袍之义	tì páo zhī yì
P	绰有余裕	chuò yǒu yú yù
P	绰约多姿	chuò yuē duō zī
P	绰绰有余	chuò chuò yǒu yú
P	绰绰有裕	chuò chuò yǒu yù
P	绳其祖武	shéng qí zǔ wǔ
P	绳床瓦灶	shéng chuáng wǎ zào
P	绳愆纠缪	shéng qiān jiū miù
P	绳趋尺步	shéng qū chǐ bù
P	维妙维肖	wéi miào wéi xiào
P	绵力薄材	mián lì bó cái
P	绵延不断	mián yán bù duàn
P	绵绵不断	mián mián bù duàn
P	绵绵不绝	mián mián bù jué
P	绵言细语	mián yán xì yǔ
P	绵里薄材	mián lǐ bó cái
P	绵里藏针	mián lǐ cáng zhēn
P	绷巴吊拷	bēng bā diào kǎo
P	绷扒吊拷	bēng bā diào kǎo
P	绷爬吊拷	bēng pá diào kǎo
P	绸缪帷幄	chóu móu wéi wò
P	绸缪束薪	chóu móu shù xīn
P	综合国力	zōng hé guó lì
P	综合治理	zōng hé zhì lǐ
P	综核名实	zōng hé míng shí
P	绿叶成荫	lǜ yè chéng yīn
P	绿叶成阴	lǜ yè chéng yīn
P	绿女红男	lǜ nǚ hóng nán
P	绿惨红愁	lǜ cǎn hóng chóu
P	绿惨红销	lǜ cǎn hóng xiāo
P	绿暗红稀	lǜ àn hóng xī
P	绿林大盗	lǜ lín dà dào
P	绿林好汉	lù lín hǎo hàn
P	绿林强盗	lù lín qiáng dào
P	绿林豪士	lù lín háo shì
P	绿林豪客	lù lín háo kè
P	绿林豪杰	lù lín háo jié
P	绿水青山	lǜ shuǐ qīng shān
P	绿肥红瘦	lǜ féi hóng shòu
P	绿色通道	lǜ sè tōng dào
P	绿草如茵	lǜ cǎo rú yīn
P	绿蓑青笠	lǜ suō qīng lì
P	绿衣使者	lǜ yī shǐ zhě
P	绿衣黄里	lǜ yī huáng lǐ
P	绿酒红灯	lǜ jiǔ hóng dēng
P	绿鬓朱颜	lǜ bìn zhū yán
P	绿鬓红颜	lǜ bìn hóng yán
P	缄口不言	jiān kǒu bù yán
P	缄口结舌	jiān kǒu jié shé
P	缊褐瓢箪	yùn hè piáo dān
P	缓不济急	huǎn bù jì jí
P	缓急相济	huǎn jí xiāng jì
P	缓急轻重	huǎn jí qīng zhòng
P	缓步代车	huǎn bù dài chē
P	缘情体物	yuán qíng tǐ wù
P	缝缝连连	féng féng lián lián
P	缝衣浅带	féng yī qiǎn dài
P	缝补衣服	féng bǔ yī fú
P	缠夹不清	chán jiā bù qīng
P	缠绵蕴藉	chán mián yùn jiè
P	缩地补天	suō dì bǔ tiān
P	缩头缩脑	suō tóu suō nǎo
P	缩头缩颈	suō tóu suō jǐng
P	缩成一团	suō chéng yī tuán
P	缩手缩脚	suō shǒu suō jiǎo
P	缩衣啬食	suō yī sè shí
P	缩衣节口	suō yī jié kǒu
P	缩衣节食	suō yī jié shí
P	缪种流传	miù zhǒng liú chuán
P	缺一不可	quē yī bù kě
P	缺吃少穿	quē chī shǎo chuān
P	缺心少肺	quē xīn shǎo fèi
P	缺斤少两	quē jīn shǎo liǎng
P	缺衣少食	quē yī shǎo shí
P	缺食无衣	quē shí wú yī
P	罄竹难书	qìng zhú nán shū
P	网络游戏	wǎng luò yóu xì
P	网络电话	wǎng luò diàn huà
P	网络营销	wǎng luò yíng xiāo
P	网络警察	wǎng luò jǐng chá
P	罔知所措	wǎng zhī suǒ cuò
P	罕言寡语	hǎn yán guǎ yǔ
P	罗圈儿揖	luó quān ér yī
P	罗圈儿腿	luó quān er tuǐ
P	罗掘一空	luó jué yī kōng
P	罗敷有夫	luó fū yǒu fū
P	罗织构陷	luó zhī gòu xiàn
P	罗织罪名	luó zhī zuì míng
P	罗雀掘鼠	luó què jué shǔ
P	罚不当罪	fá bù dāng zuì
P	罚不责众	fá bù zé zhòng
P	罢黜百家	bà chù bǎi jiā
P	罪不可逭	zuì bù kě huàn
P	罪不容诛	zuì bù róng zhū
P	罪不胜诛	zuì bù shèng zhū
P	罪业深重	zuì yè shēn zhòng
P	罪人不孥	zuì rén bù nú
P	罪大恶极	zuì dà è jí
P	罪孽深重	zuì niè shēn zhòng
P	罪应万死	zuì yīng wàn sǐ
P	罪当万死	zuì dāng wàn sǐ
P	罪恶昭彰	zuì è zhāo zhāng
P	罪恶昭著	zuì è zhāo zhù
P	罪恶滔天	zuì è tāo tiān
P	罪恶贯盈	zuì è guàn yíng
P	罪有应得	zuì yǒu yīng dé
P	罪有攸归	zuì yǒu yōu guī
P	罪行累累	zuì xíng lěi lèi
P	罪该万死	zuì gāi wàn sǐ
P	罪责难逃	zuì zé nán táo
P	罪逆深重	zuì nì shēn zhòng
P	置之不理	zhì zhī bù lǐ
P	置之不顾	zhì zhī bù gù
P	置之度外	zhì zhī dù wài
P	置之死地	zhì zhī sǐ dì
P	置于死地	zhì yú sǐ dì
P	置若罔闻	zhì ruò wǎng wén
P	置锥之地	zhì zhuī zhī dì
P	羊入虎群	yáng rù hǔ qún
P	羊狠狼贪	yáng hěn láng tān
P	羊续悬鱼	yáng xù xuán yú
P	羊羔美酒	yáng gāo měi jiǔ
P	羊肠九曲	yáng cháng jiǔ qǔ
P	羊肠小道	yáng cháng xiǎo dào
P	羊肠鸟道	yáng cháng niǎo dào
P	羊落虎口	yáng luò hǔ kǒu
P	羊触藩篱	yáng chù fān lí
P	羊质虎皮	yáng zhì hǔ pí
P	美不胜收	měi bù shèng shōu
P	美中不足	měi zhōng bù zú
P	美其名曰	měi qí míng yuē
P	美女簪花	měi nǚ zān huā
P	美如冠玉	měi rú guān yù
P	美景良辰	měi jǐng liáng chén
P	美猴儿王	měi hóu er wáng
P	美言不信	měi yán bù xìn
P	羚羊挂角	líng yáng guà jiǎo
P	羝羊触藩	dī yáng chù fān
P	羞与为伍	xiū yǔ wéi wǔ
P	羞与哙伍	xiū yǔ kuài wǔ
P	羞人答答	xiū rén dā dā
P	羞羞答答	xiū xiū dā dā
P	羞面见人	xiū miàn jiàn rén
P	群众关系	qún zhòng guān xì
P	群众组织	qún zhòng zǔ zhī
P	群口相声	qún kǒu xiàng shēng
P	群居穴处	qún jū xué chǔ
P	群空冀北	qún kōng jì běi
P	群而不党	qún ér bù dǎng
P	群蚁溃堤	qún yǐ kuì dī
P	群蚁附膻	qún yǐ fù shān
P	群轻折轴	qún qīng zhé zhóu
P	群雌粥粥	qún cí yù yù
P	群鸿戏海	qún hóng xì hǎi
P	羲皇上人	xī huáng shàng rén
P	羹藜唅糗	gēng lí hán qiǔ
P	羽扇纶巾	yǔ shàn guān jīn
P	羿射九日	yì shè jiǔ rì
P	翘足引领	qiáo zú yǐn lǐng
P	翘足而待	qiáo zú ér dài
P	翘首企足	qiáo shǒu qǐ zú
P	翘首引领	qiáo shǒu yǐn lǐng
P	翠消红减	cuì xiāo hóng jiǎn
P	翩翩少年	piān piān shào nián
P	翩翩年少	piān piān nián shǎo
P	翩翩风度	piān piān fēng dù
P	翩若惊鸿	piān ruò jīng hóng
P	翻云覆雨	fān yún fù yǔ
P	翻唇弄舌	fān chún nòng shé
P	翻天作地	fān tiān zuò dì
P	翻天覆地	fān tiān fù dì
P	翻山越岭	fān shān yuè lǐng
P	翻江倒海	fān jiāng dǎo hǎi
P	翻空出奇	fān kōng chū qí
P	翻箱倒柜	fān xiāng dǎo guì
P	翻箱倒笼	fān xiāng dǎo lóng
P	翻肠倒肚	fān cháng dǎo dù
P	翻肠搅肚	fān cháng jiǎo dù
P	翻黄倒皁	fān huáng dǎo zào
P	翻黄倒皂	fān huáng dǎo zào
P	老之将至	lǎo zhī jiāng zhì
P	老大无成	lǎo dà wú chéng
P	老天拔地	lǎo tiān bá dì
P	老妪能解	lǎo yù néng jiě
P	老婆当军	lǎo pó dāng jūn
P	老少边穷	lǎo shào biān qióng
P	老师宿儒	lǎo shī xiǔ rú
P	老弱病残	lǎo ruò bìng cán
P	老当益壮	lǎo dāng yì zhuàng
P	老成持重	lǎo chéng chí zhòng
P	老成见到	lǎo chéng jiàn dào
P	老有所终	lǎo yǒu suǒ zhōng
P	老朽无能	lǎo xiǔ wú néng
P	老气横秋	lǎo qì héng qiū
P	老泪纵横	lǎo lèi zòng héng
P	老牛破车	lǎo niú pò chē
P	老白干儿	lǎo bái gān ér
P	老着脸皮	lǎo zhe liǎn pí
P	老老少少	lǎo lǎo shào shào
P	老而不死	lǎo ér bù sǐ
P	老莱娱亲	lǎo lái yú qīn
P	老蚌珠胎	lǎo bàng zhū tāi
P	老蚌生珠	lǎo bàng shēng zhū
P	老调重弹	lǎo diào chóng tán
P	老调重谈	lǎo diào chóng tán
P	老马识途	lǎo mǎ shí tú
P	老鼠过街	lǎo shǔ guò jiē
P	耆年硕德	qí nián shuò dé
P	耆德硕老	qí dé shuò lǎo
P	耐人咀嚼	nài rén jǔ jué
P	耕云播雨	gēng yún bō yǔ
P	耕当问奴	gēng dāng wèn nú
P	耳后生风	ěr hòu shēng fēng
P	耳听八方	ěr tīng bā fāng
P	耳提面命	ěr tí miàn mìng
P	耳根清净	ěr gēn qīng jìng
P	耳熏目染	ěr xūn mù rǎn
P	耳熟能详	ěr shú néng xiáng
P	耳目闭塞	ěr mù bì sāi
P	耳红面赤	ěr hóng miàn chì
P	耳视目食	ěr shì mù shí
P	耳闻目见	ěr wén mù jiàn
P	耳食之言	ěr shí zhī yán
P	耳食之论	ěr shí zhī lùn
P	耳食之谈	ěr shí zhī tán
P	耳鬓厮磨	ěr bìn sī mó
P	耳鬓撕磨	ěr bìn sī mó
P	耳鬓斯磨	ěr bìn sī mó
P	耸肩曲背	sǒng jiān qū bèi
P	耸肩缩背	sǒng jiān suō bèi
P	耻与哙伍	chǐ yǔ kuài wǔ
P	耻居王后	chǐ jū wáng hòu
P	耻言人过	chǐ yán rén guò
P	聊以卒岁	liáo yǐ zú suì
P	聊以塞责	liáo yǐ sè zé
P	聊以解嘲	liáo yǐ jiě cháo
P	职业大学	zhí yè dà xué
P	职业教育	zhí yè jiào yù
P	职务工资	zhí wù gōng zī
P	联合战线	lián hé zhàn xiàn
P	联合政府	lián hé zhèng fǔ
P	联席会议	lián xí huì yì
P	联篇累牍	lián piān lěi dú
P	聚变反应	jù biàn fǎn yìng
P	聚少成多	jù shǎo chéng duō
P	聚沙成塔	jù shā chéng tǎ
P	聚米为山	jù mǐ wéi shān
P	聚米为谷	jù mǐ wéi gǔ
P	聚精会神	jù jīng huì shén
P	聚酰亚胺	jù xiān yà àn
P	聪明智能	cōng míng zhì néng
P	聪明正直	cōng míng zhèng zhí
P	聱牙诘屈	áo yá jié qū
P	聱牙诘曲	áo yá jié qū
P	肆意妄为	sì yì wàng wéi
P	肆意横行	sì yì héng xíng
P	肆无忌惮	sì wú jì dàn
P	肆虐横行	sì nüè héng xíng
P	肆行无忌	sì xíng wú jì
P	肉眼凡夫	ròu yǎn fán fū
P	肉薄骨并	ròu bó gǔ bìng
P	肉袒牵羊	ròu tǎn qiān yáng
P	肉跳心惊	ròu tiào xīn jīng
P	肉跳神惊	ròu tiào shén jīng
P	肉颤心惊	ròu chàn xīn jīng
P	肉食者鄙	ròu shí zhě bǐ
P	肌劈理解	jī pī lǐ jiě
P	肘行膝步	zhǒu xíng xī bù
P	肚脐眼儿	dù qí yǎn er
P	肚里泪下	dù lǐ lèi xià
P	肚里蛔虫	dù lǐ huí chóng
P	肝心涂地	gān xīn tú dì
P	肝心若裂	gān xīn ruò liè
P	肝胆涂地	gān dǎn tú dì
P	肝胆相照	gān dǎn xiāng zhào
P	肝胆过人	gān dǎn guò rén
P	肝脑涂地	gān nǎo tú dì
P	股份公司	gǔ fèn gōng sī
P	股掌之上	gǔ zhǎng zhī shàng
P	肤受之愬	fū shòu zhī sù
P	肤寸而合	fū cùn ér hé
P	肤皮潦草	fū pí liáo cǎo
P	肤见謭识	fū jiàn jiǎn shí
P	肤见谫识	fū jiàn jiǎn shí
P	肥头大耳	féi tóu dà ěr
P	肥头大面	féi tóu dà miàn
P	肥头胖耳	féi tóu pàng ěr
P	肥鱼大肉	féi yú dà ròu
P	肩从齿序	jiān cóng chǐ xù
P	肩劳任怨	jiān láo rèn yuàn
P	肩摩毂击	jiān mó gǔ jī
P	肩摩毂接	jiān mó gǔ jiē
P	肩摩袂接	jiān mó mèi jiē
P	肩摩踵接	jiān mó zhǒng jiē
P	肩背相望	jiān bèi xiāng wàng
P	肩背难望	jiān bèi nán wàng
P	肺石风清	fèi shí fēng qīng
P	胁不沾席	xié bù zhān xí
P	胁肩累足	xié jiān lěi zú
P	胁肩絫足	xié jiān lěi zú
P	胆丧魂惊	dǎn sàng hún jīng
P	胆丧魂消	dǎn sàng hún xiāo
P	胆大于身	dǎn dà yú shēn
P	胆大包天	dǎn dà bāo tiān
P	胆大如斗	dǎn dà rú dǒu
P	胆大妄为	dǎn dà wàng wéi
P	胆大心小	dǎn dà xīn xiǎo
P	胆大心粗	dǎn dà xīn cū
P	胆大心细	dǎn dà xīn xì
P	胆大心雄	dǎn dà xīn xióng
P	胆大泼天	dǎn dà pō tiān
P	胆寒发竖	dǎn hán fā shù
P	胆裂魂飞	dǎn liè hún fēi
P	胆颤心惊	dǎn chàn xīn jīng
P	背义忘恩	bèi yì wàng ēn
P	背义负信	bèi yì fù xìn
P	背义负恩	bèi yì fù ēn
P	背乡离井	bèi xiāng lí jǐng
P	背井离乡	bèi jǐng lí xiāng
P	背信弃义	bèi xìn qì yì
P	背公向私	bèi gōng xiàng sī
P	背公营私	bèi gōng yíng sī
P	背前面后	bèi qián miàn hòu
P	背城一战	bèi chéng yī zhàn
P	背城借一	bèi chéng jiè yī
P	背山起楼	bèi shān qǐ lóu
P	背恩弃义	bèi ēn qì yì
P	背恩忘义	bèi ēn wàng yì
P	背恩负义	bèi ēn fù yì
P	背惠食言	bèi huì shí yán
P	背暗投明	bèi àn tóu míng
P	背曲腰弯	bèi qǔ yāo wān
P	背曲腰躬	bèi qǔ yāo gōng
P	背本就末	bèi běn jiù mò
P	背本趋末	bèi běn qū mò
P	背水一战	bèi shuǐ yī zhàn
P	背生芒刺	bèi shēng máng cì
P	背盟败约	bèi méng bài yuē
P	背碑覆局	bèi bēi fù jú
P	背腹受敌	bèi fù shòu dí
P	背若芒刺	bèi ruò máng cì
P	背道而驰	bèi dào ér chí
P	胜任愉快	shèng rèn yú kuài
P	胡作乱为	hú zuò luàn wéi
P	胡作胡为	hú zuò hú wéi
P	胡作非为	hú zuò fēi wéi
P	胡吃海喝	hú chī hǎi hē
P	胡天胡地	hú tiān hú dì
P	胡子拉碴	hú zǐ lā chā
P	胡子茬儿	hú zi chá er
P	胡思乱想	hú sī luàn xiǎng
P	胡思乱量	hú sī luàn liàng
P	胡打海摔	hú dǎ hǎi shuāi
P	胡拉乱扯	hú lā luàn chě
P	胡支扯叶	hú zhī chě yè
P	胡服骑射	hú fú qí shè
P	胡枝扯叶	hú zhī chě yè
P	胡椒面儿	hú jiāo miàn er
P	胡行乱为	hú xíng luàn wéi
P	胡言乱语	hú yán luàn yǔ
P	胡言汉语	hú yán hàn yǔ
P	胡诌乱说	hú zhōu luàn shuō
P	胡说乱道	hú shuō luàn dào
P	胡说八道	hú shuō bā dào
P	胡说白道	hú shuō bái dào
P	胡越一家	hú yuè yī jiā
P	胡越同舟	hú yuè tóng zhōu
P	胫大于股	jìng dà yú gǔ
P	胳膊肘儿	gē bó zhǒu er
P	胳膊肘子	gē bó zhǒu zǐ
P	胳膊腕子	gē bó wàn zǐ
P	胶柱调瑟	jiāo zhù tiáo sè
P	胶鬲之困	jiāo gé zhī kùn
P	胸中万卷	xiōng zhōng wàn juàn
P	胸中垒块	xiōng zhōng lěi kuài
P	胸中无数	xiōng zhōng wú shù
P	胸中有数	xiōng zhōng yǒu shù
P	胸中甲兵	xiōng zhōng jiǎ bīng
P	胸中鳞甲	xiōng zhōng lín jiǎ
P	胸怀大志	xiōng huái dà zhì
P	胸怀磊落	xiōng huái lěi luò
P	胸无大志	xiōng wú dà zhì
P	胸无宿物	xiōng wú sù wù
P	胸有丘壑	xiōng yǒu qiū hè
P	胸有城府	xiōng yǒu chéng fǔ
P	胸有悬镜	xiōng yǒu xuán jìng
P	胸有成略	xiōng yǒu chéng lüè
P	胸有成竹	xiōng yǒu chéng zhú
P	胸有成算	xiōng yǒu chéng suàn
P	胸有邱壑	xiōng yǒu qiū hè
P	胸有鳞甲	xiōng yǒu lín jiǎ
P	胸闷难受	xiōng mēn nán shòu
P	能上能下	néng shàng néng xià
P	能不称官	néng bù chèn guān
P	能伸能屈	néng shēn néng qū
P	能写会算	néng xiě huì suàn
P	能屈能伸	néng qū néng shēn
P	能工巧匠	néng gōng qiǎo jiàng
P	能征惯战	néng zhēng guàn zhàn
P	能掐会算	néng qiā huì suàn
P	能文能武	néng wén néng wǔ
P	能牙利齿	néng yá lì chǐ
P	能者为师	néng zhě wéi shī
P	能者多劳	néng zhě duō láo
P	能言善辩	néng yán shàn biàn
P	能言巧辩	néng yán qiǎo biàn
P	能言快语	néng yán kuài yǔ
P	能言快说	néng yán kuài shuō
P	能说会道	néng shuō huì dào
P	能说惯道	néng shuō guàn dào
P	能谋善断	néng móu shàn duàn
P	能近取譬	néng jìn qǔ pì
P	脂膏不润	zhī gāo bù rùn
P	脂膏莫润	zhī gāo mò rùn
P	脆而不坚	cuì ér bù jiān
P	脉动电流	mài dòng diàn liú
P	脉脉含情	mò mò hán qíng
P	脉脉相通	mài mài xiāng tōng
P	脊椎动物	jǐ zhuī dòng wù
P	脏污狼藉	zāng wū láng jí
P	脑体倒挂	nǎo tǐ dào guà
P	脑袋瓜儿	nǎo dài guā er
P	脚不沾地	jiǎo bù zhān dì
P	脚不点地	jiǎo bù diǎn dì
P	脚心朝天	jiǎo xīn cháo tiān
P	脚踏实地	jiǎo tà shí dì
P	脱壳金蝉	tuō ké jīn chán
P	脱手弹丸	tuō shǒu dàn wán
P	脱白挂绿	tuō bái guà lǜ
P	脱胎换骨	tuō tāi huàn gǔ
P	脱颖囊锥	tuō yǐng náng zhuī
P	脸红筋暴	liǎn hóng jīn bào
P	脸红筋涨	liǎn hóng jīn zhǎng
P	脸红耳热	liǎn hóng ěr rè
P	脸红耳赤	liǎn hóng ěr chì
P	脾气很拗	pí qì hěn niù
P	腊尽春回	là jìn chūn huí
P	腥闻在上	xīng wén zài shàng
P	腥风血雨	xīng fēng xuè yǔ
P	腥风醎雨	xīng fēng xián yǔ
P	腰缠万贯	yāo chán wàn guàn
P	腰肌劳损	yāo jī láo sǔn
P	腰酸背痛	yāo suān bèi tòng
P	腰鼓兄弟	yāo gǔ xiōng dì
P	腹中兵甲	fù zhōng bīng jiǎ
P	腹心相照	fù xīn xiāng zhào
P	腹有鳞甲	fù yǒu lín jiǎ
P	腹背之毛	fù bèi zhī máo
P	腹背受敌	fù bèi shòu dí
P	腹载五车	fù zài wǔ chē
P	腹饱万言	fù bǎo wàn yán
P	腼颜事仇	miǎn yán shì chóu
P	腾空而起	téng kōng ér qǐ
P	膀大腰圆	bǎng dà yāo yuán
P	膏唇岐舌	gào chún qí shé
P	膏唇拭舌	gāo chún shì shé
P	膏唇试舌	gāo chún shì shé
P	膏唇贩舌	gào chún fàn shé
P	膏场绣浍	gāo cháng xiù kuài
P	膏梁纨袴	gāo liáng wán kù
P	膏梁锦绣	gāo liáng jǐn xiù
P	膏泽脂香	gāo zé zhī xiāng
P	膏火之费	gāo huǒ zhī fèi
P	膏火自煎	gāo huǒ zì jiān
P	膏粱子弟	gāo liáng zǐ dì
P	膏粱年少	gāo liáng nián shào
P	膏粱文绣	gāo liáng wén xiù
P	膏粱纨袴	gāo liáng wán kù
P	膏粱锦绣	gāo liáng jǐn xiù
P	膏肓之疾	gāo huāng zhī jí
P	膏腴之地	gāo yú zhī dì
P	膏腴子弟	gāo yú zǐ dì
P	膏腴贵游	gāo yú guì yóu
P	膏车秣马	gào chē mò mǎ
P	膘肥体壮	biāo féi tǐ zhuàng
P	膝痒搔背	xī yǎng sāo bèi
P	膝行匍伏	xī xíng pú fú
P	膝行而前	xī xíng ér qián
P	膝行肘步	xī xíng zhǒu bù
P	膝行蒲伏	xī xíng pú fú
P	膝语蛇行	xī yǔ shé xíng
P	膨胀系数	péng zhàng xì shù
P	臂有四肘	bì yǒu sì zhǒu
P	臧否人物	zāng pǐ rén wù
P	臧穀亡羊	zāng gǔ wáng yáng
P	臧谷亡羊	zāng gǔ wáng yáng
P	自上而下	zì shàng ér xià
P	自下而上	zì xià ér shàng
P	自不待言	zì bù dài yán
P	自不量力	zì bù liàng lì
P	自业自得	zì yè zì dé
P	自为阶级	zì wèi jiē jí
P	自产自销	zì chǎn zì xiāo
P	自以为是	zì yǐ wéi shì
P	自作解人	zì zuò jiě rén
P	自信不疑	zì xìn bù yí
P	自出一家	zì chū yī jiā
P	自出机轴	zì chū jī zhóu
P	自力更生	zì lì gēng shēng
P	自动倒卷	zì dòng dào juǎn
P	自动倒带	zì dòng dào dài
P	自动步枪	zì dòng bù qiāng
P	自卖自夸	zì mài zì kuā
P	自厝同异	zì cuò tóng yì
P	自取其咎	zì qǔ qí jiù
P	自取其祸	zì qǔ qí huò
P	自取灭亡	zì qǔ miè wáng
P	自吹自擂	zì chuī zì léi
P	自命不凡	zì mìng bù fán
P	自圆其说	zì yuán qí shuō
P	自坏长城	zì huài cháng chéng
P	自学考试	zì xué kǎo shì
P	自寻短见	zì xún duǎn jiàn
P	自弃自暴	zì qì zì bào
P	自强不息	zì qiáng bù xī
P	自得其乐	zì dé qí lè
P	自怨自艾	zì yuàn zì yì
P	自愧不如	zì kuì bù rú
P	自成一体	zì chéng yī tǐ
P	自成一家	zì chéng yī jiā
P	自成体系	zì chéng tǐ xì
P	自我吹嘘	zì wǒ chuī xū
P	自我教育	zì wǒ jiào yù
P	自我标榜	zì wǒ biāo bǎng
P	自我解嘲	zì wǒ jiě cháo
P	自报家门	zì bào jiā mén
P	自暴自弃	zì bào zì qì
P	自有公论	zì yǒu gōng lùn
P	自来水笔	zì lái shuǐ bǐ
P	自流灌溉	zì liú guàn gài
P	自然经济	zì rán jīng jì
P	自甘堕落	zì gān duò luò
P	自甘暴弃	zì gān bào qì
P	自由体操	zì yóu tǐ cāo
P	自由市场	zì yóu shì chǎng
P	自由放任	zì yóu fàng rèn
P	自由王国	zì yóu wáng guó
P	自相惊忧	zì xiāng jīng yōu
P	自相惊扰	zì xiāng jīng rǎo
P	自相残害	zì xiāng cán hài
P	自相残杀	zì xiāng cán shā
P	自相水火	zì xiāng shuǐ huǒ
P	自相矛盾	zì xiāng máo dùn
P	自相鱼肉	zì xiāng yú ròu
P	自知之明	zì zhī zhī míng
P	自筹给养	zì chóu jǐ yǎng
P	自给自足	zì jǐ zì zú
P	自背黑锅	zì bèi hēi guō
P	自行其是	zì xíng qí shì
P	自行火炮	zì xíng huǒ pào
P	自视甚高	zì shì shèn gāo
P	自觉形秽	zì jué xíng huì
P	自觉自愿	zì jué zì yuàn
P	自言自语	zì yán zì yǔ
P	自讨没趣	zì tǎo méi qù
P	自诒伊戚	zì yí yī qī
P	自说自话	zì shuō zì huà
P	自负不凡	zì fù bù fán
P	自身难保	zì shēn nán bǎo
P	自选动作	zì xuǎn dòng zuò
P	自选商场	zì xuǎn shāng chǎng
P	自顾不暇	zì gù bù xiá
P	自食其力	zì shí qí lì
P	自食其果	zì shí qí guǒ
P	自食其言	zì shí qí yán
P	自高自大	zì gāo zì dà
P	自鸣得意	zì míng dé yì
P	臭不可当	chòu bù kě dāng
P	臭不可闻	chòu bù kě wén
P	臭名昭彰	chòu míng zhāo zhāng
P	臭名昭著	chòu míng zhāo zhù
P	臭名远扬	chòu míng yuǎn yáng
P	臭味相投	xiù wèi xiāng tóu
P	臭揍一顿	chòu zòu yí dùn
P	臭肉来蝇	chòu ròu lái yíng
P	至亲好友	zhì qīn hǎo yǒu
P	至亲骨肉	zhì qīn gǔ ròu
P	至大至刚	zhì dà zhì gāng
P	至当不易	zhì dàng bù yì
P	至死不变	zhì sǐ bù biàn
P	至死不悟	zhì sǐ bù wù
P	至死不渝	zhì sǐ bù yú
P	至矣尽矣	zhì yǐ jìn yǐ
P	至诚高节	zhì chéng gāo jié
P	至高无上	zhì gāo wú shàng
P	致远任重	zhì yuǎn rèn zhòng
P	臼头深目	jiù tóu shēn mù
P	舂容大雅	chōng róng dà yǎ
P	舆论哗然	yú lùn huá rán
P	舌挢不下	shé jiǎo bù xià
P	舌桥不下	shé qiáo bù xià
P	舍己为人	shě jǐ wèi rén
P	舍己为公	shě jǐ wèi gōng
P	舍己从人	shě jǐ cóng rén
P	舍我其谁	shě wǒ qí shuí
P	舍短取长	shě duǎn qǔ cháng
P	舍策追羊	shě cè zhuī yáng
P	舍身为国	shě shēn wéi guó
P	舍车保帅	shè jū bǎo shuài
P	舍近务远	shě jìn wù yuǎn
P	舍近即远	shě jìn jí yuǎn
P	舍近求远	shě jìn qiú yuǎn
P	舐皮论骨	shì pí lùn gǔ
P	舒头探脑	shū tóu tàn nǎo
P	舒筋活血	shū jīn huó xuè
P	舞弄文墨	wǔ nòng wén mò
P	舞文弄墨	wǔ wén nòng mò
P	舞文弄法	wǔ wén nòng fǎ
P	舞榭歌台	wǔ xiè gē tái
P	舞爪张牙	wǔ zhǎo zhāng yá
P	舞笔弄文	wǔ bǐ nòng wén
P	舞衫歌扇	wǔ shān gē shàn
P	舞裙歌扇	wǔ qún gē shàn
P	舞词弄札	wǔ cí nòng zhá
P	舟中敌国	zhōu zhōng dí guó
P	舟车劳顿	zhōu chē láo dùn
P	航空母舰	háng kōng mǔ jiàn
P	舳舻相继	zhú lú xiāng jì
P	船坚炮利	chuán jiān pào lì
P	良宵好景	liáng xiāo hǎo jǐng
P	良宵美景	liáng xiāo měi jǐng
P	良心发现	liáng xīn fā xiàn
P	良时美景	liáng shí měi jǐng
P	良知良能	liáng zhī liáng néng
P	良禽择木	liáng qín zé mù
P	良莠不一	liáng yǒu bù yī
P	良莠不分	liáng yǒu bù fēn
P	良莠不齐	liáng yǒu bù qí
P	良贾深藏	liáng gǔ shēn cáng
P	良辰媚景	liáng chén mèi jǐng
P	良辰美景	liáng chén měi jǐng
P	艰苦创业	jiān kǔ chuàng yè
P	艰苦备尝	jiān kǔ bèi cháng
P	艰苦奋斗	jiān kǔ fèn dòu
P	艰苦朴素	jiān kǔ pǔ sù
P	艰难困苦	jiān nán kùn kǔ
P	艰难曲折	jiān nán qū zhé
P	艰难玉成	jiān nán yù chéng
P	艰难竭蹶	jiān nán jié jué
P	艰难险阻	jiān nán xiǎn zǔ
P	色仁行违	sè rén xíng wéi
P	色厉内荏	sè lì nèi rěn
P	色厉胆薄	sè lì dǎn bó
P	色授魂与	sè shòu hún yǔ
P	色若死灰	sè ruò sǐ huī
P	色衰爱弛	sè shuāi ài chí
P	艳紫妖红	yàn zǐ yāo hóng
P	艴然不悦	fú rán bù yuè
P	艺不压身	yì bù yā shēn
P	艺术体操	yì shù tǐ cāo
P	艺高胆大	yì gāo dǎn dà
P	节制资本	jié zhì zī běn
P	节哀顺变	jié āi shùn biàn
P	节外生枝	jié wài shēng zhī
P	节用爱民	jié yòng ài mín
P	节用裕民	jié yòng yù mín
P	节肢动物	jié zhī dòng wù
P	节衣缩食	jié yī suō shí
P	芒刺在背	máng cì zài bèi
P	芒寒色正	máng hán sè zhèng
P	芙蓉并蒂	fú róng bìng dì
P	芟繁就简	shān fán jiù jiǎn
P	花不棱登	huā bù lēng dēng
P	花信年华	huā xìn nián huá
P	花天酒地	huā tiān jiǔ dì
P	花天锦地	huā tiān jǐn dì
P	花好月圆	huā hǎo yuè yuán
P	花攒锦簇	huā cuán jǐn cù
P	花攒锦聚	huā cuán jǐn jù
P	花朝月夕	huā zhāo yuè xī
P	花朝月夜	huā zhāo yuè yè
P	花枝招展	huā zhī zhāo zhǎn
P	花枝招颤	huā zhī zhāo chàn
P	花枝招颭	huā zhī zhāo zhǎn
P	花生仁儿	huā shēng rén er
P	花生豆儿	huā shēng dòu er
P	花簇锦攒	huā cù jǐn cuán
P	花红柳绿	huā hóng liǔ lǜ
P	花花绿绿	huā huā lǜ lǜ
P	花街柳巷	huā jiē liǔ xiàng
P	花言巧语	huā yán qiǎo yǔ
P	花说柳说	huā shuō liǔ shuō
P	花遮柳隐	huā zhē liǔ yǐn
P	花香鸟语	huā xiāng niǎo yǔ
P	芳兰竟体	fāng lán jìng tǐ
P	芳年华月	fāng nián huá yuè
P	苌弘化碧	cháng hóng huà bì
P	苌弘碧血	cháng hóng bì xiě
P	苍松翠柏	cāng sōng cuì bǎi
P	苍蝇见血	cāng yíng jiàn xiě
P	苍颜白发	cāng yán bái fà
P	苏州码子	sū zhōu mǎ zi
P	苏海韩潮	sū hǎi hán cháo
P	苗而不秀	miáo ér bù xiù
P	苛捐杂税	kē juān zá shuì
P	苞苴竿牍	bāo jū gān dú
P	苟且之心	gǒu qiě zhī xīn
P	苟且偷安	gǒu qiě tōu ān
P	苟且偷生	gǒu qiě tōu shēng
P	苟合取容	gǒu hé qǔ róng
P	若丧考妣	ruò sàng kǎo bǐ
P	若即若离	ruò jí ruò lí
P	若卵投石	ruò luǎn tóu shí
P	若合符节	ruò hé fú jié
P	若存若亡	ruò cún ruò wáng
P	若崩厥角	ruò bēng jué jiǎo
P	若敖之鬼	ruò áo zhī guǐ
P	若敖鬼馁	ruò áo guǐ něi
P	若无其事	ruò wú qí shì
P	若明若昧	ruò míng ruò mèi
P	若明若暗	ruò míng ruò àn
P	若有所丧	ruò yǒu suǒ sàng
P	若有所亡	ruò yǒu suǒ wáng
P	若有所失	ruò yǒu suǒ shī
P	若有所思	ruò yǒu suǒ sī
P	若有若无	ruò yǒu ruò wú
P	若涉渊冰	ruò shè yuān bīng
P	若涉渊水	ruò shè yuān shuǐ
P	若烹小鲜	ruò pēng xiǎo xiān
P	若离若即	ruò lí ruò jí
P	若释重负	ruò shì zhòng fù
P	若隐若显	ruò yǐn ruò xiǎn
P	若隐若现	ruò yǐn ruò xiàn
P	苦不可言	kǔ bù kě yán
P	苦不堪言	kǔ bù kān yán
P	苦中作乐	kǔ zhōng zuò lè
P	苦乐不均	kǔ lè bù jūn
P	苦大仇深	kǔ dà chóu shēn
P	苦尽甘来	kǔ jìn gān lái
P	苦尽甜来	kǔ jìn tián lái
P	苦思冥想	kǔ sī míng xiǎng
P	苦身焦思	kǔ shēn jiāo sī
P	苦难深重	kǔ nàn shēn zhòng
P	苦雨凄风	kǔ yǔ qī fēng
P	苫眼铺眉	shān yǎn pū méi
P	英姿勃勃	yīng zī bó bó
P	英姿勃发	yīng zī bó fā
P	英姿焕发	yīng zī huàn fā
P	英雄辈出	yīng xióng bèi chū
P	英风亮节	yīng fēng liàng jié
P	茁壮成长	zhuó zhuàng chéng zhǎng
P	范水模山	fàn shuǐ mó shān
P	茅塞顿开	máo sè dùn kāi
P	茅屋采椽	máo wū cǎi chuán
P	茜茜公主	xī xī gōng zhǔ
P	茫无头绪	máng wú tóu xù
P	茫无所知	máng wú suǒ zhī
P	茫然不解	máng rán bù jiě
P	茫然若失	máng rán ruò shī
P	茹柔吐刚	rú róu tǔ gāng
P	茹毛饮血	rú máo yǐn xuè
P	荆人涉澭	jīng rén shè yōng
P	荆天棘地	jīng tiān jí dì
P	荆棘塞途	jīng jí sè tú
P	荆棘载途	jīng jí zài tú
P	草偃风从	cǎo yǎn fēng cóng
P	草偃风行	cǎo yǎn fēng xíng
P	草创未就	cǎo chuàng wèi jiù
P	草台班子	cǎo tái bān zi
P	草头天子	cǎo tóu tiān zǐ
P	草木愚夫	cǎo mù yú fū
P	草木知威	cǎo mù zhī wēi
P	草率从事	cǎo shuài cóng shì
P	草率将事	cǎo lǜ jiāng shì
P	草率收兵	cǎo shuài shōu bīng
P	草芥人命	cǎo jiè rén mìng
P	草草了事	cǎo cǎo liǎo shì
P	草蛇灰线	cǎo shé huī xiàn
P	草行露宿	cǎo xíng lù sù
P	草衣木食	cǎo yī mù shí
P	草长莺飞	cǎo zhǎng yīng fēi
P	草间求活	cǎo jiān qiú huó
P	草靡风行	cǎo mí fēng xíng
P	荒唐无稽	huāng táng wú jī
P	荒时暴月	huāng shí bào yuè
P	荒淫无度	huāng yín wú dù
P	荒诞不经	huāng dàn bù jīng
P	荒诞无稽	huāng dàn wú jī
P	荞面饸饹	qiáo miàn hé le
P	荡产倾家	dàng chǎn qīng jiā
P	荡魂摄魄	dàng hún shè pò
P	荣华富贵	róng huá fù guì
P	荦荦大端	luò luò dà duān
P	荫子封妻	yìn zǐ fēng qī
P	药剂拌种	yào jì bàn zhǒng
P	药石之言	yào shí zhī yán
P	药笼中物	yào lóng zhōng wù
P	荷枪实弹	hè qiāng shí dàn
P	荼毒生灵	tú dú shēng líng
P	莞尔一笑	wǎn ěr yí xiào
P	莞尔而笑	wǎn ěr ér xiào
P	莫为已甚	mò wéi yǐ shèn
P	莫之与京	mò zhī yǔ jīng
P	莫予毒也	mò yú dú yě
P	莫余毒也	mò yú dú yě
P	莫可名状	mò kě míng zhuàng
P	莫可奈何	mò kě nài hé
P	莫可究诘	mò kě jiū jié
P	莫名其妙	mò míng qí miào
P	莫展一筹	mò zhǎn yī chóu
P	莫敢谁何	mò gǎn shuí hé
P	莫明其妙	mò míng qí miào
P	莫桑比克	mò sāng bǐ kè
P	莫此为甚	mò cǐ wéi shèn
P	莫测高深	mò cè gāo shēn
P	莫知所为	mò zhī suǒ wéi
P	莫衷一是	mò zhōng yī shì
P	莫辨楮叶	mò biàn chǔ yè
P	莫逆之交	mò nì zhī jiāo
P	莫逆于心	mò nì yú xīn
P	获隽公车	huò jùn gōng chē
P	莺俦燕侣	yīng chóu yàn lǚ
P	莺吟燕儛	yīng yín yàn wǔ
P	莺吟燕舞	yīng yín yàn wǔ
P	莺啼燕语	yīng tí yàn yǔ
P	莺声燕语	yīng shēng yàn yǔ
P	莺巢燕垒	yīng cháo yàn lěi
P	莺期燕约	yīng qī yàn yuē
P	莺歌燕舞	yīng gē yàn wǔ
P	莺歌燕语	yīng gē yàn yǔ
P	莺猜燕妒	yīng cāi yàn dù
P	莺闺燕阁	yīng guī yàn gé
P	莺飞燕舞	yīng fēi yàn wǔ
P	莺飞草长	yīng fēi cǎo zhǎng
P	莼鲈之思	chún lú zhī sī
P	菲食薄衣	fěi shí bó yī
P	萍水相逢	píng shuǐ xiāng féng
P	萍飘蓬转	píng piāo péng zhuàn
P	萎靡不振	wěi mǐ bù zhèn
P	营蝇斐锦	yíng yíng fěi jǐn
P	萧郎陌路	xiāo láng mò lù
P	落井下石	luò jǐng xià shí
P	落井投石	luò jǐng tóu shí
P	落叶归根	luò yè guī gēn
P	落叶知秋	luò yè zhī qiū
P	落地生根	luò dì shēng gēn
P	落拓不羁	luò tuò bù jī
P	落月屋梁	luò yuè wū liáng
P	落汤螃蟹	luò tāng páng xiè
P	落纸云烟	luò zhǐ yún yān
P	落花无言	luò huā wú yán
P	落花流水	luò huā liú shuǐ
P	落英缤纷	luò yīng bīn fēn
P	落草为寇	luò cǎo wéi kòu
P	落荒而走	luò huāng ér zǒu
P	落荒而逃	luò huāng ér táo
P	落落大方	luò luò dà fāng
P	落落寡合	luò luò guǎ hé
P	落落穆穆	luò luò mù mù
P	落落难合	luò luò nán hé
P	落阱下石	luò jǐng xià shí
P	落雁沉鱼	luò yàn chén yú
P	落魄不偶	luò pò bù ǒu
P	落魄不羁	luò pò bù jī
P	落魄江湖	luò pò jiāng hú
P	葑菲之采	fēng fēi zhī cǎi
P	著书立说	zhù shū lì shuō
P	著于竹帛	zhù yú zhú bó
P	著作权法	zhù zuò quán fǎ
P	著作等身	zhù zuò děng shēn
P	著述等身	zhù shù děng shēn
P	葛屦履霜	gé jù lǚ shuāng
P	葭莩之亲	jiā fú zhī qīn
P	蒙以养正	méng yǐ yǎng zhèng
P	蒙古人种	měng gǔ rén zhǒng
P	蒙古大夫	měng gǔ dài fū
P	蒙在鼓里	méng zài gǔ lǐ
P	蒙头转向	mēng tóu zhuàn xiàng
P	蒙昧主义	méng mèi zhǔ yì
P	蒙昧无知	méng mèi wú zhī
P	蒙混过关	méng hùn guò guān
P	蒙着锅儿	mēng zhe guō er
P	蒙蒙细雨	méng méng xì yǔ
P	蒙袂辑屦	méng mèi jí jù
P	蒸汽机车	zhēng qì jī chē
P	蒸沙为饭	zhēng shā wéi fàn
P	蒸沙成饭	zhēng shā chéng fàn
P	蒸蒸日上	zhēng zhēng rì shàng
P	蒹葭之思	jiān jiā zhī sī
P	蓝牙技术	lán yá jì shù
P	蓬头历齿	péng tóu lì chǐ
P	蓬头厉齿	péng tóu lì chǐ
P	蓬头垢面	péng tóu gòu miàn
P	蓬头赤脚	péng tóu chì jiǎo
P	蓬头跣足	péng tóu xiǎn zú
P	蓬生麻中	péng shēng má zhōng
P	蓼虫忘辛	liǎo chóng wàng xīn
P	蔓引株求	màn yǐn zhū qiú
P	蔓生植物	màn shēng zhí wù
P	蔓草难除	màn cǎo nán chú
P	蔓蔓日茂	màn màn rì mào
P	蔚为壮观	wèi wéi zhuàng guān
P	蔚为大观	wèi wéi dà guān
P	蔚成风气	wèi chéng fēng qì
P	蔚然成风	wèi rán chéng fēng
P	蔫头耷脑	niān tóu dā nǎo
P	蔼然可亲	ǎi rán kě qīn
P	蔽日干云	bì rì gān yún
P	蔽明塞聪	bì míng sè cōng
P	蔽聪塞明	bì cōng sè míng
P	薄利多销	bó lì duō xiāo
P	薄命佳人	bó mìng jiā rén
P	薄唇轻言	báo chún qīng yán
P	薄寒中人	bó hán zhòng rén
P	薄情无义	bó qíng wú yì
P	薄技在身	bó jì zài shēn
P	薄暮冥冥	bó mù míng míng
P	薄物细故	bó wù xì gù
P	薏苡蒙谤	yì yǐ méng bàng
P	薪尽火传	xīn jìn huǒ chuán
P	薮中荆曲	sǒu zhōng jīng qǔ
P	薰天赫地	xūn tiān hè dì
P	薰莸同器	xūn yóu tóng qì
P	藉草枕块	jiè cǎo zhěn kuài
P	藏之名山	cáng zhī míng shān
P	藏器待时	cáng qì dài shí
P	藏垢纳污	cáng gòu nà wū
P	藏头亢脑	cáng tóu kàng nǎo
P	藏头露尾	cáng tóu lù wěi
P	藏巧于拙	cáng qiǎo yú zhuō
P	藏弓烹狗	cáng gōng pēng gǒu
P	藏形匿影	cáng xíng nì yǐng
P	藏怒宿怨	cáng nù sù yuàn
P	藏掖躲闪	cáng yē duǒ shǎn
P	藏污纳垢	cáng wū nà gòu
P	藏诸名山	cáng zhū míng shān
P	藏踪蹑迹	cáng zōng niè jì
P	藏锋敛锐	cáng fēng liǎn ruì
P	藏锋敛锷	cáng fēng liǎn è
P	藏锋敛颖	cáng fēng liǎn yǐng
P	藏龙卧虎	cáng lóng wò hǔ
P	藩镇割据	fān zhèn gē jù
P	虎不食儿	hǔ bù shí ér
P	虎体熊腰	hǔ tǐ xióng yāo
P	虎入羊群	hǔ rù yáng qún
P	虎卧龙跳	hǔ wò lóng tiào
P	虎啸风生	hǔ xiào fēng shēng
P	虎头燕颔	hǔ tóu yàn hàn
P	虎头虎脑	hǔ tóu hǔ nǎo
P	虎头蛇尾	hǔ tóu shé wěi
P	虎尾春冰	hǔ wěi chūn bīng
P	虎据龙蟠	hǔ jù lóng pán
P	虎斗龙争	hǔ dòu lóng zhēng
P	虎步龙行	hǔ bù lóng xíng
P	虎珀拾芥	hǔ pò shí jiè
P	虎背熊腰	hǔ bèi xióng yāo
P	虎荡羊群	hǔ dàng yáng qún
P	虎落平川	hǔ luò píng chuān
P	虚与委蛇	xū yǔ wēi yí
P	虚位以待	xū wèi yǐ dài
P	虚左以待	xū zuǒ yǐ dài
P	虚应故事	xū yìng gù shì
P	虚废词说	xū fèi cí shuō
P	虚度年华	xū dù nián huá
P	虚怀若谷	xū huái ruò gǔ
P	虚情假意	xū qíng jiǎ yì
P	虚无缥缈	xū wú piāo miǎo
P	虚晃一枪	xū huǎng yī qiāng
P	虚有其表	xū yǒu qí biǎo
P	虚舟飘瓦	xū zhōu piāo wǎ
P	虚论高议	xū lùn gāo yì
P	虚词诡说	xū cí guǐ shuō
P	虫沙猿鹤	chóng shā yuán hè
P	虫臂鼠肝	chóng bì shǔ gān
P	虮虱相吊	jǐ shī xiāng diào
P	虱处裈中	shī chǔ kūn zhōng
P	虱多不痒	shī duō bù yǎng
P	虹销雨霁	hóng xiāo yǔ jì
P	虽覆能复	suī fù néng fù
P	虾兵蟹将	xiā bīng xiè jiàng
P	蚁封穴雨	yǐ fēng xué yǔ
P	蚁拥蜂攒	yǐ yōng fēng cuán
P	蚁斗蜗争	yǐ dòu wō zhēng
P	蚁溃鼠骇	yǐ kuì shǔ hài
P	蚁穴坏堤	yǐ xué huài dī
P	蚁穴溃堤	yǐ xué kuì dī
P	蚁聚蜂屯	yǐ jù fēng tún
P	蚁聚蜂攒	yǐ jù fēng cuán
P	蚁附蜂屯	yǐ fù fēng tún
P	蚁集蜂攒	yǐ jí fēng cuán
P	蚂蚁缘槐	mǎ yǐ yuán huái
P	蚌病成珠	bàng bìng chéng zhū
P	蚌病生珠	bàng bìng shēng zhū
P	蚌鹬相持	bàng yù xiāng chí
P	蚕头燕尾	cán tóu yàn wěi
P	蚕食鲸吞	cán shí jīng tūn
P	蛇口蜂针	shé kǒu fēng zhēn
P	蛇头鼠眼	shé tóu shǔ yǎn
P	蛇影杯弓	shé yǐng bēi gōng
P	蛇心佛口	shé xīn fó kǒu
P	蛇欲吞象	shé yù tūn xiàng
P	蛇蝎为心	shé xiē wéi xīn
P	蛇蝎心肠	shé xiē xīn cháng
P	蛇食鲸吞	shé shí jīng tūn
P	蛙蟆胜负	wā má shèng fù
P	蛟龙得水	jiāo lóng dé shuǐ
P	蛟龙戏水	jiāo lóng xì shuǐ
P	蛮不讲理	mán bù jiǎng lǐ
P	蛮横无理	mán hèng wú lǐ
P	蛮烟瘴雨	mán yān zhàng yǔ
P	蛮触相争	mán chù xiāng zhēng
P	蛾眉皓齿	é méi hào chǐ
P	蛾眉螓首	é méi qín shǒu
P	蜂合蚁聚	fēng hé yǐ jù
P	蜂合豕突	fēng hé shǐ tū
P	蜂屯乌合	fēng tún wū hé
P	蜂屯蚁杂	fēng tún yǐ zá
P	蜂屯蚁聚	fēng tún yǐ jù
P	蜂屯蚁附	fēng tún yǐ fù
P	蜂扇蚁聚	fēng shān yǐ jù
P	蜂拥而上	fēng yōng ér shàng
P	蜂拥蚁屯	fēng yōng yǐ tún
P	蜂攒蚁聚	fēng cuán yǐ jù
P	蜂攒蚁集	fēng cuán yǐ jí
P	蜂腰削背	fēng yāo xuē bèi
P	蜂腰猿背	fēng yāo yuán bèi
P	蜂虿有毒	fēng chài yǒu dú
P	蜂识莺猜	fēng shí yīng cāi
P	蜂起云涌	fēng qǐ yún yǒng
P	蜂趋蚁附	fēng qū yǐ fù
P	蜕化变质	tuì huà biàn zhì
P	蜗行牛步	wō xíng niú bù
P	蜗角之争	wō jiǎo zhī zhēng
P	蜗角虚名	wō jiǎo xū míng
P	蜗角蝇头	wō jiǎo yíng tóu
P	蜚瓦拔木	fēi wǎ bá mù
P	蜚短流长	fēi duǎn liú cháng
P	蜜里调油	mì lǐ tiáo yóu
P	蝇头小利	yíng tóu xiǎo lì
P	蝇头小楷	yíng tóu xiǎo kǎi
P	蝇头微利	yíng tóu wēi lì
P	蝇头蜗角	yíng tóu wō jiǎo
P	蝇攒蚁聚	yíng cuán yǐ jù
P	蝇攒蚁附	yíng cuán yǐ fù
P	蝇随骥尾	yíng suí jì wěi
P	蝉不知雪	chán bù zhī xuě
P	蝉喘雷干	chán chuǎn léi gān
P	蝉腹龟肠	chán fù guī cháng
P	蝎蝎螫螫	xiē xiē zhē zhē
P	融为一体	róng wéi yī tǐ
P	融会贯通	róng huì guàn tōng
P	融会通浃	róng huì tōng jiā
P	融洽无间	róng qià wú jiàn
P	螓首蛾眉	qín shǒu é méi
P	螫手解腕	shì shǒu jiě wàn
P	螳臂当车	táng bì dāng chē
P	螳臂当辙	táng bì dāng zhé
P	螳臂挡车	táng bì dǎng chē
P	螳螂奋臂	táng láng fèn bì
P	螳螂黄雀	táng láng huáng què
P	螺丝起子	luó sī qǐ zi
P	蟒袍玉带	mǎng páo yù dài
P	蟾宫折桂	chán gōng zhé guì
P	蠖屈不伸	huò qū bù shēn
P	蠹众木折	dù zhòng mù zhé
P	蠹居棊处	dù jū qí chǔ
P	蠹居棋处	dù jū qí chǔ
P	血债累累	xuè zhài lěi lěi
P	血光之灾	xuè guāng zhī zāi
P	血勇之人	xuè yǒng zhī rén
P	血压正常	xuè yā zhèng cháng
P	血压高升	xuè yā gāo shēng
P	血口喷人	xuè kǒu pēn rén
P	血吸虫病	xuè xī chóng bìng
P	血型分类	xuè xíng fēn lèi
P	血小板病	xuè xiǎo bǎn bìng
P	血性男儿	xuè xìng nán ér
P	血战到底	xuè zhàn dào dǐ
P	血本无归	xuè běn wú guī
P	血染沙场	xuè rǎn shā chǎng
P	血栓形成	xuè shuān xíng chéng
P	血栓栓塞	xuè shuān shuān sè
P	血气之勇	xuè qì zhī yǒng
P	血气方刚	xuè qì fāng gāng
P	血汗工厂	xuè hàn gōng chǎng
P	血沉实验	xuè chén shí yàn
P	血沉淀素	xuè chén diàn sù
P	血泪斑斑	xuè lèi bān bān
P	血泪盈襟	xuè lèi yíng jīn
P	血流如注	xuè liú rú zhù
P	血流成河	xuè liú chéng hé
P	血流成渠	xuè liú chéng qú
P	血流漂杵	xuè liú piāo chǔ
P	血浆蛋白	xuè jiāng dàn bái
P	血浓于水	xuè nóng yú shuǐ
P	血海深仇	xuè hǎi shēn chóu
P	血液循环	xuè yè xún huán
P	血液透析	xuè yè tòu xī
P	血盆大口	xuè pén dà kǒu
P	血管再造	xuè guǎn zài zào
P	血管扩张	xuè guǎn kuò zhāng
P	血管收缩	xuè guǎn shōu suō
P	血管梗阻	xuè guǎn gěng zǔ
P	血管痉挛	xuè guǎn jìng luán
P	血管破裂	xuè guǎn pò liè
P	血管硬化	xuè guǎn yìng huà
P	血管紧张	xuè guǎn jǐn zhāng
P	血管舒张	xuè guǎn shū zhāng
P	血管造影	xuè guǎn zào yǐng
P	血红蛋白	xuè hóng dàn bái
P	血缘关系	xuè yuán guān xì
P	血肉之躯	xuè ròu zhī qū
P	血肉模糊	xuè ròu mó hú
P	血肉横飞	xuè ròu héng fēi
P	血肉相联	xuè ròu xiāng lián
P	血肉相连	xuè ròu xiāng lián
P	血脉不畅	xuè mài bú chàng
P	血脉相通	xuè mài xiāng tōng
P	血腥屠杀	xuè xīng tú shā
P	血腥统治	xuè xīng tǒng zhì
P	血腥镇压	xuè xīng zhèn yā
P	血迹斑斑	xuè jì bān bān
P	血雨腥风	xuè yǔ xīng fēng
P	血风肉雨	xuè fēng ròu yǔ
P	衅发萧墙	xìn fā xiāo qiáng
P	衅稔恶盈	xìn rěn è yíng
P	行不从径	xíng bù cóng jìng
P	行不副言	xíng bù fù yán
P	行不履危	xíng bù lǚ wēi
P	行不由径	xíng bù yóu jìng
P	行不胜衣	xíng bù shèng yī
P	行不苟合	xíng bù gǒu hé
P	行不贰过	xíng bù èr guò
P	行不逾方	xíng bù yú fāng
P	行为能力	xíng wéi néng lì
P	行之有效	xíng zhī yǒu xiào
P	行云流水	xíng yún liú shuǐ
P	行住坐卧	xíng zhù zuò wò
P	行侠好义	xíng xiá hào yì
P	行兵布阵	xíng bīng bù zhèn
P	行动坐卧	xíng dòng zuò wò
P	行古志今	xíng gǔ zhì jīn
P	行号卧泣	xíng háo wò qì
P	行号巷哭	xíng háo xiàng kū
P	行合趋同	xíng hé qū tóng
P	行同狗彘	xíng tóng gǒu zhì
P	行同狗豨	xíng tóng gǒu xī
P	行同能偶	xíng tóng néng ǒu
P	行吟诗人	xíng yín shī rén
P	行奸卖俏	xíng jiān mài qiào
P	行家里手	háng jiā lǐ shǒu
P	行将就木	xíng jiāng jiù mù
P	行尸走肉	xíng shī zǒu ròu
P	行尸走骨	xíng shī zǒu gǔ
P	行崄侥幸	xíng xiǎn jiǎo xìng
P	行己有耻	xíng jǐ yǒu chǐ
P	行师动众	xíng shī dòng zhòng
P	行思坐忆	xíng sī zuò yì
P	行思坐想	xíng sī zuò xiǎng
P	行思坐筹	xíng sī zuò chóu
P	行成于思	xíng chéng yú sī
P	行政处分	xíng zhèng chǔ fèn
P	行政处罚	xíng zhèng chǔ fá
P	行易知难	xíng yì zhī nán
P	行有余力	xíng yǒu yú lì
P	行李卷儿	xíng lǐ juǎn er
P	行步如飞	xíng bù rú fēi
P	行浊言清	xíng zhuó yán qīng
P	行眠立盹	xíng mián lì dǔn
P	行者让路	xíng zhě ràng lù
P	行色匆匆	xíng sè cōng cōng
P	行色怱怱	xíng sè cōng cōng
P	行若无事	xíng ruò wú shì
P	行若狗彘	xíng ruò gǒu zhì
P	行藏用舍	xíng cáng yòng shě
P	行行蛇蚓	háng háng shé yǐn
P	行踪无定	xíng zōng wú dìng
P	行远升高	xíng yuǎn shēng gāo
P	行远自迩	xíng yuǎn zì ěr
P	行针步线	xíng zhēn bù xiàn
P	行间字里	háng jiān zì lǐ
P	行险徼幸	xíng xiǎn jiǎo xìng
P	行香挂牌	xíng xiāng guà pái
P	衒玉贾石	xuàn yù gǔ shí
P	衔华佩实	xián huá pèi shí
P	衔尾相随	xián wěi xiāng suí
P	衔沙填海	xián shā tián hǎi
P	衔玉贾石	xián yù jiǎ shí
P	衔环结草	xián huán jié cǎo
P	衔石填海	xián shí tián hǎi
P	衔胆栖冰	xián dǎn qī bīng
P	街号巷哭	jiē hào xiàng kū
P	街坊四邻	jiē fāng sì lín
P	街坊邻里	jiē fāng lín lǐ
P	街头巷尾	jiē tóu xiàng wěi
P	街头巷底	jiē tóu xiàng dǐ
P	街巷阡陌	jiē xiàng qiān mò
P	街谈巷议	jiē tán xiàng yì
P	街谈巷语	jiē tán xiàng yǔ
P	街谈巷说	jiē tán xiàng shuō
P	街谈巷谚	jiē tán xiàng yàn
P	街谭巷议	jiē tán xiàng yì
P	街面儿上	jiē miàn ér shàng
P	衡短论长	héng duǎn lùn cháng
P	衡石程书	héng shí chéng shū
P	衡石量书	héng shí liàng shū
P	衡门深巷	héng mén shēn xiàng
P	衣不完采	yī bù wán cǎi
P	衣不蔽体	yī bù bì tǐ
P	衣不解带	yī bù jiě dài
P	衣冠土枭	yī guān tǔ xiāo
P	衣冠枭獍	yī guān xiāo jìng
P	衣冠楚楚	yī guān chǔ chǔ
P	衣冠礼乐	yī guàn lǐ lè
P	衣冠禽兽	yī guān qín shòu
P	衣单食薄	yī dān shí bó
P	衣宵食旰	yī xiāo shí gàn
P	衣架饭囊	yī jià fàn náng
P	衣租食税	yì zū shí shuì
P	衣绣夜行	yī xiù yè xíng
P	衣绣昼行	yì xiù zhòu xíng
P	衣被群生	yì bèi qún shēng
P	衣裳之会	yī shang zhī huì
P	衣轻乘肥	yì qīng chéng féi
P	衣钵相传	yī bō xiāng chuán
P	衣锦夜行	yì jǐn yè xíng
P	衣锦昼行	yì jǐn zhòu xíng
P	衣锦过乡	yì jǐn guò xiāng
P	衣锦还乡	yì jǐn huán xiāng
P	衣锦食肉	yì jǐn shí ròu
P	衣食不周	yī shí bù zhōu
P	衣食住行	yī shí zhù xíng
P	衣食父母	yī shí fù mǔ
P	衣食税租	yī shí shuì zū
P	补习学校	bǔ xí xué xiào
P	补天柱地	bǔ tiān zhù dì
P	补苴罅漏	bǔ jū xià lòu
P	补过拾遗	bǔ guò shí yí
P	补过饰非	bǔ guò shì fēi
P	补阙拾遗	bǔ quē shí yí
P	补阙挂漏	bǔ quē guà lòu
P	补阙灯檠	bǔ quē dēng qíng
P	表演艺术	biǎo yǎn yì shù
P	表里不一	biǎo lǐ bù yī
P	表里为奸	biǎo lǐ wéi jiān
P	表里相依	biǎo lǐ xiāng yī
P	表里相应	biǎo lǐ xiāng yìng
P	表里相济	biǎo lǐ xiāng jì
P	表里相符	biǎo lǐ xiāng fú
P	衰当益壮	shuāi dāng yì zhuàng
P	衽扱囊括	rèn xī náng kuò
P	袂云汗雨	mèi yún hàn yǔ
P	袅娜娉婷	niǎo nuó pīng tíng
P	袅袅娜娜	niǎo niǎo nuó nuó
P	袍笏登场	páo hù dēng chǎng
P	袒胸露背	tǎn xiōng lù bèi
P	袒胸露臂	tǎn xiōng lù bì
P	袒臂挥拳	tǎn bì huī quán
P	袒裼裸裎	tǎn xī luǒ chéng
P	袖手旁观	xiù shǒu páng guān
P	被发左衽	pī fà zuǒ rèn
P	被发文身	pī fà wén shēn
P	被发缨冠	pī fà yīng guàn
P	被子植物	bèi zi zhí wù
P	被宠若惊	bèi chǒng ruò jīng
P	被山带河	pī shān dài hé
P	被泽蒙庥	bèi zé méng xiū
P	被甲执兵	pī jiǎ zhí bīng
P	被甲持兵	pī jiǎ chí bīng
P	被甲据鞍	pī jiǎ jù ān
P	被甲枕戈	pī jiǎ zhěn gē
P	被褐怀玉	pī hè huái yù
P	被褐怀珠	pī hè huái zhū
P	被选举权	bèi xuǎn jǔ quán
P	裁红点翠	cái hóng diǎn cuì
P	裁长补短	cái cháng bǔ duǎn
P	裂冠毁冕	liè guàn huǐ miǎn
P	裂土分茅	liè tǔ fēn máo
P	裂眦嚼齿	liè zì jiáo chǐ
P	裂石穿云	liè shí chuān yún
P	裂裳衣疮	liè shang yī chuāng
P	裂裳裹足	liè cháng guǒ zú
P	装模作样	zhuāng mú zuò yàng
P	装潢门面	zhuāng huáng mén miàn
P	装神弄鬼	zhuāng shén nòng guǐ
P	装聋作哑	zhuāng lóng zuò yǎ
P	裘弊金尽	qiú bì jīn jìn
P	裙屐少年	qún jī shào nián
P	裙带关系	qún dài guān xì
P	裸裎袒裼	luǒ chéng tǎn xī
P	裹血力战	guǒ xuè lì zhàn
P	裹足不前	guǒ zú bù qián
P	褎然冠首	yòu rán guàn shǒu
P	褐衣不完	hè yī bù wán
P	褐衣蔬食	hè yī shū shí
P	褒善贬恶	bāo shàn biǎn è
P	褒衣危冠	bāo yī wēi guān
P	褒贬与夺	bāo biǎn yǔ duó
P	褚小怀大	zhǔ xiǎo huái dà
P	褚小杯大	zhǔ xiǎo bēi dà
P	褪后趋前	tuì hòu qū qián
P	襟怀洒落	jīn huái sǎ luò
P	襟怀磊落	jīn huái lěi luò
P	西伯利亚	xī bó lì yà
P	西台痛哭	xī tái tòng kū
P	西山日薄	xī shān rì báo
P	西方净国	xī fāng jìng guó
P	西方净土	xī fāng jìng tǔ
P	西方国家	xī fāng guó jiā
P	西沙群岛	xī shā qún dǎo
P	西赆南琛	xī jìn nán chēn
P	西风残照	xī fēng cán zhào
P	西风落叶	xī fēng luò yè
P	西食东眠	xī shí dōng mián
P	要价还价	yào jià huán jià
P	要害之地	yào hài zhī dì
P	要死不活	yào sǐ bù huó
P	要死要活	yào sǐ yào huó
P	要而言之	yào ér yán zhī
P	要而论之	yào ér lùn zhī
P	要言不烦	yào yán bù fán
P	要言妙道	yào yán miào dào
P	覆亡无日	fù wáng wú rì
P	覆军杀将	fù jūn shā jiāng
P	覆地翻天	fù dì fān tiān
P	覆水难收	fù shuǐ nán shōu
P	覆盆难照	fù pén nán zhào
P	覆车之戒	fù chē zhī jiè
P	覆车之轨	fù chē zhī guǐ
P	覆车之鉴	fù chē zhī jiàn
P	覆雨翻云	fù yǔ fān yún
P	见世生苗	jiàn shì shēng miáo
P	见义勇为	jiàn yì yǒng wéi
P	见义当为	jiàn yì dāng wéi
P	见义必为	jiàn yì bì wéi
P	见义敢为	jiàn yì gǎn wéi
P	见事生风	jiàn shì shēng fēng
P	见事风生	jiàn shì fēng shēng
P	见仁见智	jiàn rén jiàn zhì
P	见兔放鹰	jiàn tù fàng yīng
P	见兔顾犬	jiàn tù gù quǎn
P	见几而作	jiàn jī ér zuò
P	见利忘义	jiàn lì wàng yì
P	见利思义	jiàn lì sī yì
P	见势不妙	jiàn shì bù miào
P	见危授命	jiàn wēi shòu mìng
P	见危致命	jiàn wēi zhì mìng
P	见卵求鸡	jiàn luǎn qiú jī
P	见可而进	jiàn kě ér jìn
P	见哭兴悲	jiàn kū xīng bēi
P	见善必迁	jiàn shàn bì qiān
P	见噎废食	jiàn yē fèi shí
P	见墙见羹	jiàn qiáng jiàn gēng
P	见多识广	jiàn duō shí guǎng
P	见始知终	jiàn shǐ zhī zhōng
P	见小暗大	jiàn xiǎo àn dà
P	见幾而作	jiàn jī ér zuò
P	见异思迁	jiàn yì sī qiān
P	见弃于人	jiàn qì yú rén
P	见弹求鸮	jiàn dàn qiú xiāo
P	见弹求鹗	jiàn dàn qiú è
P	见微知萌	jiàn wēi zhī méng
P	见微知著	jiàn wēi zhī zhù
P	见德思齐	jiàn dé sī qí
P	见性成佛	jiàn xìng chéng fó
P	见怪不怪	jiàn guài bù guài
P	见怪非怪	jiàn guài fēi guài
P	见惯不惊	jiàn guàn bù jīng
P	见惯司空	jiàn guàn sī kōng
P	见所不见	jiàn suǒ bù jiàn
P	见所未见	jiàn suǒ wèi jiàn
P	见时知几	jiàn shí zhī jǐ
P	见景生情	jiàn jǐng shēng qíng
P	见智见仁	jiàn zhì jiàn rén
P	见机而作	jiàn jī ér zuò
P	见机而行	jiàn jī ér xíng
P	见机行事	jiàn jī xíng shì
P	见棱见角	jiàn léng jiàn jiǎo
P	见死不救	jiàn sǐ bù jiù
P	见溺不救	jiàn nì bù jiù
P	见猎心喜	jiàn liè xīn xǐ
P	见神见鬼	jiàn shén jiàn guǐ
P	见笑大方	jiàn xiào dà fāng
P	见精识精	jiàn jīng shí jīng
P	见素抱朴	xiàn sù bào pǔ
P	见经识经	jiàn jīng shí jīng
P	见缝就钻	jiàn fèng jiù zuān
P	见缝插针	jiàn fèng chā zhēn
P	见羹见墙	jiàn gēng jiàn qiáng
P	见诮大方	jiàn qiào dà fāng
P	见豕负涂	jiàn shǐ fù tú
P	见貌辨色	jiàn mào biàn sè
P	见财起意	jiàn cái qǐ yì
P	见贤思齐	jiàn xián sī qí
P	见钱眼开	jiàn qián yǎn kāi
P	见钱眼红	jiàn qián yǎn hóng
P	见雀张罗	jiàn què zhāng luó
P	见鞍思马	jiàn ān sī mǎ
P	见风使帆	jiàn fēng shǐ fān
P	见风使舵	jiàn fēng shǐ duò
P	见风使船	jiàn fēng shǐ chuán
P	见风是雨	jiàn fēng shì yǔ
P	见风转篷	jiàn fēng zhuǎn péng
P	见风转舵	jiàn fēng zhuǎn duò
P	见马克思	jiàn mǎ kè sī
P	观光农业	guān guāng nóng yè
P	观化听风	guān huà tīng fēng
P	观场矮人	guān chǎng ǎi rén
P	观山玩水	guān shān wán shuǐ
P	观形察色	guān xíng chá sè
P	观往知来	guān wǎng zhī lái
P	观念形态	guān niàn xíng tài
P	观望不前	guān wàng bù qián
P	观机而作	guān jī ér zuò
P	观机而动	guān jī ér dòng
P	观眉说眼	guān méi shuō yǎn
P	观者云集	guān zhě yún jí
P	观者如云	guān zhě rú yún
P	观者如垛	guān zhě rú duǒ
P	观者如堵	guān zhě rú dǔ
P	观者如市	guān zhě rú shì
P	观者如织	guān zhě rú zhī
P	观者成堵	guān zhě chéng dǔ
P	观貌察色	guān mào chá sè
P	观赏植物	guān shǎng zhí wù
P	观过知仁	guān guò zhī rén
P	观隅反三	guān yú fǎn sān
P	观风察俗	guān fēng chá sú
P	规天矩地	guī tiān jǔ dì
P	规定动作	guī dìng dòng zuò
P	规旋矩折	guī xuán jǔ shé
P	规求无度	guī qiú wú dù
P	规行矩止	guī xíng jǔ zhǐ
P	规行矩步	guī xíng jǔ bù
P	规重矩叠	guī chóng jǔ dié
P	规重矩迭	guī zhòng jǔ dié
P	视丹如绿	shì dān rú lǜ
P	视为儿戏	shì wéi ér xì
P	视为寇雠	shì wéi kòu chóu
P	视为畏途	shì wéi wèi tú
P	视为知己	shì wéi zhī jǐ
P	视同一律	shì tóng yī lǜ
P	视同儿戏	shì tóng ér xì
P	视同拱璧	shì tóng gǒng bì
P	视同秦越	shì tóng qín yuè
P	视同路人	shì tóng lù rén
P	视同陌路	shì tóng mò lù
P	视如土芥	shì rú tǔ jiè
P	视如寇仇	shì rú kòu chóu
P	视如草芥	shì rú cǎo jiè
P	视微知著	shì wēi zhī zhuó
P	视死若归	shì sǐ ruò guī
P	视死若生	shì sǐ ruò shēng
P	视而不见	shì ér bù jiàn
P	视若儿戏	shì ruò ér xì
P	视若无睹	shì ruò wú dǔ
P	视若路人	shì ruò lù rén
P	视远步高	shì yuǎn bù gāo
P	视险若夷	shì xiǎn ruò yí
P	览闻辩见	lǎn wén biàn jiàn
P	觉人觉世	jué rén jué shì
P	角巾东路	jiǎo jīn dōng lù
P	角巾私第	jiǎo jīn sī dì
P	角户分门	jiǎo hù fēn mén
P	角立杰出	jiǎo lì jié chū
P	解人难得	jiě rén nán dé
P	解兵释甲	jiě bīng shì jiǎ
P	解剑拜仇	jiě jiàn bài chóu
P	解剖麻雀	jiě pōu má què
P	解发佯狂	jiě fà yáng kuáng
P	解囊相助	jiě náng xiāng zhù
P	解弦更张	jiě xián gēng zhāng
P	解放战争	jiě fàng zhàn zhēng
P	解析几何	jiě xī jǐ hé
P	解民倒悬	jiě mín dào xuán
P	解甲休兵	jiě jiǎ xiū bīng
P	解甲休士	jiě jiǎ xiū shì
P	解甲倒戈	jiě jiǎ dǎo gē
P	解甲归田	jiě jiǎ guī tián
P	解甲投戈	jiě jiǎ tóu gē
P	解疑释惑	jiě yí shì huò
P	解纷排难	jiě fēn pái nán
P	解衣包火	jiě yī bāo huǒ
P	解衣卸甲	jiě yī xiè jiǎ
P	解衣抱火	jiě yī bào huǒ
P	解衣推食	jiě yī tuī shí
P	解衣槃磅	jiě yī pán páng
P	解衣盘磅	jiě yī pán páng
P	解衣盘礴	jiě yī pán bó
P	解衣磅礴	jiě yī páng bó
P	解衣般礴	jiě yī bān bó
P	解衣衣人	jiě yī yī rén
P	解铃系铃	jiě líng xì líng
P	解骖推食	jiě cān tuī shí
P	解黏去缚	jiě nián qù fù
P	触地号天	chù dì hào tiān
P	触处机来	chù chǔ jī lái
P	触手可及	chù shǒu kě jí
P	触斗蛮争	chù dòu mán zhēng
P	触景伤心	chù jǐng shāng xīn
P	触景伤怀	chù jǐng shāng huái
P	触景伤情	chù jǐng shāng qíng
P	触景生情	chù jǐng shēng qíng
P	触机便发	chù jī biàn fā
P	触物兴怀	chù wù xīng huái
P	触目兴叹	chù mù xīng tàn
P	触石决木	chù shí jué mù
P	触类旁通	chù lèi páng tōng
P	触类而长	chù lèi ér cháng
P	言三语四	yán sān yǔ sì
P	言不二价	yán bù èr jià
P	言不及义	yán bù jí yì
P	言不及行	yán bù jí xíng
P	言不尽意	yán bù jìn yì
P	言不由中	yán bù yóu zhōng
P	言不由衷	yán bù yóu zhōng
P	言不达意	yán bù dá yì
P	言不逮意	yán bù dǎi yì
P	言不顾行	yán bù gù xíng
P	言与心违	yán yǔ xīn wéi
P	言中事隐	yán zhōng shì yǐn
P	言为心声	yán wéi xīn shēng
P	言之不预	yán zhī bù yù
P	言之有序	yán zhī yǒu xù
P	言之有据	yán zhī yǒu jù
P	言之有故	yán zhī yǒu gù
P	言之有物	yán zhī yǒu wù
P	言之有理	yán zhī yǒu lǐ
P	言之有礼	yán zhī yǒu lǐ
P	言之过早	yán zhì guò zǎo
P	言之过甚	yán zhī guò shèn
P	言从计听	yán cóng jì tīng
P	言从计纳	yán cóng jì nà
P	言从计行	yán cóng jì xíng
P	言传身教	yán chuán shēn jiào
P	言信行果	yán xìn xíng guǒ
P	言出祸从	yán chū huò cóng
P	言发祸随	yán fā huò suí
P	言听事行	yán tīng shì xíng
P	言听行从	yán tīng xíng cóng
P	言听计从	yán tīng jì cóng
P	言听计行	yán tīng jì xíng
P	言和意顺	yán hé yì shùn
P	言多伤行	yán duō shāng xíng
P	言多语失	yán duō yǔ shī
P	言差语错	yán chà yǔ cuò
P	言归于好	yán guī yú hǎo
P	言归和好	yán guī hé hǎo
P	言归正传	yán guī zhèng zhuàn
P	言必有中	yán bì yǒu zhòng
P	言必有据	yán bì yǒu jù
P	言必有物	yán bì yǒu wù
P	言扬行举	yán yáng xíng jǔ
P	言提其耳	yán tí qí ěr
P	言文行远	yán wén xíng yuǎn
P	言方行圆	yán fāng xíng yuán
P	言无不尽	yán wú bù jìn
P	言无二价	yán wú èr jià
P	言来语去	yán lái yǔ qù
P	言清行浊	yán qīng xíng zhuó
P	言笑不苟	yán xiào bù gǒu
P	言笑自若	yán xiào zì ruò
P	言简意少	yán jiǎn yì shǎo
P	言约旨远	yán yuē zhǐ yuǎn
P	言者不知	yán zhě bù zhī
P	言者弗知	yán zhě fú zhī
P	言而不信	yán ér bù xìn
P	言而无信	yán ér wú xìn
P	言而有信	yán ér yǒu xìn
P	言芳行洁	yán fāng xíng jié
P	言若悬河	yán ruò xuán hé
P	言行一致	yán xíng yī zhì
P	言行不一	yán xíng bù yī
P	言行不符	yán xíng bù fú
P	言行不贰	yán xíng bù èr
P	言行信果	yán xíng xìn guǒ
P	言行抱一	yán xíng bào yī
P	言行相副	yán xíng xiāng fù
P	言行相悖	yán xíng xiāng bèi
P	言行相符	yán xíng xiāng fú
P	言行相诡	yán xíng xiāng guǐ
P	言行相顾	yán xíng xiāng gù
P	言行若一	yán xíng ruò yī
P	言行计从	yán xíng jì cóng
P	言论风生	yán lùn fēng shēng
P	言词恳切	yán cí kěn qiè
P	言语路绝	yán yǔ lù jué
P	言语道断	yán yǔ dào duàn
P	言过其实	yán guò qí shí
P	言近意远	yán jìn yì yuǎn
P	言近指远	yán jìn zhǐ yuǎn
P	言近旨远	yán jìn zhǐ yuǎn
P	言重九鼎	yán zhòng jiǔ dǐng
P	言颠语倒	yán diān yǔ dǎo
P	言高语低	yán gāo yǔ dī
P	詀言詀语	zhān yán zhān yǔ
P	詈夷为跖	lì yí wéi zhí
P	詹言曲说	zhān yán qǔ shuō
P	誉不绝口	yù bù jué kǒu
P	誓不两立	shì bù liǎng lì
P	誓不罢休	shì bù bà xiū
P	誓同生死	shì tóng shēng sǐ
P	誓天断发	shì tiān duàn fā
P	誓死不二	shì sǐ bù èr
P	誓死不屈	shì sǐ bù qū
P	誓死不渝	shì sǐ bù yú
P	誓死不贰	shì sǐ bù èr
P	謷牙诘屈	áo yá jié qū
P	警愦觉聋	jǐng kuì jué lóng
P	计上心头	jì shàng xīn tóu
P	计上心来	jì shàng xīn lái
P	计不反顾	jì bù fǎn gù
P	计不旋跬	jì bù xuán kuǐ
P	计不旋踵	jì bù xuán zhǒng
P	计不返顾	jì bù fǎn gù
P	计伐称勋	jì fá chēng xūn
P	计出万全	jì chū wàn quán
P	计出万死	jì chū wàn sǐ
P	计功行封	jì gōng xíng fēng
P	计功行赏	jì gōng xíng shǎng
P	计功补过	jì gōng bǔ guò
P	计功量罪	jì gōng liàng zuì
P	计勋行赏	jì xūn xíng shǎng
P	计合谋从	jì hé móu cóng
P	计将安出	jì jiāng ān chū
P	计尽力穷	jì jìn lì qióng
P	计斗负才	jì dòu fù cái
P	计日以俟	jì rì yǐ sì
P	计日以待	jì rì yǐ dài
P	计日以期	jì rì yǐ qī
P	计日可待	jì rì kě dài
P	计日可期	jì rì kě qī
P	计日指期	jì rì zhǐ qī
P	计日而俟	jì rì ér sì
P	计日而待	jì rì ér dài
P	计深虑远	jì shēn lǜ yuǎn
P	计然之术	jì rán zhī shù
P	计研心算	jì yán xīn suàn
P	计穷力尽	jì qióng lì jìn
P	计穷势迫	jì qióng shì pò
P	计穷虑尽	jì qióng lǜ jìn
P	计绌方匮	jì chù fāng kuì
P	计行虑义	jì xíng lǜ yì
P	计行言听	jì xíng yán tīng
P	计过自讼	jì guò zì sòng
P	认仇作父	rèn chóu zuò fù
P	认奴作郎	rèn nú zuò láng
P	认影为头	rèn yǐng wéi tóu
P	认影迷头	rèn yǐng mí tóu
P	认敌作父	rèn dí zuò fù
P	认知科学	rèn zhī kē xué
P	认贼为子	rèn zéi wéi zǐ
P	认贼为父	rèn zéi wéi fù
P	认贼作父	rèn zéi zuò fù
P	讨价还价	tǎo jià huán jià
P	讨恶翦暴	tǎo è jiǎn bào
P	讨类知原	tǎo lèi zhī yuán
P	讪牙闲嗑	shàn yá xián kē
P	讫情尽意	qì qíng jìn yì
P	训练有素	xùn liàn yǒu sù
P	议不反顾	yì bù fǎn gù
P	议而不决	yì ér bù jué
P	议论纷纭	yì lùn fēn yún
P	议论纷纷	yì lùn fēn fēn
P	议论纷错	yì lùn fēn cuò
P	议论英发	yì lùn yīng fā
P	议论风发	yì lùn fēng fā
P	议论风生	yì lùn fēng shēng
P	记功忘过	jì gōng wàng guò
P	讲信修睦	jiǎng xìn xiū mù
P	讲古论今	jiǎng gǔ lùn jīn
P	讲是说非	jiǎng shì shuō fēi
P	讲经说法	jiǎng jīng shuō fǎ
P	讳恶不悛	huì è bù quān
P	讳树数马	huì shù shù mǎ
P	讳莫如深	huì mò rú shēn
P	讳莫高深	huì mò gāo shēn
P	讷口少言	nè kǒu shǎo yán
P	讷言敏行	nè yán mǐn xíng
P	讹以传讹	é yǐ chuán é
P	论世知人	lùn shì zhī rén
P	论今说古	lùn jīn shuō gǔ
P	论列是非	lùn liè shì fēi
P	论功受赏	lùn gōng shòu shǎng
P	论功封赏	lùn gōng fēng shǎng
P	论功行封	lùn gōng xíng fēng
P	论功行赏	lùn gōng xíng shǎng
P	论千论万	lùn qiān lùn wàn
P	论德使能	lùn dé shǐ néng
P	论心定罪	lùn xīn dìng zuì
P	论甘忌辛	lùn gān jì xīn
P	论短道长	lùn duǎn dào cháng
P	论议风生	lùn yì fēng shēng
P	论资排辈	lùn zī pái bèi
P	论辩风生	lùn biàn fēng shēng
P	论道经邦	lùn dào jīng bāng
P	论长说短	lùn cháng shuō duǎn
P	论长道短	lùn cháng dào duǎn
P	论高寡合	lùn gāo guǎ hé
P	论黄数白	lùn huáng shù bái
P	论黄数黑	lùn huáng shǔ hēi
P	讽多要寡	fěng duō yào guǎ
P	设心处虑	shè xīn chǔ lǜ
P	设身处地	shè shēn chǔ dì
P	访亲问友	fǎng qīn wèn yǒu
P	访问学者	fǎng wèn xué zhě
P	证据确凿	zhèng jù què záo
P	证龟成鳖	zhèng guī chéng biē
P	诃佛诋巫	hē fó dǐ wū
P	评功摆好	píng gōng bǎi hǎo
P	评头品足	píng tóu pǐn zú
P	评头论脚	píng tóu lùn jiǎo
P	评头论足	píng tóu lùn zú
P	识变从宜	shí biàn cóng yí
P	识多才广	shí duō cái guǎng
P	识字知书	shí zì zhī shū
P	识微知著	shí wēi zhī zhuó
P	识微见几	shí wēi jiàn jǐ
P	识微见远	shí wēi jiàn yuǎn
P	识才尊贤	shí cái zūn xián
P	识文断字	shí wén duàn zì
P	识文谈字	shí wén tán zì
P	识时达务	shí shí dá wù
P	识时达变	shí shí dá biàn
P	识时通变	shí shí tōng biàn
P	识明智审	shí míng zhì shěn
P	识涂老马	shí tú lǎo mǎ
P	识礼知书	shí lǐ zhī shū
P	识途老马	shí tú lǎo mǎ
P	诈哑佯聋	zhà yǎ yáng lóng
P	诈奸不及	zhà jiān bù jí
P	诈痴不颠	zhà chī bù diān
P	诌上抑下	zhōu shàng yì xià
P	词不达意	cí bù dá yì
P	词不逮意	cí bù dài yì
P	词不逮理	cí bù dài lǐ
P	词严义正	cí yán yì zhèng
P	词华典赡	cí huá diǎn shàn
P	词无枝叶	cí wú zhī yè
P	词正理直	cí zhèng lǐ zhí
P	词甚切激	cí shèn qiè jī
P	词穷理尽	cí qióng lǐ jìn
P	词约指明	cí yuē zhǐ míng
P	词言义正	cí yán yì zhèng
P	诎寸信尺	qū cùn xìn chǐ
P	诎要桡腘	qū yào ráo guó
P	诗中有画	shī zhōng yǒu huà
P	诗书发冢	shī shū fà zhǒng
P	诗家三昧	shī jiā sān mèi
P	诗礼之家	shī lǐ zhī jiā
P	诗礼人家	shī lǐ rén jiā
P	诗礼传家	shī lǐ chuán jiā
P	诗酒风流	shī jiǔ fēng liú
P	诘屈磝碻	jí qū áo qiāo
P	诘屈聱牙	jí qū áo yá
P	诘屈謷牙	jié qū áo yá
P	诘戎治兵	jié róng zhì bīng
P	诘曲聱牙	jié qǔ áo yá
P	诘诎聱牙	jié qū áo yá
P	诚心正意	chéng xīn zhèng yì
P	诛尽杀绝	zhū jìn shā jué
P	诛心之论	zhū xīn zhī lùn
P	诛暴讨逆	zhū bào tǎo nì
P	诛求不已	zhū qiú bù yǐ
P	诛求无度	zhū qiú wú dù
P	话不投机	huà bù tóu jī
P	话不相投	huà bù xiāng tóu
P	话不虚传	huà bù xū chuán
P	话中有话	huà zhōng yǒu huà
P	话言话语	huà yán huà yǔ
P	话里带刺	huà lǐ dài cì
P	话里有刺	huà lǐ yǒu cì
P	话里有话	huà lǐ yǒu huà
P	话里藏阄	huà lǐ cáng jiū
P	话长说短	huà cháng shuō duǎn
P	诞妄不经	dàn wàng bù jīng
P	诞幻不经	dàn huàn bù jīng
P	诞罔不经	dàn wǎng bù jīng
P	诞谩不经	dàn màn bù jīng
P	诟如不闻	gòu rú bù wén
P	诟龟呼天	gòu guī hū tiān
P	诡形奇制	guǐ xíng qí zhì
P	诡秘莫测	guǐ mì mò cè
P	诡言浮说	guǐ yán fú shuō
P	诡诞不经	guǐ dàn bù jīng
P	询根问底	xún gēn wèn dǐ
P	询谋佥同	xún móu qiān tóng
P	询谋谘度	xún móu zī dù
P	详情度理	xiáng qíng dù lǐ
P	详星拜斗	xiáng xīng bài dǒu
P	诪张为幻	zhōu zhāng wéi huàn
P	诪张变眩	zhōu zhāng biàn xuàn
P	诬良为盗	wū liáng wéi dào
P	语不惊人	yǔ bù jīng rén
P	语不投机	yǔ bù tóu jī
P	语出月胁	yǔ chū yuè xié
P	语四言三	yǔ sì yán sān
P	语妙天下	yǔ miào tiān xià
P	语妙绝伦	yǔ miào jué lún
P	语无伦次	yǔ wú lún cì
P	语无诠次	yǔ wú quán cì
P	语焉不详	yǔ yān bù xiáng
P	语短情长	yǔ duǎn qíng cháng
P	语笑喧呼	yǔ xiào xuān hū
P	语笑喧哗	yǔ xiào xuān huá
P	语笑喧阗	yǔ xiào xuān tián
P	语简意赅	yǔ jiǎn yì gāi
P	语言无味	yǔ yán wú wèi
P	语近指远	yǔ jìn zhǐ yuǎn
P	语近词冗	yǔ jìn cí rǒng
P	语重心沉	yǔ zhòng xīn chén
P	语重心长	yǔ zhòng xīn cháng
P	语重情深	yǔ zhòng qíng shēn
P	语长心重	yǔ cháng xīn zhòng
P	误人子弟	wù rén zǐ dì
P	误作非为	wù zuò fēi wéi
P	误打误撞	wù dǎ wù zhuàng
P	诱掖后进	yòu yè hòu jìn
P	诱掖奖劝	yòu yè jiǎng quàn
P	诲人不倦	huì rén bù juàn
P	诲人不惓	huì rén bù juàn
P	说一不二	shuō yī bù èr
P	说三道四	shuō sān dào sì
P	说不出口	shuō bù chū kǒu
P	说不过去	shuō bù guò qù
P	说东谈西	shuō dōng tán xī
P	说东道西	shuō dōng dào xī
P	说亲道热	shuō qīn dào rè
P	说今道古	shuō jīn dào gǔ
P	说到做到	shuō dào zuò dào
P	说千说万	shuō qiān shuō wàn
P	说千道万	shuō qiān dào wàn
P	说古谈今	shuō gǔ tán jīn
P	说古道今	shuō gǔ dào jīn
P	说咸道淡	shuō xián dào dàn
P	说唱文学	shuō chàng wén xué
P	说嘴郎中	shuō zuǐ láng zhōng
P	说地谈天	shuō dì tán tiān
P	说好嫌歹	shuō hǎo xián dǎi
P	说实在的	shuō shí zài de
P	说得过去	shuō dé guò qù
P	说文解字	shuō wén jiě zì
P	说是弄非	shuō shì nòng fēi
P	说是谈非	shuō shì tán fēi
P	说是道非	shuō shì dào fēi
P	说来话长	shuō lái huà cháng
P	说来说去	shuō lái shuō qù
P	说梅止渴	shuō méi zhǐ kě
P	说漂亮话	shuō piào liàng huà
P	说白道绿	shuō bái dào lǜ
P	说白道黑	shuō bái dào hēi
P	说短论长	shuō duǎn lùn cháng
P	说短道长	shuō duǎn dào cháng
P	说长论短	shuō cháng lùn duǎn
P	说长话短	shuō cháng huà duǎn
P	说长说短	shuō cháng shuō duǎn
P	说长道短	shuō cháng dào duǎn
P	说黄道黑	shuō huáng dào hēi
P	说黑道白	shuō hēi dào bái
P	请自隗始	qǐng zì wěi shǐ
P	诸亲六眷	zhū qīn liù juàn
P	诸亲好友	zhū qīn hǎo yǒu
P	诸子百家	zhū zǐ bǎi jiā
P	诸恶莫作	zhū è mò zuò
P	诸有此类	zhū yǒu cǐ lèi
P	诸若此类	zhū ruò cǐ lèi
P	读不舍手	dú bù shě shǒu
P	读书三余	dú shū sān yú
P	读书三到	dú shū sān dào
P	读书君子	dú shū jūn zǐ
P	读书得间	dú shū dé jiàn
P	读书种子	dú shū zhǒng zǐ
P	读书笔记	dú shū bǐ jì
P	读者文摘	dú zhě wén zhāi
P	课嘴撩牙	kè zuǐ liáo yá
P	课语讹言	kè yǔ é yán
P	调三惑四	tiáo sān huò sì
P	调三斡四	tiáo sān wò sì
P	调三窝四	tiáo sān wō sì
P	调丝品竹	tiáo sī pǐn zhú
P	调停两用	tiáo tíng liǎng yòng
P	调兵遣将	diào bīng qiǎn jiàng
P	调和阴阳	tiáo hé yīn yáng
P	调和鼎鼐	tiáo hé dǐng nài
P	调唇弄舌	tiáo chún nòng shé
P	调嘴学舌	tiáo zuǐ xué shé
P	调嘴弄舌	tiáo zuǐ nòng shé
P	调嘴调舌	tiáo zuǐ diào shé
P	调墨弄笔	tiáo mò nòng bǐ
P	调弦品竹	diào xián pǐn zhú
P	调朱傅粉	tiáo zhū fù fěn
P	调朱弄粉	tiáo zhū nòng fěn
P	调查研究	diào chá yán jiū
P	调查结果	diào chá jié guǒ
P	调理阴阳	tiáo lǐ yīn yáng
P	调神畅情	tiáo shén chàng qíng
P	调脂弄粉	tiáo zhī nòng fěn
P	调舌弄唇	tiáo shé nòng chún
P	调良稳泛	tiáo liáng wěn fàn
P	调虎离山	diào hǔ lí shān
P	调词架讼	tiáo cí jià sòng
P	调风变俗	tiáo fēng biàn sú
P	调风弄月	tiáo fēng nòng yuè
P	谄上傲下	chǎn shàng ào xià
P	谄上抑下	chǎn shàng yì xià
P	谄上欺下	chǎn shàng qī xià
P	谄上骄下	chǎn shàng jiāo xià
P	谄词令色	chǎn cí lìng sè
P	谆谆不倦	zhūn zhūn bù juàn
P	谆谆教导	zhūn zhūn jiào dǎo
P	谈不容口	tán bù róng kǒu
P	谈今论古	tán jīn lùn gǔ
P	谈何容易	tán hé róng yì
P	谈古论今	tán gǔ lùn jīn
P	谈古说今	tán gǔ shuō jīn
P	谈吐生风	tán tǔ shēng fēng
P	谈吐风生	tán tǔ fēng shēng
P	谈圆说通	tán yuán shuō tōng
P	谈天论地	tán tiān lùn dì
P	谈天说地	tán tiān shuō dì
P	谈情说爱	tán qíng shuō ài
P	谈玄说妙	tán xuán shuō miào
P	谈空说幻	tán kōng shuō huàn
P	谈空说有	tán kōng shuō yǒu
P	谈笑封侯	tán xiào fēng hóu
P	谈笑自若	tán xiào zì ruò
P	谈笑风生	tán xiào fēng shēng
P	谈若悬河	tán ruò xuán hé
P	谈言微中	tán yán wēi zhòng
P	谈议风生	tán yì fēng shēng
P	谈论风生	tán lùn fēng shēng
P	谈过其实	tán guò qí shí
P	谊不容辞	yì bù róng cí
P	谊不敢辞	yì bù gǎn cí
P	谊切苔岑	yì qiè tái cén
P	谋为不轨	móu wéi bù guǐ
P	谋听计行	móu tīng jì xíng
P	谋图不轨	móu tú bù guǐ
P	谋夫孔多	móu fū kǒng duō
P	谋如涌泉	móu rú yǒng quán
P	谋臣如雨	móu chén rú yǔ
P	谋臣武将	móu chén wǔ jiàng
P	谋臣猛将	móu chén měng jiāng
P	谑而不虐	xuè ér bù nüè
P	谓予不信	wèi yú bù xìn
P	谗言佞语	chán yán nìng yǔ
P	谛分审布	dì fēn shěn bù
P	谠言嘉论	dǎng yán jiā lùn
P	谠论侃侃	dǎng lùn kǎn kǎn
P	谢兰燕桂	xiè lán yàn guì
P	谢天谢地	xiè tiān xiè dì
P	谢家宝树	xiè jiā bǎo shù
P	谢家活计	xiè jiā huó jì
P	谨本详始	jǐn běn xiáng shǐ
P	谨行俭用	jǐn xíng jiǎn yòng
P	谨言慎行	jǐn yán shèn xíng
P	谨谢不敏	jǐn xiè bù mǐn
P	谨身节用	jǐn shēn jié yòng
P	谩不经意	màn bù jīng yì
P	谩天昧地	mán tiān mèi dì
P	谩天谩地	màn tiān màn dì
P	谩藏诲盗	màn cáng huì dào
P	谩辞哗说	màn cí huá shuō
P	谬妄无稽	miù wàng wú jī
P	谬托知己	miù tuō zhī jǐ
P	谬种流传	miù zhǒng liú chuán
P	谬采虚声	miù cǎi xū shēng
P	谬采虚誉	miù cǎi xū yù
P	谭天说地	tán tiān shuō dì
P	谭言微中	tán yán wēi zhòng
P	谮下谩上	zèn xià mán shàng
P	谲而不正	jué ér bù zhèng
P	谷父蚕母	gǔ fù cán mǔ
P	豁人耳目	huò rén ěr mù
P	豁口截舌	huō kǒu jié shé
P	豁然大悟	huò rán dà wù
P	豁然开悟	huò rán kāi wù
P	豁然开朗	huò rán kāi lǎng
P	豁然省悟	huò rán xǐng wù
P	豁然确斯	huò rán què sī
P	豁然贯通	huò rán guàn tōng
P	豁然顿悟	huò rán dùn wù
P	豁达大度	huò dá dà dù
P	豆分瓜剖	dòu fēn guā pōu
P	豆剖瓜分	dòu pōu guā fēn
P	豆萁相煎	dòu qí xiāng jiān
P	豆蔻年华	dòu kòu nián huá
P	豆重榆瞑	dòu chóng yú míng
P	豕交兽畜	shǐ jiāo shòu chù
P	豕分蛇断	shǐ fēn shé duàn
P	豕突狼奔	shǐ tū láng bēn
P	豕虎传讹	shǐ hǔ chuán é
P	豕食丐衣	shǐ shí gài yī
P	豪取智笼	háo qǔ zhì lóng
P	豪商巨贾	háo shāng jù gǔ
P	豪干暴取	háo gàn bào qǔ
P	豪放不羁	háo fàng bù jī
P	豪横跋扈	háo héng bá hù
P	豪言壮语	háo yán zhuàng yǔ
P	豪迈不群	háo mài bù qún
P	豹头环眼	bào tóu huán yǎn
P	豺狼当涂	chái láng dāng tú
P	豺狼当路	chái láng dāng lù
P	豺狼当道	chái láng dāng dào
P	豺狼横道	chái láng héng dào
P	貂狗相属	diāo gǒu xiāng shǔ
P	貌不惊人	mào bù jīng rén
P	貌似强大	mào sì qiáng dà
P	貌合形离	mào hé xíng lí
P	貌合心离	mào hé xīn lí
P	貌合情离	mào hé qíng lí
P	貌合神离	mào hé shén lí
P	貌合行离	mào hé xíng lí
P	貌离神合	mào lí shén hé
P	贝阙珠宫	bèi què zhū gōng
P	贞不绝俗	zhēn bù jué sú
P	贞元会合	zhēn yuán huì hé
P	贞松劲柏	zhēn sōng jìng bǎi
P	贞观之治	zhēn guàn zhī zhì
P	贞风亮节	zhēn fēng liàng jié
P	负乘斯夺	fù chéng sī duó
P	负乘致寇	fù chéng zhì kòu
P	负任蒙劳	fù rèn méng láo
P	负俗之累	fù sú zhī lèi
P	负债累累	fù zhài lěi lěi
P	负固不宾	fù gù bù bīn
P	负固不服	fù gù bù fú
P	负地矜才	fù dì jīn cái
P	负德背义	fù dé bèi yì
P	负恩背义	fù ēn bèi yì
P	负才任气	fù cái rèn qì
P	负材任气	fù cái rèn qì
P	负材矜地	fù cái jīn dì
P	负气斗狠	fù qì dǒu hěn
P	负石赴河	fù shí fù hé
P	负老提幼	fù lǎo tí yòu
P	负衡据鼎	fù héng jù dǐng
P	负重吞污	fù zhòng tūn wū
P	负重含污	fù zhòng hán wū
P	负重涉远	fù zhòng shè yuǎn
P	负重致远	fù zhòng zhì yuǎn
P	负阻不宾	fù zǔ bù bīn
P	负险不宾	fù xiǎn bù bīn
P	负险不臣	fù xiǎn bù chén
P	贡禹弹冠	gòng yǔ tán guān
P	财不露白	cái bù lù bái
P	财匮力绌	cái kuì lì chù
P	财大气粗	cái dà qì cū
P	财政寡头	cái zhèng guǎ tóu
P	财殚力尽	cái dān lì jìn
P	财殚力痡	cái dān lì pū
P	财竭力尽	cái jié lì jìn
P	财运亨通	cái yùn hēng tōng
P	责任事故	zé rèn shì gù
P	责无旁贷	zé wú páng dài
P	责有所归	zé yǒu suǒ guī
P	责有攸归	zé yǒu yōu guī
P	贤妻良母	xián qī liáng mǔ
P	贤母良妻	xián mǔ liáng qī
P	贤良方正	xián liáng fāng zhèng
P	贤身贵体	xián shēn guì tǐ
P	败不旋踵	bài bù xuán zhǒng
P	败俗伤化	bài sú shāng huà
P	败俗伤风	bài sú shāng fēng
P	败兴而归	bài xìng ér guī
P	败军之将	bài jūn zhī jiàng
P	败则为贼	bài zé wéi zéi
P	败化伤风	bài huà shāng fēng
P	败国丧家	bài guó sàng jiā
P	败国亡家	bài guó wáng jiā
P	败将残兵	bài jiàng cán bīng
P	败德辱行	bài dé rǔ xíng
P	败法乱纪	bài fǎ luàn jì
P	败绩失据	bài jì shī jù
P	货畅其流	huò chàng qí liú
P	货真价实	huò zhēn jià shí
P	货而不售	huò ér bù shòu
P	货贿公行	huò huì gōng xíng
P	货赂公行	huò lù gōng xíng
P	货赂大行	huò lù dà xíng
P	质伛影曲	zhì yǔ yǐng qū
P	质疑辨惑	zhì yí biàn huò
P	质疑问难	zhì yí wèn nàn
P	质而不俚	zhì ér bù lǐ
P	质而不野	zhì ér bù yě
P	贩夫俗子	fàn fū sú zǐ
P	贩夫皁隶	fàn fū zào lì
P	贩夫皂隶	fàn fū zào lì
P	贩夫贩妇	fàn fū fàn fù
P	贩夫走卒	fàn fū zǒu zú
P	贩夫驺卒	fàn fū zōu zú
P	贪墨成风	tān mò chéng fēng
P	贪多务得	tān duō wù dé
P	贪大求洋	tān dà qiú yáng
P	贪夫徇财	tān fū xùn cái
P	贪夫殉利	tān fū xùn lì
P	贪夫狥利	tān fū xùn lì
P	贪夫狥财	tān fū xùn cái
P	贪小失大	tān xiǎo shī dà
P	贪得无厌	tān dé wú yàn
P	贪心不足	tān xīn bù zú
P	贪惏无餍	tān lín wú yàn
P	贪污狼藉	tān wū láng jí
P	贪污腐化	tān wū fǔ huà
P	贪生恶死	tān shēng wù sǐ
P	贪而无信	tān ér wú xìn
P	贪蛇忘尾	tān shé wàng wěi
P	贪财好色	tān cái hào sè
P	贪赃坏法	tān zāng huài fǎ
P	贫下中农	pín xià zhōng nóng
P	贫不学俭	pín bù xué jiǎn
P	贫嘴恶舌	pín zuǐ è shé
P	贫嘴薄舌	pín zuǐ bó shé
P	贫困潦倒	pín kùn liáo dǎo
P	贫富差距	pín fù chā jù
P	贫病交迫	pín bìng jiāo pò
P	贫而乐道	pín ér lè dào
P	贫贱不移	pín jiàn bù yí
P	贫贱之知	pín jiàn zhī zhī
P	购物中心	gòu wù zhōng xīn
P	购销差价	gòu xiāo chā jià
P	贯斗双龙	guàn dòu shuāng lóng
P	贯朽粟红	guàn xiǔ sù hóng
P	贯盈恶稔	guàn yíng è rěn
P	贯穿融会	guàn chuān róng huì
P	贯通融会	guàn tōng róng huì
P	贱敛贵发	jiàn liǎn guì fā
P	贵不召骄	guì bù zhào jiāo
P	贵不可言	guì bù kě yán
P	贵不期骄	guì bù qī jiāo
P	贵在知心	guì zài zhī xīn
P	贵少贱老	guì shǎo jiàn lǎo
P	贵贱无二	guì jiàn wú èr
P	贵远贱近	guì yuǎn jiàn jìn
P	贵远鄙近	guì yuǎn bǐ jìn
P	贸易逆差	mào yì nì chā
P	贸易顺差	mào yì shùn chā
P	贸首之仇	mào shǒu zhī chóu
P	费尽心机	fèi jìn xīn jī
P	费尽心血	fèi jìn xīn xuè
P	贻厥孙谋	yí jué sūn móu
P	贻笑大方	yí xiào dà fāng
P	贻臭万年	yí chòu wàn nián
P	贼头狗脑	zéi tóu gǒu nǎo
P	贼头贼脑	zéi tóu zéi nǎo
P	贼头鬼脑	zéi tóu guǐ nǎo
P	贼头鼠脑	zéi tóu shǔ nǎo
P	贼心不死	zéi xīn bù sǐ
P	贿货公行	huì huò gōng xíng
P	贿赂公行	huì lù gōng xíng
P	贿赂并行	huì lù bìng xíng
P	赁耳佣目	lìn ěr yōng mù
P	赃污狼藉	zāng wū láng jí
P	赃盈恶贯	zāng yíng è guàn
P	赃私狼藉	zāng sī láng jí
P	赃秽狼藉	zāng huì láng jí
P	赃货狼藉	zāng huò láng jí
P	赃贿狼藉	zāng huì láng jí
P	资不抵债	zī bù dǐ zhài
P	资产评估	zī chǎn píng gū
P	资本市场	zī běn shì chǎng
P	资深望重	zī shēn wàng zhòng
P	赌咒发誓	dǔ zhòu fā shì
P	赌神发咒	dǔ shén fā zhòu
P	赌誓发原	dǔ shì fā yuán
P	赌誓发愿	dǔ shì fā yuàn
P	赌长较短	dǔ cháng jiào duǎn
P	赍志以没	jī zhì yǐ méi
P	赍志而没	jī zhì ér mò
P	赍粮藉寇	jī liáng jiè kòu
P	赏不当功	shǎng bù dāng gōng
P	赏不逾日	shǎng bù yú rì
P	赏不逾时	shǎng bù yú shí
P	赏信罚必	shǎng xìn fá bì
P	赏信罚明	shǎng xìn fá míng
P	赏同罚异	shǎng tóng fá yì
P	赏善罚否	shǎng shàn fá fǒu
P	赏善罚恶	shǎng shàn fá è
P	赏奇析疑	shǎng qí xī yí
P	赏心乐事	shǎng xīn lè shì
P	赏罚不明	shǎng fá bù míng
P	赏罚信明	shǎng fá xìn míng
P	赏罚分明	shǎng fá fēn míng
P	赏贤使能	shǎng xián shǐ néng
P	赏贤罚暴	shǎng xián fá bào
P	赖有此耳	lài yǒu cǐ ěr
P	赘食太仓	zhuì shí tài cāng
P	赞不绝口	zàn bù jué kǒu
P	赞口不绝	zàn kǒu bù jué
P	赞叹不已	zàn tàn bù yǐ
P	赞声不绝	zàn shēng bù jué
P	赢奸卖俏	yíng jiān mài qiào
P	赤县神州	chì xiàn shén zhōu
P	赤口毒舌	chì kǒu dú shé
P	赤地千里	chì dì qiān lǐ
P	赤心相待	chì xīn xiāng dài
P	赤手空拳	chì shǒu kōng quán
P	赤日炎炎	chì rì yán yán
P	赤绳系足	chì shéng jì zú
P	赤膊上阵	chì bó shàng zhèn
P	赤诚相待	chì chéng xiāng dài
P	赤贫如洗	chì pín rú xǐ
P	赤身裸体	chì shēn luǒ tǐ
P	赤身露体	chì shēn lù tǐ
P	赦过宥罪	shè guò yòu zuì
P	赧颜汗下	nǎn yán hàn xià
P	赫赫有名	hè hè yǒu míng
P	赭衣塞路	zhě yī sè lù
P	走为上着	zǒu wéi shàng zhāo
P	走为上策	zǒu wéi shàng cè
P	走为上计	zǒu wéi shàng jì
P	走伏无地	zǒu fú wú dì
P	走南闯北	zǒu nán chuǎng běi
P	走头无路	zǒu tóu wú lù
P	走投没路	zǒu tóu méi lù
P	走村串户	zǒu cūn chuàn hù
P	走石飞沙	zǒu shí fēi shā
P	走花溜冰	zǒu huā liū bīng
P	走花溜水	zǒu huā liū shuǐ
P	走街串巷	zǒu jiē chuàn xiàng
P	走马上任	zǒu mǎ shàng rèn
P	走马到任	zǒu mǎ dào rèn
P	走马看花	zǒu mǎ kàn huā
P	走马章台	zǒu mǎ zhāng tái
P	走马观花	zǒu mǎ guān huā
P	走马赴任	zǒu mǎ fù rèn
P	赳赳武夫	jiū jiū wǔ fū
P	赴汤蹈火	fù tāng dǎo huǒ
P	赶尽杀绝	gǎn jìn shā jué
P	起偃为竖	qǐ yǎn wéi shù
P	起承转合	qǐ chéng zhuǎn hé
P	起根发由	qǐ gēn fā yóu
P	趁势落篷	chèn shì luò péng
P	趁哄打劫	chèn hōng dǎ jié
P	趁水和泥	chèn shuǐ huò ní
P	趁火打劫	chèn huǒ dǎ jié
P	趁火抢劫	chèn huǒ qiǎng jié
P	趁热打铁	chèn rè dǎ tiě
P	趁风使柁	chèn fēng shǐ duò
P	超今冠古	chāo jīn guàn gǔ
P	超凡人圣	chāo fán rén shèng
P	超凡脱俗	chāo fán tuō sú
P	超度众生	chāo dù zhòng shēng
P	超期服役	chāo qī fú yì
P	超然不群	chāo rán bù qún
P	超然独处	chāo rán dú chǔ
P	超然自得	chāo rán zì dé
P	超然远举	chāo rán yuǎn jǔ
P	超然远引	chāo rán yuǎn yǐn
P	超级大国	chāo jí dà guó
P	超级市场	chāo jí shì chǎng
P	超超玄著	chāo chāo xuán zhù
P	越鸟南栖	yuè niǎo nán qī
P	趋之若骛	qū zhī ruò wù
P	趋之若鹜	qū zhī ruò wù
P	趋利避害	qū lì bì hài
P	趋时奉势	qū shí fèng shì
P	趋时附势	qū shí fù shì
P	趋权附势	qū quán fù shì
P	趋炎附势	qū yán fù shì
P	趋炎附热	qū yán fù rè
P	趑趄不前	zī jū bù qián
P	足不出户	zú bù chū hù
P	足不出门	zú bù chū mén
P	足不履影	zú bù lǚ yǐng
P	足不窥户	zú bù kuī hù
P	足不逾户	zú bù yú hù
P	足兵足食	zú bīng zú shí
P	足尺加二	zú chǐ jiā èr
P	足衣足食	zú yī zú shí
P	足足有余	zú zú yǒu yú
P	足踏实地	zú tà shí dì
P	足音空谷	zú yīn kōng gǔ
P	足食丰衣	zú shí fēng yī
P	足食足兵	zú shí zú bīng
P	足高气强	zú gāo qì qiáng
P	趾踵相接	zhǐ zhǒng xiāng jiē
P	趾踵相错	zhǐ zhǒng xiāng cuò
P	趿拉着鞋	tā la zhe xié
P	跃然纸上	yuè rán zhǐ shàng
P	跅幪不羁	tuò méng bù jī
P	跅弛不羁	tuò chí bù jī
P	跅弢不羁	tuò tāo bù jī
P	跋前疐后	bá qián zhì hòu
P	跋扈恣睢	bá hù zì suī
P	跋胡疐尾	bá hú zhì wěi
P	跌宕不羁	dié dàng bù jī
P	跌宕风流	diē dàng fēng liú
P	跌弹斑鸠	diē dàn bān jiū
P	跌打损伤	diē dǎ sǔn shāng
P	跌荡不拘	diē dàng bù jū
P	跌荡不羁	diē dàng bù jī
P	跌荡风流	diē dàng fēng liú
P	跐着门槛	cǐ zhe mén kǎn
P	跑冒滴漏	pǎo mào dī lòu
P	跑跑跳跳	pǎo pǎo tiào tiào
P	跑跑颠颠	pǎo pǎo diān diān
P	跑马卖解	pǎo mǎ mài xiè
P	跑马观花	pǎo mǎ guān huā
P	跗萼载韡	fū è zǎi wěi
P	跛行千里	bǒ xíng qiān lǐ
P	跣足科头	xiǎn zú kē tóu
P	跨凤乘鸾	kuà fèng chéng luán
P	跨凤乘龙	kuà fèng chéng lóng
P	跨山压海	kuà shān yā hǎi
P	跫响空谷	qióng xiǎng kōng gǔ
P	路不拾遗	lù bù shí yí
P	路人皆知	lù rén jiē zhī
P	路无拾遗	lù wú shí yí
P	路见不平	lù jiàn bù píng
P	路远迢迢	lù yuǎn tiáo tiáo
P	跳丸日月	tiào wán rì yuè
P	跳梁小丑	tiào liáng xiǎo chǒu
P	跳皮筋儿	tiào pí jīn er
P	践土食毛	jiàn tǔ shí máo
P	践规踏矩	jiàn guī tà jǔ
P	跷足而待	qiāo zú ér dài
P	跼地籥天	jú dì yuè tiān
P	跼天促地	jú tiān cù dì
P	跼天蹐地	jú tiān jí dì
P	跼蹐不安	jú jí bù ān
P	踉踉跄跄	liàng liàng qiàng qiàng
P	踌躇不决	chóu chú bù jué
P	踌躇不前	chóu chú bù qián
P	踔厉奋发	chuō lì fèn fā
P	踔厉风发	chuō lì fēng fā
P	踔厉骏发	chuō lì jùn fā
P	踔绝之能	chuō jué zhī néng
P	踞炉炭上	jù lú tàn shàng
P	踟蹰不前	chí chú bù qián
P	踢天弄井	tī tiān nòng jǐng
P	踣地呼天	bó dì hū tiān
P	踧踖不安	cù jí bù ān
P	踱来踱去	duó lái duó qù
P	踵事增华	zhǒng shì zēng huá
P	踵决肘见	zhǒng jué zhǒu jiàn
P	踵接肩摩	zhǒng jiē jiān mó
P	踵武相接	zhǒng wǔ xiāng jiē
P	踵足相接	zhǒng zú xiāng jiē
P	踵趾相接	zhǒng zhǐ xiāng jiē
P	踵迹相接	zhǒng jì xiāng jiē
P	踽踽凉凉	jǔ jǔ liáng liáng
P	踽踽独行	jǔ jǔ dú xíng
P	蹀躞不下	dié xiè bù xià
P	蹄閒三寻	tí jiàn sān xún
P	蹄间三寻	tí jiān sān xún
P	蹇人上天	jiǎn rén shàng tiān
P	蹈其覆辙	dǎo qí fù zhé
P	蹈刃不旋	dǎo rèn bù xuán
P	蹈厉奋发	dǎo lì fèn fā
P	蹈汤赴火	dǎo tāng fù huǒ
P	蹈火探汤	dǎo huǒ tàn tāng
P	蹈火赴汤	dǎo huǒ fù tāng
P	蹈节死义	dǎo jié sǐ yì
P	蹈赴汤火	dǎo fù tāng huǒ
P	蹈锋饮血	dǎo fēng yǐn xuè
P	蹐地局天	jí dì jú tiān
P	蹐地跼天	jí dì jú tiān
P	蹑屩担簦	niè juē dān dēng
P	蹑影藏形	niè yǐng cáng xíng
P	蹑影追风	niè yǐng zhuī fēng
P	蹑足其间	niè zú qí jiān
P	蹑蹻担簦	niè jué dān dēng
P	蹙金结绣	cù jīn jié xiù
P	蹦蹦跳跳	bèng bèng tiào tiào
P	躁言丑句	zào yán chǒu jù
P	身不由主	shēn bù yóu zhǔ
P	身不由己	shēn bù yóu jǐ
P	身不遇时	shēn bù yù shí
P	身临其境	shēn lín qí jìng
P	身价百倍	shēn jià bǎi bèi
P	身体力行	shēn tǐ lì xíng
P	身体发肤	shēn tǐ fà fū
P	身做身当	shēn zuò shēn dāng
P	身先士卒	shēn xiān shì zú
P	身先朝露	shēn xiān zhāo lù
P	身兼数职	shēn jiān shù zhí
P	身单力薄	shēn dān lì bó
P	身历其境	shēn lì qí jìng
P	身后萧条	shēn hòu xiāo tiáo
P	身处险境	shēn chǔ xiǎn jìng
P	身家性命	shēn jiā xìng mìng
P	身废名裂	shēn fèi míng liè
P	身强力壮	shēn qiáng lì zhuàng
P	身当其境	shēn dāng qí jìng
P	身当矢石	shēn dāng shǐ shí
P	身微力薄	shēn wēi lì báo
P	身怀六甲	shēn huái liù jiǎ
P	身怀绝技	shēn huái jué jì
P	身手不凡	shēn shǒu bù fán
P	身无分文	shēn wú fēn wén
P	身无择行	shēn wú zé xíng
P	身无长处	shēn wú cháng chù
P	身无长物	shēn wú cháng wù
P	身败名裂	shēn bài míng liè
P	身败名隳	shēn bài míng huī
P	身远心近	shēn yuǎn xīn jìn
P	身非木石	shēn fēi mù shí
P	身首异地	shēn shǒu yì dì
P	身首异处	shēn shǒu yì chù
P	躬体力行	gōng tǐ lì xíng
P	躬先士卒	gōng xiān shì zú
P	躬冒矢石	gōng mào shǐ shí
P	躬耕乐道	gōng gēng lè dào
P	躬自菲薄	gōng zì fěi bó
P	躬行实践	gōng xíng shí jiàn
P	躬行节俭	gōng xíng jié jiǎn
P	躬蹈矢石	gōng dǎo shǐ shí
P	躬逢其盛	gōng féng qí shèng
P	车击舟连	chē jī zhōu lián
P	车在马前	chē zài mǎ qián
P	车填马隘	chē tián mǎ ài
P	车尘马足	chē chén mǎ zú
P	车尘马迹	chē chén mǎ jì
P	车怠马烦	chē dài mǎ fán
P	车无退表	chē wú tuì biǎo
P	车殆马烦	chē dài mǎ fán
P	车水马龙	chē shuǐ mǎ lóng
P	车烦马毙	chē fán mǎ bì
P	车笠之盟	chē lì zhī méng
P	车轱辘话	chē gū lù huà
P	车载斗量	chē zài dǒu liáng
P	车载船装	chē zǎi chuán zhuāng
P	车辙马迹	chē zhé mǎ jì
P	车马填门	chē mǎ tián mén
P	车马盈门	chē mǎ yíng mén
P	车马辐辏	chē mǎ fú còu
P	车马骈阗	chē mǎ pián tián
P	车驰马骤	chē chí mǎ zhòu
P	轩然大波	xuān rán dà bō
P	轩盖如云	xuān gài rú yún
P	轩轩甚得	xuān xuān shèn dé
P	轩轾不分	xuān zhì bù fēn
P	轩鹤冠猴	xuān hè guàn hóu
P	转危为安	zhuǎn wēi wéi ān
P	转口贸易	zhuǎn kǒu mào yì
P	转喉触讳	zhuǎn hóu chù huì
P	转嗔为喜	zhuǎn chēn wéi xǐ
P	转弯抹角	zhuǎn wān mò jiǎo
P	转弯磨角	zhuǎn wān mó jiǎo
P	转忧为喜	zhuǎn yōu wéi xǐ
P	转悲为喜	zhuǎn bēi wéi xǐ
P	转愁为喜	zhuǎn chóu wéi xǐ
P	转战千里	zhuǎn zhàn qiān lǐ
P	转斗千里	zhuǎn dòu qiān lǐ
P	转日回天	zhuǎn rì huí tiān
P	转来转去	zhuàn lái zhuàn qù
P	转死沟壑	zhuǎn sǐ gōu hè
P	转死沟渠	zhuǎn sǐ gōu qú
P	转海回天	zhuǎn hǎi huí tiān
P	转湾抹角	zhuǎn wān mò jiǎo
P	转灾为福	zhuǎn zāi wéi fú
P	转眼之间	zhuǎn yǎn zhī jiān
P	转瞬之间	zhuǎn shùn zhī jiān
P	转祸为福	zhuǎn huò wéi fú
P	转败为功	zhuǎn bài wéi gōng
P	转败为成	zhuǎn bài wéi chéng
P	转败为胜	zhuǎn bài wéi shèng
P	转轮手枪	zhuàn lún shǒu qiāng
P	转辗反侧	zhuǎn zhǎn fǎn cè
P	轮扁斫轮	lún biǎn zhuó lún
P	软体动物	ruǎn tǐ dòng wù
P	软硬不吃	ruǎn yìng bù chī
P	软红十丈	ruǎn hóng shí zhàng
P	软红香土	ruǎn hóng xiāng tǔ
P	软语温言	ruǎn yǔ wēn yán
P	软谈丽语	ruǎn tán lì yǔ
P	轰堂大笑	hōng táng dà xiào
P	轰天烈地	hōng tiān liè dì
P	轰天裂地	hōng tiān liè dì
P	轹釜待炊	lì fǔ dài chuī
P	轻举远游	qīng jǔ yuǎn yóu
P	轻傜薄赋	qīng yáo bó fù
P	轻卒锐兵	qīng zú ruì bīng
P	轻口薄舌	qīng kǒu bó shé
P	轻吞慢吐	qīng tūn màn tǔ
P	轻嘴薄舌	qīng zuǐ bó shé
P	轻徭薄税	qīng yáo báo shuì
P	轻徭薄赋	qīng yáo báo fù
P	轻怜重惜	qīng lián zhòng xī
P	轻才好施	qīng cái hào shī
P	轻死重义	qīng sǐ zhòng yì
P	轻死重气	qīng sǐ zhòng qì
P	轻生重义	qīng shēng zhòng yì
P	轻繇薄赋	qīng yáo báo fù
P	轻若鸿毛	qīng ruò hóng máo
P	轻薄无知	qīng báo wú zhī
P	轻薄无礼	qīng báo wú lǐ
P	轻薄无行	qīng báo wú xíng
P	轻虑浅谋	qīng lǜ qiǎn móu
P	轻装上阵	qīng zhuāng shàng zhèn
P	轻装简从	qīng zhuāng jiǎn cóng
P	轻言寡信	qīng yán guǎ xìn
P	轻言细语	qīng yán xì yǔ
P	轻言软语	qīng yán ruǎn yǔ
P	轻言轻语	qīng yán qīng yǔ
P	轻诺寡信	qīng nuò guǎ xìn
P	轻财好义	qīng cái hào yì
P	轻财好士	qīng cái hǎo shì
P	轻财好施	qīng cái hào shī
P	轻财重义	qīng cái zhòng yì
P	轻财重士	qīng cái zhòng shì
P	轻赋薄敛	qīng fù báo liǎn
P	轻身重义	qīng shēn zhòng yì
P	轻车减从	qīng chē jiǎn cóng
P	轻车熟路	qīng chē shú lù
P	轻车熟道	qīng chē shú dào
P	轻车简从	qīng chē jiǎn cóng
P	轻重倒置	qīng zhòng dào zhì
P	轻重失宜	qīng zhòng shī yí
P	轻重缓急	qīng zhòng huǎn jí
P	轻重量级	qīng zhòng liàng jí
P	轻骑减从	qīng qí jiǎn cóng
P	轻骑简从	qīng qí jiǎn cóng
P	载一抱素	zài yī bào sù
P	载入史册	zǎi rù shǐ cè
P	载歌且舞	zài gē qiě wǔ
P	载歌载舞	zài gē zài wǔ
P	载沉载浮	zài chén zài fú
P	载笑载言	zài xiào zài yán
P	载舟覆舟	zài zhōu fù zhōu
P	载酒问字	zài jiǔ wèn zì
P	载重汽车	zài zhòng qì chē
P	载驰载驱	zǎi chí zǎi qū
P	载驱载驰	zài qū zài chí
P	较德焯勤	jiào dé zhuō qín
P	较武论文	jiào wǔ lùn wén
P	较瘦量肥	jiào shòu liàng féi
P	较短比长	jiào duǎn bǐ cháng
P	较短絜长	jiào duǎn xié cháng
P	较短量长	jiào duǎn liáng cháng
P	较若画一	jiào ruò huà yī
P	较长絜短	jiào cháng xié duǎn
P	辅世长民	fǔ shì zhǎng mín
P	辅牙相倚	fǔ yá xiāng yǐ
P	辅车唇齿	fǔ chē chún chǐ
P	辅车相依	fǔ chē xiāng yī
P	辅车相将	fǔ chē xiāng jiāng
P	辍毫栖牍	chuò háo qī dú
P	输心服意	shū xīn fú yì
P	输财助边	shū cái zhù biān
P	辗转反侧	zhǎn zhuǎn fǎn cè
P	辜恩背义	gū ēn bèi yì
P	辞不获命	cí bù huò mìng
P	辞不达义	cí bù dá yì
P	辞不达意	cí bù dá yì
P	辞严义正	cí yán yì zhèng
P	辞严意正	cí yán yì zhèng
P	辞严气正	cí yán qì zhèng
P	辞严谊正	cí yán yì zhèng
P	辞多受少	cí duō shòu shǎo
P	辞微旨远	cí wēi zhǐ yuǎn
P	辨日炎凉	biàn rì yán liáng
P	辨若悬河	biàn ruò xuán hé
P	辨证论治	biàn zhèng lùn zhì
P	辱国丧师	rǔ guó sàng shī
P	边尘不惊	biān chén bù jīng
P	达人知命	dá rén zhī mìng
P	达地知根	dá dì zhī gēn
P	达官知命	dá guān zhī mìng
P	达官要人	dá guān yào rén
P	达官贵要	dá guān guì yào
P	达斡尔族	dá wò ěr zú
P	达权知变	dá quán zhī biàn
P	达赖喇嘛	dá lài lǎ ma
P	迁善去恶	qiān shàn qù è
P	迁善塞违	qiān shàn sāi wéi
P	迁善改过	qiān shàn gǎi guò
P	迁善远罪	qiān shàn yuǎn zuì
P	迁善黜恶	qiān shàn chù è
P	迁客骚人	qiān kè sāo rén
P	迁延稽留	qiān yán jī liú
P	迁延观望	qiān yán guān wàng
P	迁思回虑	qiān sī huí lǜ
P	迁风移俗	qiān fēng yí sú
P	迂回曲折	yū huí qū zhé
P	迂谈阔论	yū tán kuò lùn
P	迅雷风烈	xùn léi fēng liè
P	过为已甚	guò wéi yǐ shèn
P	过从甚密	guò cóng shèn mì
P	过关斩将	guò guān zhǎn jiàng
P	过冬作物	guò dōng zuò wù
P	过化存神	guò huà cún shén
P	过失杀人	guò shī shā rén
P	过屠大嚼	guò tú dà jué
P	过市招摇	guò shì zhāo yáo
P	过府冲州	guò fǔ chōng zhōu
P	过庭之训	guò tíng zhī xùn
P	过意不去	guò yì bù qù
P	过敏反应	guò mǐn fǎn yìng
P	过时黄花	guò shí huáng huā
P	过桥抽板	guò qiáo chōu bǎn
P	过桥拆桥	guò qiáo chāi qiáo
P	过江之鲫	guò jiāng zhī jì
P	过河卒子	guò hé zú zǐ
P	过河拆桥	guò hé chāi qiáo
P	过滤嘴儿	guò lǜ zuǐ er
P	过犹不及	guò yóu bù jí
P	过甚其词	guò shèn qí cí
P	过甚其辞	guò shèn qí cí
P	过目不忘	guò mù bù wàng
P	过目成诵	guò mù chéng sòng
P	过眼云烟	guò yǎn yún yān
P	过眼烟云	guò yǎn yān yún
P	过磷酸钙	guò lín suān gài
P	过而能改	guò ér néng gǎi
P	过街天桥	guò jiē tiān qiáo
P	过街老鼠	guò jiē lǎo shǔ
P	过路财神	guò lù cái shén
P	过都历块	guò dū lì kuài
P	过门不入	guò mén bù rù
P	过隙白驹	guò xì bái jū
P	迎刃以解	yíng rèn yǐ jiě
P	迎刃冰解	yíng rèn bīng jiě
P	迎刃立解	yíng rèn lì jiě
P	迎刃而解	yíng rèn ér jiě
P	迎头痛击	yíng tóu tòng jī
P	迎头赶上	yíng tóu gǎn shàng
P	迎奸卖俏	yíng jiān mài qiào
P	迎神赛会	yíng shén sài huì
P	迎风冒雪	yíng fēng mào xuě
P	迎风待月	yíng fēng dài yuè
P	迎风招展	yíng fēng zhāo zhǎn
P	运之掌上	yùn zhī zhǎng shàng
P	运动健将	yùn dòng jiàn jiàng
P	运斤如风	yùn jīn rú fēng
P	运斤成风	yùn jīn chéng fēng
P	运旺时盛	yùn wàng shí shèng
P	运智铺谋	yùn zhì pù móu
P	运筹出奇	yùn chóu chū qí
P	运计铺谋	yùn jì pù móu
P	运转时来	yùn zhuǎn shí lái
P	运载火箭	yùn zài huǒ jiàn
P	近交远攻	jìn jiāo yuǎn gōng
P	近亲繁殖	jìn qīn fán zhí
P	近在咫尺	jìn zài zhǐ chǐ
P	近墨者黑	jìn mò zhě hēi
P	近悦远来	jìn yuè yuǎn lái
P	近朱者赤	jìn zhū zhě chì
P	近水楼台	jìn shuǐ lóu tái
P	近程导弹	jìn chéng dǎo dàn
P	返我初服	fǎn wǒ chū fú
P	返本朝元	fǎn běn cháo yuán
P	返本还元	fǎn běn huán yuán
P	返本还原	fǎn běn huán yuán
P	返本还源	fǎn běn huán yuán
P	返朴归真	fǎn pǔ guī zhēn
P	返朴还淳	fǎn pǔ huán chún
P	返朴还真	fǎn pǔ huán zhēn
P	返老还童	fǎn lǎo huán tóng
P	返观内照	fǎn guān nèi zhào
P	返观内视	fǎn guān nèi shì
P	返视内照	fǎn shì nèi zhào
P	返邪归正	fǎn xié guī zhèng
P	还乡昼锦	huán xiāng zhòu jǐn
P	还元返本	huán yuán fǎn běn
P	还原反本	huán yuán fǎn běn
P	还原染料	huán yuán rǎn liào
P	还君明珠	huán jūn míng zhū
P	还年却老	huán nián què lǎo
P	还年卻老	huán nián què lǎo
P	还年驻色	huán nián zhù sè
P	还我河山	huán wǒ hé shān
P	还朴反古	huán pǔ fǎn gǔ
P	还淳反古	huán chún fǎn gǔ
P	还淳反朴	huán chún fǎn pǔ
P	还淳反素	huán chún fǎn sù
P	还淳返朴	huán chún fǎn pǔ
P	还珠买椟	huán zhū mǎi dú
P	还珠合浦	huán zhū hé pǔ
P	还珠返璧	huán zhū fǎn bì
P	还算不错	hái suàn bú cuò
P	还醇返朴	huán chún fǎn pǔ
P	这么点儿	zhè me diǎn er
P	进可替不	jìn kě tì bù
P	进可替否	jìn kě tì fǒu
P	进善惩恶	jìn shàn chéng è
P	进善退恶	jìn shàn tuì è
P	进善黜恶	jìn shàn chù è
P	进壤广地	jìn rǎng guǎng dì
P	进寸退尺	jìn cùn tuì chǐ
P	进德修业	jìn dé xiū yè
P	进种善群	jìn zhǒng shàn qún
P	进贤任能	jìn xián rèn néng
P	进贤兴功	jìn xián xīng gōng
P	进贤屏恶	jìn xián píng è
P	进贤拔能	jìn xián bá néng
P	进贤用能	jìn xián yòng néng
P	进贤达能	jìn xián dá néng
P	进贤进能	jìn xián jìn néng
P	进贤黜恶	jìn xián chù è
P	进退两难	jìn tuì liǎng nán
P	进退中度	jìn tuì zhòng dù
P	进退中绳	jìn tuì zhōng shéng
P	进退为难	jìn tuì wéi nán
P	进退亡据	jìn tuì wáng jù
P	进退出处	jìn tuì chū chǔ
P	进退双难	jìn tuì shuāng nán
P	进退可否	jìn tuì kě fǒu
P	进退可度	jìn tuì kě dù
P	进退失据	jìn tuì shī jù
P	进退存亡	jìn tuì cún wáng
P	进退应矩	jìn tuì yīng jǔ
P	进退无据	jìn tuì wú jù
P	进退有常	jìn tuì yǒu cháng
P	进退有度	jìn tuì yǒu dù
P	进退有节	jìn tuì yǒu jié
P	进退消长	jìn tuì xiāo cháng
P	进退狐疑	jìn tuì hú yí
P	进退维亟	jìn tuì wéi jí
P	进退触籓	jìn tuì chù fān
P	进退跋疐	jìn tuì bá zhì
P	进道若蜷	jìn dào ruò quán
P	进道若踡	jìn dào ruò quán
P	进道若退	jìn dào ruò tuì
P	远不间亲	yuǎn bù jiàn qīn
P	远交近攻	yuǎn jiāo jìn gōng
P	远亲近邻	yuǎn qīn jìn lín
P	远垂不朽	yuǎn chuí bù xiǔ
P	远山芙蓉	yuǎn shān fú róng
P	远年近岁	yuǎn nián jìn suì
P	远年近日	yuǎn nián jìn rì
P	远怀近集	yuǎn huái jìn jí
P	远愁近虑	yuǎn chóu jìn lǜ
P	远求骐骥	yuǎn qiú qí jì
P	远涉重洋	yuǎn shè chóng yáng
P	远溯博索	yuǎn sù bó suǒ
P	远瞩高瞻	yuǎn zhǔ gāo zhān
P	远程教育	yuǎn chéng jiào yù
P	远至迩安	yuǎn zhì ěr ān
P	远虑深谋	yuǎn lǜ shēn móu
P	远见卓识	yuǎn jiàn zhuó shí
P	远谋深算	yuǎn móu shēn suàn
P	远走高飞	yuǎn zǒu gāo fēi
P	违信背约	wéi xìn bèi yuē
P	违强陵弱	wéi qiáng líng ruò
P	违心之论	wéi xīn zhī lùn
P	违条犯法	wéi tiáo fàn fǎ
P	违条舞法	wéi tiáo wǔ fǎ
P	违法乱纪	wéi fǎ luàn jì
P	连三并四	lián sān bìng sì
P	连中三元	lián zhòng sān yuán
P	连二并三	lián èr bìng sān
P	连天匝地	lián tiān zā dì
P	连山排海	lián shān pái hǎi
P	连州比县	lián zhōu bǐ xiàn
P	连帙累牍	lián zhì lèi dú
P	连更彻夜	lián gēng chè yè
P	连更星夜	lián gēng xīng yè
P	连更晓夜	lián gēng xiǎo yè
P	连枝共冢	lián zhī gòng zhǒng
P	连枝分叶	lián zhī fēn yè
P	连枝同气	lián zhī tóng qì
P	连枝带叶	lián zhī dài yè
P	连枝并头	lián zhī bìng tóu
P	连枝比翼	lián zhī bǐ yì
P	连根带梢	lián gēn dài shāo
P	连汤带水	lián tāng dài shuǐ
P	连珠合璧	lián zhū hé bì
P	连理分枝	lián lǐ fēn zhī
P	连章累牍	lián zhāng lèi dú
P	连篇累册	lián piān lèi cè
P	连篇累帙	lián piān lèi zhì
P	连篇累帧	lián piān lèi zhēn
P	连篇累幅	lián piān lèi fú
P	连篇累牍	lián piān lěi dú
P	连篇絫幅	lián piān lěi fú
P	连篇絫牍	lián piān lěi dú
P	连绵不断	lián mián bù duàn
P	连绵不绝	lián mián bù jué
P	连编累牍	lián biān lěi dú
P	连舆并席	lián yú bìng xí
P	连街倒巷	lián jiē dǎo xiàng
P	连跑带跳	lián pǎo dài tiào
P	连蹦带跳	lián bèng dài tiào
P	连车平斗	lián chē píng dǒu
P	连载小说	lián zǎi xiǎo shuō
P	连锁反应	lián suǒ fǎn yìng
P	连镳并轸	lián biāo bìng zhěn
P	连镳并驾	lián biāo bìng jià
P	连阡累陌	lián qiān lèi mò
P	连阶累任	lián jiē lèi rèn
P	迟回观望	chí huí guān wàng
P	迟徊不决	chí huái bù jué
P	迟徊观望	chí huái guān wàng
P	迟疑不决	chí yí bù jué
P	迟疑不定	chí yí bù dìng
P	迟疑不断	chí yí bù duàn
P	迟疑未决	chí yí wèi jué
P	迟疑观望	chí yí guān wàng
P	迟疑顾望	chí yí gù wàng
P	迟迟吾行	chí chí wú xíng
P	迥不犹人	jiǒng bù yóu rén
P	迥乎不同	jiǒng hū bù tóng
P	迥然不同	jiǒng rán bù tóng
P	迥然不群	jiǒng rán bù qún
P	迩安远至	ěr ān yuǎn zhì
P	迫不及待	pò bù jí dài
P	迫不可待	pò bù kě dài
P	迫不得已	pò bù dé yǐ
P	迫击炮弹	pǎi jī pào dàn
P	迫在眉睫	pò zài méi jié
P	迭矩重规	dié jǔ chóng guī
P	述而不作	shù ér bù zuò
P	迷天大罪	mí tiān dà zuì
P	迷天大谎	mí tiān dà huǎng
P	迷头认影	mí tóu rèn yǐng
P	迷恋骸骨	mí liàn hái gǔ
P	迷惑不解	mí huò bù jiě
P	迷涂知反	mí tú zhī fǎn
P	迷而不反	mí ér bù fǎn
P	迷而不返	mí ér bù fǎn
P	迷而知反	mí ér zhī fǎn
P	迷而知返	mí ér zhī fǎn
P	迷迷糊糊	mí mí hū hū
P	迷途知反	mí tú zhī fǎn
P	迷途知返	mí tú zhī fǎn
P	追云逐电	zhuī yún zhú diàn
P	追亡逐北	zhuī wáng zhú běi
P	追亡逐遁	zhuī wáng zhú dùn
P	追奔逐北	zhuī bēn zhú běi
P	追悔何及	zhuī huǐ hé jí
P	追悔莫及	zhuī huǐ mò jí
P	追本溯源	zhuī běn sù yuán
P	追本穷源	zhuī běn qióng yuán
P	追根寻底	zhuī gēn xún dǐ
P	追根查源	zhuī gēn chá yuán
P	追根求源	zhuī gēn qiú yuán
P	追根溯源	zhuī gēn sù yuán
P	追根究底	zhuī gēn jiū dǐ
P	追根究蒂	zhuī gēn jiū dì
P	追根穷源	zhuī gēn qióng yuán
P	追根问底	zhuī gēn wèn dǐ
P	追欢买笑	zhuī huān mǎi xiào
P	追欢作乐	zhuī huān zuò lè
P	追欢卖笑	zhuī huān mài xiào
P	追欢取乐	zhuī huān qǔ lè
P	追趋逐耆	zhuī qū zhú shì
P	追远慎终	zhuī yuǎn shèn zhōng
P	追风掣电	zhuī fēng chè diàn
P	追风摄景	zhuī fēng shè jǐng
P	追风蹑影	zhuī fēng niè yǐng
P	追风蹑景	zhuī fēng niè jǐng
P	追风逐影	zhuī fēng zhú yǐng
P	追风逐日	zhuī fēng zhú rì
P	追风逐电	zhuī fēng zhú diàn
P	追魂夺命	zhuī hún duó mìng
P	追魂夺魄	zhuī hún duó pò
P	追魂摄魄	zhuī hún shè pò
P	退思补过	tuì sī bǔ guò
P	退有后言	tuì yǒu hòu yán
P	退藏于密	tuì cáng yú mì
P	退避三舍	tuì bì sān shè
P	退食从容	tuì shí cóng róng
P	退食自公	tuì shí zì gōng
P	送子观音	sòng zǐ guān yīn
P	送货上门	sòng huò shàng mén
P	适以相成	shì yǐ xiāng chéng
P	适可而止	shì kě ér zhǐ
P	适如其分	shì rú qí fèn
P	适居其反	shì jū qí fǎn
P	适当其冲	shì dāng qí chōng
P	适当其时	shì dāng qí shí
P	适得其反	shì dé qí fǎn
P	适性任情	shì xìng rèn qíng
P	适情任欲	shì qíng rèn yù
P	适情率意	shì qíng shuài yì
P	适时应务	shì shí yīng wù
P	适逢其会	shì féng qí huì
P	适逢其时	shì féng qí shí
P	逃之天天	táo zhī tiān tiān
P	逃灾避难	táo zāi bì nàn
P	逆天暴物	nì tiān bào wù
P	逆施倒行	nì shī dǎo xíng
P	逆水行舟	nì shuǐ xíng zhōu
P	逆耳利行	nì ěr lì xíng
P	逆行倒施	nì xíng dào shī
P	逆风恶浪	nì fēng è làng
P	选贤与能	xuǎn xián yǔ néng
P	选贤举能	xuǎn xián jǔ néng
P	选贤任能	xuǎn xián rèn néng
P	逍遥自得	xiāo yáo zì dé
P	透骨酸心	tòu gǔ suān xīn
P	逐句逐字	zhú jù zhú zì
P	逐名趋势	zhú míng qū shì
P	逐字逐句	zhú zì zhú jù
P	逐新趣异	zhú xīn qù yì
P	逐日追风	zhú rì zhuī fēng
P	逐机应变	zhú jī yìng biàn
P	逐物不还	zhú wù bù huán
P	逐电追风	zhú diàn zhuī fēng
P	逐臭之夫	zhú chòu zhī fū
P	逐近弃远	zhú jìn qì yuǎn
P	逐风追电	zhú fēng zhuī diàn
P	逐鹿中原	zhú lù zhōng yuán
P	递兴递废	dì xīng dì fèi
P	逖听远闻	tì tīng yuǎn wén
P	通上彻下	tōng shàng chè xià
P	通信卫星	tōng xìn wèi xīng
P	通儒硕学	tōng rú shuò xué
P	通儒达识	tōng rú dá shí
P	通元识微	tōng yuán shí wēi
P	通共有无	tōng gòng yǒu wú
P	通力合作	tōng lì hé zuò
P	通南彻北	tōng nán chè běi
P	通同一气	tōng tóng yī qì
P	通同作弊	tōng tóng zuò bì
P	通天彻地	tōng tiān chè dì
P	通天达地	tōng tiān dá dì
P	通存通兑	tōng cún tōng duì
P	通家之好	tōng jiā zhī hǎo
P	通忧共患	tōng yōu gòng huàn
P	通才硕学	tōng cái shuò xué
P	通才练识	tōng cái liàn shí
P	通文调武	tōng wén diào wǔ
P	通无共有	tōng wú gòng yǒu
P	通时合变	tōng shí hé biàn
P	通材达识	tōng cái dá shí
P	通衢大邑	tōng qú dà yì
P	通衢广陌	tōng qú guǎng mò
P	通货紧缩	tōng huò jǐn suō
P	通邑大都	tōng yì dà dōu
P	通都大埠	tōng dōu dà bù
P	通都大邑	tōng dū dà yì
P	通都巨邑	tōng dōu jù yì
P	通风报信	tōng fēng bào xìn
P	通风报讯	tōng fēng bào xùn
P	通风讨信	tōng fēng tǎo xìn
P	通风设备	tōng fēng shè bèi
P	通首至尾	tōng shǒu zhì wěi
P	逝将去汝	shì jiāng qù rǔ
P	逞奇眩异	chěng qí xuàn yì
P	逞妍斗色	chěng yán dòu sè
P	逞娇斗媚	chěng jiāo dòu mèi
P	逞异夸能	chěng yì kuā néng
P	逞强好胜	chěng qiáng hào shèng
P	逞强称能	chěng qiáng chēng néng
P	逞性妄为	chěng xìng wàng wéi
P	逞怪披奇	chěng guài pī qí
P	造作矫揉	zào zuò jiǎo róu
P	造化小儿	zào huà xiǎo ér
P	造因得果	zào yīn dé guǒ
P	造因结果	zào yīn jié guǒ
P	造型艺术	zào xíng yì shù
P	造恶不悛	zào è bù quān
P	造次行事	zào cì xíng shì
P	造端倡始	zào duān chàng shǐ
P	造谣中伤	zào yáo zhòng shāng
P	造车合辙	zào chē hé zhé
P	逢人说项	féng rén shuō xiàng
P	逢凶化吉	féng xiōng huà jí
P	逢吉丁辰	féng jí dīng chén
P	逢君之恶	féng jūn zhī è
P	逢场作乐	féng chǎng zuò lè
P	逢场作戏	féng chǎng zuò xì
P	逢场作趣	féng chǎng zuò qù
P	逢场游戏	féng chǎng yóu xì
P	逢场竿木	féng chǎng gān mù
P	逢年过节	féng nián guò jié
P	逢恶导非	féng è dǎo fēi
P	逢时遇节	féng shí yù jié
P	逢机遘会	féng jī gòu huì
P	逶迤退食	wēi yí tuì shí
P	逷听远闻	tì tīng yuǎn wén
P	逸以待劳	yì yǐ dài láo
P	逸兴云飞	yì xìng yún fēi
P	逸兴横飞	yì xìng héng fēi
P	逸兴遄飞	yì xìng chuán fēi
P	逸尘断鞅	yì chén duàn yāng
P	逸态横生	yì tài héng shēng
P	逸趣横生	yì qù héng shēng
P	逸闻趣事	yì wén qù shì
P	逼上梁山	bī shàng liáng shān
P	逼不得已	bī bù dé yǐ
P	逼人太甚	bī rén tài shèn
P	逼良为娼	bī liáng wéi chāng
P	逾千越万	yú qiān yuè wàn
P	逾墙钻穴	yú qiáng zuàn xué
P	逾墙钻蠙	yú qiáng zuàn pín
P	逾墙钻隙	yú qiáng zuān xì
P	逾沙轶漠	yú shā yì mò
P	逾绳越契	yú shéng yuè qì
P	遁世无闷	dùn shì wú mèn
P	遁世长往	dùn shì cháng wǎng
P	遁世隐居	dùn shì yǐn jū
P	遁俗无闷	dùn sú wú mèn
P	遁入空门	dùn rù kōng mén
P	遁天妄行	dùn tiān wàng xíng
P	遁形远世	dùn xíng yuǎn shì
P	遁身远迹	dùn shēn yuǎn jì
P	遁迹空门	dùn jì kōng mén
P	遁迹藏名	dùn jì cáng míng
P	遁迹黄冠	dùn jì huáng guàn
P	遁逸无闷	dùn yì wú mèn
P	遁阴匿景	dùn yīn nì jǐng
P	遂心应手	suì xīn yìng shǒu
P	遂迷不寤	suí mí bù wù
P	遂迷不窹	suí mí bù wù
P	遂非文过	suí fēi wén guò
P	遇事生风	yù shì shēng fēng
P	遇人不淑	yù rén bù shū
P	遇难呈祥	yù nàn chéng xiáng
P	遇难成祥	yù nàn chéng xiáng
P	遍体鳞伤	biàn tǐ lín shāng
P	遍地开花	biàn dì kāi huā
P	遏恶扬善	è è yáng shàn
P	遏渐防萌	è jiàn fáng méng
P	遐迩一体	xiá ěr yī tǐ
P	遐迩著闻	xiá ěr zhù wén
P	道不举遗	dào bù jǔ yí
P	道不拾遗	dào bù shí yí
P	道不掇遗	dào bù duō yí
P	道不相谋	dào bù xiāng móu
P	道东说西	dào dōng shuō xī
P	道傍之筑	dào bàng zhī zhù
P	道傍筑室	dào bàng zhù shì
P	道合志同	dào hé zhì tóng
P	道同义合	dào tóng yì hé
P	道同契合	dào tóng qì hé
P	道同志合	dào tóng zhì hé
P	道听涂说	dào tīng tú shuō
P	道听耳食	dào tīng ěr shí
P	道听途说	dào tīng tú shuō
P	道在人为	dào zài rén wéi
P	道在屎溺	dào zài shǐ nì
P	道大莫容	dào dà mò róng
P	道头会尾	dào tóu huì wěi
P	道头知尾	dào tóu zhī wěi
P	道寡称孤	dào guǎ chēng gū
P	道尽涂殚	dào jìn tú dān
P	道尽涂穷	dào jìn tú qióng
P	道尽途殚	dào jìn tú dān
P	道尽途穷	dào jìn tú qióng
P	道弟称兄	dào dì chēng xiōng
P	道微德薄	dào wēi dé báo
P	道德教育	dào dé jiào yù
P	道德行为	dào dé xíng wéi
P	道旁苦李	dào páng kǔ lǐ
P	道无拾遗	dào wú shí yí
P	道殣相属	dào jìn xiāng shǔ
P	道殣相望	dào jìn xiāng wàng
P	道殣相枕	dào jìn xiāng zhěn
P	道而不径	dào ér bù jìng
P	道西说东	dào xī shuō dōng
P	道远日暮	dào yuǎn rì mù
P	道远知骥	dào yuǎn zhī jì
P	道道地地	dào dào dì dì
P	道长争短	dào cháng zhēng duǎn
P	道长论短	dào cháng lùn duǎn
P	道骨仙风	dào gǔ xiān fēng
P	道高德重	dào gāo dé zhòng
P	道高望重	dào gāo wàng zhòng
P	道高魔重	dào gāo mó zhòng
P	遗世忘累	yí shì wàng lěi
P	遗休余烈	yí xiū yú liè
P	遗传因子	yí chuán yīn zi
P	遗传工程	yí chuán gōng chéng
P	遗华反质	yí huá fǎn zhì
P	遗哂大方	yí shěn dà fāng
P	遗声余价	yí shēng yú jià
P	遗大投艰	yí dà tóu jiān
P	遗寝载怀	yí qǐn zài huái
P	遗形藏志	yí xíng cáng zhì
P	遗德休烈	yí dé xiū liè
P	遗惠余泽	yí huì yú zé
P	遗文逸句	yí wén yì jù
P	遗物识心	yí wù shí xīn
P	遗珥堕簪	yí ěr duò zān
P	遗笑大方	yí xiào dà fāng
P	遗簪堕履	yí zān duò lǚ
P	遗簪堕珥	yí zān duò ěr
P	遗老遗少	yí lǎo yí shào
P	遗臭万世	yí chòu wàn shì
P	遗臭万代	yí chòu wàn dài
P	遗臭万年	yí chòu wàn nián
P	遗臭万载	yí chòu wàn zǎi
P	遗臭千年	yí chòu qiān nián
P	遗臭千秋	yí chòu qiān qiū
P	遗臭无穷	yí chòu wú qióng
P	遗艰投大	yí jiān tóu dà
P	遗落世事	yí luò shì shì
P	遗训余风	yí xùn yú fēng
P	遗风余习	yí fēng yú xí
P	遗风余俗	yí fēng yú sú
P	遗风余思	yí fēng yú sī
P	遗风余教	yí fēng yú jiào
P	遗风余泽	yí fēng yú zé
P	遗风余烈	yí fēng yú liè
P	遗风余象	yí fēng yú xiàng
P	遗风余采	yí fēng yú cǎi
P	遗风余韵	yí fēng yú yùn
P	遗风古道	yí fēng gǔ dào
P	遗风旧俗	yí fēng jiù sú
P	遗风逸尘	yí fēng yì chén
P	遗魂亡魄	yí hún wáng pò
P	遝冈复岭	tà gāng fù lǐng
P	遣兴陶情	qiǎn xìng táo qíng
P	遣兵调将	qiǎn bīng diào jiàng
P	遣将征兵	qiǎn jiāng zhēng bīng
P	遣将调兵	qiǎn jiāng diào bīng
P	遣词造句	qiǎn cí zào jù
P	遥呼相应	yáo hū xiāng yìng
P	遥相呼应	yáo xiāng hū yìng
P	遥遥华胄	yáo yáo huá zhòu
P	遥遥无期	yáo yáo wú qī
P	遥遥相对	yáo yáo xiāng duì
P	遨翔自得	áo xiáng zì dé
P	遭劫在数	zāo jié zài shù
P	遭家不造	zāo jiā bù zào
P	遭时不偶	zāo shí bù ǒu
P	遭逢不偶	zāo féng bù ǒu
P	遭逢会遇	zāo féng huì yù
P	遭逢时会	zāo féng shí huì
P	遭逢际会	zāo féng jì huì
P	遭遇不偶	zāo yù bù ǒu
P	遭遇运会	zāo yù yùn huì
P	遭遇际会	zāo yù jì huì
P	遭际不偶	zāo jì bù ǒu
P	遭际时会	zāo jì shí huì
P	遮三瞒四	zhē sān mán sì
P	遮地漫天	zhē dì màn tiān
P	遮地盖天	zhē dì gài tiān
P	遮天盖地	zhē tiān gài dì
P	遮天盖日	zhē tiān gài rì
P	遮天迷地	zhē tiān mí dì
P	遮空蔽日	zhē kōng bì rì
P	遮风挡雨	zhē fēng dǎng yǔ
P	遵养待时	zūn yǎng dài shí
P	遵章守纪	zūn zhāng shǒu jì
P	遵纪守法	zūn jì shǒu fǎ
P	遵而不失	zūn ér bù shī
P	避之若浼	bì zhī ruò měi
P	避俗趋新	bì sú qū xīn
P	避凉附炎	bì liáng fù yán
P	避凶趋吉	bì xiōng qū jí
P	避坑落井	bì kēng luò jǐng
P	避强击弱	bì qiáng jī ruò
P	避强击惰	bì qiáng jī duò
P	避强打弱	bì qiáng dǎ ruò
P	避毁就誉	bì huǐ jiù yù
P	避溺山隅	bì nì shān yú
P	避烦斗捷	bì fán dòu jié
P	避而不谈	bì ér bù tán
P	避迹藏时	bì jì cáng shí
P	避重就轻	bì zhòng jiù qīng
P	避重逐轻	bì zhòng zhú qīng
P	避阱入坑	bì jǐng rù kēng
P	避难就易	bì nán jiù yì
P	避难趋易	bì nán qū yì
P	邀名射利	yāo míng shè lì
P	邂逅不偶	xiè hòu bù ǒu
P	邂逅相逢	xiè hòu xiāng féng
P	邂逅相遇	xiè hòu xiāng yù
P	邈处欿视	miǎo chǔ kǎn shì
P	邈若山河	miǎo ruò shān hé
P	邈若河山	miǎo ruò hé shān
P	邈若河汉	miǎo ruò hé hàn
P	那不勒斯	nà bù lè sī
P	那么点儿	nà me diǎn er
P	邪不伐正	xié bù fá zhèng
P	邪不压正	xié bù yā zhèng
P	邪不干正	xié bù gān zhèng
P	邪不敌正	xié bù dí zhèng
P	邪不犯正	xié bù fàn zhèng
P	邪不胜正	xié bù shèng zhèng
P	邪门歪道	xié mén wāi dào
P	邪魔外祟	xié mó wài suì
P	邪魔外道	xié mó wài dào
P	邪魔怪道	xié mó guài dào
P	邪魔歪道	xié mó wāi dào
P	邯郸重步	hán dān zhòng bù
P	邹缨齐紫	zōu yīng qí zǐ
P	邺架之藏	yè jià zhī cáng
P	邻女窥墙	lín nǚ kuī qiáng
P	邻女詈人	lín nǚ lì rén
P	郁郁不乐	yù yù bù lè
P	郁郁累累	yù yù lěi lěi
P	郎才女姿	láng cái nǚ zī
P	郎才女貌	láng cái nǚ mào
P	郑重其事	zhèng zhòng qí shì
P	郑重其辞	zhèng zhòng qí cí
P	郢中白雪	yǐng zhōng bái xuě
P	郢书燕说	yǐng shū yān shuō
P	部分切除	bù fèn qiē chú
P	都中纸贵	dū zhōng zhǐ guì
P	都俞吁咈	dū yú xū fú
P	都头异姓	dū tóu yì xìng
P	鄙于不屑	bǐ yú bù xiè
P	鄙俚浅陋	bǐ lǐ qiǎn lòu
P	鄙夷不屑	bǐ yí bù xiè
P	酌古参今	zhuó gǔ cān jīn
P	酌水知源	zhuó shuǐ zhī yuán
P	配享从汜	pèi xiǎng cóng sì
P	配音演员	pèi yīn yǎn yuán
P	酒囊饭包	jiǔ náng fàn bāo
P	酒囊饭袋	jiǔ náng fàn dài
P	酒地花天	jiǔ dì huā tiān
P	酒有别肠	jiǔ yǒu bié cháng
P	酒瓮饭囊	jiǔ wèng fàn náng
P	酒绿灯红	jiǔ lǜ dēng hóng
P	酒肉兄弟	jiǔ ròu xiōng dì
P	酒逢知己	jiǔ féng zhī jǐ
P	酒酸不售	jiǔ suān bù shòu
P	酒阑人散	jiǔ lán rén sàn
P	酒食地狱	jiǔ shí dì yù
P	酒食征逐	jiǔ shí zhēng zhú
P	酣嬉淋漓	hān xī lín lí
P	酣畅淋漓	hān chàng lín lí
P	酣痛淋漓	hān tòng lín lí
P	酩酊大醉	mǐng dǐng dà zuì
P	酩酊烂醉	mǐng dǐng làn zuì
P	酬功给效	chóu gōng gěi xiào
P	酸不溜丢	suān bù liū diū
P	酸文假醋	suān wén jiǎ cù
P	醉吐相茵	zuì tǔ xiāng yīn
P	醉山颓倒	zuì shān tuí dǎo
P	醍醐灌顶	tí hú guàn dǐng
P	醴酒不设	lǐ jiǔ bù shè
P	采兰赠芍	cǎi lán zèng sháo
P	采兰赠药	cǎi lán zèng yào
P	采凤随鸦	cǎi fèng suí yā
P	采及葑菲	cǎi jí fēng fēi
P	采椽不斫	cǎi chuán bù zhuó
P	采葑采菲	cǎi fēng cǎi fēi
P	采薪之忧	cǎi xīn zhī yōu
P	采薪之患	cǎi xīn zhī huàn
P	采薪之疾	cǎi xīn zhī jí
P	采风问俗	cǎi fēng wèn sú
P	释知遗形	shì zhī yí xíng
P	释迦牟尼	shì jiā mù ní
P	里勾外连	lǐ gōu wài lián
P	里外夹攻	lǐ wài jiā gōng
P	里应外合	lǐ yìng wài hé
P	里挑外撅	lǐ tiǎo wài juē
P	里谈巷议	lǐ tán xiàng yì
P	重三叠四	chóng sān dié sì
P	重三迭四	chóng sān dié sì
P	重义轻生	zhòng yì qīng shēng
P	重义轻财	zhòng yì qīng cái
P	重九登高	chóng jiǔ dēng gāo
P	重于泰山	zhòng yú tài shān
P	重作冯妇	chóng zuò féng fù
P	重修旧好	chóng xiū jiù hǎo
P	重光累洽	chóng guāng lèi qià
P	重关击柝	chóng guān jī tuò
P	重兴旗鼓	chóng xīng qí gǔ
P	重厚寡言	zhòng hòu guǎ yán
P	重厚少文	zhòng hòu shǎo wén
P	重圭叠组	chóng guī dié zǔ
P	重垣叠锁	chóng yuán dié suǒ
P	重垣迭锁	chóng yuán dié suǒ
P	重山复岭	chóng shān fù lǐng
P	重山复水	chóng shān fù shuǐ
P	重山峻岭	chóng shān jùn lǐng
P	重岩叠嶂	chóng yán dié zhàng
P	重岩迭嶂	zhòng yán dié zhàng
P	重岩迭障	chóng yán dié zhàng
P	重峦叠嶂	chóng luán dié zhàng
P	重峦叠巘	chóng luán dié yǎn
P	重峦复嶂	chóng luán fù zhàng
P	重峦迭嶂	chóng luán dié zhàng
P	重峦迭巘	chóng luán dié yǎn
P	重床叠屋	chóng chuáng dié wū
P	重床叠架	chóng chuáng dié jià
P	重床迭屋	chóng chuáng dié wū
P	重床迭架	chóng chuáng dié jià
P	重手累足	chóng shǒu lěi zú
P	重振旗鼓	chóng zhèn qí gǔ
P	重操旧业	chóng cāo jiù yè
P	重整旗鼓	chóng zhěng qí gǔ
P	重明继焰	chóng míng jì yàn
P	重望高名	zhòng wàng gāo míng
P	重气徇命	zhòng qì xùn mìng
P	重气狥名	zhòng qì xùn míng
P	重气轻命	zhòng qì qīng mìng
P	重气轻生	zhòng qì qīng shēng
P	重温旧业	chóng wēn jiù yè
P	重温旧梦	chóng wēn jiù mèng
P	重熙累叶	chóng xī lěi yè
P	重熙累洽	chóng xī lěi qià
P	重熙累盛	chóng xī lěi shèng
P	重熙累绩	chóng xī lěi jì
P	重珪叠组	chóng guī dié zǔ
P	重珪迭组	chóng guī dié zǔ
P	重理旧业	chóng lǐ jiù yè
P	重生父母	chóng shēng fù mǔ
P	重生爷娘	chóng shēng yé niáng
P	重男轻女	zhòng nán qīng nǚ
P	重睹天日	chóng dǔ tiān rì
P	重纰貤缪	chóng pī yí miù
P	重纸累札	chóng zhǐ lěi zhá
P	重葩累藻	chóng pā lèi zǎo
P	重裀列鼎	chóng yīn liè dǐng
P	重见天日	chóng jiàn tiān rì
P	重规叠矩	chóng guī dié jǔ
P	重规沓矩	chóng guī tà jǔ
P	重规累矩	chóng guī lèi jǔ
P	重规袭矩	chóng guī xí jǔ
P	重规迭矩	chóng guī dié jǔ
P	重财轻义	zhòng cái qīng yì
P	重起炉灶	chóng qǐ lú zào
P	重足一迹	chóng zú yī jì
P	重足屏息	chóng zú bǐng xī
P	重足屏气	chóng zú bǐng qì
P	重足累息	chóng zú lèi xī
P	重足而立	chóng zú ér lì
P	重蹈覆辙	chóng dǎo fù zhé
P	重迹屏气	chóng jì bǐng qì
P	重逆无道	zhòng nì wú dào
P	重金兼紫	zhòng jīn jiān zǐ
P	重金袭汤	chóng jīn xí tāng
P	重铬酸钾	chóng gè suān jiǎ
P	重门击柝	chóng mén jī tuò
P	野人奏曝	yě rén zòu pù
P	野人献曝	yě rén xiàn pù
P	野心勃勃	yě xīn bó bó
P	野战医院	yě zhàn yī yuàn
P	野没遗贤	yě méi yí xián
P	野调无腔	yě diào wú qiāng
P	量体裁衣	liàng tǐ cái yī
P	量入为出	liàng rù wéi chū
P	量入计出	liàng rù jì chū
P	量凿正枘	liàng záo zhèng ruì
P	量力度德	liàng lì duó dé
P	量力而为	liàng lì ér wéi
P	量力而行	liàng lì ér xíng
P	量如江海	liàng rú jiāng hǎi
P	量子力学	liàng zǐ lì xué
P	量小力微	liàng xiǎo lì wēi
P	量己审分	liàng jǐ shěn fēn
P	量才器使	liàng cái qì shǐ
P	量才录用	liàng cái lù yòng
P	量才而为	liàng cái ér wéi
P	量时度力	liàng shí dù lì
P	量材录用	liàng cái lù yòng
P	量枘制凿	liàng ruì zhì záo
P	量能授官	liàng néng shòu guān
P	量金买赋	liàng jīn mǎi fù
P	金丹换骨	jīn dān huàn gǔ
P	金光盖地	jīn guāng gài dì
P	金兰之契	jīn lán zhī qì
P	金匮石室	jīn guì shí shì
P	金台市骏	jīn tái shì jùn
P	金吾不禁	jīn wú bù jìn
P	金城汤池	jīn chéng tāng chí
P	金城石室	jīn chéng shí shì
P	金声掷地	jīn shēng zhì dì
P	金声玉服	jīn shēng yù fú
P	金尽裘弊	jīn jìn qiú bì
P	金尽裘敝	jīn jìn qiú bì
P	金屋藏娇	jīn wū cáng jiāo
P	金属陶瓷	jīn shǔ táo cí
P	金枝玉叶	jīn zhī yù yè
P	金榜挂名	jīn bǎng guà míng
P	金榜题名	jīn bǎng tí míng
P	金汤之固	jīn tāng zhī gù
P	金浆玉液	jīn jiāng yù yè
P	金浆玉醴	jīn jiāng yù lǐ
P	金淘沙拣	jīn táo shā jiǎn
P	金玉其质	jīn yù qí zhì
P	金瓶落井	jīn píng luò jǐng
P	金相玉式	jīn xiāng yù shì
P	金相玉振	jīn xiāng yù zhèn
P	金相玉映	jīn xiāng yù yìng
P	金相玉质	jīn xiàng yù zhì
P	金石不渝	jīn shí bù yú
P	金石丝竹	jīn shí sī zhú
P	金石为开	jīn shí wéi kāi
P	金石之交	jīn shí zhī jiāo
P	金石之功	jīn shí zhī gōng
P	金石之坚	jīn shí zhī jiān
P	金石之策	jīn shí zhī cè
P	金石之言	jīn shí zhī yán
P	金石之计	jīn shí zhī jì
P	金石交情	jīn shí jiāo qíng
P	金石可开	jīn shí kě kāi
P	金石至交	jīn shí zhì jiāo
P	金石良言	jīn shí liáng yán
P	金科玉条	jīn kē yù tiáo
P	金章玉句	jīn zhāng yù jù
P	金童玉女	jīn tóng yù nǚ
P	金翅擘海	jīn chì bāi hǎi
P	金蝉脱壳	jīn chán tuō qiào
P	金融寡头	jīn róng guǎ tóu
P	金谷酒数	jīn gǔ jiǔ shù
P	金针度人	jīn zhēn dù rén
P	金针见血	jīn zhēn jiàn xuè
P	金钗细合	jīn chāi xì hé
P	金镳玉络	jīn biāo yù luò
P	金风玉露	jīn fēng yù lù
P	金风送爽	jīn fēng sòng shuǎng
P	金鳷擘海	jīn zhī bò hǎi
P	金鼓齐鸣	jīn gǔ qí míng
P	金龟换酒	jīn guī huàn jiǔ
P	釜中之鱼	fǔ zhōng zhī yú
P	釜中游鱼	fǔ zhōng yóu yú
P	釜中生尘	fǔ zhōng shēng chén
P	釜中生鱼	fǔ zhōng shēng yú
P	釜底抽薪	fǔ dǐ chōu xīn
P	釜底游魂	fǔ dǐ yóu hún
P	釜底游鱼	fǔ dǐ yóu yú
P	釜鱼幕燕	fǔ yú mù yàn
P	鉴影度形	jiàn yǐng duó xíng
P	鉴往知来	jiàn wǎng zhī lái
P	鉴机识变	jiàn jī shí biàn
P	鉴空衡平	jiàn kōng héng píng
P	针刺麻醉	zhēn cì má zuì
P	针头削铁	zhēn tóu xuē tiě
P	针头线尾	zhēn tóu xiàn wěi
P	针头线脑	zhēn tóu xiàn nǎo
P	针芥之合	zhēn jiè zhī hé
P	针芥之契	zhēn jiè zhī qì
P	针芥之投	zhēn jiè zhī tóu
P	针芥相投	zhēn jiè xiāng tóu
P	针锋相对	zhēn fēng xiāng duì
P	钉嘴铁舌	dīng zuǐ tiě shé
P	钉头磷磷	dīng tóu lín lín
P	钓名要誉	diào míng yào yù
P	钓游之地	diào yóu zhī dì
P	钗横鬓乱	chāi héng bìn luàn
P	钜人长德	jù rén cháng dé
P	钜细靡遗	jù xì mǐ yí
P	钟漏并歇	zhōng lòu bìng xiē
P	钟鸣漏尽	zhōng míng lòu jìn
P	钟鸣鼎重	zhōng míng dǐng zhòng
P	钟鸣鼎食	zhōng míng dǐng shí
P	钟鼎之家	zhōng dǐng zhī jiā
P	钟鼎人家	zhōng dǐng rén jia
P	钢化玻璃	gāng huà bō lí
P	钢浇铁铸	gāng jiāo tiě zhù
P	钢筋铁骨	gāng jīn tiě gǔ
P	钦差大臣	qīn chāi dà chén
P	钧天广乐	jūn tiān guǎng yuè
P	钩元提要	gōu yuán tí yào
P	钩元摘秘	gōu yuán zhāi mì
P	钩心斗角	gōu xīn dòu jiǎo
P	钩深图远	gōu shēn tú yuǎn
P	钩深极奥	gōu shēn jí ào
P	钩深索隐	gōu shēn suǒ yǐn
P	钩深致远	gōu shēn zhì yuǎn
P	钩爪锯牙	gōu zhǎo jù yá
P	钩玄提要	gōu xuán tí yào
P	钩玄猎秘	gōu xuán liè mì
P	钩章棘句	gōu zhāng jí jù
P	钱可通神	qián kě tōng shén
P	钳口不言	qián kǒu bù yán
P	钳口结舌	qián kǒu jié shé
P	钻冰取火	zuàn bīng qǔ huǒ
P	钻冰求火	zuān bīng qiú huǒ
P	钻冰求酥	zuān bīng qiú sū
P	钻坚仰高	zuàn jiān yǎng gāo
P	钻坚研微	zuàn jiān yán wēi
P	钻天打洞	zuān tiān dǎ dòng
P	钻天觅缝	zuàn tiān mì féng
P	钻头就锁	zuàn tóu jiù suǒ
P	钻头觅缝	zuān tóu mì fèng
P	钻山塞海	zuàn shān sāi hǎi
P	钻心刺骨	zuàn xīn cì gǔ
P	钻懒帮闲	zuān lǎn bāng xián
P	钻故纸堆	zuàn gù zhǐ duī
P	钻木取火	zuān mù qǔ huǒ
P	钻洞觅缝	zuàn dòng mì féng
P	钻火得冰	zuān huǒ dé bīng
P	钻牛角尖	zuān niú jiǎo jiān
P	钻皮出羽	zuān pí chū yǔ
P	钻穴逾垣	zuàn xué yú yuán
P	钻穴逾墙	zuān xué yú qiáng
P	钻穴逾隙	zuān xué yú xì
P	钻隙逾墙	zuān xì yú qiáng
P	钿合金钗	diàn hé jīn chāi
P	铁中铮铮	tiě zhōng zhēng zhēng
P	铁嘴钢牙	tiě zuǐ gāng yá
P	铁心石肠	tiě xīn shí cháng
P	铁扇公主	tiě shàn gōng zhǔ
P	铁打心肠	tiě dǎ xīn cháng
P	铁打铜铸	tiě dǎ tóng zhù
P	铁板不易	tiě bǎn bù yì
P	铁板钉钉	tiě bǎn dìng dīng
P	铁树开华	tiě shù kāi huā
P	铁狱铜笼	tiě yù tóng lóng
P	铁石心肝	tiě shí xīn gān
P	铁石心肠	tiě shí xīn cháng
P	铁砚磨穿	tiě yàn mó chuān
P	铁窗风味	tiě chuāng fēng wèi
P	铁绰铜琶	tiě chāo tóng pá
P	铁肠石心	tiě cháng shí xīn
P	铁血政策	tiě xuè zhèng cè
P	铁路车辆	tiě lù chē liàng
P	铁骨铮铮	tiě gǔ zhēng zhēng
P	铄古切今	shuò gǔ qiē jīn
P	铄石流金	shuò shí liú jīn
P	铄金毁骨	shuò jīn huǐ gǔ
P	铅刀一割	qiān dāo yī gē
P	铜头铁臂	tóng tóu tiě bì
P	铜头铁额	tóng tóu tiě é
P	铜打铁铸	tóng dǎ tiě zhù
P	铜盘重肉	tóng pán zhòng ròu
P	铜筋铁肋	tóng jīn tiě lèi
P	铜筋铁骨	tóng jīn tiě gǔ
P	铜臭熏天	tóng chòu xūn tiān
P	铢两分寸	zhū liǎng fēn cùn
P	铢两悉称	zhū liǎng xī chèn
P	铢两相称	zhū liǎng xiāng chèn
P	铢分毫析	zhū fēn háo xī
P	铢寸累积	zhū cùn lèi jī
P	铢积丝累	zhū jī sī lèi
P	铢积寸累	zhū jī cùn lěi
P	铢积锱累	zhū jī zī lèi
P	铢称寸量	zhū chēng cùn liáng
P	铢累寸积	zhū lèi cùn jī
P	铢量寸度	zhū liáng cùn duó
P	铢铢校量	zhū zhū xiào liàng
P	铢铢较量	zhū zhū jiào liàng
P	铤而走险	tǐng ér zǒu xiǎn
P	铤鹿走险	dìng lù zǒu xiǎn
P	铩羽暴鳞	shā yǔ bào lín
P	铭心刻骨	míng xīn kè gǔ
P	铭心镂骨	míng xīn lòu gǔ
P	铭感不忘	míng gǎn bù wàng
P	铭感五内	míng gǎn wǔ nèi
P	铭肌镂骨	míng jī lòu gǔ
P	铭肤镂骨	míng fū lòu gǔ
P	铭记不忘	míng jì bù wàng
P	铮铮有声	zhēng zhēng yǒu shēng
P	铮铮铁骨	zhēng zhēng tiě gǔ
P	银屏金屋	yín píng jīn wū
P	银河倒泻	yín hé dào xiè
P	银行行员	yín háng háng yuán
P	银钩虿尾	yín gōu chài wěi
P	铸剑为犁	zhù jiàn wéi lí
P	铸成大错	zhù chéng dà cuò
P	铺天盖地	pū tiān gài dì
P	铺张扬厉	pū zhāng yáng lì
P	铺张浪费	pū zhāng làng fèi
P	铺盖卷儿	pū gài juǎn er
P	铺眉苫眼	pū méi shàn yǎn
P	铺眉蒙眼	pū méi méng yǎn
P	铺胸纳地	pū xiōng nà dì
P	铺谋定计	pù móu dìng jì
P	铺采摛文	pù cǎi chī wén
P	铺锦列绣	pū jǐn liè xiù
P	链式反应	liàn shì fǎn yìng
P	铿锵有力	kēng qiāng yǒu lì
P	销售一空	xiāo shòu yī kōng
P	销毁骨立	xiāo huǐ gǔ lì
P	锄强扶弱	chú qiáng fú ruò
P	锅炉给水	guō lú jǐ shuǐ
P	锋不可当	fēng bù kě dāng
P	锋发韵流	fēng fā yùn liú
P	锋芒不露	fēng máng bù lù
P	锋芒毕露	fēng máng bì lù
P	锋铓毕露	fēng máng bì lù
P	锐不可当	ruì bù kě dāng
P	锐意进取	ruì yì jìn qǔ
P	锒铛入狱	láng dāng rù yù
P	错综复杂	cuò zōng fù zá
P	错节盘根	cuò jié pán gēn
P	错落不齐	cuò luò bù qí
P	错落有致	cuò luò yǒu zhì
P	错落高下	cuò luò gāo xià
P	锥处囊中	zhuī chǔ náng zhōng
P	锦上添花	jǐn shàng tiān huā
P	锦囊佳制	jǐn náng jiā zhì
P	锦囊佳句	jǐn náng jiā jù
P	锦囊妙计	jǐn náng miào jì
P	锦囊玉轴	jǐn náng yù zhóu
P	锦囊还矢	jǐn náng huán shǐ
P	锦天绣地	jǐn tiān xiù dì
P	锦片前程	jǐn piàn qián chéng
P	锦瑟华年	jǐn sè huá nián
P	锦瑟年华	jǐn sè nián huá
P	锦衣玉食	jǐn yī yù shí
P	锦衣肉食	jǐn yī ròu shí
P	锦衣行昼	jǐn yī xíng zhòu
P	键盘乐器	jiàn pán yuè qì
P	锯牙钩爪	jù yá gōu zhǎo
P	锱铢不爽	zī zhū bù shuǎng
P	锱铢较量	zī zhū jiào liàng
P	锲而不舍	qiè ér bù shě
P	镂心刻骨	lòu xīn kè gǔ
P	镂心呕血	lòu xīn ǒu xuè
P	镂金铺翠	lòu jīn pù cuì
P	镂金错采	lòu jīn cuò cǎi
P	镂骨铭心	lòu gǔ míng xīn
P	镂骨铭肌	lòu gǔ míng jī
P	镇定自若	zhèn dìng zì ruò
P	镌心铭骨	juān xīn míng gǔ
P	镌空妄实	juān kōng wàng shí
P	镌脾琢肾	juān pí zhuó shèn
P	镌骨铭心	juān gǔ míng xīn
P	镜分鸾凤	jìng fēn luán fèng
P	镜圆璧合	jìng yuán bì hé
P	镜破钗分	jìng pò chāi fēn
P	镜里观花	jìng lǐ guān huā
P	镜里采花	jìng lǐ cǎi huā
P	镞砺括羽	zú lì kuò yǔ
P	长七短八	cháng qī duǎn bā
P	长久之计	cháng jiǔ zhī jì
P	长乐未央	cháng lè wèi yāng
P	长傲饰非	zhǎng ào shì fēi
P	长吁短叹	cháng xū duǎn tàn
P	长吁短气	cháng xū duǎn qì
P	长命富贵	cháng mìng fù guì
P	长命百岁	cháng mìng bǎi suì
P	长嘘短叹	cháng xū duǎn tàn
P	长夜漫漫	cháng yè màn màn
P	长夜难明	cháng yè nán míng
P	长安少年	cháng ān shào nián
P	长安棋局	cháng ān qí jú
P	长安道上	cháng ān dào shàng
P	长官意志	zhǎng guān yì zhì
P	长年三老	zhǎng nián sān lǎo
P	长年累月	cháng nián lěi yuè
P	长幼尊卑	zhǎng yòu zūn bēi
P	长幼有叙	zhǎng yòu yǒu xù
P	长幼有序	zhǎng yòu yǒu xù
P	长往远引	cháng wǎng yuǎn yǐn
P	长念却虑	cháng niàn què lǜ
P	长恶不悛	cháng è bù quān
P	长恶靡悛	cháng è mǐ quān
P	长戟高门	cháng jǐ gāo mén
P	长才广度	cháng cái guǎng dù
P	长才短驭	cháng cái duǎn yù
P	长揖不拜	cháng yī bù bài
P	长斋绣佛	cháng zhāi xiù fó
P	长春不老	cháng chūn bù lǎo
P	长材小试	cháng cái xiǎo shì
P	长材茂学	cháng cái mào xué
P	长枕大衾	cháng zhěn dà qīn
P	长枕大被	cháng zhěn dà bèi
P	长林丰草	cháng lín fēng cǎo
P	长歌当哭	cháng gē dàng kū
P	长此以往	cháng cǐ yǐ wǎng
P	长江三峡	cháng jiāng sān xiá
P	长江天堑	cháng jiāng tiān qiàn
P	长治久安	cháng zhì jiǔ ān
P	长满荒草	zhǎng mǎn huāng cǎo
P	长生不死	cháng shēng bù sǐ
P	长生不老	cháng shēng bù lǎo
P	长生久视	cháng shēng jiǔ shì
P	长目飞耳	cháng mù fēi ěr
P	长相寒碜	zhǎng xiàng hán chěn
P	长眠不起	cháng mián bù qǐ
P	长算远略	cháng suàn yuǎn lüè
P	长篇大套	cháng piān dà tào
P	长篇大论	cháng piān dà lùn
P	长篇小说	cháng piān xiǎo shuō
P	长篇累牍	cháng piān lěi dú
P	长线产品	cháng xiàn chǎn pǐn
P	长绳系日	cháng shéng jì rì
P	长绳系景	cháng shéng xì jǐng
P	长舌之妇	cháng shé zhī fù
P	长虑却顾	cháng lǜ què gù
P	长虑后顾	cháng lǜ hòu gù
P	长虑顾后	cháng lǜ gù hòu
P	长虺成蛇	zhǎng huǐ chéng shé
P	长蛇封豕	cháng shé fēng shǐ
P	长街短巷	cháng jiē duǎn xiàng
P	长袖善舞	cháng xiù shàn wǔ
P	长计远虑	cháng jì yuǎn lǜ
P	长话短说	cháng huà duǎn shuō
P	长谈阔论	cháng tán kuò lùn
P	长辔远御	cháng pèi yuǎn yù
P	长辔远驭	cháng pèi yuǎn yù
P	长途电话	cháng tú diàn huà
P	长途跋涉	cháng tú bá shè
P	长长短短	cháng cháng duǎn duǎn
P	长颈鸟喙	cháng jǐng niǎo huì
P	长风破浪	cháng fēng pò làng
P	长驱深入	cháng qū shēn rù
P	长驱直入	cháng qū zhí rù
P	长驱直进	cháng qū zhí jìn
P	长驾远驭	cháng jià yuǎn yù
P	长鸣都尉	cháng míng dū wèi
P	门不停宾	mén bù tíng bīn
P	门不夜关	mén bù yè guān
P	门不夜扃	mén bù yè jiōng
P	门到户说	mén dào hù shuō
P	门单户薄	mén dān hù bó
P	门可张罗	mén kě zhāng luó
P	门可罗雀	mén kě luó què
P	门堪罗雀	mén kān luó què
P	门庭冷落	mén tíng lěng luò
P	门庭若市	mén tíng ruò shì
P	门当户对	mén dāng hù duì
P	门户之见	mén hù zhī jiàn
P	门捷列夫	mén jié liè fū
P	门殚户尽	mén dān hù jìn
P	门禁森严	mén jìn sēn yán
P	门衰祚薄	mén shuāi zuò báo
P	闪烁其词	shǎn shuò qí cí
P	闪烁其辞	shǎn shuò qí cí
P	闭关却扫	bì guān què sǎo
P	闭口不言	bì kǒu bù yán
P	闭口结舌	bì kǒu jié shé
P	闭口藏舌	bì kǒu cáng shé
P	闭合思过	bì hé sī guò
P	闭合电路	bì hé diàn lù
P	闭合自责	bì hé zì zé
P	闭壁清野	bì bì qīng yě
P	闭户读书	bì hù dú shū
P	闭明塞聪	bì míng sè cōng
P	闭目塞听	bì mù sè tīng
P	闭目塞耳	bì mù sè ěr
P	闭目塞聪	bì mù sāi cōng
P	闭门不出	bì mén bù chū
P	闭门不纳	bì mén bù nà
P	闭门却扫	bì mén què sǎo
P	闭门合辙	bì mén hé zhé
P	闭门埽轨	bì mén sào guǐ
P	闭门塞户	bì mén sè hù
P	闭门塞窦	bì mén sè dòu
P	闭门思愆	bì mén sī qiān
P	闭门思过	bì mén sī guò
P	闭门扫轨	bì mén sǎo guǐ
P	闭门扫迹	bì mén sǎo jì
P	闭门觅句	bì mén mì jù
P	闭门读书	bì mén dú shū
P	闭门造车	bì mén zào chē
P	闭阁思过	bì gé sī guò
P	问一答十	wèn yī dá shí
P	问官答花	wèn guān dá huā
P	问来问去	wèn lái wèn qù
P	问牛知马	wèn niú zhī mǎ
P	问羊知马	wèn yáng zhī mǎ
P	问长问短	wèn cháng wèn duǎn
P	问鼎中原	wèn dǐng zhōng yuán
P	闯南走北	chuǎng nán zǒu běi
P	闲情别致	xián qíng bié zhì
P	闲情逸趣	xián qíng yì qù
P	闲愁万种	xián chóu wàn zhǒng
P	闲杂人员	xián zá rén yuán
P	闲见层出	xián jiàn céng chū
P	闲言冷语	xián yán lěng yǔ
P	闲言泼语	xián yán pō yǔ
P	闲言淡语	xián yán dàn yǔ
P	闲言碎语	xián yán suì yǔ
P	闲言赘语	xián yán zhuì yǔ
P	闲言长语	xián yán cháng yǔ
P	闲言闲语	xián yán xián yǔ
P	闲邪存诚	xián xié cún chéng
P	闳中肆外	hóng zhōng sì wài
P	闳侈不经	hóng chǐ bù jīng
P	闳大不经	hóng dà bù jīng
P	闳言高论	hóng yán gāo lùn
P	闳识孤怀	hóng shí gū huái
P	间不容发	jiān bù róng fà
P	间不容息	jiàn bù róng xī
P	间不容瞚	jiān bù róng shùn
P	间不容瞬	jiān bù róng shùn
P	间不容砺	jiān bù róng lì
P	间不容缓	jiān bù róng huǎn
P	间不容缕	jiān bù róng lǚ
P	间见层出	jiàn xiàn céng chū
P	闵乱思治	mǐn luàn sī zhì
P	闷光玻璃	mèn guāng bō lí
P	闷在家里	mēn zài jiā lǐ
P	闷在心里	mēn zài xīn lǐ
P	闷声不吭	mèn shēng bù kēng
P	闷声不响	mēn shēng bù xiǎng
P	闷声闷气	mēn shēng mēn qì
P	闷头儿干	mēn tóu er gàn
P	闷得发慌	mèn de fā huāng
P	闷海愁山	mèn hǎi chóu shān
P	闷葫芦罐	mèn hú lú guàn
P	闷闷不乐	mèn mèn bù lè
P	闹着玩儿	nào zhe wán ér
P	闻一知二	wén yī zhī èr
P	闻一知十	wén yī zhī shí
P	闻名丧胆	wén míng sàng dǎn
P	闻噎废食	wén yē fèi shí
P	闻声相思	wén shēng xiāng sī
P	闻宠若惊	wén chǒng ruò jīng
P	闻所不闻	wén suǒ bù wén
P	闻融敦厚	wén róng dūn hòu
P	闻过则喜	wén guò zé xǐ
P	闻风丧胆	wén fēng sàng dǎn
P	闻风响应	wén fēng xiǎng yīng
P	闻风破胆	wén fēng pò dǎn
P	闻风而兴	wén fēng ér xīng
P	闻风而动	wén fēng ér dòng
P	闻风而至	wén fēng ér zhì
P	闻风而起	wén fēng ér qǐ
P	闻风而逃	wén fēng ér táo
P	闻风远扬	wén fēng yuǎn yáng
P	闻风远遁	wén fēng yuǎn dùn
P	闾阎扑地	lǘ yán pū dì
P	阐扬光大	chǎn yáng guāng dà
P	阑风伏雨	lán fēng fú yǔ
P	阑风长雨	lán fēng cháng yǔ
P	阒其无人	qù qí wú rén
P	阔论高谈	kuò lùn gāo tán
P	阙一不可	què yī bù kě
P	阡陌纵横	qiān mò zòng héng
P	阪上走丸	bǎn shàng zǒu wán
P	阮囊羞涩	ruǎn náng xiū sè
P	防不及防	fáng bù jí fáng
P	防不胜防	fáng bù shèng fáng
P	防卫过当	fáng wèi guò dàng
P	防城港市	fáng chéng gǎng shì
P	防微杜渐	fáng wēi dù jiàn
P	防微虑远	fáng wēi lǜ yuǎn
P	防心摄行	fáng xīn shè xíng
P	防毒面具	fáng dú miàn jù
P	防萌杜渐	fáng méng dù jiàn
P	阳关大道	yáng guān dà dào
P	阳刚之气	yáng gāng zhī qì
P	阳春有脚	yáng chūn yǒu jiǎo
P	阳解阴毒	yáng jiě yīn dú
P	阴山背后	yīn shān bèi hòu
P	阴差阳错	yīn chā yáng cuò
P	阴曹地府	yīn cáo dì fǔ
P	阴服微行	yīn fú wēi xíng
P	阴疑阳战	yīn yí yáng zhàn
P	阴错阳差	yīn cuò yáng chā
P	阴魂不散	yīn hún bù sàn
P	阵马风樯	zhèn mǎ fēng qiáng
P	阶前万里	jiē qián wàn lǐ
P	阶级斗争	jiē jí dòu zhēng
P	阶级社会	jiē jí shè huì
P	阿世取容	ē shì qǔ róng
P	阿世媚俗	ē shì mèi sú
P	阿世盗名	ē shì dào míng
P	阿党比周	ē dǎng bǐ zhōu
P	阿党相为	ē dǎng xiāng wéi
P	阿其所好	ē qí suǒ hào
P	阿基米德	ā jī mǐ dé
P	阿塞拜疆	ā sāi bài jiāng
P	阿姑阿翁	ā gū ā wēng
P	阿娇金屋	ā jiāo jīn wū
P	阿家阿翁	ā jiā ā wēng
P	阿尔及尔	ā ěr jí ěr
P	阿平绝倒	ā píng jué dǎo
P	阿弥陀佛	ē mí tuó fó
P	阿意取容	ē yì qǔ róng
P	阿拉伯人	ā lā bó rén
P	阿拉伯海	ā lā bó hǎi
P	阿拉伯语	ā lā bó yǔ
P	阿时趋俗	ē shí qū sú
P	阿毗地狱	ā pí dì yù
P	阿狗阿猫	ā gǒu ā māo
P	阿猫阿狗	ā māo ā gǒu
P	阿谀取容	ē yú qǔ róng
P	阿谀奉承	ē yú fèng chéng
P	阿谀谄媚	ē yú chǎn mèi
P	阿谀逢迎	ē yú féng yíng
P	阿鲁巴岛	ā lǔ bā dǎo
P	阿鼻地狱	ā bí dì yù
P	陂湖禀量	bēi hú bǐng liáng
P	附上罔下	fù shàng wǎng xià
P	附下罔上	fù xià wǎng shàng
P	附会穿凿	fù huì chuān záo
P	附势趋炎	fù shì qū yán
P	附庸风雅	fù yōng fēng yǎ
P	附炎趋热	fù yán qū rè
P	附耳射声	fù ěr shè shēng
P	附肤落毛	fù fū luò máo
P	附膻逐腥	fù shān zhú xīng
P	附赘县疣	fù zhuì xiàn yóu
P	际会风云	jì huì fēng yún
P	际地蟠天	jì dì pán tiān
P	际遇风云	jì yù fēng yún
P	陇头音信	lǒng tóu yīn xìn
P	陈古刺今	chén gǔ cì jīn
P	陈善闭邪	chén shàn bì xié
P	陈师鞠旅	chén shī jū lǚ
P	陈词滥调	chén cí làn diào
P	陈辞滥调	chén cí làn diào
P	陈陈相因	chén chén xiāng yīn
P	陋巷箪瓢	lòu xiàng dān piáo
P	陌路相逢	mò lù xiāng féng
P	降妖捉怪	xiáng yāo zhuō guài
P	降尊临卑	jiàng zūn lín bēi
P	降尊纡贵	jiàng zūn yū guì
P	降心下气	jiàng xīn xià qì
P	降心俯首	jiàng xīn fǔ shǒu
P	降心相从	jiàng xīn xiāng cóng
P	降心顺俗	jiàng xīn shùn sú
P	降志辱身	jiàng zhì rǔ shēn
P	降本流末	jiàng běn liú mò
P	降格以求	jiàng gé yǐ qiú
P	降贵纡尊	jiàng guì yū zūn
P	降颜屈体	jiàng yán qū tǐ
P	降龙伏虎	xiáng lóng fú hǔ
P	陟罚臧否	zhì fá zāng pǐ
P	除害兴利	chú hài xīng lì
P	除恶务尽	chú è wù jìn
P	除恶务本	chú è wù běn
P	除患兴利	chú huàn xīng lì
P	除旧更新	chú jiù gēng xīn
P	除暴安良	chú bào ān liáng
P	除此以外	chú cǐ yǐ wài
P	除狼得虎	chú láng dé hǔ
P	除邪惩恶	chú xié chéng è
P	陨身糜骨	yǔn shēn mí gǔ
P	险遭不测	xiǎn zāo bù cè
P	险阻艰难	xiǎn zǔ jiān nán
P	陪审制度	péi shěn zhì dù
P	陵劲淬砺	líng jìng cuì lì
P	陵弱暴寡	líng ruò bào guǎ
P	陶然自得	táo rán zì dé
P	陶犬瓦鸡	táo quǎn wǎ jī
P	陷落计中	xiàn luò jì zhōng
P	隆重庆祝	lóng zhòng qìng zhù
P	隋侯之珠	suí hóu zhī zhū
P	隋珠和玉	suí zhū hé yù
P	隋珠和璧	suí zhū hé bì
P	隋珠弹雀	suí zhū tán què
P	隋珠荆璧	suí zhū jīng bì
P	随之而来	suí zhī ér lái
P	随人俯仰	suí rén fǔ yǎng
P	随地随时	suí dì suí shí
P	随声趋和	suí shēng qū hé
P	随声附和	suí shēng fù hè
P	随时随地	suí shí suí dì
P	随机应变	suí jī yìng biàn
P	随物应机	suí wù yīng jī
P	随珠和璧	suí zhū hé bì
P	随珠弹雀	suí zhū tán què
P	随缘乐助	suí yuán lè zhù
P	随行就市	suí háng jiù shì
P	随行逐队	suí xíng zhú duì
P	随车夏雨	suí chē xià yǔ
P	随车甘雨	suí chē gān yǔ
P	随车致雨	suí chē zhì yǔ
P	随近逐便	suí jìn zhú biàn
P	随风倒舵	suí fēng dǎo duò
P	随风而靡	suí fēng ér mǐ
P	随风转舵	suí fēng zhuǎn duò
P	随风逐浪	suí fēng zhú làng
P	隐介藏形	yǐn jiè cáng xíng
P	隐占身体	yǐn zhàn shēn tǐ
P	隐名埋姓	yǐn míng mái xìng
P	隐天蔽日	yǐn tiān bì rì
P	隐姓埋名	yǐn xìng mái míng
P	隐居求志	yǐn jū qiú zhì
P	隐形飞机	yǐn xíng fēi jī
P	隐忍不发	yǐn rěn bù fā
P	隐忍不言	yǐn rěn bù yán
P	隐恶扬善	yǐn è yáng shàn
P	隐晦曲折	yǐn huì qū zhé
P	隐然敌国	yǐn rán dí guó
P	隐约其词	yǐn yuē qí cí
P	隐约其辞	yǐn yuē qí cí
P	隐若敌国	yǐn ruò dí guó
P	隐迹埋名	yǐn jì mái míng
P	隐隐约约	yǐn yǐn yuē yuē
P	隐鳞戢羽	yǐn lín jí yǔ
P	隐鳞戢翼	yǐn lín jí yì
P	隐鳞藏彩	yǐn lín cáng cǎi
P	隔三差五	gé sān chà wǔ
P	隔墙有耳	gé qiáng yǒu ěr
P	隔岸观火	gé àn guān huǒ
P	隔音符号	gé yīn fú hào
P	隙大墙坏	xì dà qiáng huài
P	障碍赛跑	zhàng ài sài pǎo
P	隳肝尝胆	huī gān cháng dǎn
P	隳肝沥胆	huī gān lì dǎn
P	隳胆抽肠	huī dǎn chōu cháng
P	隳节败名	huī jié bài míng
P	难上加难	nán shàng jiā nán
P	难乎为情	nán hū wéi qíng
P	难乎为继	nán hū wéi jì
P	难乎其难	nán hū qí nán
P	难于上天	nán yú shàng tiān
P	难以为情	nán yǐ wéi qíng
P	难以为继	nán yǐ wéi jì
P	难以置信	nán yǐ zhì xìn
P	难以预料	nán yǐ yù liào
P	难兄难弟	nàn xiōng nàn dì
P	难分难舍	nán fēn nán shě
P	难分难解	nán fēn nán jiě
P	难割难舍	nán gē nán shě
P	难弟难兄	nán dì nán xiōng
P	难得糊涂	nán dé hú tú
P	难更仆数	nán gēng pú shǔ
P	难能可贵	nán néng kě guì
P	难舍难分	nán shě nán fēn
P	难解难分	nán jiě nán fēn
P	难言之隐	nán yán zhī yǐn
P	难进易退	nán jìn yì tuì
P	难鸣孤掌	nán míng gū zhǎng
P	雀喧鸠聚	què xuān jiū jù
P	雀小脏全	què xiǎo zàng quán
P	雀屏中选	què píng zhòng xuǎn
P	雀目鼠步	què mù shǔ bù
P	雀角鼠牙	què jiǎo shǔ yá
P	雀马鱼龙	què mǎ yú lóng
P	雀鼠之争	què shǔ zhī zhēng
P	雁南燕北	yàn nán yàn běi
P	雁影分飞	yàn yǐng fēn fēi
P	雁泊人户	yàn bó rén hù
P	雁过拔毛	yàn guò bá máo
P	雁过拨毛	yàn guò bō máo
P	雁过留声	yàn guò liú shēng
P	雄伟壮观	xióng wěi zhuàng guān
P	雄唱雌和	xióng chàng cí hé
P	雄姿英发	xióng zī yīng fā
P	雄心勃勃	xióng xīn bó bó
P	雄才大略	xióng cái dà lüè
P	雄文大手	xióng wén dà shǒu
P	雄材大略	xióng cái dà lüè
P	雄鸡断尾	xióng jī duàn wěi
P	雅俗共赏	yǎ sú gòng shǎng
P	雅量高致	yǎ liàng gāo zhì
P	雅雀无声	yǎ què wú shēng
P	集体主义	jí tǐ zhǔ yì
P	集体婚礼	jí tǐ hūn lǐ
P	集体经济	jí tǐ jīng jì
P	集思广益	jí sī guǎng yì
P	集思广议	jí sī guǎng yì
P	集约经营	jí yuē jīng yíng
P	集腋为裘	jí yè wéi qiú
P	集贸市场	jí mào shì chǎng
P	雇佣劳动	gù yōng láo dòng
P	雉头狐腋	zhì tóu hú yè
P	雍容不迫	yōng róng bù pò
P	雍容华贵	yōng róng huá guì
P	雍容大度	yōng róng dà dù
P	雍容大雅	yōng róng dà yǎ
P	雍荣华贵	yōng róng huá guì
P	雕心雁爪	diāo xīn yàn zhǎo
P	雕心鹰爪	diāo xīn yīng zhǎo
P	雕文织采	diāo wén zhī cǎi
P	雕栏玉砌	diāo lán yù qì
P	雕梁画柱	diāo liáng huà zhù
P	雕楹碧槛	diāo yíng bì kǎn
P	雕盘绮食	diāo pán qǐ shí
P	雕章琢句	diāo zhāng zhuó jù
P	雕章绘句	diāo zhāng huì jù
P	雕章镂句	diāo zhāng lòu jù
P	雕肝琢肾	diāo gān zhuó shèn
P	雕肝琢膂	diāo gān zhuó lǚ
P	雕虫末伎	diāo chóng mò jì
P	雕虫薄技	diāo chóng báo jì
P	雕蚶镂蛤	diāo hān lòu gé
P	雕阑玉砌	diāo lán yù qì
P	雕风镂月	diāo fēng lòu yuè
P	雨丝风片	yǔ sī fēng piàn
P	雨井烟垣	yǔ jǐng yān yuán
P	雨僝云僽	yǔ chán yún zhòu
P	雨僝风僽	yǔ chán fēng zhòu
P	雨僽风僝	yǔ zhòu fēng chán
P	雨凑云集	yǔ còu yún jí
P	雨卧风餐	yǔ wò fēng cān
P	雨后春笋	yǔ hòu chūn sǔn
P	雨后送伞	yǔ hòu sòng sǎn
P	雨宿风餐	yǔ sù fēng cān
P	雨巾风帽	yǔ jīn fēng mào
P	雨帘云栋	yǔ lián yún dòng
P	雨恨云愁	yǔ hèn yún chóu
P	雨愁烟恨	yǔ chóu yān hèn
P	雨打风吹	yǔ dǎ fēng chuī
P	雨收云散	yǔ shōu yún sàn
P	雨散云收	yǔ sàn yún shōu
P	雨散云飞	yǔ sàn yún fēi
P	雨散风流	yǔ sàn fēng liú
P	雨断云销	yǔ duàn yún xiāo
P	雨旸时若	yǔ yáng shí ruò
P	雨条烟叶	yǔ tiáo yān yè
P	雨栋风帘	yǔ dòng fēng lián
P	雨歇云收	yǔ xiē yún shōu
P	雨沐风餐	yǔ mù fēng cān
P	雨沾云惹	yǔ zhān yún rě
P	雨泣云愁	yǔ qì yún chóu
P	雨消云散	yǔ xiāo yún sàn
P	雨淋日晒	yǔ lín rì shài
P	雨淋日炙	yǔ lín rì zhì
P	雨笠烟蓑	yǔ lì yān suō
P	雨约云期	yǔ yuē yún qī
P	雨膏烟腻	yǔ gāo yān nì
P	雨蓑烟笠	yǔ suō yān lì
P	雨蓑风笠	yǔ suō fēng lì
P	雨覆云翻	yǔ fù yún fān
P	雨踪云迹	yǔ zōng yún jì
P	雨过天晴	yǔ guò tiān qíng
P	雨过天青	yǔ guò tiān qīng
P	雨迹云踪	yǔ jì yún zōng
P	雨零星乱	yǔ líng xīng luàn
P	雨零星散	yǔ líng xīng sàn
P	雨露之恩	yǔ lù zhī ēn
P	雨霾风障	yǔ mái fēng zhàng
P	雨顺风调	yǔ shùn fēng tiáo
P	雨鬓风鬟	yǔ bìn fēng huán
P	雨鬣霜蹄	yǔ liè shuāng tí
P	雪上加霜	xuě shàng jiā shuāng
P	雪中送炭	xuě zhōng sòng tàn
P	雪中鸿爪	xuě zhōng hóng zhǎo
P	雪北香南	xuě běi xiāng nán
P	雪月风花	xuě yuè fēng huā
P	雪泥鸿爪	xuě ní hóng zhǎo
P	雪泥鸿迹	xuě ní hóng jì
P	雪窗萤几	xuě chuāng yíng jǐ
P	雪耻报仇	xuě chǐ bào chóu
P	雪胎梅骨	xuě tāi méi gǔ
P	雪虐风饕	xuě nüè fēng tāo
P	雪鸿指爪	xuě hóng zhǐ zhǎo
P	零丁孤苦	líng dīng gū kǔ
P	零光片羽	líng guāng piàn yǔ
P	零存整取	líng cún zhěng qǔ
P	零打碎敲	líng dǎ suì qiāo
P	零敲碎打	líng qiāo suì dǎ
P	零零散散	líng líng sǎn sǎn
P	零露瀼瀼	líng lù ráng ráng
P	雷令风行	léi lìng fēng xíng
P	雷动风行	léi dòng fēng xíng
P	雷厉风行	léi lì fēng xíng
P	雷厉风飞	léi lì fēng fēi
P	雷奔云谲	léi bēn yún jué
P	雷打不动	léi dǎ bù dòng
P	雷霆万钧	léi tíng wàn jūn
P	雷霆之怒	léi tíng zhī nù
P	雷鸣瓦釜	léi míng wǎ fǔ
P	雾兴云涌	wù xīng yún yǒng
P	雾散云披	wù sàn yún pī
P	雾涌云蒸	wù yǒng yún zhēng
P	雾起云涌	wù qǐ yún yǒng
P	雾里看花	wù lǐ kàn huā
P	雾集云合	wù jí yún hé
P	雾鬓风鬟	wù bìn fēng huán
P	雾鳞云爪	wù lín yún zhǎo
P	需沙出穴	xū shā chū xué
P	霁月光风	jì yuè guāng fēng
P	霁风朗月	jì fēng lǎng yuè
P	霄壤之别	xiāo rǎng zhī bié
P	霄鱼垂化	xiāo yú chuí huà
P	震天动地	zhèn tiān dòng dì
P	震聋发聩	zhèn lóng fā kuì
P	霜凋夏绿	shuāng diāo xià lǜ
P	霜气横秋	shuāng qì héng qiū
P	霜行草宿	shuāng xíng cǎo xiǔ
P	霜露之思	shuāng lù zhī sī
P	霜露之悲	shuāng lù zhī bēi
P	霜露之感	shuāng lù zhī gǎn
P	霜露之病	shuāng lù zhī bìng
P	霜露之辰	shuāng lù zhī chén
P	霞光万道	xiá guāng wàn dào
P	霞思云想	xiá sī yún xiǎng
P	霞思天想	xiá sī tiān xiǎng
P	露天开采	lù tiān kāi cǎi
P	露宿风餐	lù sù fēng cān
P	露尾藏头	lù wěi cáng tóu
P	露己扬才	lù jǐ yáng cái
P	露影藏形	lù yǐng cáng xíng
P	露往霜来	lù wǎng shuāng lái
P	露才扬己	lù cái yáng jǐ
P	露水夫妻	lù shuǐ fū qī
P	露纂雪钞	lù zuǎn xuě chāo
P	露红烟紫	lù hóng yān zǐ
P	露红烟绿	lù hóng yān lǜ
P	露胆披肝	lù dǎn pī gān
P	露胆披诚	lù dǎn pī chéng
P	露钞雪纂	lù chāo xuě zuǎn
P	露面抛头	lù miàn pāo tóu
P	露餐风宿	lù cān fēng sù
P	霸王别姬	bà wáng bié jī
P	霸王风月	bà wáng fēng yuè
P	霸道横行	bà dào héng xíng
P	霸陵醉尉	bà líng zuì wèi
P	青云万里	qīng yún wàn lǐ
P	青云直上	qīng yún zhí shàng
P	青史传名	qīng shǐ chuán míng
P	青堂瓦舍	qīng táng wǎ shè
P	青山一发	qīng shān yī fà
P	青山不老	qīng shān bù lǎo
P	青山绿水	qīng shān lǜ shuǐ
P	青州从事	qīng zhōu cóng shì
P	青林黑塞	qīng lín hēi sài
P	青枝绿叶	qīng zhī lǜ yè
P	青灯古佛	qīng dēng gǔ fó
P	青灯黄卷	qīng dēng huáng juàn
P	青眼相看	qīng yǎn xiāng kàn
P	青紫被体	qīng zǐ pī tǐ
P	青红皁白	qīng hóng zào bái
P	青红皂白	qīng hóng zào bái
P	青翠欲滴	qīng cuì yù dī
P	青肝碧血	qīng gān bì xuè
P	青藏高原	qīng zàng gāo yuán
P	青过于蓝	qīng guò yú lán
P	青钱万选	qīng qián wàn xuǎn
P	青霄直上	qīng xiāo zhí shàng
P	青鸟殷勤	qīng niǎo yīn qín
P	青黄不接	qīng huáng bù jiē
P	青龙金匮	qīng lóng jīn kuì
P	静极思动	jìng jí sī dòng
P	静电反应	jìng diàn fǎn yìng
P	静观默察	jìng guān mò chá
P	静言令色	jìng yán lìng sè
P	非亲非故	fēi qīn fēi gù
P	非分之念	fēi fèn zhī niàn
P	非分之想	fēi fèn zhī xiǎng
P	非分之财	fēi fèn zhī cái
P	非同一般	fēi tóng yī bān
P	非同儿戏	fēi tóng ér xì
P	非同寻常	fēi tóng xún cháng
P	非同小可	fēi tóng xiǎo kě
P	非异人任	fēi yì rén rèn
P	非意相干	fēi yì xiāng gān
P	非池中物	fēi chí zhōng wù
P	非电解质	fēi diàn jiě zhì
P	靡坚不摧	mí jiān bù cuī
P	靡所底止	mí suǒ dǐ zhǐ
P	靡所适从	mí suǒ shì cóng
P	靡有孑遗	mǐ yǒu jié yí
P	靡然乡风	mí rán xiāng fēng
P	靡然从风	mǐ rán cóng fēng
P	靡然向风	mí rán xiàng fēng
P	靡然成风	mí rán chéng fēng
P	靡然顺风	mí rán shùn fēng
P	靡知所措	mí zhī suǒ cuò
P	靡衣偷食	mǐ yī tōu shí
P	靡衣媮食	mǐ yī tōu shí
P	靡衣玉食	mí yī yù shí
P	靡靡之乐	mǐ mǐ zhī yuè
P	靡靡之音	mǐ mǐ zhī yīn
P	面不改容	miàn bù gǎi róng
P	面不改色	miàn bù gǎi sè
P	面争庭论	miàn zhēng tíng lùn
P	面从腹诽	miàn cóng fù fěi
P	面似靴皮	miàn sì xuē pí
P	面北眉南	miàn běi méi nán
P	面命耳提	miàn mìng ěr tí
P	面壁磨砖	miàn bì mó zhuān
P	面如冠玉	miàn rú guān yù
P	面折庭争	miàn shé tíng zhēng
P	面折廷争	miàn zhé tíng zhēng
P	面折廷诤	miàn shé tíng zhèng
P	面是背非	miàn shì bèi fēi
P	面有菜色	miàn yǒu cài sè
P	面有难色	miàn yǒu nán sè
P	面目可憎	miàn mù kě zēng
P	面红耳热	miàn hóng ěr rè
P	面红耳赤	miàn hóng ěr chì
P	面红面绿	miàn hóng miàn lǜ
P	面红面赤	miàn hóng miàn chì
P	面红颈赤	miàn hóng jǐng chì
P	面若死灰	miàn ruò sǐ huī
P	面誉背毁	miàn yù bèi huǐ
P	面誉背非	miàn yù bèi fēi
P	面谀背毁	miàn yú bèi huǐ
P	面面厮觑	miàn miàn sī qù
P	面面相看	miàn miàn xiāng kàn
P	面面相睹	miàn miàn xiāng dǔ
P	面面相窥	miàn miàn xiāng kuī
P	面面相觑	miàn miàn xiāng qù
P	靦颜事仇	tiǎn yán shì chóu
P	革命创制	gé mìng chuàng zhì
P	革命反正	gé mìng fǎn zhèng
P	革奸铲暴	gé jiān chǎn bào
P	革心易行	gé xīn yì xíng
P	革旧从新	gé jiù cóng xīn
P	革邪反正	gé xié fǎn zhèng
P	革面敛手	gé miàn liǎn shǒu
P	革面洗心	gé miàn xǐ xīn
P	革风易俗	gé fēng yì sú
P	鞅鞅不乐	yāng yāng bù lè
P	鞋弓袜浅	xié gōng wà qiǎn
P	鞋弓襪浅	xié gōng wà qiǎn
P	鞘里藏刀	qiào lǐ cáng dāo
P	鞠为茂草	jū wéi mào cǎo
P	鞠躬尽力	jū gōng jìn lì
P	鞠躬尽瘁	jū gōng jìn cuì
P	鞠躬屏气	jū gōng bǐng qì
P	鞫为茂草	jū wéi mào cǎo
P	鞭不及腹	biān bù jí fù
P	鞭打快牛	biān dǎ kuài niú
P	鞭擗向里	biān pǐ xiàng lǐ
P	鞭擗进里	biān pǐ jìn lǐ
P	鞭约近里	biān yuē jìn lǐ
P	鞭辟入里	biān pì rù lǐ
P	鞭辟向里	biān bì xiàng lǐ
P	鞭辟着里	biān bì zhuó lǐ
P	鞭辟近里	biān pì jìn lǐ
P	鞭长不及	biān cháng bù jí
P	鞭长莫及	biān cháng mò jí
P	鞭长驾远	biān cháng jià yuǎn
P	韦裤布被	wéi kù bù bèi
P	韩寿分香	hán shòu fēn xiāng
P	韩海苏潮	hán hǎi sū cháo
P	韩潮苏海	hán cháo sū hǎi
P	韫椟而藏	yùn dú ér cáng
P	韫椟藏珠	yùn dú cáng zhū
P	韬光俟奋	tāo guāng sì fèn
P	韬光隐晦	tāo guāng yǐn huì
P	韬光隐迹	tāo guāng yǐn jì
P	韬光韫玉	tāo guāng yùn yù
P	韬戈卷甲	tāo gē juǎn jiǎ
P	韬晦待时	tāo huì dài shí
P	韬迹隐智	tāo jì yǐn zhì
P	音乐喷泉	yīn yuè pēn quán
P	音乐老师	yīn yuè lǎo shī
P	音乐茶座	yīn yuè chá zuò
P	音乐频道	yīn yuè pín dào
P	音信杳无	yīn xìn yǎo wú
P	音像制品	yīn xiàng zhì pǐn
P	音容宛在	yīn róng wǎn zài
P	音节文字	yīn jié wén zì
P	韶华如驶	sháo huá rú shǐ
P	顶名冒姓	dǐng míng mào xìng
P	顶天立地	dǐng tiān lì dì
P	顶天踵地	dǐng tiān zhǒng dì
P	顶头上司	dǐng tóu shàng sī
P	顶踵尽捐	dǐng zhǒng jìn juān
P	顶踵捐糜	dǐng zhǒng juān mí
P	顶风冒雪	dǐng fēng mào xuě
P	项背相望	xiàng bèi xiāng wàng
P	顺人应天	shùn rén yìng tiān
P	顺便一提	shùn biàn yì tí
P	顺天从人	shùn tiān cóng rén
P	顺天应人	shùn tiān yìng rén
P	顺天应时	shùn tiān yīng shí
P	顺手牵羊	shùn shǒu qiān yáng
P	顺水行舟	shùn shuǐ xíng zhōu
P	顺水顺风	shùn shuǐ shùn fēng
P	顺美匡恶	shùn měi kuāng è
P	顺蔓摸瓜	shùn màn mō guā
P	顺过饰非	shùn guò shì fēi
P	顺非而泽	shùn fēi ér zé
P	顺风使帆	shùn fēng shǐ fān
P	顺风使舵	shùn fēng shǐ duò
P	顺风使船	shùn fēng shǐ chuán
P	顺风吹火	shùn fēng chuī huǒ
P	顺风张帆	shùn fēng zhāng fān
P	顺风扯帆	shùn fēng chě fān
P	顺风而呼	shùn fēng ér hū
P	顺风行船	shùn fēng xíng chuán
P	顺风转舵	shùn fēng zhuǎn duò
P	顺风驶船	shùn fēng shǐ chuán
P	须发皆白	xū fà jiē bái
P	须弥芥子	xū mí jiè zǐ
P	顽固不化	wán gù bù huà
P	顽梗不化	wán gěng bù huà
P	顽父嚚母	wán fù yín mǔ
P	顽皮贼骨	wán pí zéi gǔ
P	顽皮赖骨	wán pí lài gǔ
P	顽石点头	wán shí diǎn tóu
P	顾全大局	gù quán dà jú
P	顾名思义	gù míng sī yì
P	顾小失大	gù xiǎo shī dà
P	顾影弄姿	gù yǐng nòng zī
P	顾景惭形	gù yǐng cán xíng
P	顾曲周郎	gù qǔ zhōu láng
P	顾虑重重	gù lǜ chóng chóng
P	顿学累功	dùn xué lěi gōng
P	顿开茅塞	dùn kāi máo sè
P	顿纲振纪	dùn gāng zhèn jì
P	顿足不前	dùn zú bù qián
P	顿足椎胸	dùn zú zhuī xiōng
P	颂声载道	sòng shēng zǎi dào
P	预防接种	yù fáng jiē zhòng
P	领导得力	lǐng dǎo dé lì
P	领导班子	lǐng dǎo bān zi
P	颊上三毛	jiá shàng sān máo
P	颊上三毫	jiá shàng sān háo
P	颊上添毫	jiá shàng tiān háo
P	颐指风使	yí zhǐ fēng shǐ
P	颓垣断堑	tuí yuán duàn qiàn
P	颜丹鬓绿	yán dān bìn lǜ
P	颜筋柳骨	yán jīn liǔ gǔ
P	颜精柳骨	yán jīng liǔ gǔ
P	颜面扫地	yán miàn sǎo dì
P	颜骨柳筋	yán gǔ liǔ jīn
P	额手相庆	é shǒu xiāng qìng
P	额手称庆	é shǒu chēng qìng
P	额手称颂	é shǒu chēng sòng
P	额首称庆	é shǒu chēng qìng
P	颠三倒四	diān sān dǎo sì
P	颠乾倒坤	diān qián dǎo kūn
P	颠仆流离	diān pū liú lí
P	颠倒乾坤	diān dǎo qián kūn
P	颠倒干坤	diān dǎo gàn kūn
P	颠倒是非	diān dǎo shì fēi
P	颠倒衣裳	diān dǎo yī cháng
P	颠倒阴阳	diān dǎo yīn yáng
P	颠倒黑白	diān dǎo hēi bái
P	颠唇簸嘴	diān chún bò zuǐ
P	颠扑不破	diān pū bù pò
P	颠扑不磨	diān pū bù mó
P	颠来倒去	diān lái dǎo qù
P	颠来簸去	diān lái bǒ qù
P	颠毛种种	diān máo zhǒng zhǒng
P	颠簸不破	diān bǒ bù pò
P	颠衣到裳	diān yī dào cháng
P	颠颠倒倒	diān diān dǎo dǎo
P	颠鸾倒凤	diān luán dǎo fèng
P	风不鸣条	fēng bù míng tiáo
P	风中之烛	fēng zhōng zhī zhú
P	风中秉烛	fēng zhōng bǐng zhú
P	风举云摇	fēng jǔ yún yáo
P	风举云飞	fēng jǔ yún fēi
P	风云不测	fēng yún bù cè
P	风云之志	fēng yún zhī zhì
P	风云人物	fēng yún rén wù
P	风云变幻	fēng yún biàn huàn
P	风云变态	fēng yún biàn tài
P	风云月露	fēng yún yuè lù
P	风云突变	fēng yún tū biàn
P	风云际会	fēng yún jì huì
P	风俗习惯	fēng sú xí guàn
P	风俗人情	fēng sú rén qíng
P	风信年华	fēng xìn nián huá
P	风光旖旎	fēng guāng yǐ nǐ
P	风光月霁	fēng guāng yuè jì
P	风兵草甲	fēng bīng cǎo jiǎ
P	风刀霜剑	fēng dāo shuāng jiàn
P	风前月下	fēng qián yuè xià
P	风前残烛	fēng qián cán zhú
P	风动工具	fēng dòng gōng jù
P	风华正茂	fēng huá zhèng mào
P	风华绝代	fēng huá jué dài
P	风卷残云	fēng juǎn cán yún
P	风口浪尖	fēng kǒu làng jiān
P	风吹云散	fēng chuī yún sàn
P	风吹日晒	fēng chuī rì shài
P	风吹浪打	fēng chuī làng dǎ
P	风吹草动	fēng chuī cǎo dòng
P	风吹雨打	fēng chuī yǔ dǎ
P	风吹雨淋	fēng chuī yǔ lín
P	风吹马耳	fēng chuī mǎ ěr
P	风和日丽	fēng hé rì lì
P	风和日暄	fēng hé rì xuān
P	风和日暖	fēng hé rì nuǎn
P	风和日美	fēng hé rì měi
P	风回电激	fēng huí diàn jī
P	风土人情	fēng tǔ rén qíng
P	风声鹤唳	fēng shēng hè lì
P	风姿绰约	fēng zī chuò yuē
P	风尘之会	fēng chén zhī huì
P	风尘之变	fēng chén zhī biàn
P	风尘仆仆	fēng chén pú pú
P	风尘碌碌	fēng chén lù lù
P	风尘肮脏	fēng chén āng zāng
P	风平波息	fēng píng bō xī
P	风平浪静	fēng píng làng jìng
P	风度翩翩	fēng dù piān piān
P	风影敷衍	fēng yǐng fū yǎn
P	风急浪高	fēng jí làng gāo
P	风情月债	fēng qíng yuè zhài
P	风情月思	fēng qíng yuè sī
P	风情月意	fēng qíng yuè yì
P	风掣雷行	fēng chè léi xíng
P	风旋电掣	fēng xuán diàn chè
P	风景不殊	fēng jǐng bù shū
P	风景如画	fēng jǐng rú huà
P	风月无涯	fēng yuè wú yá
P	风月无边	fēng yuè wú biān
P	风木之思	fēng mù zhī sī
P	风木之悲	fēng mù zhī bēi
P	风木含悲	fēng mù hán bēi
P	风栉雨沐	fēng zhì yǔ mù
P	风樯阵马	fēng qiáng zhèn mǎ
P	风水先生	fēng shuǐ xiān shēng
P	风流云散	fēng liú yún sàn
P	风流人物	fēng liú rén wù
P	风流倜傥	fēng liú tì tǎng
P	风流儒雅	fēng liú rú yǎ
P	风流冤孽	fēng liú yuān niè
P	风流千古	fēng liú qiān gǔ
P	风流才子	fēng liú cái zǐ
P	风流潇洒	fēng liú xiāo sǎ
P	风流罪过	fēng liú zuì guò
P	风流蕴藉	fēng liú yùn jiè
P	风流跌宕	fēng liú diē dàng
P	风流韵事	fēng liú yùn shì
P	风清弊绝	fēng qīng bì jué
P	风清月明	fēng qīng yuè míng
P	风清月朗	fēng qīng yuè lǎng
P	风清月皎	fēng qīng yuè jiǎo
P	风潇雨晦	fēng xiāo yǔ huì
P	风激电飞	fēng jī diàn fēi
P	风激电骇	fēng jī diàn hài
P	风烛之年	fēng zhú zhī nián
P	风烛残年	fēng zhú cán nián
P	风烛草露	fēng zhú cǎo lù
P	风禾尽起	fēng hé jìn qǐ
P	风花雪夜	fēng huā xuě yè
P	风花雪月	fēng huā xuě yuè
P	风虎云龙	fēng hǔ yún lóng
P	风行一世	fēng xíng yī shì
P	风行一时	fēng xíng yī shí
P	风行水上	fēng xíng shuǐ shàng
P	风行电击	fēng xíng diàn jī
P	风行电扫	fēng xíng diàn sǎo
P	风行电掣	fēng xíng diàn chè
P	风行电照	fēng xíng diàn zhào
P	风行草从	fēng xíng cǎo cóng
P	风行草偃	fēng xíng cǎo yǎn
P	风行草靡	fēng xíng cǎo mí
P	风行雨散	fēng xíng yǔ sàn
P	风行雷厉	fēng xíng léi lì
P	风行革偃	fēng xíng gé yǎn
P	风言影语	fēng yán yǐng yǔ
P	风言醋语	fēng yán cù yǔ
P	风言雾语	fēng yán wù yǔ
P	风言风语	fēng yán fēng yǔ
P	风语不透	fēng yǔ bù tòu
P	风调雨顺	fēng tiáo yǔ shùn
P	风谲云诡	fēng jué yún guǐ
P	风起云涌	fēng qǐ yún yǒng
P	风起云蒸	fēng qǐ yún zhēng
P	风起水涌	fēng qǐ shuǐ yǒng
P	风趣横生	fēng qù héng shēng
P	风车云马	fēng chē yún mǎ
P	风车雨马	fēng chē yǔ mǎ
P	风轻云净	fēng qīng yún jìng
P	风门水口	fēng mén shuǐ kǒu
P	风雨不改	fēng yǔ bù gǎi
P	风雨不测	fēng yǔ bù cè
P	风雨不透	fēng yǔ bù tòu
P	风雨交加	fēng yǔ jiāo jiā
P	风雨共舟	fēng yǔ gòng zhōu
P	风雨凄凄	fēng yǔ qī qī
P	风雨同舟	fēng yǔ tóng zhōu
P	风雨如晦	fēng yǔ rú huì
P	风雨如磐	fēng yǔ rú pán
P	风雨对床	fēng yǔ duì chuáng
P	风雨摇摆	fēng yǔ yáo bǎi
P	风雨无阻	fēng yǔ wú zǔ
P	风雨时若	fēng yǔ shí ruò
P	风雨晦冥	fēng yǔ huì míng
P	风雨晦暝	fēng yǔ huì míng
P	风雨漂摇	fēng yǔ piāo yáo
P	风雨萧条	fēng yǔ xiāo tiáo
P	风雨连床	fēng yǔ lián chuáng
P	风雨飘摇	fēng yǔ piāo yáo
P	风雨飘零	fēng yǔ piāo líng
P	风雨飘飖	fēng yǔ piāo yáo
P	风雪交加	fēng xuě jiāo jiā
P	风雷之变	fēng léi zhī biàn
P	风雷火炮	fēng léi huǒ pào
P	风霜雨雪	fēng shuāng yǔ xuě
P	风靡一世	fēng mǐ yī shì
P	风靡一时	fēng mǐ yī shí
P	风韵犹存	fēng yùn yóu cún
P	风风火火	fēng fēng huǒ huǒ
P	风风雨雨	fēng fēng yǔ yǔ
P	风风韵韵	fēng fēng yùn yùn
P	风餐露宿	fēng cān lù sù
P	风马不接	fēng mǎ bù jiē
P	风马云车	fēng mǎ yún chē
P	风驰云卷	fēng chí yún juǎn
P	风驰云走	fēng chí yún zǒu
P	风驰电击	fēng chí diàn jī
P	风驰电卷	fēng chí diàn juǎn
P	风驰电掣	fēng chí diàn chè
P	风驰电赴	fēng chí diàn fù
P	风驰电逝	fēng chí diàn shì
P	风驰电骋	fēng chí diàn chěng
P	风驰草靡	fēng chí cǎo mǐ
P	风驰雨骤	fēng chí yǔ zhòu
P	风驰霆击	fēng chí tíng jī
P	风驱电击	fēng qū diàn jī
P	风驱电扫	fēng qū diàn sǎo
P	风骨峭峻	fēng gǔ qiào jùn
P	风鬟雨鬓	fēng huán yǔ bìn
P	风鬟雾鬓	fēng huán wù bìn
P	飘樊落溷	piāo fán luò hùn
P	飘泊无定	piāo bó wú dìng
P	飘洋过海	piāo yáng guò hǎi
P	飘瓦虚舟	piāo wǎ xū zhōu
P	飘籓坠溷	piāo fān zhuì hùn
P	飘茵堕溷	piāo yīn duò hùn
P	飘茵落溷	piāo yīn luò hùn
P	飘风急雨	piāo fēng jí yǔ
P	飘风暴雨	piāo fēng bào yǔ
P	飘风苦雨	piāo fēng kǔ yǔ
P	飘风过耳	piāo fēng guò ěr
P	飘风骤雨	piāo fēng zhòu yǔ
P	飙发电举	biāo fā diàn jǔ
P	飞刍转饷	fēi chú zhuǎn xiǎng
P	飞将数奇	fēi jiàng shù jī
P	飞来横祸	fēi lái hèng huò
P	飞沙扬砾	fēi shā yáng lì
P	飞沙走石	fēi shā zǒu shí
P	飞沙走砾	fēi shā zǒu lì
P	飞流短长	fēi liú duǎn cháng
P	飞灾横祸	fēi zāi hèng huò
P	飞珠溅玉	fēi zhū jiàn yù
P	飞眼传情	fēi yǎn chuán qíng
P	飞短流长	fēi duǎn liú cháng
P	飞砂走石	fēi shā zǒu shí
P	飞砂转石	fēi shā zhuǎn shí
P	飞米转刍	fēi mǐ zhuǎn chú
P	飞蓬随风	fēi péng suí fēng
P	飞蛾扑火	fēi é pū huǒ
P	飞蛾投火	fēi é tóu huǒ
P	飞蛾赴火	fēi é fù huǒ
P	飞蛾赴烛	fēi é fù zhú
P	飞蛾赴焰	fēi é fù yàn
P	飞车走壁	fēi chē zǒu bì
P	飞霜六月	fēi shuāng liù yuè
P	飞鸟惊蛇	fēi niǎo jīng shé
P	飞鸿雪爪	fēi hóng xuě zhǎo
P	飞鹰奔犬	fēi yīng bēn quǎn
P	飞龙乘云	fēi lóng chéng yún
P	食不下咽	shí bù xià yàn
P	食不二味	shí bù èr wèi
P	食不充口	shí bù chōng kǒu
P	食不充肠	shí bù chōng cháng
P	食不充饥	shí bù chōng jī
P	食不兼味	shí bù jiān wèi
P	食不兼肉	shí bù jiān ròu
P	食不暇饱	shí bù xiá bǎo
P	食不果腹	shí bù guǒ fù
P	食不求甘	shí bù qiú gān
P	食不甘味	shí bù gān wèi
P	食不知味	shí bù zhī wèi
P	食不累味	shí bù lèi wèi
P	食不终味	shí bù zhōng wèi
P	食不遑味	shí bù huáng wèi
P	食不重味	shí bù chóng wèi
P	食不重肉	shí bù chóng ròu
P	食不餬口	shí bù hú kǒu
P	食为民天	shí wéi mín tiān
P	食亲财黑	shí qīn cái hēi
P	食前方丈	shí qián fāng zhàng
P	食古不化	shí gǔ bù huà
P	食古如鲠	shí gǔ rú gěng
P	食味方丈	shí wèi fāng zhàng
P	食子徇君	shí zǐ xùn jūn
P	食宿相兼	shí sù xiāng jiān
P	食少事烦	shí shǎo shì fán
P	食少事繁	shí shǎo shì fán
P	食必方丈	shí bì fāng zhàng
P	食指大动	shí zhǐ dà dòng
P	食方于前	shí fāng yú qián
P	食无求饱	shí wú qiú bǎo
P	食日万钱	shí rì wàn qián
P	食案方丈	shí àn fāng zhàng
P	食毛践土	shí máo jiàn tǔ
P	食物中毒	shí wù zhòng dú
P	食玉炊桂	shí yù chuī guì
P	食甘寝宁	shí gān qǐn níng
P	食甘寝安	shí gān qǐn ān
P	食生不化	shí shēng bù huà
P	食租衣税	shí zū yī shuì
P	食箪浆壶	shí dān jiāng hú
P	食而不化	shí ér bù huà
P	食肉寝皮	shí ròu qǐn pí
P	食荼卧棘	shí tú wò jí
P	食藿悬鹑	shí huò xuán chún
P	食言而肥	shí yán ér féi
P	食辨劳薪	shí biàn láo xīn
P	食饥息劳	shí jī xī láo
P	食马留肝	shí mǎ liú gān
P	食鱼遇鲭	shí yú yù qīng
P	餐云卧石	cān yún wò shí
P	餐松啖柏	cān sōng dàn bó
P	餐葩饮露	cān pā yǐn lù
P	餐霞吸露	cān xiá xī lù
P	餐霞饮景	cān xiá yǐn jǐng
P	餐风咽露	cān fēng yàn lù
P	餐风啮雪	cān fēng niè xuě
P	餐风宿水	cān fēng sù shuǐ
P	餐风宿草	cān fēng sù cǎo
P	餐风宿雨	cān fēng sù yǔ
P	餐风宿露	cān fēng sù lù
P	餐风沐雨	cān fēng mù yǔ
P	餐风茹雪	cān fēng rú xuě
P	餐风露宿	cān fēng lù sù
P	餐风饮露	cān fēng yǐn lù
P	餔糟啜漓	bū zāo chuò lí
P	餔糟啜醨	bū zāo chuò lí
P	饔飧不济	yōng sūn bù jì
P	饔飧不给	yōng sūn bù jǐ
P	饔飧不继	yōng sūn bù jì
P	饔飧不饱	yōng sūn bù bǎo
P	饕风虐雪	tāo fēng nüè xuě
P	饥不择食	jī bù zé shí
P	饥不暇食	jī bù xiá shí
P	饥不遑食	jī bù huáng shí
P	饥冻交切	jī dòng jiāo qiē
P	饥寒交切	jī hán jiāo qiē
P	饥寒交迫	jī hán jiāo pò
P	饥焰中烧	jī yàn zhōng shāo
P	饫闻厌见	yù wén yàn jiàn
P	饭囊衣架	fàn náng yī jià
P	饭囊酒瓮	fàn náng jiǔ wèng
P	饭囊酒甕	fàn náng jiǔ wèng
P	饭坑酒囊	fàn kēng jiǔ náng
P	饮冰内热	yǐn bīng nèi rè
P	饮冰食檗	yǐn bīng shí bò
P	饮冰食蘖	yǐn bīng shí niè
P	饮弹自尽	yǐn dàn zì jìn
P	饮弹身亡	yǐn dàn shēn wáng
P	饮水啜菽	yǐn shuǐ chuò shū
P	饮水思源	yǐn shuǐ sī yuán
P	饮水曲肱	yǐn shuǐ qū gōng
P	饮水栖衡	yǐn shuǐ qī héng
P	饮水知源	yǐn shuǐ zhī yuán
P	饮水食菽	yǐn shuǐ shí shū
P	饮泉清节	yǐn quán qīng jié
P	饮灰洗胃	yǐn huī xǐ wèi
P	饮犊上流	yìn dú shàng liú
P	饮胆尝血	yǐn dǎn cháng xuè
P	饮血崩心	yǐn xuè bēng xīn
P	饮血茹毛	yǐn xuè rú máo
P	饮谷栖丘	yǐn gǔ qī qiū
P	饮露餐风	yǐn lù cān fēng
P	饮风餐露	yǐn fēng cān lù
P	饮食男女	yǐn shí nán nǚ
P	饮食疗法	yǐn shí liáo fǎ
P	饮食起居	yǐn shí qǐ jū
P	饮马长江	yìn mǎ cháng jiāng
P	饮鸩解渴	yǐn zhèn jiě kě
P	饰怪装奇	shì guài zhuāng qí
P	饰情矫行	shì qíng jiǎo xíng
P	饰智矜愚	shì zhì jīn yú
P	饰非养过	shì fēi yǎng guò
P	饰非掩过	shì fēi yǎn guò
P	饰非文过	shì fēi wén guò
P	饰非遂过	shì fēi suí guò
P	饱和溶液	bǎo hé róng yè
P	饱经风雨	bǎo jīng fēng yǔ
P	饱经风霜	bǎo jīng fēng shuāng
P	饱食暖衣	bǎo shí nuǎn yī
P	饱食终日	bǎo shí zhōng rì
P	饴含抱孙	yí hán bào sūn
P	饶有兴趣	ráo yǒu xìng qù
P	饶有风趣	ráo yǒu fēng qù
P	饶舌调唇	ráo shé tiáo chún
P	饿殍枕藉	è piǎo zhěn jí
P	饿殍载道	è piǎo zài dào
P	饿莩载道	è piǎo zǎi dào
P	饿莩遍野	è piǎo biàn yě
P	饿虎吞羊	è hǔ tūn yáng
P	饿虎扑羊	è hǔ pū yáng
P	饿虎扑食	è hǔ pū shí
P	饿虎擒羊	è hǔ qín yáng
P	馄饨皮儿	hún tún pí er
P	首善之区	shǒu shàn zhī qū
P	首善之地	shǒu shàn zhī dì
P	首尾两端	shǒu wěi liǎng duān
P	首尾共济	shǒu wěi gòng jì
P	首尾相卫	shǒu wěi xiāng wèi
P	首尾相应	shǒu wěi xiāng yìng
P	首尾相援	shǒu wěi xiāng yuán
P	首尾相继	shǒu wěi xiāng jì
P	首尾相连	shǒu wěi xiāng lián
P	首当其冲	shǒu dāng qí chōng
P	首足异处	shǒu zú yì chù
P	首身分离	shǒu shēn fēn lí
P	香培玉琢	xiāng péi yù zhuó
P	香格里拉	xiāng gé lǐ lā
P	香火不绝	xiāng huǒ bù jué
P	香花供养	xiāng huā gòng yǎng
P	香车宝马	xiāng chē bǎo mǎ
P	騃女痴男	ái nǚ chī nán
P	騃童钝夫	ái tóng dùn fū
P	马上功成	mǎ shàng gōng chéng
P	马上墙头	mǎ shàng qiáng tóu
P	马上房子	mǎ shàng fáng zi
P	马上看花	mǎ shàng kàn huā
P	马不停蹄	mǎ bù tíng tí
P	马不解鞍	mǎ bù jiě ān
P	马中关五	mǎ zhōng guān wǔ
P	马仰人翻	mǎ yǎng rén fān
P	马入华山	mǎ rù huà shān
P	马勃牛溲	mǎ bó niú sōu
P	马咽车阗	mǎ yān chē tián
P	马壮人强	mǎ zhuàng rén qiáng
P	马尘不及	mǎ chén bù jí
P	马尼拉麻	mǎ ní lā má
P	马放南山	mǎ fàng nán shān
P	马水车龙	mǎ shuǐ chē lóng
P	马牛其风	mǎ niú qí fēng
P	马瘦毛长	mǎ shòu máo cháng
P	马空冀北	mǎ kōng jì běi
P	马翻人仰	mǎ fān rén yǎng
P	马耳东风	mǎ ěr dōng fēng
P	马耳春风	mǎ ěr chūn fēng
P	马角乌头	mǎ jiǎo wū tóu
P	马角乌白	mǎ jiǎo wū bái
P	马足车尘	mǎ zú chē chén
P	马足龙沙	mǎ zú lóng shā
P	马面牛头	mǎ miàn niú tóu
P	马革盛尸	mǎ gé shèng shī
P	马齿徒长	mǎ chǐ tú zhǎng
P	马龙车水	mǎ lóng chē shuǐ
P	驰名中外	chí míng zhōng wài
P	驰名当世	chí míng dāng shì
P	驰志伊吾	chí zhì yī wú
P	驰风骋雨	chí fēng chěng yǔ
P	驰骋疆场	chí chěng jiāng chǎng
P	驰高鹜远	chí gāo wù yuǎn
P	驱羊战狼	qū yáng zhàn láng
P	驱羊攻虎	qū yáng gōng hǔ
P	驴唇马觜	lǘ chún mǎ zī
P	驷不及舌	sì bù jí shé
P	驷之过蠙	sì zhī guò pín
P	驷之过隙	sì zhī guò xì
P	驷马不追	sì mǎ bù zhuī
P	驷马仰秣	sì mǎ yǎng mò
P	驷马莫追	sì mǎ mò zhuī
P	驷马轩车	sì mǎ xuān chē
P	驷马难追	sì mǎ nán zhuī
P	驷马高盖	sì mǎ gāo gài
P	驷马高车	sì mǎ gāo chē
P	驹光过隙	jū guāng guò xì
P	驹留空谷	jū liú kōng gǔ
P	驹齿未落	jū chǐ wèi luò
P	驻红却白	zhù hóng què bái
P	驻颜有术	zhù yán yǒu shù
P	驽马铅刀	nú mǎ qiān dāo
P	骀背鹤发	dài bèi hè fā
P	骂不绝口	mà bù jué kǒu
P	骂天咒地	mà tiān zhòu dì
P	骂天扯地	mà tiān chě dì
P	骂骂咧咧	mà mà liē liē
P	骄佚奢淫	jiāo yì shē yín
P	骄侈暴佚	jiāo chǐ bào yì
P	骄儿騃女	jiāo ér sì nǚ
P	骄奢淫佚	jiāo shē yín yì
P	骄奢淫泆	jiāo shē yín yì
P	骄泰淫泆	jiāo tài yín yì
P	骆驿不绝	luò yì bù jué
P	骇人闻见	hài rén wén jiàn
P	骇龙走蛇	hài lóng zǒu shé
P	骈兴错出	pián xīng cuò chū
P	骈四俪六	pián sì lì liù
P	骈拇枝指	pián mǔ zhī zhǐ
P	骈枝俪叶	pián zhī lì yè
P	骈肩累足	pián jiān lěi zú
P	骈肩累踵	pián jiān lèi zhǒng
P	骈肩累迹	pián jiān lěi jì
P	骈首就系	pián shǒu jiù xì
P	骋嗜奔欲	chěng shì bēn yù
P	骋耆奔欲	chěng qí bēn yù
P	验明正身	yàn míng zhèng shēn
P	骏骨牵盐	jùn gǔ qiān yán
P	骐骥过隙	qí jì guò xì
P	骑者善堕	qí zhě shàn duò
P	骑虎难下	qí hǔ nán xià
P	骑驴倒堕	qí lǘ dǎo duò
P	骑驴索句	qí lǘ suǒ jù
P	骑鹤上扬	qí hè shàng yáng
P	骑龙弄凤	qí lóng nòng fèng
P	骖风驷霞	cān fēng sì xiá
P	骚人墨士	sāo rén mò shì
P	骚人墨客	sāo rén mò kè
P	骚人词客	sāo rén cí kè
P	骚人逸客	sāo rén yì kè
P	骚人雅士	sāo rén yǎ shì
P	骚情赋骨	sāo qíng fù gǔ
P	骚翁墨客	sāo wēng mò kè
P	骤不及防	zhòu bù jí fáng
P	骤雨暴风	zhòu yǔ bào fēng
P	骤雨狂风	zhòu yǔ kuáng fēng
P	骤风急雨	zhòu fēng jí yǔ
P	骤风暴雨	zhòu fēng bào yǔ
P	骥伏盐车	jì fú yán chē
P	骥服盐车	jì fú yán chē
P	骨化形销	gǔ huà xíng xiāo
P	骨化风成	gǔ huà fēng chéng
P	骨头架子	gú tou jià zi
P	骨寒毛竖	gǔ hán máo shù
P	骨瘦如柴	gǔ shòu rú chái
P	骨瘦如豺	gǔ shòu rú chái
P	骨瘦形销	gǔ shòu xíng xiāo
P	骨肉团圆	gǔ ròu tuán yuán
P	骨肉未寒	gǔ ròu wèi hán
P	骨肉相残	gǔ ròu xiāng cán
P	骨肉相连	gǔ ròu xiāng lián
P	骨肉离散	gǔ ròu lí sàn
P	骨肉至亲	gǔ ròu zhì qīn
P	骨腾肉飞	gǔ téng ròu fēi
P	骨软筋酥	gǔ ruǎn jīn sū
P	骨软筋麻	gǔ ruǎn jīn má
P	骨软肉酥	gǔ ruǎn ròu sū
P	骨鲠之臣	gǔ gěng zhī chén
P	骨鲠在喉	gǔ gěng zài hóu
P	高下任心	gāo xià rèn xīn
P	高下其手	gāo xià qí shǒu
P	高不可攀	gāo bù kě pān
P	高不可登	gāo bù kě dēng
P	高举深藏	gāo jǔ shēn cáng
P	高举远蹈	gāo jǔ yuǎn dǎo
P	高义薄云	gāo yì bó yún
P	高位重禄	gāo wèi zhòng lù
P	高傲自大	gāo ào zì dà
P	高冠博带	gāo guān bó dài
P	高名大姓	gāo míng dà xìng
P	高堂大厦	gāo táng dà shà
P	高天厚地	gāo tiān hòu dì
P	高头大马	gāo tóu dà mǎ
P	高头讲章	gāo tóu jiǎng zhāng
P	高姓大名	gāo xìng dà míng
P	高官重禄	gāo guān zhòng lù
P	高尔夫球	gāo ěr fū qiú
P	高层建筑	gāo céng jiàn zhù
P	高山仰之	gāo shān yǎng zhī
P	高山仰止	gāo shān yǎng zhǐ
P	高山反应	gāo shān fǎn yìng
P	高山峻岭	gāo shān jùn lǐng
P	高山景行	gāo shān jǐng xíng
P	高情远意	gāo qíng yuǎn yì
P	高情远致	gāo qíng yuǎn zhì
P	高情远韵	gāo qíng yuǎn yùn
P	高情逸兴	gāo qíng yì xīng
P	高才卓识	gāo cái zhuó shí
P	高才大学	gāo cái dà xué
P	高才远识	gāo cái yuǎn shí
P	高掌远跖	gāo zhǎng yuǎn zhí
P	高掌远蹠	gāo zhǎng yuǎn zhí
P	高文大册	gāo wén dà cè
P	高明远识	gāo míng yuǎn shí
P	高楼大厦	gāo lóu dà shà
P	高深莫测	gāo shēn mò cè
P	高爵重禄	gāo jué zhòng lù
P	高牙大纛	gāo yá dà dào
P	高睨大谈	gāo nì dà tán
P	高瞻远瞩	gāo zhān yuǎn zhǔ
P	高空作业	gāo kōng zuò yè
P	高等学校	gāo děng xué xiào
P	高等教育	gāo děng jiào yù
P	高级中学	gāo jí zhōng xué
P	高翔远引	gāo xiáng yuǎn yǐn
P	高而不危	gāo ér bù wēi
P	高节清风	gāo jié qīng fēng
P	高见远识	gāo jiàn yuǎn shí
P	高识远见	gāo shí yuǎn jiàn
P	高谈大论	gāo tán dà lùn
P	高谈弘论	gāo tán hóng lùn
P	高谈虚论	gāo tán xū lùn
P	高谈阔论	gāo tán kuò lùn
P	高足弟子	gāo zú dì zǐ
P	高蹈远举	gāo dǎo yuǎn jǔ
P	高车驷马	gāo chē sì mǎ
P	高遏行云	gāo è xíng yún
P	高门大屋	gāo mén dà wū
P	高门大户	gāo mén dà hù
P	高风亮节	gāo fēng liàng jié
P	高风劲节	gāo fēng jìng jié
P	高风峻节	gāo fēng jùn jié
P	高飞远举	gāo fēi yuǎn jǔ
P	高飞远翔	gāo fēi yuǎn xiáng
P	高飞远走	gāo fēi yuǎn zǒu
P	高飞远遁	gāo fēi yuǎn dùn
P	高飞远集	gāo fēi yuǎn jí
P	高高兴兴	gāo gāo xìng xìng
P	高高在上	gāo gāo zài shàng
P	鬓乱钗横	bìn luàn chāi héng
P	鬻儿卖女	yù ér mài nǚ
P	鬻文为生	yù wén wéi shēng
P	鬻矛誉楯	yù máo yù dùn
P	鬻驽窃价	yù nú qiè jià
P	鬻鸡为凤	yù jī wéi fèng
P	鬼使神差	guǐ shǐ shén chāi
P	鬼吒狼嚎	guǐ zhà láng háo
P	鬼哭神号	guǐ kū shén háo
P	鬼头滑脑	guǐ tóu huá nǎo
P	鬼头鬼脑	guǐ tóu guǐ nǎo
P	鬼怕恶人	guǐ pà è rén
P	鬼泣神号	guǐ qì shén hào
P	鬼瞰其室	guǐ kàn qí shì
P	鬼神不测	guǐ shén bù cè
P	鬼神莫测	guǐ shén mò cè
P	鬼蜮伎俩	guǐ yù jì liǎng
P	鬼魅伎俩	guǐ mèi jì liǎng
P	魁梧奇伟	kuí wú qí wěi
P	魂不守宅	hún bù shǒu zhái
P	魂不守舍	hún bù shǒu shè
P	魂不着体	hún bù zhuó tǐ
P	魂不著体	hún bù zhuó tǐ
P	魂不负体	hún bù fù tǐ
P	魂不赴体	hún bù fù tǐ
P	魂不附体	hún bù fù tǐ
P	魂丧神夺	hún sàng shén duó
P	魂亡胆落	hún wáng dǎn luò
P	魂亡魄失	hún wáng pò shī
P	魂惊胆落	hún jīng dǎn luò
P	魂惊胆颤	hún jīng dǎn chàn
P	魂惊魄落	hún jīng pò luò
P	魂慑色沮	hún shè sè jǔ
P	魂慴色沮	hún shè sè jǔ
P	魂消胆丧	hún xiāo dǎn sàng
P	魂消魄丧	hún xiāo pò sàng
P	魂耗魄丧	hún hào pò sàng
P	魂颠梦倒	hún diān mèng dǎo
P	魂飘魄散	hún piāo pò sàn
P	魂飞神丧	hún fēi shén sàng
P	魂飞胆丧	hún fēi dǎn sàng
P	魂飞胆落	hún fēi dǎn luò
P	魂飞胆裂	hún fēi dǎn liè
P	魂飞胆颤	hún fēi dǎn chàn
P	魂飞魄丧	hún fēi pò sāng
P	魂飞魄散	hún fēi pò sàn
P	魄散魂消	pò sàn hún xiāo
P	魄散魂飘	pò sàn hún piāo
P	魄散魂飞	pò sàn hún fēi
P	魄消魂散	pò xiāo hún sàn
P	魆风骤雨	xū fēng zhòu yǔ
P	魏颗结草	wèi kē jié cǎo
P	魏鹊无枝	wèi què wú zhī
P	魔高一丈	mó gāo yí zhàng
P	鱼与熊掌	yú yǔ xióng zhǎng
P	鱼丽于罶	yú lí yú liǔ
P	鱼书雁信	yú shū yàn xìn
P	鱼书雁帖	yú shū yàn tiě
P	鱼传尺素	yú chuán chǐ sù
P	鱼县鸟窜	yú xiàn niǎo cuàn
P	鱼大水小	yú dà shuǐ xiǎo
P	鱼封雁帖	yú fēng yàn tiē
P	鱼尾雁行	yú wěi yàn xíng
P	鱼惊鸟散	yú jīng niǎo sàn
P	鱼水和谐	yú shuǐ hé xié
P	鱼水相投	yú shuǐ xiāng tóu
P	鱼水相欢	yú shuǐ xiāng huān
P	鱼沉雁落	yú chén yàn luò
P	鱼游濠上	yú yóu háo shàng
P	鱼游燋釜	yú yóu zhuó fǔ
P	鱼游釜中	yú yóu fǔ zhōng
P	鱼游釜内	yú yóu fǔ nèi
P	鱼游釜底	yú yóu fǔ dǐ
P	鱼溃鸟散	yú kuì niǎo sàn
P	鱼溃鸟离	yú kuì niǎo lí
P	鱼烂取亡	yú làn qǔ wáng
P	鱼烂瓦解	yú làn wǎ jiě
P	鱼烂而亡	yú làn ér wáng
P	鱼生空釜	yú shēng kōng fǔ
P	鱼目混珍	yú mù hùn zhēn
P	鱼目混珎	yú mù hùn zhēn
P	鱼目混珠	yú mù hùn zhū
P	鱼目间珠	yú mù jiān zhū
P	鱼米之地	yú mǐ zhī dì
P	鱼肠尺素	yú cháng chǐ sù
P	鱼贯而行	yú guàn ér xíng
P	鱼贯雁行	yú guàn yàn xíng
P	鱼龙变化	yú lóng biàn huà
P	鱼龙混杂	yú lóng hùn zá
P	鲁斤燕削	lǔ jīn yàn xuē
P	鲁莽灭裂	lǔ mǎng miè liè
P	鲂鱼赪尾	fáng yú chēng wěi
P	鲇鱼上竹	nián yú shàng zhú
P	鲇鱼上竿	nián yú shàng gān
P	鲍子知我	bào zǐ zhī wǒ
P	鲜为人知	xiǎn wéi rén zhī
P	鲜廉寡耻	xiǎn lián guǎ chǐ
P	鲜眉亮眼	xiān méi liàng yǎn
P	鲜艳夺目	xiān yàn duó mù
P	鲜血淋漓	xiān xuè lín lí
P	鲜衣怒马	xiān yī nù mǎ
P	鲜衣美食	xiān yī měi shí
P	鲜衣良马	xiān yī liáng mǎ
P	鲜蹦活跳	xiān bèng huó tiào
P	鲜车健马	xiān chē jiàn mǎ
P	鲜车怒马	xiān chē nù mǎ
P	鲸吞蚕食	jīng tūn cán shí
P	鲸吞蛇噬	jīng tūn shé shì
P	鲽离鹣背	dié lí jiān bèi
P	鳌头独占	áo tóu dú zhàn
P	鳌鸣鳖应	áo míng biē yīng
P	鳞次相比	lín cì xiāng bǐ
P	鳞集仰流	lín jí yǎng liú
P	鶗鴂雕卉	tí jué diāo huì
P	鸟入樊笼	niǎo rù fán lóng
P	鸟啼花落	niǎo tí huā luò
P	鸟尽弓藏	niǎo jìn gōng cáng
P	鸟得弓藏	niǎo dé gōng cáng
P	鸟惊鱼散	niǎo jīng yú sàn
P	鸟惊鱼溃	niǎo jīng yú kuì
P	鸟散鱼溃	niǎo sàn yú kuì
P	鸟枪换炮	niǎo qiāng huàn pào
P	鸟语花香	niǎo yǔ huā xiāng
P	鸟道羊肠	niǎo dào yáng cháng
P	鸠占鹊巢	jiū zhàn què cháo
P	鸠车竹马	jiū chē zhú mǎ
P	鸡不及凤	jī bù jí fèng
P	鸡争鹅斗	jī zhēng é dòu
P	鸡声鹅斗	jī shēng é dòu
P	鸡头鱼刺	jī tóu yú cì
P	鸡尸牛从	jī shī niú cóng
P	鸡尾酒会	jī wěi jiǔ huì
P	鸡栖凤巢	jī qī fèng cháo
P	鸡毛掸子	jī máo dǎn zǐ
P	鸡犬不宁	jī quǎn bù níng
P	鸡犬不安	jī quǎn bù ān
P	鸡犬不惊	jī quǎn bù jīng
P	鸡犬不留	jī quǎn bù liú
P	鸡犬不闻	jī quǎn bù wén
P	鸡犬相闻	jī quǎn xiāng wén
P	鸡皮疙瘩	jī pí gē da
P	鸡皮鹤发	jī pí hè fà
P	鸡肠狗肚	jī cháng gǒu dù
P	鸡肤鹤发	jī fū hè fà
P	鸡胸龟背	jī xiōng guī bèi
P	鸡虫得丧	jī chóng dé sàng
P	鸡虫得失	jī chóng dé shī
P	鸡飞狗跳	jī fēi gǒu tiào
P	鸡飞蛋打	jī fēi dàn dǎ
P	鸡骨支床	jī gǔ zhī chuáng
P	鸡鹜争食	jī wù zhēng shí
P	鸡鹜相争	jī wù xiāng zhēng
P	鸢肩鹄颈	yuān jiān hú jǐng
P	鸣凤朝阳	míng fèng zhāo yáng
P	鸣野食苹	míng yě shí píng
P	鸣钟食鼎	míng zhōng shí dǐng
P	鸣锣喝道	míng luó hè dào
P	鸣鹤之应	míng hè zhī yìng
P	鸥水相依	ōu shuǐ xiāng yī
P	鸦没鹊静	yā méi què jìng
P	鸦片战争	yā piàn zhàn zhēng
P	鸦雀无声	yā què wú shēng
P	鸦雀无闻	yā què wú wén
P	鸦飞雀乱	yā fēi què luàn
P	鸦默雀静	yā mò què jìng
P	鸭步鹅行	yā bù é xíng
P	鸭行鹅步	yā xíng é bù
P	鸮鸣鼠暴	xiāo míng shǔ bào
P	鸱鸮弄舌	chī xiāo nòng shé
P	鸾停鹄峙	luán tíng hú zhì
P	鸾凤分飞	luán fèng fēn fēi
P	鸾凤和鸣	luán fèng hè míng
P	鸾分凤离	luán fēn fèng lí
P	鸾只凤单	luán zhī fèng dān
P	鸾孤凤只	luán gū fèng zhī
P	鸾漂凤泊	luán piāo fèng bó
P	鸾跂鸿惊	luán qí hóng jīng
P	鸾音鹤信	luán yīn hè xìn
P	鸾颠凤倒	luán diān fèng dǎo
P	鸾飘凤泊	luán piāo fèng bó
P	鸾鹄停峙	luán hú tíng zhì
P	鸿业远图	hóng yè yuǎn tú
P	鸿儒硕学	hóng rú shuò xué
P	鸿商富贾	hóng shāng fù gǔ
P	鸿图华构	hóng tú huá gòu
P	鸿案相庄	hóng àn xiāng zhuāng
P	鸿案鹿车	hóng àn lù chē
P	鸿泥雪爪	hóng ní xuě zhǎo
P	鸿渐之仪	hóng jiàn zhī yí
P	鸿渐之翼	hóng jiàn zhī yì
P	鸿渐于干	hóng jiàn yú gàn
P	鸿爪春泥	hóng zhǎo chūn ní
P	鸿爪留泥	hóng zhǎo liú ní
P	鸿爪雪泥	hóng zhǎo xuě ní
P	鸿笔丽藻	hóng bǐ lì zǎo
P	鸿篇巨着	hóng piān jù zhe
P	鸿篇巨著	hóng piān jù zhù
P	鸿蒙初辟	hóng méng chū pì
P	鸿衣羽裳	hóng yī yǔ cháng
P	鸿都买第	hóng dōu mǎi dì
P	鸿隐凤伏	hóng yǐn fèng fú
P	鸿飞雪爪	hóng fēi xuě zhǎo
P	鸿飞霜降	hóng fēi shuāng jiàng
P	鸿鹄将至	hóng hú jiāng zhì
P	鹄峙鸾停	hú zhì luán tíng
P	鹄峙鸾翔	hú zhì luán xiáng
P	鹅不食草	é bù shí cǎo
P	鹅毛大雪	é máo dà xuě
P	鹅湖之会	é hú zhī huì
P	鹅王择乳	é wáng zé rǔ
P	鹅行鸭步	é xíng yā bù
P	鹊巢鸠占	què cháo jiū zhàn
P	鹊巢鸠据	què cháo jiū jù
P	鹏程万里	péng chéng wàn lǐ
P	鹏霄万里	péng xiāo wàn lǐ
P	鹑居鷇食	chún jū kòu shí
P	鹑衣百结	chún yī bǎi jié
P	鹑衣鷇食	chún yī kòu shí
P	鹤发松姿	hè fà sōng zī
P	鹤发童颜	hè fà tóng yán
P	鹤发鸡皮	hè fà jī pí
P	鹤唳华亭	hè lì huá tíng
P	鹤唳风声	hè lì fēng shēng
P	鹤处鸡群	hè chǔ jī qún
P	鹤子梅妻	hè zǐ méi qī
P	鹤归华表	hè guī huá biǎo
P	鹤知夜半	hè zhī yè bàn
P	鹤短凫长	hè duǎn fú cháng
P	鹤背扬州	hè bèi yáng zhōu
P	鹤行鸡群	hè xíng jī qún
P	鹤长凫短	hè cháng fú duǎn
P	鹤骨松姿	hè gǔ sōng zī
P	鹤骨松筋	hè gǔ sōng jīn
P	鹤骨霜髯	hè gǔ shuāng rán
P	鹤骨鸡肤	hè gǔ jī fū
P	鹤骨龙筋	hè gǔ lóng jīn
P	鹤鸣九皋	hè míng jiǔ gāo
P	鹦鹉学语	yīng wǔ xué yǔ
P	鹪鹩一枝	jiāo liáo yī zhī
P	鹬蚌相争	yù bàng xiāng zhēng
P	鹬蚌相危	yù bàng xiāng wēi
P	鹬蚌相持	yù bàng xiāng chí
P	鹬蚌相斗	yù bàng xiāng dòu
P	鹭序鸳行	lù xù yuān xíng
P	鹭序鹓行	lù xù yuān xíng
P	鹭约鸥盟	lù yuē ōu méng
P	鹰击长空	yīng jī cháng kōng
P	鹰头雀脑	yīng tóu què nǎo
P	鹰心雁爪	yīng xīn yàn zhǎo
P	鹰拿燕雀	yīng ná yàn què
P	鹰挚狼食	yīng zhì láng shí
P	鹰撮霆击	yīng cuō tíng jī
P	鹰犬塞途	yīng quǎn sāi tú
P	鹰觑鹘望	yīng qù hú wàng
P	鹿死谁手	lù sǐ shéi shǒu
P	鹿裘不完	lù qiú bù wán
P	鹿走苏台	lù zǒu sū tái
P	鹿车共挽	lù chē gòng wǎn
P	鹿驯豕暴	lù xùn shǐ bào
P	麇至沓来	qún zhì tà lái
P	麇骇雉伏	jūn hài zhì fú
P	麈尾之诲	zhǔ wěi zhī huì
P	麟凤龟龙	lín fèng guī lóng
P	麟角凤嘴	lín jiǎo fèng zuǐ
P	麟角凤毛	lín jiǎo fèng máo
P	麟角凤觜	lín jiǎo fèng zuǐ
P	麟角凤距	lín jiǎo fèng jù
P	麟角虎翅	lín jiǎo hǔ chì
P	麻木不仁	má mù bù rén
P	麻痹不仁	má bì bù rén
P	麻痹大意	má bì dà yì
P	麻痺不仁	má bì bù rén
P	麻袋片儿	má dài piān er
P	黄冠草履	huáng guàn cǎo lǚ
P	黄冠草服	huáng guàn cǎo fú
P	黄冠野服	huáng guàn yě fú
P	黄卷幼妇	huáng juàn yòu fù
P	黄卷青灯	huáng juàn qīng dēng
P	黄发儿齿	huáng fà ér chǐ
P	黄发台背	huáng fā tái bèi
P	黄发垂髫	huáng fà chuí tiáo
P	黄发骀背	huáng fā dài bèi
P	黄发鲐背	huáng fā tái bèi
P	黄台之瓜	huáng tái zhī guā
P	黄干黑廋	huáng gān hēi sōu
P	黄梁一梦	huáng liáng yí mèng
P	黄毛丫头	huáng máo yā tou
P	黄汤淡水	huáng tāng dàn shuǐ
P	黄汤辣水	huáng tāng là shuǐ
P	黄耳传书	huáng ěr chuán shū
P	黄花晚节	huáng huā wǎn jié
P	黄袍加体	huáng páo jiā tǐ
P	黄金地带	huáng jīn dì dài
P	黄金时间	huáng jīn shí jiān
P	黄钟大吕	huáng zhōng dà lǚ
P	黄钟瓦釜	huáng zhōng wǎ fǔ
P	黄钟长弃	huáng zhōng cháng qì
P	黄锺瓦缶	huáng zhōng wǎ fǒu
P	黄雀伺蝉	huáng què sì chán
P	黄雀在后	huáng què zài hòu
P	黄雀衔环	huáng què xián huán
P	黄风雾罩	huáng fēng wù zhào
P	黄麻紫泥	huáng má zǐ ní
P	黏吝缴绕	nián lìn jiǎo rào
P	黏皮带骨	nián pí dài gǔ
P	黏皮着骨	nián pí zhuó gǔ
P	黏黏糊糊	nián nián hū hū
P	黑不溜秋	hēi bù liū qiū
P	黑价白日	hēi jià bái rì
P	黑咕隆咚	hēi gū lōng dōng
P	黑地昏天	hēi dì hūn tiān
P	黑天墨地	hēi tiān mò dì
P	黑天摸地	hēi tiān mō dì
P	黑家白日	hēi jiā bái rì
P	黑更半夜	hēi gēng bàn yè
P	黑白分明	hēi bái fēn míng
P	黑白混淆	hēi bái hùn xiáo
P	黑白相间	hēi bái xiāng jiàn
P	黑色金属	hēi sè jīn shǔ
P	黑言诳语	hēi yán kuáng yǔ
P	黑陶文化	hēi táo wén huà
P	黑风孽海	hēi fēng niè hǎi
P	默不作声	mò bù zuò shēng
P	默化潜移	mò huà qián yí
P	默契神会	mò qì shén huì
P	默而识之	mò ér shí zhī
P	默转潜移	mò zhuǎn qián yí
P	黜衣缩食	chù yī suō shí
P	黜邪崇正	chù xié chóng zhèng
P	黼国黻家	fǔ guó fú jiā
P	黼蔀黻纪	fǔ bù fú jì
P	黾穴鸲巢	měng xué qú cháo
P	鼋鸣鳖应	yuán míng biē yìng
P	鼎分三足	dǐng fēn sān zú
P	鼎折覆餗	dǐng shé fù sù
P	鼎折餗覆	dǐng shé sù fù
P	鼎玉龟符	dǐng yù guī fú
P	鼎足三分	dǐng zú sān fēn
P	鼎铛有耳	dǐng chēng yǒu ěr
P	鼎铛玉石	dǐng chēng yù shí
P	鼎食钟鸣	dǐng shí zhōng míng
P	鼎食鸣钟	dǐng shí míng zhōng
P	鼎食鸣锺	dǐng shí míng zhōng
P	鼎鱼幕燕	dǐng yú mù yàn
P	鼎鼎大名	dǐng dǐng dà míng
P	鼎鼎有名	dǐng dǐng yǒu míng
P	鼎鼐调和	dǐng nài tiáo hé
P	鼓乐喧天	gǔ yuè xuān tiān
P	鼓乐齐鸣	gǔ yuè qí míng
P	鼓吻奋爪	gǔ wěn fèn zhǎo
P	鼓吻弄舌	gǔ wěn nòng shé
P	鼓唇咋舌	gǔ chún zǎ shé
P	鼓唇弄舌	gǔ chún nòng shé
P	鼓旗相当	gǔ qí xiāng dāng
P	鼓睛暴眼	gǔ jīng bào yǎn
P	鼓脑争头	gǔ nǎo zhēng tóu
P	鼓腹含和	gǔ fù hán hé
P	鼓衰力尽	gǔ shuāi lì jìn
P	鼓角齐鸣	gǔ jiǎo qí míng
P	鼓鼓囊囊	gǔ gǔ nāng nāng
P	鼠入牛角	shǔ rù niú jiǎo
P	鼠牙雀角	shǔ yá què jiǎo
P	鼠目獐头	shǔ mù zhāng tóu
P	鼠目麞头	shǔ mù zhāng tóu
P	鼠穴寻羊	shǔ xué xún yáng
P	鼠窜狼奔	shǔ cuàn láng bēn
P	鼠肚鸡肠	shǔ dù jī cháng
P	鼠肝虫臂	shǔ gān chóng bì
P	鼠臂虮肝	shǔ bì jǐ gān
P	鼠雀之牙	shǔ què zhī yá
P	鼠雀之辈	shǔ què zhī bèi
P	鼷腹鹪枝	xī fù jiāo zhī
P	鼻头出火	bí tóu chū huǒ
P	鼻孔撩天	bí kǒng liáo tiān
P	鼻孔朝天	bí kǒng cháo tiān
P	齐东野语	qí dōng yě yǔ
P	齐人攫金	qí rén jué jīn
P	齐名并价	qí míng bìng jià
P	齐大非偶	qí dà fēi ǒu
P	齐大非耦	qí dà fēi ǒu
P	齐天大圣	qí tiān dà shèng
P	齐天洪福	qí tiān hóng fú
P	齐头并进	qí tóu bìng jìn
P	齐家治国	qí jiā zhì guó
P	齐心一力	qí xīn yī lì
P	齐心併力	qí xīn bìng lì
P	齐心协力	qí xīn xié lì
P	齐心合力	qí xīn hé lì
P	齐心同力	qí xīn tóng lì
P	齐心并力	qí xīn bìng lì
P	齐心戮力	qí xīn lù lì
P	齐心涤虑	qí xīn dí lǜ
P	齐抓共管	qí zhuā gòng guǎn
P	齐烟九点	qí yān jiǔ diǎn
P	齐王舍牛	qí wáng shě niú
P	齐眉举案	qí méi jǔ àn
P	齐纨鲁缟	qí wán lǔ gǎo
P	齐趋并驾	qí qū bìng jià
P	齐足并驱	qí zú bìng qū
P	齐轨连辔	qí guǐ lián pèi
P	齐量等观	qí liàng děng guān
P	齐镳并驱	qí biāo bìng qū
P	齐驱并进	qí qū bìng jìn
P	齐驱并驾	qí qū bìng jià
P	齐驱并骤	qí qū bìng zhòu
P	齐齐整整	qí qí zhěng zhěng
P	齑身粉骨	jī shēn fěn gǔ
P	齿亡舌存	chǐ wáng shé cún
P	齿危发秀	chǐ wēi fā xiù
P	齿如齐贝	chǐ rú qí bèi
P	齿少心锐	chǐ shǎo xīn ruì
P	齿少气锐	chǐ shǎo qì ruì
P	齿牙为猾	chǐ yá wéi huá
P	齿牙为祸	chǐ yá wéi huò
P	齿牙余论	chǐ yá yú lùn
P	齿牙馀论	chǐ yá yú lùn
P	齿甘乘肥	chǐ gān chéng féi
P	齿白唇红	chǐ bái chún hóng
P	齿若编贝	chǐ ruò biān bèi
P	齿落舌钝	chǐ luò shé dùn
P	齿豁头童	chǐ huō tóu tóng
P	齿过肩随	chǐ guò jiān suí
P	龃龉不合	jǔ yǔ bù hé
P	龇牙咧嘴	zī yá liě zuǐ
P	龇牙裂嘴	zī yá liè zuǐ
P	龈齿弹舌	yín chǐ dàn shé
P	龈龈计较	yín yín jì jiào
P	龙举云兴	lóng jǔ yún xīng
P	龙举云属	lóng jǔ yún shǔ
P	龙争虎斗	lóng zhēng hǔ dòu
P	龙兴云属	lóng xīng yún shǔ
P	龙兴凤举	lóng xīng fèng jǔ
P	龙凤呈样	lóng fèng chéng yàng
P	龙化虎变	lóng huà hǔ biàn
P	龙口夺食	lóng kǒu duó shí
P	龙头蛇尾	lóng tóu shé wěi
P	龙头锯角	lóng tóu jù jiǎo
P	龙姿凤采	lóng zī fèng cǎi
P	龙威燕颔	lóng wēi yàn hàn
P	龙屈蛇伸	lóng qū shé shēn
P	龙山文化	lóng shān wén huà
P	龙御上宾	lóng yù shàng bīn
P	龙拏虎跳	lóng ná hǔ tiào
P	龙断可登	lóng duàn kě dēng
P	龙楼凤阙	lóng lóu fèng què
P	龙游曲沼	lóng yóu qū zhǎo
P	龙潜凤采	lóng qián fèng cǎi
P	龙生九种	lóng shēng jiǔ zhǒng
P	龙眉豹颈	lóng méi bào jǐng
P	龙章秀骨	lóng zhāng xiù gǔ
P	龙章麟角	lóng zhāng lín jiǎo
P	龙荒蛮甸	lóng huāng mán diàn
P	龙虎风云	lóng hǔ fēng yún
P	龙蛇混杂	lóng shé hùn zá
P	龙蛇飞动	lóng shé fēi dòng
P	龙蛇飞舞	lóng shé fēi wǔ
P	龙蟠虬结	lóng pán qiú jié
P	龙血凤髓	lóng xuè fèng suǐ
P	龙血玄黄	lóng xuè xuán huáng
P	龙行虎变	lóng xíng hǔ biàn
P	龙行虎步	lóng xíng hǔ bù
P	龙言凤语	lóng yán fèng yǔ
P	龙跃鸿矫	lóng yuè hóng jiǎo
P	龙跳虎伏	lóng tiào hǔ fú
P	龙跳虎卧	lóng tiào hǔ wò
P	龙雏凤种	lóng chú fèng zhǒng
P	龙雕凤咀	lóng diāo fèng jǔ
P	龙飞虎跳	lóng fēi hǔ tiào
P	龙飞风舞	lóng fēi fēng wǔ
P	龙驭上宾	lóng yù shàng bīn
P	龙骧凤矫	lóng xiāng fèng jiǎo
P	龙鬼蛇神	lóng guǐ shé shén
P	龚行天罚	gōng xíng tiān fá
P	龟冷搘床	guī lěng zhī chuáng
P	龟冷支床	guī lěng zhī chuáng
P	龟厌不告	guī yàn bù gào
P	龟年鹤寿	guī nián hè shòu
P	龟年鹤算	guī nián hè suàn
P	龟文鸟迹	guī wén niǎo jì
P	龟毛兔角	guī máo tù jiǎo
P	龟玉毁椟	guī yù huǐ dú
P	龟鹤遐寿	guī hè xiá shòu
P	龟鹤遐龄	guī hè xiá líng
P	龟龄鹤算	guī líng hè suàn
P	龟龙片甲	guī lóng piàn jiǎ
P	龟龙鳞凤	guī lóng lín fèng
P	龟龙麟凤	guī lóng lín fèng
P	一个劲	yí gè jìn
P	一令纸	yī lǐng zhǐ
P	一伙儿	yī huǒ er
P	一会儿	yī huì er
P	一元化	yī yuán huà
P	一元论	yī yuán lùn
P	一出戏	yì chū xì
P	一刀切	yī dāo qiē
P	一分子	yī fèn zǐ
P	一分钟	yì fēn zhōng
P	一刹那	yī chà nà
P	一匹马	yì pǐ mǎ
P	一口气	yì kǒu qì
P	一句话	yī jù huà
P	一品红	yī pǐn hóng
P	一回儿	yì huí er
P	一场梦	yì cháng mèng
P	一场空	yī cháng kōng
P	一场雨	yī cháng yǔ
P	一多半	yī duō bàn
P	一夜情	yí yè qíng
P	一大半	yī dà bàn
P	一大堆	yī dà duī
P	一大批	yī dà pī
P	一大把	yī dà bǎ
P	一大早	yī dà zǎo
P	一头热	yī tóu rè
P	一家人	yī jiā rén
P	一家子	yī jiā zǐ
P	一小撮	yī xiǎo cuō
P	一席谈	yī xí tán
P	一年级	yì nián jí
P	一把子	yī bà zi
P	一把手	yī bǎ shǒu
P	一把抓	yī bǎ zhuā
P	一抹黑	yī mǒ hēi
P	一掊土	yī póu tǔ
P	一整套	yī zhěng tào
P	一方面	yì fāng miàn
P	一时间	yī shí jiān
P	一星儿	yī xīng er
P	一服药	yī fù yào
P	一条心	yī tiáo xīn
P	一条龙	yī tiáo lóng
P	一枝香	yī zhī xiāng
P	一次性	yí cì xìng
P	一步步	yí bù bù
P	一沓纸	yì dá zhǐ
P	一溜儿	yī liù ér
P	一溜烟	yī liù yān
P	一溜风	yī liù fēng
P	一点钟	yì diǎn zhōng
P	一百亿	yì bǎi yì
P	一直走	yì zhí zǒu
P	一码事	yī mǎ shì
P	一神教	yī shén jiào
P	一窝风	yī wō fēng
P	一等奖	yì děng jiǎng
P	一米线	yī mǐ xiàn
P	一系列	yī xì liè
P	一而再	yì ér zài
P	一肚子	yī dǔ zi
P	一股劲	yì gǔ jìn
P	一般化	yì bān huà
P	一艘船	yì sōu chuán
P	一行人	yī xíng rén
P	一贯性	yí guàn xìng
P	一转眼	yī zhuǎn yǎn
P	一边倒	yī biān dǎo
P	一锅粥	yī guō zhōu
P	一长串	yī cháng chuàn
P	一阵风	yī zhèn fēng
P	一霎那	yī shà nà
P	一面倒	yí miàn dǎo
P	一风吹	yī fēng chuī
P	一驮粮	yí duò liáng
P	一骨碌	yī gū lù
P	丁公藤	dīng gōng téng
P	丁字尺	dīng zì chǐ
P	丁字形	dīng zì xíng
P	丁字街	dīng zì jiē
P	丁点儿	dīng diǎn er
P	丁香花	dīng xiāng huā
P	七叶树	qī yè shù
P	七大洲	qī dà zhōu
P	万事通	wàn shì tōng
P	万人坑	wàn rén kēng
P	万年历	wàn nián lì
P	万年青	wàn nián qīng
P	万应锭	wàn yìng dìng
P	万户侯	wàn hù hóu
P	万能胶	wàn néng jiāo
P	万花筒	wàn huā tǒng
P	万金油	wàn jīn yóu
P	三不知	sān bù zhī
P	三不管	sān bù guǎn
P	三八节	sān bā jié
P	三十儿	sān shí er
P	三十六	sān shí liù
P	三叉戟	sān chā jǐ
P	三只手	sān zhī shǒu
P	三叶虫	sān yè chóng
P	三合会	sān hé huì
P	三合土	sān hé tǔ
P	三合房	sān hé fáng
P	三合板	sān hé bǎn
P	三好生	sān hǎo shēng
P	三家村	sān jiā cūn
P	三折肱	sān zhé gōng
P	三月三	sān yuè sān
P	三棱镜	sān léng jìng
P	三点式	sān diǎn shì
P	三班倒	sān bān dǎo
P	三结合	sān jié hé
P	三联单	sān lián dān
P	三脚猫	sān jiǎo māo
P	三色堇	sān sè jǐn
P	三角债	sān jiǎo zhài
P	三角学	sān jiǎo xué
P	三角形	sān jiǎo xíng
P	三角板	sān jiǎo bǎn
P	三角洲	sān jiǎo zhōu
P	三角铁	sān jiǎo tiě
P	三轮儿	sān lún er
P	三轮车	sān lún chē
P	三连冠	sān lián guàn
P	三部曲	sān bù qǔ
P	三重唱	sān chóng chàng
P	上下床	shàng xià chuáng
P	上下文	shàng xià wén
P	上下水	shàng xià shuǐ
P	上下级	shàng xià jí
P	上不去	shàng bù qù
P	上中农	shàng zhōng nóng
P	上元节	shàng yuán jié
P	上半夜	shàng bàn yè
P	上半天	shàng bàn tiān
P	上半时	shàng bàn shí
P	上半晌	shàng bàn shǎng
P	上半月	shàng bàn yuè
P	上半身	shàng bàn shēn
P	上场门	shàng chǎng mén
P	上坡路	shàng pō lù
P	上岁数	shàng suì shù
P	上年纪	shàng nián jì
P	上座儿	shàng zuò er
P	上座率	shàng zuò lǜ
P	上方剑	shàng fāng jiàn
P	上档次	shàng dàng cì
P	上等兵	shàng děng bīng
P	上西天	shàng xī tiān
P	上轨道	shàng guǐ dào
P	上辈子	shàng bèi zi
P	上进心	shàng jìn xīn
P	下不来	xià bù lái
P	下中农	xià zhōng nóng
P	下功夫	xià gōng fū
P	下半场	xià bàn chǎng
P	下半时	xià bàn shí
P	下半月	xià bàn yuè
P	下场门	xià chǎng mén
P	下工夫	xià gōng fū
P	下巴颏	xià bā kē
P	下意识	xià yì shí
P	下狠心	xià hěn xīn
P	下眼皮	xià yǎn pí
P	下礼拜	xià lǐ bài
P	下辈子	xià bèi zi
P	不一定	bù yí dìng
P	不一样	bù yí yàng
P	不下于	bù xià yú
P	不中用	bù zhōng yòng
P	不争气	bù zhēng qì
P	不二价	bù èr jià
P	不人道	bù rén dào
P	不介意	bù jiè yì
P	不作声	bù zuò shēng
P	不信邪	bù xìn xié
P	不倒翁	bù dǎo wēng
P	不做声	bù zuò shēng
P	不像话	bù xiàng huà
P	不冻港	bù dòng gǎng
P	不切题	bú qiè tí
P	不到位	bú dào wèi
P	不动产	bù dòng chǎn
P	不及格	bù jí gé
P	不可分	bù kě fēn
P	不名誉	bù míng yù
P	不含糊	bù hán hù
P	不周延	bù zhōu yán
P	不在乎	bù zài hū
P	不在意	bù zài yì
P	不夜城	bù yè chéng
P	不大离	bù dà lí
P	不好惹	bù hǎo rě
P	不好看	bù hǎo kàn
P	不好过	bù hǎo guò
P	不如意	bù rú yì
P	不安分	bù ān fèn
P	不客气	bú kè qì
P	不对劲	bú duì jìn
P	不对头	bú duì tóu
P	不尽然	bù jìn rán
P	不屑于	bú xiè yú
P	不屑意	bú xiè yì
P	不干胶	bù gān jiāo
P	不开眼	bù kāi yǎn
P	不归路	bù guī lù
P	不得不	bù dé bù
P	不得了	bù dé le
P	不得劲	bù dé jìn
P	不得已	bù dé yǐ
P	不得志	bù dé zhì
P	不成器	bù chéng qì
P	不成才	bù chéng cái
P	不成话	bù chéng huà
P	不打紧	bù dǎ jǐn
P	不摸头	bù mō tóu
P	不敢当	bù gǎn dāng
P	不方便	bù fāng biàn
P	不旋踵	bù xuán zhǒng
P	不景气	bù jǐng qì
P	不更事	bù gēng shì
P	不服气	bù fú qì
P	不来梅	bù lái méi
P	不正常	bú zhèng cháng
P	不济事	bù jì shì
P	不消说	bù xiāo shuō
P	不点儿	bù diǎn er
P	不犯着	bù fàn zháo
P	不甘心	bù gān xīn
P	不用说	bú yòng shuō
P	不由得	bù yóu de
P	不相干	bù xiāng gān
P	不相称	bù xiāng chèn
P	不等号	bù děng hào
P	不等式	bù děng shì
P	不粘锅	bù nián guō
P	不经意	bù jīng yì
P	不老少	bù lǎo shào
P	不耐烦	bù nài fán
P	不肖子	bú xiào zǐ
P	不能不	bù néng bù
P	不自在	bù zì zài
P	不自量	bù zì liàng
P	不至于	bù zhì yú
P	不舒服	bù shū fú
P	不要怕	bú yào pà
P	不要紧	bú yào jǐn
P	不要脸	bú yào liǎn
P	不见了	bú jiàn le
P	不见得	bú jiàn de
P	不规则	bù guī zé
P	不记得	bú jì dé
P	不象话	bù xiàng huà
P	不起眼	bù qǐ yǎn
P	不起诉	bù qǐ sù
P	不足取	bù zú qǔ
P	不足道	bù zú dào
P	不过意	bù guò yì
P	不适合	bú shì hé
P	不透明	bú tòu míng
P	不道德	bù dào dé
P	不重要	bú zhòng yào
P	不锈钢	bù xiù gāng
P	专修科	zhuān xiū kē
P	专名号	zhuān míng hào
P	专科生	zhuān kē shēng
P	专门家	zhuān mén jiā
P	世界观	shì jiè guān
P	世界语	shì jiè yǔ
P	世纪末	shì jì mò
P	东三省	dōng sān shěng
P	东北虎	dōng běi hǔ
P	东南亚	dōng nán yà
P	东南欧	dōng nán ōu
P	东正教	dōng zhèng jiào
P	东洋车	dōng yáng chē
P	丝瓜络	sī guā luò
P	丝织品	sī zhī pǐn
P	丢面子	diū miàn zi
P	两分法	liǎng fēn fǎ
P	两口子	liǎng kǒu zi
P	两头蛇	liǎng tóu shé
P	两张皮	liǎng zhāng pí
P	两栖类	liǎng qī lèi
P	两点论	liǎng diǎn lùn
P	两边倒	liǎng biān dǎo
P	两重天	liǎng chóng tiān
P	丧家犬	sàng jiā quǎn
P	丧气话	sàng qì huà
P	丧葬费	sāng zàng fèi
P	丧门星	sāng mén xīng
P	丧门神	sàng mén shén
P	个体户	gè tǐ hù
P	个头儿	gè tou er
P	个旧市	gè jiù shì
P	中上层	zhōng shàng céng
P	中下旬	zhōng xià xún
P	中下游	zhōng xià yóu
P	中专生	zhōng zhuān shēng
P	中介人	zhōng jiè rén
P	中低档	zhōng dī dàng
P	中医师	zhōng yī shī
P	中医药	zhōng yī yào
P	中医院	zhōng yī yuàn
P	中华鲟	zhōng huá xún
P	中国人	zhōng guó rén
P	中国字	zhōng guó zì
P	中国海	zhōng guó hǎi
P	中国画	zhōng guó huà
P	中国话	zhōng guó huà
P	中国通	zhōng guó tōng
P	中小型	zhōng xiǎo xíng
P	中晚期	zhōng wǎn qī
P	中耳炎	zhōng ěr yán
P	中草药	zhōng cǎo yào
P	中药店	zhōng yào diàn
P	中药房	zhōng yào fáng
P	中药材	zhōng yào cái
P	中长期	zhōng cháng qī
P	中长跑	zhōng cháng pǎo
P	中高档	zhōng gāo dàng
P	串亲戚	chuàn qīn qī
P	串味儿	chuàn wèi er
P	串并联	chuàn bìng lián
P	临时性	lín shí xìng
P	临界角	lín jiè jiǎo
P	为什么	wèi shén me
P	主人家	zhǔ rén jiā
P	主动性	zhǔ dòng xìng
P	主动脉	zhǔ dòng mài
P	主婚人	zhǔ hūn rén
P	主客观	zhǔ kè guān
P	主席台	zhǔ xí tái
P	主干线	zhǔ gàn xiàn
P	主心骨	zhǔ xīn gǔ
P	主战场	zhǔ zhàn chǎng
P	主攻手	zhǔ gōng shǒu
P	主教练	zhǔ jiào liàn
P	主旋律	zhǔ xuán lǜ
P	主河道	zhǔ hé dào
P	主渠道	zhǔ qú dào
P	主观性	zhǔ guān xìng
P	主题词	zhǔ tí cí
P	举手礼	jǔ shǒu lǐ
P	乃至于	nǎi zhì yú
P	义务兵	yì wù bīng
P	义务工	yì wù gōng
P	义和团	yì hé tuán
P	义和拳	yì hé quán
P	乌压压	wū yā yā
P	乌拉圭	wū la guī
P	乌拉草	wū la cǎo
P	乌梢蛇	wū shāo shé
P	乌溜溜	wū liū liū
P	乌骨鸡	wū gǔ jī
P	乐亭县	lào tíng xiàn
P	乐呵呵	lè hē hē
P	乐天派	lè tiān pài
P	乐府诗	yuè fǔ shī
P	乐悠悠	lè yōu yōu
P	乐滋滋	lè zī zī
P	乐融融	lè róng róng
P	乐陶陶	lè táo táo
P	乐颠颠	lè diān diān
P	乔其纱	qiáo qí shā
P	乘务员	chéng wù yuán
P	乘务长	chéng wù zhǎng
P	九回肠	jiǔ huí cháng
P	九头鸟	jiǔ tóu niǎo
P	九尾狐	jiǔ wěi hú
P	九折臂	jiǔ zhé bì
P	九重关	jiǔ chóng guān
P	九重城	jiǔ chóng chéng
P	九重墙	jiǔ chóng qiáng
P	九重天	jiǔ chóng tiān
P	九重宫	jiǔ chóng gōng
P	九重泉	jiǔ chóng quán
P	九重锁	jiǔ chóng suǒ
P	九重闺	jiǔ chóng guī
P	九重阁	jiǔ chóng gé
P	九重霄	jiǔ chóng xiāo
P	习字帖	xí zì tiè
P	习字簿	xí zì bù
P	习惯于	xí guàn yú
P	书卷气	shū juàn qì
P	书名号	shū míng hào
P	书摊儿	shū tān er
P	书画展	shū huà zhǎn
P	书记员	shū jì yuán
P	书面语	shū miàn yǔ
P	买关节	mǎi guān jié
P	买得起	mǎi de qǐ
P	乱哄哄	luàn hōng hōng
P	乱弹琴	luàn tán qín
P	乱摊子	luàn tān zi
P	了不得	liǎo bù dé
P	了不起	liǎo bù qǐ
P	了望台	liào wàng tái
P	争上游	zhēng shàng yóu
P	事务员	shì wù yuán
P	事实上	shì shí shàng
P	二人台	èr rén tái
P	二人转	èr rén zhuàn
P	二传手	èr chuán shǒu
P	二元论	èr yuán lùn
P	二化螟	èr huà míng
P	二地主	èr dì zhǔ
P	二把刀	èr bǎ dāo
P	二把手	èr bǎ shǒu
P	二郎腿	èr láng tuǐ
P	二重唱	èr chóng chàng
P	二重奏	èr chóng zòu
P	二重性	èr chóng xìng
P	二重根	èr chóng gēn
P	二锅头	èr guō tóu
P	二面角	èr miàn jiǎo
P	云片糕	yún piàn gāo
P	互助组	hù zhù zǔ
P	五一节	wǔ yī jié
P	五台山	wǔ tái shān
P	五官科	wǔ guān kē
P	五斗柜	wǔ dǒu guì
P	五斗橱	wǔ dǒu chú
P	五更天	wǔ gēng tiān
P	五月节	wǔ yuè jié
P	五金行	wǔ jīn háng
P	亚非拉	yà fēi lā
P	亡国奴	wáng guó nú
P	交叉点	jiāo chā diǎn
P	交响乐	jiāo xiǎng yuè
P	交响曲	jiāo xiǎng qǔ
P	交响诗	jiāo xiǎng shī
P	交学费	jiāo xué fèi
P	交换台	jiāo huàn tái
P	交汇点	jiāo huì diǎn
P	交白卷	jiāo bái juàn
P	交通员	jiāo tōng yuán
P	交通车	jiāo tōng chē
P	交通量	jiāo tōng liàng
P	产供销	chǎn gōng xiāo
P	产成品	chǎn chéng pǐn
P	产褥期	chǎn rù qī
P	京味儿	jīng wèi er
P	京片子	jīng piàn zi
P	亭子间	tíng zi jiān
P	亲兄弟	qīn xiōng dì
P	亲切感	qīn qiè gǎn
P	亲和力	qīn hé lì
P	亲家公	qìng jia gōng
P	亲家母	qìng jia mǔ
P	亲骨肉	qīn gǔ ròu
P	人世间	rén shì jiān
P	人力车	rén lì chē
P	人参果	rén shēn guǒ
P	人味儿	rén wèi er
P	人头税	rén tóu shuì
P	人性论	rén xìng lùn
P	人样儿	rén yàng er
P	人格化	rén gé huà
P	人生观	rén shēng guān
P	人行道	rén xíng dào
P	人轧人	rén gá rén
P	什么事	shén me shì
P	什么的	shén me de
P	什件儿	shí jiàn ér
P	仅次于	jǐn cì yú
P	今儿个	jīn ér gè
P	介绍信	jiè shào xìn
P	仕女图	shì nǚ tú
P	他们俩	tā men liǎ
P	他们的	tā men de
P	仡佬族	gē lǎo zú
P	代办处	dài bàn chù
P	代数和	dài shù hé
P	代数学	dài shù xué
P	代数式	dài shù shì
P	代数数	dài shù shù
P	代食品	dài shí pǐn
P	仰八叉	yǎng bā chā
P	价目表	jià mù biǎo
P	任意球	rèn yì qiú
P	份儿菜	fèn er cài
P	份儿饭	fèn ér fàn
P	仿宋体	fǎng sòng tǐ
P	企业化	qǐ yè huà
P	企业家	qǐ yè jiā
P	企业界	qǐ yè jiè
P	企事业	qǐ shì yè
P	伊甸园	yī diàn yuán
P	休养所	xiū yǎng suǒ
P	休止符	xiū zhǐ fú
P	休耕地	xiū gēng dì
P	众生相	zhòng shēng xiàng
P	优待券	yōu dài quàn
P	优惠券	yōu huì quàn
P	优抚金	yōu fǔ jīn
P	优缺点	yōu quē diǎn
P	会员国	huì yuán guó
P	会员证	huì yuán zhèng
P	会客室	huì kè shì
P	会计师	kuài jì shī
P	会议室	huì yì shì
P	会道门	huì dào mén
P	传令兵	chuán lìng bīng
P	传动带	chuán dòng dài
P	传声器	chuán shēng qì
P	传声筒	chuán shēng tǒng
P	传家宝	chuán jiā bǎo
P	传帮带	chuán bāng dài
P	传感器	chuán gǎn qì
P	传教士	chuán jiào shì
P	传染病	chuán rǎn bìng
P	传纸条	chuán zhǐ tiáo
P	传记片	zhuàn jì piàn
P	传达室	chuán dá shì
P	传送带	chuán sòng dài
P	伤残人	shāng cán rén
P	伤病员	shāng bìng yuán
P	伪君子	wěi jūn zǐ
P	伪政权	wěi zhèng quán
P	伯利兹	bó lì zī
P	伯尔尼	bó ěr ní
P	伯祖母	bó zǔ mǔ
P	估堆儿	gū duī ér
P	伸缩性	shēn suō xìng
P	伸舌头	shēn shé tou
P	伽利略	jiā lì lüè
P	伽马刀	gā mǎ dāo
P	低年级	dī nián jí
P	低纬度	dī wěi dù
P	低能儿	dī néng ér
P	低血压	dī xuè yā
P	低血糖	dī xuè táng
P	住一宿	zhù yì xiǔ
P	住宅区	zhù zhái qū
P	体态语	tǐ tài yǔ
P	体检表	tǐ jiǎn biǎo
P	体温表	tǐ wēn biǎo
P	体温计	tǐ wēn jì
P	体育场	tǐ yù chǎng
P	体育馆	tǐ yù guǎn
P	何仙姑	hé xiān gū
P	何许人	hé xǔ rén
P	何首乌	hé shǒu wū
P	佛光寺	fó guāng sì
P	佛山市	fó shān shì
P	佛手柑	fó shǒu gān
P	佛教徒	fó jiào tú
P	佛甲草	fó jiǎ cǎo
P	佝偻病	gōu lóu bìng
P	你们俩	nǐ men liǎ
P	你们的	nǐ men de
P	使不得	shǐ bù dé
P	使性子	shǐ xìng zi
P	侃大山	kǎn dà shān
P	侄女儿	zhí nǚ ér
P	侄女婿	zhí nǚ xù
P	侄孙女	zhí sūn nǚ
P	侍应生	shì yìng shēng
P	侏儒症	zhū rú zhèng
P	供应点	gōng yìng diǎn
P	供应站	gōng yìng zhàn
P	供欣赏	gōng xīn shǎng
P	供给制	gōng jǐ zhì
P	供销社	gōng xiāo shè
P	侦察员	zhēn chá yuán
P	侦探片	zhēn tàn piàn
P	便宜货	pián yí huò
P	便携式	biàn xié shì
P	便步走	biàn bù zǒu
P	促进派	cù jìn pài
P	俎上肉	zǔ shàng ròu
P	俏皮话	qiào pí huà
P	俗体字	sú tǐ zì
P	保不住	bǎo bú zhù
P	保不定	bǎo bù dìng
P	保不齐	bǎo bù qí
P	保健品	bǎo jiàn pǐn
P	保得住	bǎo de zhù
P	保护价	bǎo hù jià
P	保真度	bǎo zhēn dù
P	保税区	bǎo shuì qū
P	保管员	bǎo guǎn yuán
P	保育员	bǎo yù yuán
P	保险带	bǎo xiǎn dài
P	保险期	bǎo xiǎn qī
P	保险柜	bǎo xiǎn guì
P	保鲜剂	bǎo xiān jì
P	保鲜袋	bǎo xiān dài
P	信任感	xìn rèn gǎn
P	信号弹	xìn hào dàn
P	信号旗	xìn hào qí
P	信号枪	xìn hào qiāng
P	信号灯	xìn hào dēng
P	信天游	xìn tiān yóu
P	信天翁	xìn tiān wēng
P	信得过	xìn dé guò
P	信息库	xìn xī kù
P	信息战	xìn xī zhàn
P	信息论	xìn xī lùn
P	信用社	xìn yòng shè
P	信皮儿	xìn pí er
P	信贷员	xìn dài yuán
P	俱乐部	jù lè bù
P	倒不是	dào bú shì
P	倒不错	dào bú cuò
P	倒儿爷	dǎo er yé
P	倒出去	dào chū qù
P	倒出来	dào chū lái
P	倒卵形	dào luǎn xíng
P	倒垃圾	dào lā jī
P	倒好儿	dǎo hǎo ér
P	倒带键	dào dài jiàn
P	倒憋气	dào biē qì
P	倒插笔	dào chā bǐ
P	倒插门	dào chā mén
P	倒数式	dào shù shì
P	倒数比	dào shù bǐ
P	倒春寒	dǎo chūn hán
P	倒栽葱	dǎo zāi cōng
P	倒片机	dào piàn jī
P	倒牌子	dǎo pái zi
P	倒胃口	dǎo wèi kǒu
P	倒背手	dào bèi shǒu
P	倒脉冲	dào mài chōng
P	倒苦水	dào kǔ shuǐ
P	倒血霉	dǎo xuè méi
P	倒装句	dào zhuāng jù
P	倒读数	dào dú shù
P	倒踏门	dào tà mén
P	倒轮闸	dào lún zhá
P	倒过儿	dào guò ér
P	倒过去	dào guò qù
P	倒过来	dào guò lái
P	候车室	hòu chē shì
P	借东风	jiè dōng fēng
P	倡议书	chàng yì shū
P	值班室	zhí bān shì
P	倾斜度	qīng xié dù
P	假分数	jiǎ fēn shù
P	假惺惺	jiǎ xīng xīng
P	假慈悲	jiǎ cí bēi
P	做好事	zuò hǎo shì
P	做衣服	zuò yī fú
P	健身器	jiàn shēn qì
P	偶函数	ǒu hán shù
P	傅立叶	fù lì yè
P	储油罐	chǔ yóu guàn
P	储蓄所	chǔ xù suǒ
P	催化剂	cuī huà jì
P	催吐剂	cuī tǔ jì
P	催泪弹	cuī lèi dàn
P	催眠曲	cuī mián qǔ
P	催眠术	cuī mián shù
P	傻劲儿	shǎ jìn er
P	傻呵呵	shǎ hē hē
P	儒释道	rú shì dào
P	儿女债	ér nǚ zhài
P	儿童村	ér tóng cūn
P	儿童节	ér tóng jié
P	充其量	chōng qí liàng
P	先行官	xiān xíng guān
P	先行者	xiān xíng zhě
P	先验论	xiān yàn lùn
P	光杆儿	guāng gǎn ér
P	光棍儿	guāng gùn ér
P	光污染	guāng wū rǎn
P	光洁度	guāng jié dù
P	光溜溜	guāng liū liū
P	光荣感	guāng róng gǎn
P	光荣榜	guāng róng bǎng
P	光通信	guāng tōng xìn
P	克分子	kè fēn zǐ
P	克格勃	kè gé bó
P	免不了	miǎn bù liǎo
P	免不得	miǎn bù dé
P	免税店	miǎn shuì diàn
P	兑换券	duì huàn quàn
P	党团员	dǎng tuán yuán
P	党总支	dǎng zǒng zhī
P	党支部	dǎng zhī bù
P	党组织	dǎng zǔ zhī
P	兜生意	dōu shēng yì
P	入口处	rù kǒu chù
P	入味儿	rù wèi er
P	入场券	rù chǎng quàn
P	全家福	quán jiā fú
P	全自动	quán zì dòng
P	全运会	quán yùn huì
P	八卦教	bā guà jiào
P	八斗才	bā dǒu cái
P	八月节	bā yuè jié
P	八行书	bā háng shū
P	八角帽	bā jiǎo mào
P	八达岭	bā dá lǐng
P	公休日	gōng xiū rì
P	公倍数	gōng bèi shù
P	公债券	gōng zhài quàn
P	公共课	gōng gòng kè
P	公分子	gōng fēn zǐ
P	公切线	gōng qiē xiàn
P	公务员	gōng wù yuán
P	公开信	gōng kāi xìn
P	公式化	gōng shì huà
P	公有制	gōng yǒu zhì
P	公约数	gōng yuē shù
P	六六六	liù liù liù
P	六弦琴	liù xián qín
P	六指儿	liù zhǐ ér
P	六月雪	liù yuè xuě
P	六盘山	liù pán shān
P	六边形	liù biān xíng
P	兰陵王	lán líng wáng
P	共产党	gòng chǎn dǎng
P	共价键	gòng jià jiàn
P	共同体	gòng tóng tǐ
P	共同性	gòng tóng xìng
P	共同社	gòng tóng shè
P	共同语	gòng tóng yǔ
P	共和党	gòng hé dǎng
P	共和制	gòng hé zhì
P	共和国	gòng hé guó
P	共存亡	gòng cún wáng
P	共振器	gòng zhèn qì
P	共生矿	gòng shēng kuàng
P	共聚物	gòng jù wù
P	共进会	gòng jìn huì
P	共青团	gòng qīng tuán
P	共鸣器	gòng míng qì
P	关系学	guān xì xué
P	关系户	guān xì hù
P	关系网	guān xì wǎng
P	关节炎	guān jié yán
P	关节点	guān jié diǎn
P	关节痛	guān jié tòng
P	关键期	guān jiàn qī
P	兴中会	xīng zhōng huì
P	兴冲冲	xìng chōng chōng
P	兴奋剂	xīng fèn jì
P	兵工厂	bīng gōng chǎng
P	典型化	diǎn xíng huà
P	养殖场	yǎng zhí chǎng
P	养父母	yǎng fù mǔ
P	养路工	yǎng lù gōng
P	内侄女	nèi zhí nǚ
P	内出血	nèi chū xuè
P	内分泌	nèi fēn mì
P	内切圆	nèi qiē yuán
P	内向型	nèi xiàng xíng
P	内当家	nèi dāng jiā
P	内心里	nèi xīn lǐ
P	内掌柜	nèi zhǎng guì
P	内斜视	nèi xié shì
P	内果皮	nèi guǒ pí
P	内燃机	nèi rán jī
P	内聚力	nèi jù lì
P	内装修	nèi zhuāng xiū
P	内陆国	nèi lù guó
P	内陆河	nèi lù hé
P	内陆海	nèi lù hǎi
P	内陆湖	nèi lù hú
P	再一次	zài yí cì
P	再不然	zài bù rán
P	再就业	zài jiù yè
P	再教育	zài jiào yù
P	再认识	zài rèn shí
P	冒失鬼	mào shī guǐ
P	冒尖户	mào jiān hù
P	冒牌货	mào pái huò
P	冒险家	mào xiǎn jiā
P	冒风险	mào fēng xiǎn
P	写字台	xiě zì tái
P	写字间	xiě zì jiān
P	军乐团	jūn yuè tuán
P	军乐队	jūn yuè duì
P	军代表	jūn dài biǎo
P	军令状	jūn lìng zhuàng
P	军兵种	jūn bīng zhǒng
P	军分区	jūn fēn qū
P	军大衣	jūn dà yī
P	军工厂	jūn gōng chǎng
P	军机处	jūn jī chù
P	军火商	jūn huǒ shāng
P	军烈属	jūn liè shǔ
P	军管会	jūn guǎn huì
P	军转民	jūn zhuǎn mín
P	农业化	nóng yè huà
P	农业社	nóng yè shè
P	农副业	nóng fù yè
P	农家肥	nóng jiā féi
P	农工商	nóng gōng shāng
P	农机具	nóng jī jù
P	农机站	nóng jī zhàn
P	农活儿	nóng huó er
P	农艺师	nóng yì shī
P	农转非	nóng zhuǎn fēi
P	农轻重	nóng qīng zhòng
P	冠心病	guān xīn bìng
P	冤大头	yuān dà tóu
P	冥王星	míng wáng xīng
P	冬不拉	dōng bù lā
P	冬令营	dōng lìng yíng
P	冰川期	bīng chuān qī
P	冰棍儿	bīng gùn ér
P	冰河期	bīng hé qī
P	冰淇淋	bīng qí lín
P	冰碴儿	bīng chá ér
P	冰雪节	bīng xuě jié
P	冲击波	chōng jī bō
P	冲劲儿	chòng jìn er
P	冲天炮	chōng tiān pào
P	冲浪板	chōng làng bǎn
P	冲盹儿	chòng dǔn er
P	冲锋号	chōng fēng hào
P	冲锋枪	chōng fēng qiāng
P	冲锋队	chōng fēng duì
P	决定权	jué dìng quán
P	决定论	jué dìng lùn
P	冷不丁	lěng bù dīng
P	冷不防	lěng bù fáng
P	冷凝器	lěng níng qì
P	冷处理	lěng chǔ lǐ
P	冷水澡	lěng shuǐ zǎo
P	冷藏室	lěng cáng shì
P	冷藏库	lěng cáng kù
P	净产值	jìng chǎn zhí
P	准信儿	zhǔn xìn er
P	准高速	zhǔn gāo sù
P	凉一凉	liàng yī liàng
P	凉丝丝	liáng sī sī
P	凉冰冰	liáng bīng bīng
P	凉白开	liáng bái kāi
P	凉飕飕	liáng sōu sōu
P	减压阀	jiǎn yā fá
P	凑份子	còu fèn zi
P	凝血酶	níng xuè méi
P	几乎不	jī hū bù
P	几何学	jǐ hé xué
P	凡尔丁	fán ěr dīng
P	凤尾竹	fèng wěi zhú
P	凤尾草	fèng wěi cǎo
P	凤尾鱼	fèng wěi yú
P	凯旋门	kǎi xuán mén
P	凹透镜	āo tòu jìng
P	凹面镜	āo miàn jìng
P	出份子	chū fèn zi
P	出入境	chū rù jìng
P	出入证	chū rù zhèng
P	出勤率	chū qín lǜ
P	出发点	chū fā diǎn
P	出圈儿	chū quān ér
P	出家人	chū jiā rén
P	出岔子	chū chà zi
P	出差错	chū chā cuò
P	出摊儿	chū tān er
P	出栏率	chū lán lǜ
P	出洋相	chū yáng xiàng
P	出活儿	chū huó er
P	出生率	chū shēng lǜ
P	出远门	chū yuǎn mén
P	出风头	chū fēng tou
P	函授班	hán shòu bān
P	刀削面	dāo xiāo miàn
P	刀把儿	dāo bà er
P	刀把子	dāo bà zi
P	分列式	fēn liè shì
P	分子力	fēn zǐ lì
P	分子式	fēn zǐ shì
P	分子筛	fēn zǐ shāi
P	分子量	fēn zǐ liàng
P	分子钟	fēn zǐ zhōng
P	分数线	fēn shù xiàn
P	分析语	fēn xī yǔ
P	分水岭	fēn shuǐ lǐng
P	分水线	fēn shuǐ xiàn
P	分理处	fēn lǐ chù
P	分界线	fēn jiè xiàn
P	分离器	fēn lí qì
P	分税制	fēn shuì zhì
P	分类学	fēn lèi xué
P	分角器	fēn jiǎo qì
P	分解者	fēn jiě zhě
P	分身术	fēn shēn shù
P	分配律	fēn pèi lǜ
P	分销店	fēn xiāo diàn
P	分镜头	fēn jìng tóu
P	分餐制	fēn cān zhì
P	切片机	qiē piàn jī
P	刎颈交	wěn jǐng jiāo
P	划不来	huá bù lái
P	划得来	huá de lái
P	划时代	huà shí dài
P	列车员	liè chē yuán
P	列车长	liè chē zhǎng
P	刘海儿	liú hǎi er
P	创世纪	chuàng shì jì
P	创业史	chuàng yè shǐ
P	创刊号	chuàng kān hào
P	创刊词	chuàng kān cí
P	创始人	chuàng shǐ rén
P	创牌子	chuàng pái zi
P	创造力	chuàng zào lì
P	创造性	chuàng zào xìng
P	初中生	chū zhōng shēng
P	删节号	shān jié hào
P	判别式	pàn bié shì
P	刨木板	bào mù bǎn
P	刨根儿	páo gēn ér
P	刨花板	bào huā bǎn
P	利息率	lì xī lǜ
P	利用率	lì yòng lǜ
P	别动队	bié dòng duì
P	刮地皮	guā dì pí
P	到头来	dào tóu lái
P	制服呢	zhì fú ne
P	制空权	zhì kōng quán
P	制糖厂	zhì táng chǎng
P	制药厂	zhì yào chǎng
P	制造厂	zhì zào chǎng
P	制革厂	zhì gé chǎng
P	刹不住	shā bù zhù
P	刺儿头	cì ér tóu
P	刺激性	cì jī xìng
P	刺激素	cì jī sù
P	刽子手	guì zi shǒu
P	剃光头	tì guāng tóu
P	剃头刀	tì tóu dāo
P	削铅笔	xiāo qiān bǐ
P	前不久	qián bù jiǔ
P	前奏曲	qián zòu qǔ
P	前滚翻	qián gǔn fān
P	剥削者	bō xuē zhě
P	剥花生	bāo huā shēng
P	剥苹果	bāo píng guǒ
P	剧中人	jù zhōng rén
P	剧作家	jù zuò jiā
P	副产品	fù chǎn pǐn
P	副产物	fù chǎn wù
P	副作用	fù zuò yòng
P	副教授	fù jiào shòu
P	副标题	fù biāo tí
P	副油箱	fù yóu xiāng
P	副行长	fù háng zhǎng
P	副食品	fù shí pǐn
P	割尾巴	gē wěi bā
P	劈木头	pī mù tou
P	劝业场	quàn yè chǎng
P	办不到	bàn bú dào
P	办事员	bàn shì yuán
P	办事处	bàn shì chù
P	办得到	bàn dé dào
P	功劳簿	gōng láo bù
P	功夫片	gōng fū piàn
P	功夫茶	gōng fū chá
P	加农炮	jiā nóng pào
P	加塞儿	jiā sāi ér
P	加速度	jiā sù dù
P	动不动	dòng bù dòng
P	动员令	dòng yuán lìng
P	动手术	dòng shǒu shù
P	动画片	dòng huà piàn
P	动脉弓	dòng mài gōng
P	助产士	zhù chǎn shì
P	助动词	zhù dòng cí
P	助听器	zhù tīng qì
P	助学金	zhù xué jīn
P	助推器	zhù tuī qì
P	努劲儿	nǔ jìn er
P	劳什子	láo shí zi
P	劳务费	láo wù fèi
P	劳动布	láo dòng bù
P	劳动服	láo dòng fú
P	劳动节	láo dòng jié
P	劳改犯	láo gǎi fàn
P	勘探队	kān tàn duì
P	勤务员	qín wù yuán
P	勤杂工	qín zá gōng
P	包乘制	bāo chéng zhì
P	包乘组	bāo chéng zǔ
P	包围圈	bāo wéi quān
P	包头市	bāo tóu shì
P	包工头	bāo gōng tóu
P	包干儿	bāo gān ér
P	包干制	bāo gān zhì
P	包打听	bāo dǎ tīng
P	包活儿	bāo huó er
P	包片儿	bāo piān er
P	包装箱	bāo zhuāng xiāng
P	包馄饨	bāo hún tún
P	化合物	huà hé wù
P	化妆品	huà zhuāng pǐn
P	化粪池	huà fèn chí
P	化铁炉	huà tiě lú
P	化验员	huà yàn yuán
P	化验室	huà yàn shì
P	北京人	běi jīng rén
P	北京市	běi jīng shì
P	北京话	běi jīng huà
P	北京鸭	běi jīng yā
P	北伐军	běi fá jūn
P	北冰洋	běi bīng yáng
P	北半球	běi bàn qiú
P	北大荒	běi dà huāng
P	北寒带	běi hán dài
P	北戴河	běi dài hé
P	北斗星	běi dǒu xīng
P	北方人	běi fāng rén
P	北方话	běi fāng huà
P	北极光	běi jí guāng
P	北极圈	běi jí quān
P	北极星	běi jí xīng
P	北极熊	běi jí xióng
P	北极狐	běi jí hú
P	北海市	běi hǎi shì
P	北海道	běi hǎi dào
P	北温带	běi wēn dài
P	北部湾	běi bù wān
P	区公所	qū gōng suǒ
P	区政府	qū zhèng fǔ
P	医疗队	yī liáo duì
P	匿名信	nì míng xìn
P	十一月	shí yī yuè
P	十一点	shí yì diǎn
P	十二个	shí èr gè
P	十二分	shí èr fēn
P	十二属	shí èr shǔ
P	十里堡	shí lǐ pù
P	千分尺	qiān fēn chǐ
P	千夫指	qiān fū zhǐ
P	千层底	qiān céng dǐ
P	千日红	qiān rì hóng
P	千瓦时	qiān wǎ shí
P	升学率	shēng xué lǜ
P	升降机	shēng jiàng jī
P	升降舵	shēng jiàng duò
P	半中腰	bàn zhōng yāo
P	半中间	bàn zhōng jiān
P	半导体	bàn dǎo tǐ
P	半山腰	bàn shān yāo
P	半拉子	bàn lǎ zǐ
P	半月形	bàn yuè xíng
P	半点儿	bàn diǎn er
P	半空中	bàn kōng zhōng
P	半衰期	bàn shuāi qī
P	华严宗	huá yán zōng
P	华尔兹	huá ěr zī
P	华尔街	huá ěr jiē
P	华盛顿	huá shèng dùn
P	华达呢	huá dá ní
P	华阴市	huá yīn shì
P	协奏曲	xié zòu qǔ
P	协理员	xié lǐ yuán
P	协约国	xié yuē guó
P	单个儿	dān gè ér
P	单人滑	dān rén huá
P	单人舞	dān rén wǔ
P	单元楼	dān yuán lóu
P	单元门	dān yuán mén
P	单季稻	dān jì dào
P	单峰驼	dān fēng tuó
P	单干户	dān gàn hù
P	单弦儿	dān xián ér
P	单打一	dān dǎ yī
P	单方面	dān fāng miàn
P	单晶硅	dān jīng guī
P	单相思	dān xiāng sī
P	单眼皮	dān yǎn pí
P	单簧管	dān huáng guǎn
P	单纯词	dān chún cí
P	单色光	dān sè guāng
P	单行本	dān xíng běn
P	单行线	dān xíng xiàn
P	单身汉	dān shēn hàn
P	单音词	dān yīn cí
P	卖关节	mài guān jié
P	卖大号	mài dà hào
P	卖身契	mài shēn qì
P	南北朝	nán běi cháo
P	南半球	nán bàn qiú
P	南味儿	nán wèi er
P	南天竹	nán tiān zhú
P	南天门	nán tiān mén
P	南柯梦	nán kē mèng
P	南泥湾	nán ní wān
P	南温带	nán wēn dài
P	南瓜子	nán guā zǐ
P	南美洲	nán měi zhōu
P	南阳市	nán yáng shì
P	博士点	bó shì diǎn
P	博士生	bó shì shēng
P	博览会	bó lǎn huì
P	占上风	zhàn shàng fēng
P	占优势	zhàn yōu shì
P	占便宜	zhàn pián yí
P	占多数	zhàn duō shù
P	占星术	zhān xīng shù
P	占有权	zhàn yǒu quán
P	占领军	zhàn lǐng jūn
P	卡介苗	kǎ jiè miáo
P	卡宾枪	kǎ bīn qiāng
P	卡拉奇	kǎ lā qí
P	卡脖子	qiǎ bó zi
P	卡路里	kǎ lù lǐ
P	卫戍区	wèi shù qū
P	卫星站	wèi xīng zhàn
P	卫生员	wèi shēng yuán
P	卫生筷	wèi shēng kuài
P	卫生间	wèi shēng jiān
P	卫生院	wèi shēng yuàn
P	卫生香	wèi shēng xiāng
P	印刷业	yìn shuā yè
P	印刷体	yìn shuā tǐ
P	印刷品	yìn shuā pǐn
P	印刷所	yìn shuā suǒ
P	印度教	yìn dù jiào
P	印度洋	yìn dù yáng
P	印把子	yìn bà zi
P	印相纸	yìn xiàng zhǐ
P	印花布	yìn huā bù
P	卷地皮	juàn dì pí
P	卷子本	juǎn zi běn
P	卷层云	juàn céng yún
P	卷心菜	juǎn xīn cài
P	卷扬机	juǎn yáng jī
P	卷积云	juàn jī yún
P	卷笔刀	juǎn bǐ dāo
P	卷筒纸	juàn tǒng zhǐ
P	卷舌音	juǎn shé yīn
P	卷铺盖	juǎn pū gài
P	卸包袱	xiè bāo fú
P	卿大夫	qīng dà fū
P	压力锅	yā lì guō
P	压台戏	yā tái xì
P	压岁钱	yā suì qián
P	压担子	yā dàn zi
P	压根儿	yà gēn ér
P	压缩机	yā suō jī
P	压路机	yā lù jī
P	压轴戏	yā zhòu xì
P	原发性	yuán fā xìng
P	原子弹	yuán zǐ dàn
P	原子核	yuán zǐ hé
P	原子能	yuán zǐ néng
P	原线圈	yuán xiàn quān
P	去痛片	qù tòng piàn
P	县太爷	xiàn tài yé
P	县知事	xiàn zhī shì
P	参政党	cān zhèng dǎng
P	参照物	cān zhào wù
P	参照系	cān zhào xì
P	参考书	cān kǎo shū
P	参观团	cān guān tuán
P	参议会	cān yì huì
P	参议院	cān yì yuàn
P	参谋部	cān móu bù
P	参谋长	cān móu zhǎng
P	及时雨	jí shí yǔ
P	双关语	shuāng guān yǔ
P	双宾语	shuāng bīn yǔ
P	双挂号	shuāng guà hào
P	双曲线	shuāng qū xiàn
P	双肩挑	shuāng jiān tiāo
P	双飞燕	shuāng fēi yàn
P	反冲力	fǎn chōng lì
P	反击战	fǎn jī zhàn
P	反对票	fǎn duì piào
P	反射角	fǎn shè jiǎo
P	反应器	fǎn yìng qì
P	反应堆	fǎn yìng duī
P	反应式	fǎn yìng shì
P	反映论	fǎn yìng lùn
P	反气旋	fǎn qì xuán
P	反转片	fǎn zhuǎn piàn
P	反间计	fǎn jiàn jì
P	反间谍	fǎn jiàn dié
P	发令枪	fā lìng qiāng
P	发刊词	fā kān cí
P	发动机	fā dòng jī
P	发包人	fā bāo rén
P	发大水	fā dà shuǐ
P	发射台	fā shè tái
P	发射塔	fā shè tǎ
P	发报机	fā bào jī
P	发明家	fā míng jiā
P	发明权	fā míng quán
P	发横财	fā hèng cái
P	发洋财	fā yáng cái
P	发源地	fā yuán dì
P	发烧友	fā shāo yǒu
P	发牢骚	fā láo sāo
P	发电厂	fā diàn chǎng
P	发电机	fā diàn jī
P	发疟子	fā yào zǐ
P	发病率	fā bìng lǜ
P	发神经	fā shén jīng
P	发祥地	fā xiáng dì
P	发端词	fā duān cí
P	发脾气	fā pí qì
P	发芽率	fā yá lǜ
P	发行人	fā xíng rén
P	发行量	fā xíng liàng
P	发言人	fā yán rén
P	发言权	fā yán quán
P	发语词	fā yǔ cí
P	发货票	fā huò piào
P	发起人	fā qǐ rén
P	发酒疯	fā jiǔ fēng
P	发酵粉	fā jiào fěn
P	发高烧	fā gāo shāo
P	取暖器	qǔ nuǎn qì
P	受不了	shòu bù liǎo
P	变分法	biàn fēn fǎ
P	变压器	biàn yā qì
P	变味儿	biàn wèi er
P	变奏曲	biàn zòu qǔ
P	变戏法	biàn xì fǎ
P	变电器	biàn diàn qì
P	叙家常	xù jiā cháng
P	口头禅	kǒu tóu chán
P	口头语	kǒu tóu yǔ
P	口服液	kǒu fú yè
P	口角炎	kǒu jué yán
P	口语体	kǒu yǔ tǐ
P	古体诗	gǔ tǐ shī
P	古北口	gǔ běi kǒu
P	古文献	gǔ wén xiàn
P	古汉语	gǔ hàn yǔ
P	古装戏	gǔ zhuāng xì
P	另一面	lìng yí miàn
P	只不过	zhǐ bù guò
P	叫座儿	jiào zuò er
P	可不是	kě bú shì
P	可以说	kě yǐ shuō
P	可兰经	kě lán jīng
P	可卡因	kě kǎ yīn
P	可可豆	kě kě dòu
P	可塑性	kě sù xìng
P	可怜相	kě lián xiàng
P	可怜虫	kě lián chóng
P	可的松	kě dì sōng
P	可耕地	kě gēng dì
P	可行性	kě xíng xìng
P	可见光	kě jiàn guāng
P	可见度	kě jiàn dù
P	可视性	kě shì xìng
P	可读性	kě dú xìng
P	可靠性	kě kào xìng
P	台南市	tái nán shì
P	台柱子	tái zhù zi
P	台湾省	tái wān shěng
P	台湾话	tāi wān huà
P	右侍郎	yòu shì láng
P	叶子烟	yè zi yān
P	叶斑病	yè bān bìng
P	叶甜菜	yè tián cài
P	叶红素	yè hóng sù
P	叶绿素	yè lǜ sù
P	叶黄素	yè huáng sù
P	号志灯	hào zhì dēng
P	号码机	hào mǎ jī
P	司令员	sī lìng yuán
P	司令部	sī lìng bù
P	司务长	sī wù zhǎng
P	司号员	sī hào yuán
P	吃不上	chī bù shàng
P	吃不了	chī bù liǎo
P	吃不住	chī bú zhù
P	吃不准	chī bù zhǔn
P	吃不开	chī bù kāi
P	吃不服	chī bù fú
P	吃不来	chī bù lái
P	吃不消	chī bù xiāo
P	吃不透	chī bù tòu
P	吃偏食	chī piān shí
P	吃偏饭	chī piān fàn
P	吃喝风	chī hē fēng
P	吃大户	chī dà hù
P	吃干饭	chī gān fàn
P	吃得下	chī de xià
P	吃得住	chī de zhù
P	吃得开	chī de kāi
P	吃得来	chī de lái
P	吃得消	chī de xiāo
P	吃派饭	chī pài fàn
P	吃独食	chī dú shí
P	吃现成	chī xiàn chéng
P	吃白食	chī bái shí
P	吃空额	chī kòng é
P	吃败仗	chī bài zhàng
P	吃零嘴	chī líng zuǐ
P	吃食堂	chī shí táng
P	合不来	hé bù lái
P	合伙人	hé huǒ rén
P	合作化	hé zuò huà
P	合作社	hé zuò shè
P	合同书	hé tóng shū
P	合同制	hé tóng zhì
P	合同工	hé tóng gōng
P	合家欢	hé jiā huān
P	合并症	hé bìng zhèng
P	合得来	hé de lái
P	合成词	hé chéng cí
P	合成革	hé chéng gé
P	合法性	hé fǎ xìng
P	合理化	hé lǐ huà
P	合订本	hé dìng běn
P	合议制	hé yì zhì
P	合议庭	hé yì tíng
P	合金钢	hé jīn gāng
P	吉卜赛	jí bǔ sài
P	吉普车	jí pǔ chē
P	同一律	tóng yī lǜ
P	同一性	tóng yī xìng
P	同义字	tóng yì zì
P	同义词	tóng yì cí
P	同乐会	tóng lè huì
P	同乡会	tóng xiāng huì
P	同位素	tóng wèi sù
P	同呼吸	tóng hū xī
P	同学会	tóng xué huì
P	同心圆	tóng xīn yuán
P	同性恋	tóng xìng liàn
P	同情心	tóng qíng xīn
P	同案犯	tóng àn fàn
P	同温层	tóng wēn céng
P	同盟军	tóng méng jūn
P	同盟国	tóng méng guó
P	同盟者	tóng méng zhě
P	同路人	tóng lù rén
P	同音词	tóng yīn cí
P	名利场	míng lì chǎng
P	名誉权	míng yù quán
P	后备役	hòu bèi yì
P	后尾儿	hòu wěi er
P	后悔药	hòu huǐ yào
P	后臀尖	hòu tún jiān
P	后遗症	hòu yí zhèng
P	吐口水	tù kǒu shuǐ
P	吐绶鸡	tǔ shòu jī
P	吐谷浑	tǔ yù hún
P	向上爬	xiàng shàng pá
P	向钱看	xiàng qián kàn
P	吞吐量	tūn tǔ liàng
P	否决权	fǒu jué quán
P	含水量	hán shuǐ liàng
P	含金量	hán jīn liàng
P	听不懂	tīng bù dǒng
P	听不清	tīng bù qīng
P	听得到	tīng de dào
P	听得懂	tīng de dǒng
P	听得见	tīng de jiàn
P	吸水性	xī shuǐ xìng
P	吸血鬼	xī xuè guǐ
P	吸铁石	xī tiě shí
P	吹冷风	chuī lěng fēng
P	吹风会	chuī fēng huì
P	吹风机	chuī fēng jī
P	呒淘成	wǔ táo chéng
P	周转房	zhōu zhuǎn fáng
P	呱呱叫	guā guā jiào
P	呼吁书	hū yù shū
P	呼啦啦	hū lā lā
P	命中率	mìng zhòng lǜ
P	命令句	mìng lìng jù
P	和事佬	hé shì lǎo
P	和事老	hé shì lǎo
P	和尚头	hé shàng tóu
P	和平鸽	hé píng gē
P	和氏璧	hé shì bì
P	和稀泥	huò xī ní
P	咏叹调	yǒng tàn diào
P	咖啡因	kā fēi yīn
P	咖啡店	kā fēi diàn
P	咽下去	yàn xià qù
P	咽口水	yàn kǒu shuǐ
P	咽喉炎	yān hóu yán
P	咽峡炎	yān xiá yán
P	哄孩子	hǒng hái zi
P	哄小孩	hǒng xiǎo hái
P	哈什蚂	hà shí mǎ
P	哈哈镜	hā hā jìng
P	哈喇子	hā lǎ zǐ
P	哈密瓜	hā mì guā
P	哈尔滨	hā ěr bīn
P	哈尼族	hā ní zú
P	哈巴狗	hǎ bā gǒu
P	响尾蛇	xiǎng wěi shé
P	响当当	xiǎng dāng dāng
P	哑巴亏	yǎ ba kuī
P	哗啦啦	huā lā lā
P	哥们儿	gē men er
P	哥儿们	gē er men
P	哥儿俩	gē er liǎ
P	哥老会	gē lǎo huì
P	哪会儿	něi huì er
P	哪里都	nǎ li dōu
P	哪门子	nǎ mén zi
P	哭丧棒	kū sāng bàng
P	哺乳假	bǔ rǔ jià
P	售货员	shòu huò yuán
P	唯物论	wéi wù lùn
P	唯理论	wéi lǐ lùn
P	唱主角	chàng zhǔ jué
P	唱反调	chàng fǎn diào
P	唱片儿	chàng piān er
P	唱高调	chàng gāo diào
P	啃书本	kěn shū běn
P	商业界	shāng yè jiè
P	商业街	shāng yè jiē
P	商品房	shāng pǐn fáng
P	喇叭口	lǎ bā kǒu
P	喇嘛教	lǎ ma jiào
P	喊口号	hǎn kǒu hào
P	喘吁吁	chuǎn xū xū
P	喘嘘嘘	chuǎn xū xū
P	喜冲冲	xǐ chōng chōng
P	喜剧片	xǐ jù piàn
P	喜盈门	xǐ yíng mén
P	喝倒彩	hè dào cǎi
P	喝墨水	hē mò shuǐ
P	喝醉酒	hē zuì jiǔ
P	喷射器	pēn shè qì
P	喷水池	pēn shuǐ chí
P	喷火器	pēn huǒ qì
P	喷雾器	pēn wù qì
P	喷鼻息	pēn bí xī
P	嗓门儿	sǎng mén er
P	嘉兴市	jiā xīng shì
P	嘎嘣脆	gā bēng cuì
P	嘎渣儿	gā zhā ér
P	噬菌体	shì jūn tǐ
P	嚼舌头	jiáo shé tou
P	嚼舌根	jiáo shé gēn
P	囊中物	náng zhōng wù
P	四不像	sì bù xiàng
P	四六文	sì liù wén
P	四合房	sì hé fáng
P	四合院	sì hé yuàn
P	四脚蛇	sì jiǎo shé
P	四重唱	sì chóng chàng
P	回头率	huí tóu lǜ
P	回头见	huí tóu jiàn
P	回头路	huí tóu lù
P	回娘家	huí niáng jiā
P	回教徒	huí jiào tú
P	回旋曲	huí xuán qǔ
P	回老家	huí lǎo jiā
P	团中央	tuán zhōng yāng
P	团代会	tuán dài huì
P	团体操	tuán tǐ cāo
P	团体赛	tuán tǐ sài
P	团团转	tuán tuán zhuàn
P	团圆节	tuán yuán jié
P	团圆饭	tuán yuán fàn
P	园艺师	yuán yì shī
P	围脖儿	wéi bó er
P	固体潮	gù tǐ cháo
P	固沙林	gù shā lín
P	国产片	guó chǎn piàn
P	国境线	guó jìng xiàn
P	国子监	guó zǐ jiàn
P	国庆节	guó qìng jié
P	国库券	guó kù quàn
P	国有化	guó yǒu huà
P	国有股	guó yǒu gǔ
P	国统区	guó tǒng qū
P	国防绿	guó fáng lǜ
P	圆周率	yuán zhōu lǜ
P	圆括号	yuán kuò hào
P	圆柱体	yuán zhù tǐ
P	圆溜溜	yuán liū liū
P	圆舞曲	yuán wǔ qǔ
P	圆领衫	yuán lǐng shān
P	土专家	tǔ zhuān jiā
P	土地庙	tǔ dì miào
P	土地爷	tǔ dì yé
P	土地税	tǔ dì shuì
P	土地证	tǔ dì zhèng
P	土坷垃	tǔ kē lā
P	土家族	tǔ jiā zú
P	土疙瘩	tǔ gē da
P	土石方	tǔ shí fāng
P	土耳其	tǔ ěr qí
P	圣诞节	shèng dàn jié
P	在押犯	zài yā fàn
P	在理会	zài lǐ huì
P	在逃犯	zài táo fàn
P	地上茎	dì shàng jīng
P	地下党	dì xià dǎng
P	地下室	dì xià shì
P	地下水	dì xià shuǐ
P	地下河	dì xià hé
P	地下茎	dì xià jīng
P	地下街	dì xià jiē
P	地中海	dì zhōng hǎi
P	地价税	dì jià shuì
P	地动仪	dì dòng yí
P	地图册	dì tú cè
P	地图学	dì tú xué
P	地块儿	dì kuài er
P	地头蛇	dì tóu shé
P	地层学	dì céng xué
P	地带性	dì dài xìng
P	地平线	dì píng xiàn
P	地形图	dì xíng tú
P	地心说	dì xīn shuō
P	地摊儿	dì tān er
P	地方官	dì fāng guān
P	地方志	dì fāng zhì
P	地方戏	dì fāng xì
P	地方时	dì fāng shí
P	地方病	dì fāng bìng
P	地方税	dì fāng shuì
P	地方话	dì fāng huà
P	地板革	dì bǎn gé
P	地沥青	dì lì qīng
P	地滚球	dì gǔn qiú
P	地球仪	dì qiú yí
P	地理学	dì lǐ xué
P	地窨子	dì yìn zi
P	地老虎	dì lǎo hǔ
P	地藏寺	dì zàng sì
P	地表水	dì biǎo shuǐ
P	地貌学	dì mào xué
P	地质学	dì zhì xué
P	地道战	dì dào zhàn
P	地雷战	dì léi zhàn
P	地震仪	dì zhèn yí
P	地震学	dì zhèn xué
P	地震带	dì zhèn dài
P	地震棚	dì zhèn péng
P	地震波	dì zhèn bō
P	地面水	dì miàn shuǐ
P	地面站	dì miàn zhàn
P	地骨皮	dì gǔ pí
P	场面上	chǎng miàn shàng
P	场面人	chǎng miàn rén
P	坎帕拉	kǎn pà lā
P	坏东西	huài dōng xi
P	坏兆头	huài zhào tou
P	坏分子	huài fèn zǐ
P	坏点子	huài diǎn zi
P	坏脾气	huài pí qì
P	坏血病	huài xuè bìng
P	坐台子	zuò tái zi
P	坐月子	zuò yuè zi
P	坐机关	zuò jī guān
P	坐标轴	zuò biāo zhóu
P	坐禁闭	zuò jìn bì
P	坐起来	zuò qǐ lái
P	坤角儿	kūn jué ér
P	坦克车	tǎn kè chē
P	垫底儿	diàn dǐ ér
P	垫脚石	diàn jiǎo shí
P	城市化	chéng shì huà
P	城隍庙	chéng huáng miào
P	基围虾	jī wéi xiā
P	堂兄弟	táng xiōng dì
P	堂姐妹	táng jiě mèi
P	堪培拉	kān péi lā
P	堰塞湖	yàn sè hú
P	塌鼻子	tā bí zi
P	塑料布	sù liào bù
P	塔什干	tǎ shí gàn
P	塔夫绸	tǎ fū chóu
P	塞擦音	sè cā yīn
P	塞纳河	sāi nà hé
P	填鸭式	tián yā shì
P	墙头草	qiáng tóu cǎo
P	墙有耳	qiáng yǒu ěr
P	增长点	zēng zhǎng diǎn
P	墨斗鱼	mò dǒu yú
P	壁上观	bì shàng guān
P	壁挂式	bì guà shì
P	士大夫	shì dà fū
P	壮劳力	zhuàng láo lì
P	壮门面	zhuàng mén miàn
P	壳郎猪	ké láng zhū
P	处女作	chǔ nǚ zuò
P	处女地	chǔ nǚ dì
P	处女膜	chǔ nǚ mó
P	处方药	chǔ fāng yào
P	处理品	chǔ lǐ pǐn
P	备不住	bèi bú zhù
P	复合型	fù hé xíng
P	复合物	fù hé wù
P	复合词	fù hé cí
P	复名数	fù míng shù
P	复活节	fù huó jié
P	复读机	fù dú jī
P	夏令时	xià lìng shí
P	夏令营	xià lìng yíng
P	夕阳红	xī yáng hóng
P	外出血	wài chū xuè
P	外分泌	wài fēn mì
P	外国语	wài guó yǔ
P	外姓人	wài xìng rén
P	外孙女	wài sūn nǚ
P	外孙子	wài sūn zi
P	外来语	wài lái yǔ
P	外活儿	wài huó er
P	外甥女	wài shēng nǚ
P	外祖父	wài zǔ fù
P	外行人	wài háng rén
P	外行话	wài háng huà
P	多一点	duō yì diǎn
P	多会儿	duō huì er
P	多倍体	duō bèi tǐ
P	多元论	duō yuán lùn
P	多动症	duō dòng zhèng
P	多发性	duō fā xìng
P	多发病	duō fā bìng
P	多弹头	duō dàn tóu
P	多晶体	duō jīng tǐ
P	多棱镜	duō léng jìng
P	多神教	duō shén jiào
P	多角形	duō jiǎo xíng
P	多面体	duō miàn tǐ
P	多面角	duō miàn jiǎo
P	夜大学	yè dà xué
P	夜尿症	yè niào zhèng
P	夜总会	yè zǒng huì
P	夜猫子	yè māo zi
P	夜盲症	yè máng zhèng
P	夜礼服	yè lǐ fú
P	夜行军	yè xíng jūn
P	够劲儿	gòu jìn er
P	够受的	gòu shòu de
P	够意思	gòu yì si
P	大一统	dà yī tǒng
P	大丈夫	dà zhàng fū
P	大不了	dà bù liǎo
P	大不敬	dà bù jìng
P	大专生	dà zhuān shēng
P	大世界	dà shì jiè
P	大个子	dà gè zi
P	大主教	dà zhǔ jiào
P	大丽花	dà lì huā
P	大事记	dà shì jì
P	大五金	dà wǔ jīn
P	大人物	dà rén wù
P	大伯子	dà bǎi zǐ
P	大使馆	dà shǐ guǎn
P	大元帅	dà yuán shuài
P	大公报	dà gōng bào
P	大兵团	dà bīng tuán
P	大农业	dà nóng yè
P	大出血	dà chū xuè
P	大别山	dà bié shān
P	大前天	dà qián tiān
P	大前年	dà qián nián
P	大前提	dà qián tí
P	大力士	dà lì shì
P	大动作	dà dòng zuò
P	大动脉	dà dòng mài
P	大包干	dà bāo gān
P	大半天	dà bàn tiān
P	大叶杨	dà yè yáng
P	大司马	dà sī mǎ
P	大合唱	dà hé chàng
P	大同市	dà tóng shì
P	大同江	dà tóng jiāng
P	大后天	dà hòu tiān
P	大后年	dà hòu nián
P	大后方	dà hòu fāng
P	大呼隆	dà hū lóng
P	大哥大	dà gē dà
P	大团圆	dà tuán yuán
P	大团结	dà tuán jié
P	大块头	dà kuài tóu
P	大城市	dà chéng shì
P	大堡礁	dà pù jiāo
P	大多数	dà duō shù
P	大头菜	dà tóu cài
P	大头针	dà tóu zhēn
P	大头鱼	dà tóu yú
P	大妹子	dà mèi zi
P	大姑娘	dà gū niáng
P	大姑子	dà gū zi
P	大姨子	dà yí zi
P	大婶儿	dà shěn ér
P	大嫂子	dà sǎo zi
P	大字报	dà zì bào
P	大学士	dà xué shì
P	大学生	dà xué shēng
P	大实话	dà shí huà
P	大客车	dà kè chē
P	大家伙	dà jiā huo
P	大家庭	dà jiā tíng
P	大将军	dà jiāng jūn
P	大小姐	dà xiǎo jiě
P	大少爷	dà shào yé
P	大屋顶	dà wū dǐng
P	大师傅	dà shī fū
P	大帽子	dà mào zi
P	大年夜	dà nián yè
P	大庆市	dà qìng shì
P	大循环	dà xún huán
P	大总统	dà zǒng tǒng
P	大手术	dà shǒu shù
P	大手笔	dà shǒu bǐ
P	大扫除	dà sǎo chú
P	大拇哥	dà mǔ gē
P	大拇指	dà mǔ zhǐ
P	大换血	dà huàn xiě
P	大排行	dà pái háng
P	大提琴	dà tí qín
P	大撒把	dà sā bà
P	大教堂	dà jiào táng
P	大方向	dà fāng xiàng
P	大无畏	dà wú wèi
P	大昭寺	dà zhāo sì
P	大晴天	dà qíng tiān
P	大本营	dà běn yíng
P	大杂烩	dà zá huì
P	大杂院	dà zá yuàn
P	大板车	dà bǎn chē
P	大染缸	dà rǎn gāng
P	大概其	dà gài qí
P	大檐帽	dà yán mào
P	大气压	dà qì yā
P	大气圈	dà qì quān
P	大气层	dà qì céng
P	大洋洲	dà yáng zhōu
P	大清早	dà qīng zǎo
P	大渡河	dà dù hé
P	大烟鬼	dà yān guǐ
P	大熊座	dà xióng zuò
P	大熊猫	dà xióng māo
P	大牲畜	dà shēng chù
P	大猩猩	dà xīng xīng
P	大环境	dà huán jìng
P	大理寺	dà lǐ sì
P	大理市	dà lǐ shì
P	大理石	dà lǐ shí
P	大白菜	dà bái cài
P	大白话	dà bái huà
P	大白鼠	dà bái shǔ
P	大碗茶	dà wǎn chá
P	大礼堂	dà lǐ táng
P	大礼拜	dà lǐ bài
P	大礼服	dà lǐ fú
P	大立柜	dà lì guì
P	大约摸	dà yuē mō
P	大老婆	dà lǎo pó
P	大老粗	dà lǎo cū
P	大老远	dà lǎo yuǎn
P	大而全	dà ér quán
P	大肚子	dà dù zi
P	大肚汉	dà dù hàn
P	大脑炎	dà nǎo yán
P	大自然	dà zì rán
P	大舅子	dà jiù zi
P	大舌头	dà shé tou
P	大花脸	dà huā liǎn
P	大茴香	dà huí xiāng
P	大藏经	dà zàng jīng
P	大行星	dà xíng xīng
P	大西北	dà xī běi
P	大西南	dà xī nán
P	大西洋	dà xī yáng
P	大赦令	dà shè lìng
P	大跃进	dà yuè jìn
P	大路活	dà lù huó
P	大路菜	dà lù cài
P	大路货	dà lù huò
P	大踏步	dà tà bù
P	大轴子	dà zhòu zǐ
P	大轿车	dà jiào chē
P	大运河	dà yùn hé
P	大连市	dà lián shì
P	大道理	dà dào lǐ
P	大部分	dà bù fèn
P	大部头	dà bù tóu
P	大都会	dà dū huì
P	大锅饭	dà guō fàn
P	大陆坡	dà lù pō
P	大陆架	dà lù jià
P	大集体	dà jí tǐ
P	大雪山	dà xuě shān
P	大面儿	dà miàn er
P	大革命	dà gé mìng
P	大颊鼠	dà jiá shǔ
P	大风歌	dà fēng gē
P	大黄鱼	dài huáng yú
P	天主教	tiān zhǔ jiào
P	天地会	tiān dì huì
P	天姥山	tiān mǔ shān
P	天底下	tiān dǐ xià
P	天才论	tiān cái lùn
P	天文台	tiān wén tái
P	天晓得	tiān xiǎo de
P	天灵盖	tiān líng gài
P	天然林	tiān rán lín
P	天王星	tiān wáng xīng
P	天理教	tiān lǐ jiào
P	天知道	tiān zhī dào
P	太上皇	tài shàng huáng
P	太和殿	tài hé diàn
P	太夫人	tài fū rén
P	太子参	tài zi shēn
P	太子港	tài zǐ gǎng
P	太师椅	tài shī yǐ
P	太平间	tài píng jiān
P	太湖石	tài hú shí
P	太空棉	tài kōng mián
P	太行山	tài háng shān
P	太过分	tài guò fèn
P	太阳灶	tài yáng zào
P	太阳系	tài yáng xì
P	太阳能	tài yáng néng
P	夫妻店	fū qī diàn
P	夫子庙	fū zǐ miào
P	失学率	shī xué lǜ
P	失落感	shī luò gǎn
P	失语症	shī yǔ zhèng
P	头头儿	tóu tóu er
P	头班车	tóu bān chē
P	头盖骨	tóu gài gǔ
P	夸海口	kuā hǎi kǒu
P	夹克衫	jiá kè shān
P	夹板气	jiā bǎn qì
P	夹生饭	jiā shēng fàn
P	夹竹桃	jiā zhú táo
P	奇函数	jī hán shù
P	奏鸣曲	zòu míng qǔ
P	奔头儿	bèn tou er
P	套中人	tào zhōng rén
P	套口供	tào kǒu gòng
P	套头衫	tào tóu shān
P	奠基石	diàn jī shí
P	奥克兰	ào kè lán
P	奥地利	ào dì lì
P	奥斯陆	ào sī lù
P	奥运会	ào yùn huì
P	女主人	nǚ zhǔ rén
P	女主角	nǚ zhǔ jué
P	女人气	nǚ rén qì
P	女佣人	nǚ yōng rén
P	女儿墙	nǚ ér qiáng
P	女公子	nǚ gōng zǐ
P	女博士	nǚ bó shì
P	女厕所	nǚ cè suǒ
P	女孩儿	nǚ hái ér
P	女孩子	nǚ hái zi
P	女强人	nǚ qiáng rén
P	女招待	nǚ zhāo dài
P	女教师	nǚ jiào shī
P	女朋友	nǚ péng yǒu
P	女校长	nǚ xiào zhǎng
P	女歌手	nǚ gē shǒu
P	女管家	nǚ guǎn jiā
P	女能人	nǚ néng rén
P	奴隶主	nú lì zhǔ
P	好一阵	hǎo yī zhèn
P	好不好	hǎo bù hǎo
P	好事者	hào shì zhě
P	好人家	hǎo rén jiā
P	好兆头	hǎo zhào tou
P	好吹牛	hào chuī niú
P	好处费	hǎo chù fèi
P	好天儿	hǎo tiān er
P	好奇心	hào qí xīn
P	好好儿	hǎo hǎo ér
P	好家伙	hǎo jiā huo
P	好容易	hǎo róng yì
P	好得很	hǎo de hěn
P	好意思	hǎo yì si
P	好日子	hǎo rì zi
P	好望角	hǎo wàng jiǎo
P	好极了	hǎo jí le
P	好消息	hǎo xiāo xī
P	好玩儿	hǎo wán ér
P	好端端	hǎo duān duān
P	好莱坞	hǎo lái wù
P	好说话	hǎo shuō huà
P	好读书	hào dú shū
P	好身手	hǎo shēn shǒu
P	如来佛	rú lái fó
P	妇女病	fù nǚ bìng
P	妇女节	fù nǚ jié
P	始发站	shǐ fā zhàn
P	姑娘家	gū niáng jiā
P	委任状	wěi rèn zhuàng
P	委员会	wěi yuán huì
P	委托书	wěi tuō shū
P	姨姥姥	yí lǎo lao
P	威胁性	wēi xié xìng
P	娃娃亲	wá wá qīn
P	娘们儿	niáng men er
P	娱乐厅	yú lè tīng
P	娱乐圈	yú lè quān
P	娱乐场	yú lè chǎng
P	娱乐城	yú lè chéng
P	婚外孕	hūn wài yùn
P	媳妇儿	xí fù er
P	嫂夫人	sǎo fū rén
P	嫌疑犯	xián yí fàn
P	嫡长子	dí zhǎng zǐ
P	子弟兵	zǐ dì bīng
P	子母弹	zǐ mǔ dàn
P	孔雀石	kǒng què shí
P	孔雀绿	kǒng què lǜ
P	孔雀舞	kǒng què wǔ
P	孔雀蓝	kǒng què lán
P	字帖儿	zì tiě ér
P	字眼儿	zì yǎn er
P	存款单	cún kuǎn dān
P	存车处	cún chē chù
P	孙女婿	sūn nǚ xù
P	孙媳妇	sūn xí fù
P	季节工	jì jié gōng
P	学习机	xué xí jī
P	学习班	xué xí bān
P	学分制	xué fēn zhì
P	学术性	xué shù xìng
P	学术界	xué shù jiè
P	学杂费	xué zá fèi
P	学究气	xué jiū qì
P	孩子头	hái zi tóu
P	孩子气	hái zi qì
P	孩子王	hái zi wáng
P	宁馨儿	níng xīn ér
P	宅基地	zhái jī dì
P	宇宙观	yǔ zhòu guān
P	宇航员	yǔ háng yuán
P	守摊子	shǒu tān zi
P	守本分	shǒu běn fèn
P	守门员	shǒu mén yuán
P	安乐椅	ān lè yǐ
P	安乐死	ān lè sǐ
P	安乐窝	ān lè wō
P	安哥拉	ān gē lā
P	安家费	ān jiā fèi
P	安徽省	ān huī shěng
P	安理会	ān lǐ huì
P	安魂曲	ān hún qǔ
P	宋体字	sòng tǐ zì
P	宗教界	zōng jiào jiè
P	官本位	guān běn wèi
P	官能团	guān néng tuán
P	官能症	guān néng zhèng
P	定冠词	dìng guàn cí
P	定名为	dìng míng wéi
P	定向生	dìng xiàng shēng
P	定场白	dìng chǎng bái
P	定场诗	dìng chǎng shī
P	定滑轮	dìng huá lún
P	定调子	dìng diào zi
P	定货单	dìng huò dān
P	宝盖儿	bǎo gài er
P	宝盖头	bǎo gài tóu
P	实业家	shí yè jiā
P	实体词	shí tǐ cí
P	实打实	shí dǎ shí
P	审判员	shěn pàn yuán
P	审判长	shěn pàn zhǎng
P	审美观	shěn měi guān
P	审计师	shěn jì shī
P	客家话	kè jiā huà
P	客观上	kè guān shàng
P	客运段	kè yùn duàn
P	客运站	kè yùn zhàn
P	客里空	kè lǐ kōng
P	宣传品	xuān chuán pǐn
P	宣传弹	xuān chuán dàn
P	宣传画	xuān chuán huà
P	宣传队	xuān chuán duì
P	宣言书	xuān yán shū
P	宰牲节	zǎi shēng jié
P	家务事	jiā wù shì
P	家务活	jiā wù huó
P	家天下	jiā tiān xià
P	家常话	jiā cháng huà
P	家常饭	jiā cháng fàn
P	家底儿	jiā dǐ er
P	家长制	jiā zhǎng zhì
P	家雀儿	jiā qiǎo ér
P	宽银幕	kuān yín mù
P	寄宿制	jì sù zhì
P	密封圈	mì fēng quān
P	密封条	mì fēng tiáo
P	密码箱	mì mǎ xiāng
P	密集型	mì jí xíng
P	富强粉	fù qiáng fěn
P	寒暑假	hán shǔ jià
P	寒武纪	hán wǔ jì
P	寒酸相	hán suān xiàng
P	寸劲儿	cùn jìn er
P	对不住	duì bú zhù
P	对不起	duì bù qǐ
P	对台戏	duì tái xì
P	对得住	duì de zhù
P	对得数	duì dé shù
P	对得起	duì de qǐ
P	对比度	duì bǐ dù
P	对着干	duì zhe gàn
P	对称性	duì chèn xìng
P	对称轴	duì chèn zhóu
P	对角线	duì jiǎo xiàn
P	寻呼台	xún hū tái
P	寻短见	xún duǎn jiàn
P	导弹艇	dǎo dàn tǐng
P	导航台	dǎo háng tái
P	寿山石	shòu shān shí
P	封闭式	fēng bì shì
P	射击场	shè jī chǎng
P	将进酒	qiāng jìn jiǔ
P	小不点	xiǎo bù diǎn
P	小丫头	xiǎo yā tou
P	小人儿	xiǎo rén er
P	小仓库	xiǎo cāng kù
P	小伙计	xiǎo huǒ jì
P	小便宜	xiǎo pián yí
P	小便池	xiǎo biàn chí
P	小兄弟	xiǎo xiōng dì
P	小册子	xiǎo cè zi
P	小刀会	xiǎo dāo huì
P	小分队	xiǎo fēn duì
P	小前提	xiǎo qián tí
P	小卧车	xiǎo wò chē
P	小叶杨	xiǎo yè yáng
P	小合唱	xiǎo hé chàng
P	小圈子	xiǎo quān zi
P	小型张	xiǎo xíng zhāng
P	小夜曲	xiǎo yè qǔ
P	小天地	xiǎo tiān dì
P	小夫妻	xiǎo fū qī
P	小女子	xiǎo nǚ zǐ
P	小妞儿	xiǎo niū er
P	小学校	xiǎo xué xiào
P	小孩子	xiǎo hái zi
P	小宝宝	xiǎo bǎo bǎo
P	小客车	xiǎo kè chē
P	小家伙	xiǎo jiā huo
P	小家子	xiǎo jiā zǐ
P	小家庭	xiǎo jiā tíng
P	小家电	xiǎo jiā diàn
P	小小说	xiǎo xiǎo shuō
P	小尕子	xiǎo gǎ zi
P	小平头	xiǎo píng tóu
P	小广告	xiǎo guǎng gào
P	小广播	xiǎo guǎng bō
P	小循环	xiǎo xún huán
P	小意思	xiǎo yì si
P	小手指	xiǎo shǒu zhǐ
P	小把戏	xiǎo bǎ xì
P	小提琴	xiǎo tí qín
P	小数点	xiǎo shù diǎn
P	小曲儿	xiǎo qǔ ér
P	小步舞	xiǎo bù wǔ
P	小毛头	xiǎo máo tóu
P	小水电	xiǎo shuǐ diàn
P	小流域	xiǎo liú yù
P	小熊猫	xiǎo xióng māo
P	小王子	xiǎo wáng zǐ
P	小老头	xiǎo lǎo tóu
P	小肚子	xiǎo dù zi
P	小舅子	xiǎo jiù zi
P	小苏打	xiǎo sū dá
P	小萝卜	xiǎo luó bo
P	小行星	xiǎo xíng xīng
P	小说家	xiǎo shuō jiā
P	小轿车	xiǎo jiào chē
P	小钢炮	xiǎo gāng pào
P	小钱柜	xiǎo qián guì
P	小院儿	xiǎo yuàn er
P	小鬼头	xiǎo guǐ tóu
P	少一点	shǎo yì diǎn
P	少不了	shào bù liǎo
P	少不得	shào bù dé
P	少东家	shào dōng jiā
P	少先队	shào xiān duì
P	少壮派	shào zhuàng pài
P	少女装	shào nǚ zhuāng
P	少奶奶	shào nǎi nai
P	少年宫	shào nián gōng
P	少年犯	shào nián fàn
P	少年行	shào nián xíng
P	少掌柜	shào zhǎng guì
P	少林寺	shào lín sì
P	少林拳	shào lín quán
P	少白头	shǎo bái tóu
P	少管所	shào guǎn suǒ
P	少而精	shǎo ér jīng
P	尕驴儿	gǎ lǘ er
P	尖溜溜	jiān liū liū
P	尥蹶子	liào juě zi
P	尼龙布	ní lóng bù
P	尼龙绳	ní lóng shéng
P	尼龙网	ní lóng wǎng
P	尼龙袋	ní lóng dài
P	尼龙袜	ní lóng wà
P	尽义务	jìn yì wù
P	尽人事	jìn rén shì
P	尽全力	jìn quán lì
P	尽可能	jǐn kě néng
P	尽里头	jǐn lǐ tou
P	尿失禁	niào shī jìn
P	尿崩症	niào bēng zhèng
P	尿道炎	niào dào yán
P	局中人	jú zhōng rén
P	局内人	jú nèi rén
P	居民区	jū mín qū
P	屈光度	qū guāng dù
P	屋上乌	wū shàng wū
P	屎壳郎	shǐ ké làng
P	展览会	zhǎn lǎn huì
P	展销会	zhǎn xiāo huì
P	屯田客	tún tián kè
P	山坡地	shān pō dì
P	山大王	shān dài wáng
P	山核桃	shān hé táo
P	山里红	shān lǐ hóng
P	岂不是	qǐ bù shì
P	岳父母	yuè fù mǔ
P	工业化	gōng yè huà
P	工业区	gōng yè qū
P	工作服	gōng zuò fú
P	工作量	gōng zuò liàng
P	工作餐	gōng zuò cān
P	工具钢	gōng jù gāng
P	工商局	gōng shāng jú
P	工商税	gōng shāng shuì
P	工字钢	gōng zì gāng
P	工本费	gōng běn fèi
P	工程车	gōng chéng chē
P	工程队	gōng chéng duì
P	工笔画	gōng bǐ huà
P	工艺师	gōng yì shī
P	工间操	gōng jiān cāo
P	工青妇	gōng qīng fù
P	左不过	zuǒ bù guò
P	左撇子	zuǒ piě zi
P	巧劲儿	qiǎo jìn er
P	差一点	chà yì diǎn
P	差不多	chà bu duō
P	差不离	chà bù lí
P	差人去	chāi rén qù
P	差得远	chà de yuǎn
P	差旅费	chāi lǚ fèi
P	差等生	chà děng shēng
P	已知数	yǐ zhī shù
P	巴不得	bā bù dé
P	巴拉圭	bā lā guī
P	市中心	shì zhōng xīn
P	布拉吉	bù lā jí
P	布拉格	bù lā gé
P	帆布包	fān bù bāo
P	带刺儿	dài cì ér
P	带头羊	dài tóu yáng
P	带好儿	dài hǎo ér
P	带徒弟	dài tú dì
P	带菌者	dài jūn zhě
P	席梦思	xí mèng sī
P	帮倒忙	bāng dào máng
P	幂级数	mì jí shù
P	干亲家	gān qīn jiā
P	干什么	gàn shén me
P	干休所	gàn xiū suǒ
P	干巴巴	gān bā bā
P	干性油	gān xìng yóu
P	干打垒	gān dǎ lěi
P	干燥剂	gān zào jì
P	干燥器	gān zào qì
P	干电池	gān diàn chí
P	干着急	gān zháo jí
P	干瞪眼	gān dèng yǎn
P	干酵母	gān jiào mǔ
P	平假名	píng jiǎ míng
P	平均差	píng jūn chà
P	平均数	píng jūn shù
P	平头数	píng tóu shù
P	平射炮	píng shè pào
P	平底鞋	píng dǐ xié
P	平方尺	píng fāng chǐ
P	平板车	píng bǎn chē
P	平行线	píng xíng xiàn
P	平衡觉	píng héng jué
P	平面角	píng miàn jiǎo
P	年产值	nián chǎn zhí
P	年产量	nián chǎn liàng
P	年休假	nián xiū jià
P	年龄段	nián líng duàn
P	并发症	bìng fā zhèng
P	并蒂莲	bìng dì lián
P	幻想曲	huàn xiǎng qǔ
P	幻灯片	huàn dēng piàn
P	广交会	guǎng jiāo huì
P	广寒宫	guǎng hán gōng
P	广播剧	guǎng bō jù
P	广播台	guǎng bō tái
P	广播操	guǎng bō cāo
P	广播站	guǎng bō zhàn
P	庄园主	zhuāng yuán zhǔ
P	庄稼地	zhuāng jià dì
P	庄稼院	zhuāng jià yuàn
P	庆功会	qìng gōng huì
P	庇护所	bì hù suǒ
P	床头柜	chuáng tóu guì
P	序数词	xù shù cí
P	应名儿	yìng míng ér
P	应声虫	yìng shēng chóng
P	应届生	yīng jiè shēng
P	应用文	yìng yòng wén
P	应用题	yìng yòng tí
P	底下人	dǐ xià rén
P	底片儿	dǐ piān er
P	废品率	fèi pǐn lǜ
P	废品站	fèi pǐn zhàn
P	度假村	dù jià cūn
P	度蜜月	dù mì yuè
P	度量衡	dù liàng héng
P	座上客	zuò shàng kè
P	廓大镜	kuò dà jìng
P	建筑学	jiàn zhù xué
P	建筑物	jiàn zhù wù
P	开倒车	kāi dào chē
P	开场白	kāi chǎng bái
P	开夜车	kāi yè chē
P	开小差	kāi xiǎo chāi
P	开心丸	kāi xīn wán
P	开快车	kāi kuài chē
P	开户行	kāi hù háng
P	开房间	kāi fáng jiān
P	开拓型	kāi tuò xíng
P	开斋节	kāi zhāi jié
P	开绿灯	kāi lǜ dēng
P	开门红	kāi mén hóng
P	开阔地	kāi kuò dì
P	异体字	yì tǐ zì
P	弄潮儿	nòng cháo ér
P	张靓颖	zhāng liàng yǐng
P	弥勒佛	mí lè fó
P	弦乐器	xián yuè qì
P	弦切角	xián qiē jiǎo
P	弧圈球	hú quān qiú
P	弹劾案	tán hé àn
P	弹子房	dàn zǐ fáng
P	弹性体	tán xìng tǐ
P	弹簧床	tán huáng chuáng
P	弹簧钢	tán huáng gāng
P	弹跳力	tán tiào lì
P	弹钢琴	tán gāng qín
P	强击机	qiáng jī jī
P	强制性	qiáng zhì xìng
P	强壮剂	qiáng zhuàng jì
P	强心剂	qiáng xīn jì
P	强心针	qiáng xīn zhēn
P	强有力	qiáng yǒu lì
P	强行军	qiáng xíng jūn
P	归功于	guī gōng yú
P	归罪于	guī zuì yú
P	当不起	dāng bù qǐ
P	当事人	dāng shì rén
P	当事者	dāng shì zhě
P	当出去	dàng chū qù
P	当口儿	dāng kǒu er
P	当家人	dāng jiā rén
P	当家的	dāng jiā de
P	当权派	dāng quán pài
P	当间儿	dāng jiàn ér
P	录像片	lù xiàng piàn
P	形式上	xíng shì shàng
P	形而上	xíng ér shàng
P	形象化	xíng xiàng huà
P	形象性	xíng xiàng xìng
P	彩墨画	cǎi mò huà
P	彩牌楼	cǎi pái lóu
P	影印件	yǐng yìn jiàn
P	影片儿	yǐng piān er
P	影视圈	yǐng shì quān
P	影视界	yǐng shì jiè
P	影调剧	yǐng diào jù
P	很不错	hěn bú cuò
P	得了吧	dé le ba
P	得人心	dé rén xīn
P	循环论	xún huán lùn
P	微循环	wēi xún huán
P	微积分	wēi jī fēn
P	微血管	wēi xuè guǎn
P	德兴市	dé xīng shì
P	德智体	dé zhì tǐ
P	心上人	xīn shàng rén
P	心头肉	xīn tóu ròu
P	忙不迭	máng bù dié
P	忧郁症	yōu yù zhèng
P	快速路	kuài sù lù
P	怎么样	zěn me yàng
P	怎么的	zěn me de
P	怎么着	zěn me zhe
P	怒冲冲	nù chōng chōng
P	思想家	sī xiǎng jiā
P	思想性	sī xiǎng xìng
P	思考题	sī kǎo tí
P	急刹车	jí shā chē
P	急口令	jí kǒu lìng
P	急救包	jí jiù bāo
P	急救车	jí jiù chē
P	急腹症	jí fù zhèng
P	急行军	jí xíng jūn
P	急转弯	jí zhuǎn wān
P	性关系	xìng guān xì
P	性解放	xìng jiě fàng
P	怨不得	yuàn bù dé
P	怪不得	guài bù dé
P	怪样儿	guài yàng er
P	总务长	zǒng wù zhǎng
P	总动员	zǒng dòng yuán
P	总司令	zǒng sī lìng
P	总工会	zǒng gōng huì
P	总罢工	zǒng bà gōng
P	恢复期	huī fù qī
P	恨不得	hèn bù dé
P	恨不能	hèn bù néng
P	恶作剧	è zuò jù
P	恶凶凶	è xiōng xiōng
P	恶势力	è shì lì
P	恶噷噷	è hěn hěn
P	恶狠狠	è hěn hěn
P	悄悄话	qiāo qiāo huà
P	悄没声	qiǎo méi shēng
P	悔不该	huǐ bù gāi
P	悔过书	huǐ guò shū
P	悠悠然	yōu yōu rán
P	悬钩子	xuán gōu zi
P	惊险片	jīng xiǎn piàn
P	惠更斯	huì gēng sī
P	想不到	xiǎng bú dào
P	想不开	xiǎng bù kāi
P	想当然	xiǎng dāng rán
P	想得到	xiǎng de dào
P	惶惶然	huáng huáng rán
P	意中人	yì zhōng rén
P	意味着	yì wèi zhe
P	意见箱	yì jiàn xiāng
P	意见簿	yì jiàn bù
P	愚人节	yú rén jié
P	感光度	gǎn guāng dù
P	感光片	gǎn guāng piàn
P	感叹句	gǎn tàn jù
P	感叹号	gǎn tàn hào
P	感应圈	gǎn yìng quān
P	感恩节	gǎn ēn jié
P	感谢信	gǎn xiè xìn
P	慢车道	màn chē dào
P	慰问品	wèi wèn pǐn
P	慰问电	wèi wèn diàn
P	憋得慌	biē dé huāng
P	憋闷气	biē mèn qì
P	懒骨头	lǎn gǔ tou
P	戏剧性	xì jù xìng
P	戏园子	xì yuán zi
P	戏报子	xì bào zi
P	戏曲片	xì qǔ piàn
P	戏曲界	xì qǔ jiè
P	戏班子	xì bān zi
P	戏馆子	xì guǎn zǐ
P	成个儿	chéng gè er
P	成交额	chéng jiāo é
P	成功率	chéng gōng lǜ
P	成品粮	chéng pǐn liáng
P	成活率	chéng huó lǜ
P	成绩单	chéng jì dān
P	成都市	chéng dū shì
P	我们俩	wǒ men liǎ
P	我们的	wǒ men de
P	戒严令	jiè yán lìng
P	战斗力	zhàn dòu lì
P	战斗员	zhàn dòu yuán
P	战斗机	zhàn dòu jī
P	戚家军	qī jiā jūn
P	戴帽子	dài mào zi
P	戴绿帽	dài lǜ mào
P	户口簿	hù kǒu bù
P	户籍警	hù jí jǐng
P	房地产	fáng dì chǎn
P	房管所	fáng guǎn suǒ
P	所在地	suǒ zài dì
P	所得税	suǒ dé shuì
P	所有制	suǒ yǒu zhì
P	所有权	suǒ yǒu quán
P	扁平足	biǎn píng zú
P	扁桃体	biǎn táo tǐ
P	扁桃腺	biǎn táo xiàn
P	扇面儿	shàn miàn ér
P	扇风机	shān fēng jī
P	扇骨子	shàn gǔ zi
P	手写体	shǒu xiě tǐ
P	手底下	shǒu dǐ xià
P	手把手	shǒu bǎ shǒu
P	手推车	shǒu tuī chē
P	手提包	shǒu tí bāo
P	手提式	shǒu tí shì
P	手提箱	shǒu tí xiāng
P	手术刀	shǒu shù dāo
P	手榴弹	shǒu liú dàn
P	手风琴	shǒu fēng qín
P	扎猛子	zhā měng zi
P	扎耳朵	zhā ěr duo
P	打一折	dǎ yì zhé
P	打下手	dǎ xià shǒu
P	打不住	dǎ bú zhù
P	打主意	dǎ zhǔ yì
P	打交道	dǎ jiāo dào
P	打伙儿	dǎ huǒ er
P	打先锋	dǎ xiān fēng
P	打光棍	dǎ guāng gùn
P	打内战	dǎ nèi zhàn
P	打冲锋	dǎ chōng fēng
P	打冷战	dǎ lěng zhàn
P	打冷枪	dǎ lěng qiāng
P	打击乐	dǎ jī yuè
P	打前站	dǎ qián zhàn
P	打包票	dǎ bāo piào
P	打卡机	dǎ kǎ jī
P	打卤面	dǎ lǔ miàn
P	打印机	dǎ yìn jī
P	打印纸	dǎ yìn zhǐ
P	打呵欠	dǎ hē qiàn
P	打呼噜	dǎ hū lū
P	打哆嗦	dǎ duō suo
P	打哈哈	dǎ hā hā
P	打哈欠	dǎ hā qiàn
P	打喷嚏	dǎ pēn tì
P	打嘴仗	dǎ zuǐ zhàng
P	打圆场	dǎ yuán chǎng
P	打圈子	dǎ quān zi
P	打埋伏	dǎ mái fú
P	打基础	dǎ jī chǔ
P	打天下	dǎ tiān xià
P	打头炮	dǎ tóu pào
P	打头阵	dǎ tóu zhèn
P	打头风	dǎ tóu fēng
P	打字机	dǎ zì jī
P	打字纸	dǎ zì zhǐ
P	打官司	dǎ guān sī
P	打官腔	dǎ guān qiāng
P	打寒战	dǎ hán zhàn
P	打工仔	dǎ gōng zǎi
P	打工妹	dǎ gōng mèi
P	打工族	dǎ gōng zú
P	打底子	dǎ dǐ zi
P	打手势	dǎ shǒu shì
P	打手式	dǎ shǒu shì
P	打把势	dǎ bǎ shì
P	打把式	dǎ bǎ shì
P	打折扣	dǎ zhé kòu
P	打拍子	dǎ pāi zi
P	打招呼	dǎ zhāo hū
P	打挺儿	dǎ tǐng ér
P	打掩护	dǎ yǎn hù
P	打摆子	dǎ bǎi zi
P	打擂台	dǎ lèi tái
P	打杂儿	dǎ zá er
P	打板子	dǎ bǎn zi
P	打桩机	dǎ zhuāng jī
P	打桩船	dǎ zhuāng chuán
P	打棍子	dǎ gùn zi
P	打死虎	dǎ sǐ hǔ
P	打比方	dǎ bǐ fāng
P	打毛衣	dǎ máo yī
P	打油诗	dǎ yóu shī
P	打游击	dǎ yóu jī
P	打滚儿	dǎ gǔn er
P	打火机	dǎ huǒ jī
P	打灯谜	dǎ dēng mí
P	打牙祭	dǎ yá jì
P	打电报	dǎ diàn bào
P	打电话	dǎ diàn huà
P	打瞌睡	dǎ kē shuì
P	打短工	dǎ duǎn gōng
P	打砸抢	dǎ zá qiǎng
P	打秋风	dǎ qiū fēng
P	打算盘	dǎ suàn pán
P	打群架	dǎ qún jià
P	打老虎	dǎ lǎo hǔ
P	打耳光	dǎ ěr guāng
P	打蔫儿	dǎ niān ér
P	打谷场	dǎ gǔ cháng
P	打赤膊	dǎ chì bó
P	打趸儿	dǎ dǔn ér
P	打边鼓	dǎ biān gǔ
P	打通关	dǎ tōng guān
P	打问号	dǎ wèn hào
P	打雪仗	dǎ xuě zhàng
P	打靶场	dǎ bǎ chǎng
P	打鸣儿	dǎ míng ér
P	托拉斯	tuō lā sī
P	扛得住	káng de zhù
P	扛长工	káng cháng gōng
P	扣帽子	kòu mào zi
P	执政府	zhí zhèng fǔ
P	扩大化	kuò dà huà
P	扫堂腿	sǎo táng tuǐ
P	扫帚星	sào zhǒu xīng
P	扫雷舰	sǎo léi jiàn
P	扶上马	fú shàng mǎ
P	批发商	pī fā shāng
P	批条子	pī tiáo zi
P	批评家	pī píng jiā
P	找乐子	zhǎo lè zi
P	找婆家	zhǎo pó jiā
P	找得到	zhǎo de dào
P	找碴儿	zhǎo chá ér
P	找窍门	zhǎo qiào mén
P	找茬儿	zhǎo chá er
P	承包制	chéng bāo zhì
P	技术员	jì shù yuán
P	把兄弟	bǎ xiōng dì
P	把口儿	bǎ kǒu er
P	把马子	bǎ mǎ zi
P	抓典型	zhuā diǎn xíng
P	抓壮丁	zhuā zhuàng dīng
P	抓工夫	zhuā gōng fu
P	抓空儿	zhuā kòng er
P	投票站	tóu piào zhàn
P	投诉率	tóu sù lǜ
P	投递员	tóu dì yuán
P	抖包袱	dǒu bāo fú
P	抖威风	dǒu wēi fēng
P	抗干扰	kàng gān rǎo
P	抗菌素	kàng jūn sù
P	折叠床	zhé dié chuáng
P	折叠椅	zhé dié yǐ
P	折子戏	zhé zi xì
P	折射线	zhé shè xiàn
P	折旧费	zhé jiù fèi
P	折跟头	zhē gēn tou
P	抢劫案	qiǎng jié àn
P	抢劫犯	qiǎng jié fàn
P	抢手货	qiǎng shǒu huò
P	抢时间	qiǎng shí jiān
P	护士长	hù shì zhǎng
P	报务员	bào wù yuán
P	报幕员	bào mù yuán
P	披肩发	pī jiān fà
P	抬头纹	tái tóu wén
P	抱不平	bào bù píng
P	抱佛脚	bào fó jiǎo
P	抵不上	dǐ bù shàng
P	抵得上	dǐ de shàng
P	抵押金	dǐ yā jīn
P	抹下来	mā xià lái
P	抹不开	mò bù kāi
P	抹桌子	mā zhuō zi
P	抹稀泥	mǒ xī ní
P	抹脖子	mǒ bó zi
P	抽功夫	chōu gōng fū
P	抽壮丁	chōu zhuàng dīng
P	抽油机	chōu yóu jī
P	担不是	dān bú shì
P	担保人	dān bǎo rén
P	担担面	dàn dàn miàn
P	担架队	dān jià duì
P	拆墙脚	chāi qiáng jiǎo
P	拆迁户	chāi qiān hù
P	拉下水	lā xià shuǐ
P	拉下脸	lā xià liǎn
P	拉下马	lā xià mǎ
P	拉买卖	lā mǎi mài
P	拉亏空	lā kuī kōng
P	拉交情	lā jiāo qíng
P	拉关系	lā guān xì
P	拉力器	lā lì qì
P	拉后腿	lā hòu tuǐ
P	拉家常	lā jiā cháng
P	拉山头	lā shān tóu
P	拉拉队	lā lā duì
P	拉洋片	lā yáng piàn
P	拉皮条	lā pí tiáo
P	拉祜族	lā hù zú
P	拉肚子	lā dù zi
P	拉赞助	lā zàn zhù
P	拉近乎	lā jìn hū
P	拉郎配	lā láng pèi
P	拉马克	lā mǎ kè
P	拍卖行	pāi mài háng
P	拍桌子	pāi zhuō zi
P	拍片儿	pāi piān er
P	拍纸簿	pāi zhǐ bù
P	拐棍儿	guǎi gùn er
P	拖拉机	tuō lā jī
P	拗不过	niù bù guò
P	拗口令	ào kǒu lìng
P	拘留所	jū liú suǒ
P	拘留证	jū liú zhèng
P	招女婿	zhāo nǚ xù
P	招待会	zhāo dài huì
P	招待员	zhāo dài yuán
P	招待所	zhāo dài suǒ
P	拜天地	bài tiān dì
P	拜把子	bài bǎ zi
P	拜物教	bài wù jiào
P	拟人化	nǐ rén huà
P	拦不住	lán bú zhù
P	拦洪坝	lán hóng bà
P	拧一把	níng yì bǎ
P	拧毛巾	níng máo jīn
P	拧脾气	nìng pí qì
P	拧衣服	níng yī fú
P	择不开	zhái bù kāi
P	括约肌	kuò yuē jī
P	括起来	kuò qǐ lái
P	拿一把	ná yī bǎ
P	拿不准	ná bù zhǔn
P	拿大顶	ná dà dǐng
P	拿得起	ná de qǐ
P	拿手戏	ná shǒu xì
P	拿摩温	ná mó wēn
P	挂不住	guà bú zhù
P	挂号信	guà hào xìn
P	挂号处	guà hào chù
P	挂起来	guà qǐ lái
P	指不定	zhǐ bù dìng
P	指北针	zhǐ běi zhēn
P	指南车	zhǐ nán chē
P	指南针	zhǐ nán zhēn
P	指导员	zhǐ dǎo yuán
P	指战员	zhǐ zhàn yuán
P	指挥员	zhǐ huī yuán
P	指甲盖	zhǐ jiǎ gài
P	指示灯	zhǐ shì dēng
P	挑刺儿	tiāo cì er
P	挑大梁	tiǎo dà liáng
P	挑战书	tiǎo zhàn shū
P	挑错儿	tiāo cuò er
P	挖泥船	wā ní chuán
P	挡土墙	dǎng tǔ qiáng
P	挡泥板	dǎng ní bǎn
P	挡箭牌	dǎng jiàn pái
P	挡车工	dǎng chē gōng
P	挤牙膏	jǐ yá gāo
P	挥发性	huī fā xìng
P	挥发油	huī fā yóu
P	挨日子	ái rì zi
P	挨时间	ái shí jiān
P	挨闷雷	ái mèn léi
P	捂盖子	wǔ gài zi
P	捅娄子	tǒng lóu zi
P	捉迷藏	zhuō mí cáng
P	捋胡子	lǚ hú zǐ
P	捋虎须	luō hǔ xū
P	捋袖子	luō xiù zi
P	捏把汗	niē bǎ hàn
P	捞一把	lāo yī bǎ
P	捡便宜	jiǎn pián yí
P	捡起来	jiǎn qǐ lái
P	换个儿	huàn gè ér
P	换发球	huàn fā qiú
P	换气扇	huàn qì shàn
P	换脑筋	huàn nǎo jīn
P	换衣服	huàn yī fú
P	掉过儿	diào guò ér
P	掌门人	zhǎng mén rén
P	排卵期	pái luǎn qī
P	排头兵	pái tóu bīng
P	排子车	pǎi zi chē
P	排气扇	pái qì shàn
P	排练场	pái liàn chǎng
P	排行榜	pái háng bǎng
P	排风扇	pái fēng shàn
P	掖进去	yē jìn qù
P	探亲假	tàn qīn jià
P	探测仪	tàn cè yí
P	接合部	jiē hé bù
P	接生员	jiē shēng yuán
P	掴耳光	guāi ěr guāng
P	掷骰子	zhì tóu zi
P	掸桌子	dǎn zhuō zi
P	掸衣服	dǎn yī fú
P	提意见	tí yì jiàn
P	插班生	chā bān shēng
P	插秧机	chā yāng jī
P	揣手儿	chuāi shǒu er
P	揭疮疤	jiē chuāng bā
P	揭盖子	jiē gài zi
P	揭老底	jiē lǎo dǐ
P	搁不住	gé bú zhù
P	搁得住	gé de zhù
P	搅拌器	jiǎo bàn qì
P	搅拌机	jiǎo bàn jī
P	搞对象	gǎo duì xiàng
P	搪差使	táng chāi shǐ
P	搭街坊	dā jiē fāng
P	搭错车	dā cuò chē
P	摁钉儿	èn dīng ér
P	摄像机	shè xiàng jī
P	摄像管	shè xiàng guǎn
P	摄影师	shè yǐng shī
P	摄影棚	shè yǐng péng
P	摄护腺	shè hù xiàn
P	摄政王	shè zhèng wáng
P	摄氏度	shè shì dù
P	摆摊儿	bǎi tān er
P	摆擂台	bǎi lèi tái
P	摇滚乐	yáo gǔn yuè
P	摇篮曲	yáo lán qǔ
P	摔跟头	shuāi gēn tou
P	摘桃子	zhāi táo zi
P	摩天楼	mó tiān lóu
P	摩托化	mó tuō huà
P	摩托艇	mó tuō tǐng
P	摩托车	mó tuō chē
P	摩擦力	mó cā lì
P	摸不着	mō bù zháo
P	摸门儿	mō mén er
P	摸黑儿	mō hēi er
P	撂挑子	liào tiāo zi
P	撑场面	chēng chǎng miàn
P	撒丫子	sā yā zǐ
P	撒呓挣	sā yì zhēng
P	撒手锏	sā shǒu jiǎn
P	撒拉族	sā lā zú
P	撒欢儿	sā huān ér
P	撒鸭子	sā yā zǐ
P	播种机	bō zhǒng jī
P	播音员	bō yīn yuán
P	播音室	bō yīn shì
P	操作台	cāo zuò tái
P	攀枝花	pān zhī huā
P	支委会	zhī wěi huì
P	支招儿	zhī zhāo er
P	支着儿	zhī zhāo ér
P	收割机	shōu gē jī
P	收摊儿	shōu tān er
P	收款机	shōu kuǎn jī
P	收藏家	shōu cáng jiā
P	收起来	shōu qǐ lái
P	收银员	shōu yín yuán
P	放冷风	fàng lěng fēng
P	放大器	fàng dà qì
P	放大炮	fàng dà pào
P	放大率	fàng dà lǜ
P	放大纸	fàng dà zhǐ
P	放大镜	fàng dà jìng
P	放射形	fàng shè xíng
P	放射性	fàng shè xìng
P	放射病	fàng shè bìng
P	放射线	fàng shè xiàn
P	放牛娃	fàng niú wá
P	放空气	fàng kōng qì
P	放空炮	fàng kōng pào
P	政治家	zhèng zhì jiā
P	政论家	zhèng lùn jiā
P	故事片	gù shì piàn
P	敌占区	dí zhàn qū
P	救济金	jiù jì jīn
P	教中文	jiāo zhōng wén
P	教音乐	jiāo yīn yuè
P	敞篷车	chǎng péng chē
P	散摊子	sàn tān zi
P	散文诗	sǎn wén shī
P	散热器	sàn rè qì
P	数不清	shǔ bù qīng
P	数不着	shǔ bù zháo
P	数得上	shǔ de shàng
P	数得着	shǔ de zháo
P	数据库	shù jù kù
P	数来宝	shǔ lái bǎo
P	数目字	shù mù zì
P	数量词	shù liàng cí
P	敲竹杠	qiāo zhú gàng
P	文件名	wén jiàn míng
P	文件夹	wén jiàn jiā
P	文具盒	wén jù hé
P	文化人	wén huà rén
P	文化宫	wén huà gōng
P	文化界	wén huà jiè
P	文化站	wén huà zhàn
P	文化衫	wén huà shān
P	文化课	wén huà kè
P	文化馆	wén huà guǎn
P	文史馆	wén shǐ guǎn
P	文学家	wén xué jiā
P	文教界	wén jiào jiè
P	文明人	wén míng rén
P	文明戏	wén míng xì
P	文曲星	wén qǔ xīng
P	文献片	wén xiàn piàn
P	文艺家	wén yì jiā
P	斗争性	dòu zhēng xìng
P	斗牛场	dòu niú chǎng
P	斗蟋蟀	dòu xī shuài
P	斗鸡眼	dòu jī yǎn
P	斜拉桥	xié lā qiáo
P	断头台	duàn tóu tái
P	新大陆	xīn dà lù
P	新天地	xīn tiān dì
P	新技术	xīn jì shù
P	新文化	xīn wén huà
P	新纪元	xīn jì yuán
P	新能源	xīn néng yuán
P	新郎官	xīn láng guān
P	新长征	xīn cháng zhēng
P	新闻片	xīn wén piàn
P	方位角	fāng wèi jiǎo
P	方便面	fāng biàn miàn
P	方括号	fāng kuò hào
P	方法论	fāng fǎ lùn
P	方解石	fāng jiě shí
P	施工缝	shī gōng fèng
P	旁压力	páng yā lì
P	旁听席	páng tīng xí
P	旁听生	páng tīng shēng
P	旁岔儿	páng chà ér
P	旅差费	lǚ chà fèi
P	旅游区	lǚ yóu qū
P	旅游车	lǚ yóu chē
P	旅游鞋	lǚ yóu xié
P	旅行包	lǚ xíng bāo
P	旅行社	lǚ xíng shè
P	旋转门	xuán zhuǎn mén
P	无人区	wú rén qū
P	无价宝	wú jià bǎo
P	无休止	wú xiū zhǐ
P	无名帖	wú míng tiě
P	无名氏	wú míng shì
P	无声片	wú shēng piàn
P	无头案	wú tóu àn
P	无奈何	wú nài hé
P	无底洞	wú dǐ dòng
P	无形中	wú xíng zhōng
P	无影灯	wú yǐng dēng
P	无意识	wú yì shí
P	无拘束	wú jū shù
P	无条件	wú tiáo jiàn
P	无理数	wú lǐ shù
P	无用功	wú yòng gōng
P	无神论	wú shén lùn
P	无穷大	wú qióng dà
P	无穷尽	wú qióng jìn
P	无节制	wú jié zhì
P	无限大	wú xiàn dà
P	无霜期	wú shuāng qī
P	日偏食	rì piān shí
P	日全食	rì quán shí
P	日射病	rì shè bìng
P	日环食	rì huán shí
P	日记簿	rì jì bù
P	日记账	rì jì zhàng
P	旦角儿	dàn jué ér
P	旧大陆	jiù dà lù
P	旧框框	jiù kuāng kuāng
P	旧社会	jiù shè huì
P	早上好	zǎo shàng hǎo
P	早产儿	zǎo chǎn ér
P	早自习	zǎo zì xí
P	旱冰场	hàn bīng chǎng
P	旱冰鞋	hàn bīng xié
P	时不时	shí bù shí
P	时代感	shí dài gǎn
P	时令病	shí lìng bìng
P	时间差	shí jiān chà
P	时间性	shí jiān xìng
P	昌都县	chāng dōu xiàn
P	明信片	míng xìn piàn
P	明儿个	míng ér gè
P	明后天	míng hòu tiān
P	明摆着	míng bǎi zhe
P	明星队	míng xīng duì
P	明晃晃	míng huǎng huǎng
P	明角灯	míng jiǎo dēng
P	星期日	xīng qī rì
P	星条旗	xīng tiáo qí
P	映山红	yìng shān hóng
P	春大麦	chūn dà mài
P	春秋衫	chūn qiū shān
P	昨儿个	zuó ér gè
P	是不是	shì bú shì
P	是非窝	shì fēi wō
P	晕乎乎	yūn hū hū
P	晕过去	yùn guò qù
P	晕高儿	yūn gāo ér
P	晚一点	wǎn yì diǎn
P	晚自习	wǎn zì xí
P	普及率	pǔ jí lǜ
P	景德镇	jǐng dé zhèn
P	景泰蓝	jǐng tài lán
P	景阳冈	jǐng yáng gāng
P	景颇族	jǐng pō zú
P	晴雨伞	qíng yǔ sǎn
P	晴雨表	qíng yǔ biǎo
P	晶状体	jīng zhuàng tǐ
P	智囊团	zhì náng tuán
P	智能化	zhì néng huà
P	智能型	zhì néng xíng
P	晾衣服	liàng yī fú
P	暖乎乎	nuǎn hū hū
P	暖水壶	nuǎn shuǐ hú
P	暖风机	nuǎn fēng jī
P	暗地里	àn dì lǐ
P	暗扣儿	àn kòu er
P	暴发户	bào fā hù
P	暴风雨	bào fēng yǔ
P	暴风雪	bào fēng xuě
P	曝光表	bào guāng biǎo
P	曲别针	qū bié zhēn
P	曲棍球	qū gùn qiú
P	曲线图	qū xiàn tú
P	曲线板	qū xiàn bǎn
P	曲线美	qū xiàn měi
P	曲颈甑	qū jǐng zèng
P	曳光弹	yè guāng dàn
P	更年期	gēng nián qī
P	更衣室	gēng yī shì
P	曾祖母	zēng zǔ mǔ
P	曾祖父	zēng zǔ fù
P	替罪羊	tì zuì yáng
P	月产量	yuè chǎn liàng
P	月份牌	yuè fèn pái
P	月全食	yuè quán shí
P	月台票	yuè tái piào
P	月头儿	yuè tou er
P	月月红	yuè yuè hóng
P	月牙儿	yuè yá er
P	有一些	yǒu yī xiē
P	有一只	yǒu yī zhī
P	有一天	yǒu yī tiān
P	有一手	yǒu yī shǒu
P	有产者	yǒu chǎn zhě
P	有会子	yǒu huì zǐ
P	有你的	yǒu nǐ de
P	有光纸	yǒu guāng zhǐ
P	有味儿	yǒu wèi er
P	有头脑	yǒu tóu nǎo
P	有巢氏	yǒu cháo shì
P	有心人	yǒu xīn rén
P	有心力	yǒu xīn lì
P	有意思	yǒu yì si
P	有意识	yǒu yì shí
P	有损于	yǒu sǔn yú
P	有效期	yǒu xiào qī
P	有日子	yǒu rì zi
P	有机体	yǒu jī tǐ
P	有机物	yǒu jī wù
P	有机肥	yǒu jī féi
P	有机质	yǒu jī zhì
P	有机酸	yǒu jī suān
P	有理式	yǒu lǐ shì
P	有理数	yǒu lǐ shù
P	有的是	yǒu de shì
P	有盼儿	yǒu pàn ér
P	有神论	yǒu shén lùn
P	有空儿	yǒu kòng er
P	有蹄类	yǒu tí lèi
P	有道是	yǒu dào shì
P	有门儿	yǒu mén er
P	服务业	fú wù yè
P	服务员	fú wù yuán
P	服差役	fú chāi yì
P	服装师	fú zhuāng shī
P	朝阳区	cháo yáng qū
P	朝阳花	cháo yáng huā
P	朝鲜族	cháo xiǎn zú
P	木偶戏	mù ǒu xì
P	木偶片	mù ǒu piàn
P	木化石	mù huà shí
P	木头人	mù tou rén
P	木头屑	mù tou xiè
P	未亡人	wèi wáng rén
P	未婚夫	wèi hūn fū
P	未婚妻	wèi hūn qī
P	未知数	wèi zhī shù
P	末班车	mò bān chē
P	本世纪	běn shì jì
P	本地人	běn dì rén
P	本年度	běn nián dù
P	机关炮	jī guān pào
P	机关车	jī guān chē
P	机动车	jī dòng chē
P	机械化	jī xiè huà
P	机械论	jī xiè lùn
P	机要员	jī yào yuán
P	杀时间	shā shí jiān
P	杀菌剂	shā jūn jì
P	杀风景	shā fēng jǐng
P	杂拌儿	zá bàn ér
P	杂货铺	zá huò pù
P	杂院儿	zá yuàn er
P	杏仁茶	xìng rén chá
P	村公所	cūn gōng suǒ
P	来不及	lái bù jí
P	来不得	lái bù dé
P	来回票	lái huí piào
P	来得及	lái de jí
P	杯中物	bēi zhōng wù
P	松口气	sōng kǒu qì
P	松塔儿	sōng tǎ er
P	松节油	sōng jié yóu
P	极乐鸟	jí lè niǎo
P	极大值	jí dà zhí
P	极少数	jí shǎo shù
P	构筑物	gòu zhù wù
P	枕头风	zhěn tou fēng
P	林务员	lín wù yuán
P	林荫道	lín yīn dào
P	果丹皮	guǒ dān pí
P	果子露	guǒ zi lù
P	果干儿	guǒ gān er
P	枣红色	zǎo hóng sè
P	枪子儿	qiāng zi er
P	枪杆子	qiāng gǎn zi
P	枪榴弹	qiāng liú dàn
P	架不住	jià bú zhù
P	架子工	jià zi gōng
P	架子花	jià zi huā
P	架子车	jià zi chē
P	架得住	jià de zhù
P	枸杞子	gǒu qǐ zǐ
P	柏拉图	bó lā tú
P	柏油纸	bó yóu zhǐ
P	柏油路	bǎi yóu lù
P	染色体	rǎn sè tǐ
P	柔姿纱	róu zī shā
P	柞丝绸	zuò sī chóu
P	查号台	chá hào tái
P	柳叶眉	liǔ yè méi
P	柳子戏	liǔ zi xì
P	柳条帽	liǔ tiáo mào
P	柴沟堡	chái gōu bǔ
P	标准化	biāo zhǔn huà
P	标准语	biāo zhǔn yǔ
P	树行子	shù hàng zi
P	栓皮栎	shuān pí lì
P	校友会	xiào yǒu huì
P	校对员	jiào duì yuán
P	样板戏	yàng bǎn xì
P	核反应	hé fǎn yìng
P	核垄断	hé lǒng duàn
P	核废料	hé fèi liào
P	核弹头	hé dàn tóu
P	核战争	hé zhàn zhēng
P	核桃凹	hé táo wā
P	核武器	hé wǔ qì
P	核潜艇	hé qián tǐng
P	核燃料	hé rán liào
P	核爆炸	hé bào zhà
P	核电厂	hé diàn chǎng
P	核电站	hé diàn zhàn
P	核蛋白	hé dàn bái
P	核装置	hé zhuāng zhì
P	核讹诈	hé é zhà
P	核试验	hé shì yàn
P	核黄素	hé huáng sù
P	根指数	gēn zhǐ shù
P	根据地	gēn jù dì
P	根瘤菌	gēn liú jūn
P	栽跟头	zāi gēn tou
P	桃花扇	táo huā shàn
P	桌面上	zhuō miàn shàng
P	桑拿浴	sāng ná yù
P	桑葚儿	sāng rèn er
P	桡动脉	ráo dòng mài
P	桥头堡	qiáo tóu bǎo
P	梅花奖	méi huā jiǎng
P	梆子腔	bāng zi qiāng
P	梵哑铃	fàn yǎ líng
P	棉大衣	mián dà yī
P	棉猴儿	mián hóu er
P	棉纤维	mián xiān wéi
P	棉织品	mián zhī pǐn
P	棍儿茶	gùn ér chá
P	棒子面	bàng zi miàn
P	椰子树	yē zi shù
P	楼梯间	lóu tī jiān
P	概念化	gài niàn huà
P	概括性	gài kuò xìng
P	概率论	gài lǜ lùn
P	概言之	gài yán zhī
P	榆叶梅	yú yè méi
P	榨油厂	zhà yóu chǎng
P	榴弹炮	liú dàn pào
P	榴霰弹	liú xiàn dàn
P	模特儿	mó tè ér
P	横切面	héng qiē miàn
P	横坐标	héng zuò biāo
P	横断面	héng duàn miàn
P	横纹肌	héng wén jī
P	橄榄枝	gǎn lǎn zhī
P	橄榄石	gǎn lǎn shí
P	橄榄绿	gǎn lǎn lǜ
P	橄榄色	gǎn lǎn sè
P	橘子汁	jú zi zhī
P	橡皮圈	xiàng pí quān
P	橡皮泥	xiàng pí ní
P	橡皮筏	xiàng pí fá
P	橡皮糖	xiàng pí táng
P	橡皮膏	xiàng pí gāo
P	橡皮艇	xiàng pí tǐng
P	檀香扇	tán xiāng shàn
P	檀香木	tán xiāng mù
P	次大陆	cì dà lù
P	歇后语	xiē hòu yǔ
P	歌于斯	gē yú sī
P	歌仔戏	gē zǐ xì
P	歌咏队	gē yǒng duì
P	歌唱家	gē chàng jiā
P	歌片儿	gē piān er
P	歌舞伎	gē wǔ jì
P	止血剂	zhǐ xuè jì
P	正义性	zhèng yì xìng
P	正义感	zhèng yì gǎn
P	正字法	zhèng zì fǎ
P	正当中	zhèng dāng zhōng
P	正当年	zhèng dāng nián
P	正当时	zhèng dāng shí
P	正方形	zhèng fāng xíng
P	正日子	zhèng rì zi
P	正比例	zhèng bǐ lì
P	正电荷	zhèng diàn hè
P	正规军	zhèng guī jūn
P	正规战	zhèng guī zhàn
P	正音法	zhèng yīn fǎ
P	武当山	wǔ dāng shān
P	死亡率	sǐ wáng lǜ
P	死亡线	sǐ wáng xiàn
P	死劲儿	sǐ jìng er
P	死对头	sǐ duì tou
P	死扣儿	sǐ kòu er
P	死火山	sǐ huǒ shān
P	死老虎	sǐ lǎo hǔ
P	死胡同	sǐ hú tòng
P	死读书	sǐ dú shū
P	殊不知	shū bù zhī
P	残疾车	cán jí chē
P	残运会	cán yùn huì
P	殖民地	zhí mín dì
P	母夜叉	mǔ yè chā
P	毒瓦斯	dú wǎ sī
P	毒辣辣	dú là là
P	比例尺	bǐ lì chǐ
P	比得上	bǐ dé shàng
P	毛丫头	máo yā tou
P	毛利率	máo lì lǜ
P	毛南族	máo nán zú
P	毛地黄	máo dì huáng
P	毛巾被	máo jīn bèi
P	毛毛雨	máo máo yǔ
P	毛泽东	máo zé dōng
P	毛白杨	máo bái yáng
P	毛笔字	máo bǐ zì
P	毛织品	máo zhī pǐn
P	毛背心	máo bèi xīn
P	毛茸茸	máo róng róng
P	气不公	qì bù gōng
P	气不过	qì bù guò
P	气冲冲	qì chōng chōng
P	气压表	qì yā biǎo
P	气吁吁	qì xū xū
P	气头上	qì tóu shàng
P	气象台	qì xiàng tái
P	气轮机	qì lún jī
P	氧化汞	yǎng huà gǒng
P	氧化物	yǎng huà wù
P	氧化铜	yǎng huà tóng
P	氧气瓶	yǎng qì píng
P	氯化物	lǜ huà wù
P	氯化钠	lǜ huà nà
P	氯化钾	lǜ huà jiǎ
P	氰化物	qíng huà wù
P	氰化钾	qíng huà jiǎ
P	水刷石	shuǐ shuā shí
P	水压机	shuǐ yā jī
P	水合物	shuǐ hé wù
P	水循环	shuǐ xún huán
P	水文站	shuǐ wén zhàn
P	水晶石	shuǐ jīng shí
P	水曲柳	shuǐ qū liǔ
P	水果糖	shuǐ guǒ táng
P	水洗布	shuǐ xǐ bù
P	水浇地	shuǐ jiāo dì
P	水浒传	shuǐ hǔ zhuàn
P	水浮莲	shuǐ fú lián
P	水淋淋	shuǐ lín lín
P	水漂儿	shuǐ piǎo ér
P	水火棍	shuǐ huǒ gùn
P	水磨石	shuǐ mó shí
P	水舀子	shuǐ yǎo zi
P	水落管	shuǐ luò guǎn
P	水蛇腰	shuǐ shé yāo
P	水轮机	shuǐ lún jī
P	水龙头	shuǐ lóng tóu
P	求知欲	qiú zhī yù
P	汇款单	huì kuǎn dān
P	汉堡包	hàn bǎo bāo
P	汉学家	hàn xué jiā
P	汕头市	shàn tóu shì
P	汗津津	hàn jīn jīn
P	汗涔涔	hàn cén cén
P	汗淋淋	hàn lín lín
P	汗渍渍	hàn zì zì
P	汗背心	hàn bèi xīn
P	汗褂儿	hàn guà er
P	汞溴红	gǒng xiù hóng
P	江泽民	jiāng zé mín
P	江苏省	jiāng sū shěng
P	池中物	chí zhōng wù
P	汤头歌	tāng tóu gē
P	汤婆子	tāng pó zi
P	汽化热	qì huà rè
P	汽油弹	qì yóu dàn
P	沉甸甸	chén diàn diàn
P	沉降缝	chén jiàng fèng
P	沙丁鱼	shā dīng yú
P	沙发椅	shā fā yǐ
P	沙沙声	shā shā shēng
P	没事人	méi shì rén
P	没事儿	méi shì ér
P	没什么	méi shén me
P	没关系	méi guān xì
P	没出息	méi chū xī
P	没商量	méi shāng liáng
P	没多少	méi duō shǎo
P	没头脑	méi tóu nǎo
P	没奈何	mò nài hé
P	没好气	méi hǎo qì
P	没影儿	méi yǐng ér
P	没意思	méi yì si
P	没挑儿	méi tiāo er
P	没有空	méi yǒu kòng
P	没来头	méi lái tou
P	没来由	méi lái yóu
P	没样儿	méi yàng er
P	没法儿	méi fǎ ér
P	没着落	méi zhuó luò
P	没词儿	méi cí ér
P	没谱儿	méi pǔ er
P	没边儿	méi biān ér
P	没门儿	méi mén ér
P	没面子	méi miàn zi
P	沦陷区	lún xiàn qū
P	河北省	hé běi shěng
P	油嘴儿	yóu zuǐ er
P	油气流	yóu qì liú
P	油漆匠	yóu qī jiàng
P	油炸果	yóu zhá guǒ
P	油炸鬼	yóu zhá guǐ
P	油票儿	yóu piào er
P	油罐车	yóu guàn chē
P	油菜花	yóu cài huā
P	沼泽地	zhǎo zé dì
P	沿条儿	yán tiáo ér
P	泄洪道	xiè hóng dào
P	法国号	fǎ guó hào
P	法拉第	fǎ lā dì
P	泛神论	fàn shén lùn
P	泡泡纱	pào pào shā
P	泡病号	pào bìng hào
P	泡罩塔	pào zhào tǎ
P	泡蘑菇	pào mó gū
P	波斯猫	bō sī māo
P	泥娃娃	ní wá wá
P	泥水匠	ní shuǐ jiàng
P	泥瓦匠	ní wǎ jiàng
P	泥瓦工	ní wǎ gōng
P	泥石流	ní shí liú
P	泥菩萨	ní pú sà
P	泥饭碗	ní fàn wǎn
P	注射器	zhù shè qì
P	注射液	zhù shè yè
P	泼水节	pō shuǐ jié
P	洋味儿	yáng wèi er
P	洋地黄	yáng dì huáng
P	洋葱头	yáng cōng tóu
P	洒水车	sǎ shuǐ chē
P	洒狗血	sǎ gǒu xiě
P	洗发精	xǐ fà jīng
P	洗手间	xǐ shǒu jiān
P	洗染店	xǐ rǎn diàn
P	洗涤剂	xǐ dí jì
P	洗煤厂	xǐ méi chǎng
P	洗脸盆	xǐ liǎn pén
P	洗衣店	xǐ yī diàn
P	洗衣服	xǐ yī fú
P	洗衣机	xǐ yī jī
P	洗衣粉	xǐ yī fěn
P	洪泽湖	hóng zé hú
P	活动室	huó dòng shì
P	活动家	huó dòng jiā
P	活地图	huó dì tú
P	活地狱	huó dì yù
P	活教材	huó jiào cái
P	活见鬼	huó jiàn guǐ
P	活阎王	huó yán wáng
P	活靶子	huó bǎ zi
P	活鲜鲜	huó xiān xiān
P	洽谈会	qià tán huì
P	派不是	pài bú shì
P	派活儿	pài huó er
P	流失率	liú shī lǜ
P	流失生	liú shī shēng
P	流星雨	liú xīng yǔ
P	流行病	liú xíng bìng
P	流行色	liú xíng sè
P	流转税	liú zhuǎn shuì
P	流通券	liú tōng quàn
P	浅浮雕	qiǎn fú diāo
P	测量学	cè liáng xué
P	济南市	jǐ nán shì
P	浑球儿	hún qiú er
P	浒墅关	xǔ shù guān
P	浙江省	zhè jiāng shěng
P	浮夸风	fú kuā fēng
P	海南岛	hǎi nán dǎo
P	海南省	hǎi nán shěng
P	海参崴	hǎi shēn wēi
P	海平线	hǎi píng xiàn
P	海水浴	hǎi shuǐ yù
P	海洋权	hǎi yáng quán
P	海王星	hǎi wáng xīng
P	消化腺	xiāo huà xiàn
P	消化道	xiāo huà dào
P	消化酶	xiāo huà méi
P	消毒柜	xiāo dú guì
P	消炎片	xiāo yán piàn
P	消石灰	xiāo shí huī
P	涉及面	shè jí miàn
P	涎着脸	xián zhe liǎn
P	涡轮机	wō lún jī
P	涮羊肉	shuàn yáng ròu
P	液压油	yè yā yóu
P	淋浴器	lín yù qì
P	淘气包	táo qì bāo
P	深加工	shēn jiā gōng
P	混日子	hùn rì zi
P	混球儿	hùn qiú er
P	混血儿	hùn xuè ér
P	清君侧	qīng jūn cè
P	清明节	qīng míng jié
P	清洁车	qīng jié chē
P	渎职罪	dú zhí zuì
P	温度表	wēn dù biǎo
P	温度计	wēn dù jì
P	港务局	gǎng wù jú
P	港味儿	gǎng wèi er
P	游园会	yóu yuán huì
P	游戏卡	yóu xì kǎ
P	游艺机	yóu yì jī
P	湘夫人	xiāng fū rén
P	湘妃竹	xiāng fēi zhú
P	湘方言	xiāng fāng yán
P	湿乎乎	shī hū hū
P	湿度计	shī dù jì
P	湿淋淋	shī lín lín
P	溜冰场	liū bīng chǎng
P	溜旱冰	liū hàn bīng
P	溜溜转	liū liū zhuàn
P	溜肩膀	liū jiān bǎng
P	溶解度	róng jiě dù
P	滑冰场	huá bīng chǎng
P	滑石粉	huá shí fěn
P	滑稽剧	huá jī jù
P	滑稽戏	huá jī xì
P	滑雪衫	huá xuě shān
P	滚动式	gǔn dòng shì
P	滚雪球	gǔn xuě qiú
P	满堂红	mǎn táng hóng
P	满江红	mǎn jiāng hóng
P	满负荷	mǎn fù hè
P	滨海区	bīn hǎi qū
P	滴溜儿	dī liù ér
P	滴溜溜	dī liū liū
P	漂亮话	piào liàng huà
P	漂白粉	piǎo bái fěn
P	漆包线	qī bāo xiàn
P	演兵场	yǎn bīng chǎng
P	演奏家	yǎn zòu jiā
P	演播厅	yǎn bō tīng
P	演职员	yǎn zhí yuán
P	漫反射	màn fǎn shè
P	潘多拉	pān duō lā
P	潜伏期	qián fú qī
P	潜台词	qián tái cí
P	潜意识	qián yì shí
P	潜水员	qián shuǐ yuán
P	潜水泵	qián shuǐ bèng
P	潮乎乎	cháo hū hū
P	激将法	jī jiàng fǎ
P	激进派	jī jìn pài
P	灌溉渠	guàn gài qú
P	灌米汤	guàn mǐ tāng
P	火化场	huǒ huà chǎng
P	火头上	huǒ tóu shàng
P	火头军	huǒ tóu jūn
P	火把节	huǒ bǎ jié
P	火星子	huǒ xīng zi
P	火电站	huǒ diàn zhàn
P	火箭炮	huǒ jiàn pào
P	火罐儿	huǒ guàn er
P	火药库	huǒ yào kù
P	火车头	huǒ chē tóu
P	灭火剂	miè huǒ jì
P	灯笼裤	dēng lóng kù
P	灰沉沉	huī chén chén
P	灰溜溜	huī liū liū
P	灰蒙蒙	huī méng méng
P	灵敏度	líng mǐn dù
P	灵芝草	líng zhī cǎo
P	灵长目	líng zhǎng mù
P	灶王爷	zào wáng yé
P	炉甘石	lú gān shí
P	炉箅子	lú bì zi
P	炊事员	chuī shì yuán
P	炊事班	chuī shì bān
P	炒地皮	chǎo dì pí
P	炒肝儿	chǎo gān er
P	炒股票	chǎo gǔ piào
P	炭火盆	tàn huǒ pén
P	炮子儿	pào zǐ er
P	炮筒子	pào tǒng zi
P	炸丸子	zhá wán zǐ
P	炸元宵	zhá yuán xiāo
P	炸弹坑	zhà dàn kēng
P	炸油条	zhá yóu tiáo
P	炸油饼	zhá yóu bǐng
P	炸药包	zhà yào bāo
P	炸鸡蛋	zhá jī dàn
P	炼油厂	liàn yóu chǎng
P	炼金术	liàn jīn shù
P	烂泥塘	làn ní táng
P	烈军属	liè jūn shǔ
P	烘干机	hōng gān jī
P	烟卷儿	yān juǎn ér
P	烟嘴儿	yān zuǐ er
P	烟幕弹	yān mù dàn
P	烟雾弹	yān wù dàn
P	热传导	rè chuán dǎo
P	热哄哄	rè hǒng hǒng
P	热处理	rè chǔ lǐ
P	热得快	rè de kuài
P	热效应	rè xiào yìng
P	热水澡	rè shuǐ zǎo
P	热电厂	rè diàn chǎng
P	热辐射	rè fú shè
P	烽火台	fēng huǒ tái
P	焦圈儿	jiāo quān ér
P	煞风景	shā fēng jǐng
P	煤核儿	méi hú ér
P	煤气炉	méi qì lú
P	煤气管	méi qì guǎn
P	煤气表	méi qì biǎo
P	煤油炉	méi yóu lú
P	煤矸石	méi gān shí
P	照排机	zhào pái jī
P	照明弹	zhào míng dàn
P	照明灯	zhào míng dēng
P	照相机	zhào xiàng jī
P	照相版	zhào xiàng bǎn
P	照相簿	zhào xiàng bù
P	照相纸	zhào xiàng zhǐ
P	照面儿	zhào miàn er
P	熊爪子	xióng zhuǎ zi
P	熏蒸剂	xūn zhēng jì
P	熏蚊子	xūn wén zi
P	熏豆腐	xūn dòu fǔ
P	熟石灰	shú shí huī
P	熟石膏	shú shí gāo
P	熬出头	áo chū tóu
P	燃烧弹	rán shāo dàn
P	燕尾服	yàn wěi fú
P	燕麦粥	yàn mài zhōu
P	燧人氏	suì rén shì
P	爆发力	bào fā lì
P	爪尖儿	zhuǎ jiān er
P	爱面子	ài miàn zi
P	爵士乐	jué shì yuè
P	父亲节	fù qīn jié
P	父权制	fù quán zhì
P	父母官	fù mǔ guān
P	片假名	piàn jiǎ míng
P	片儿汤	piān er tāng
P	片面性	piàn miàn xìng
P	牛仔服	niú zǎi fú
P	牛仔裤	niú zǎi kù
P	牛头刨	niú tóu bào
P	牛毛雨	niú máo yǔ
P	牛犊子	niú dú zi
P	牛蒡子	niú bàng zi
P	牛角尖	niú jiǎo jiān
P	牛郎星	niú láng xīng
P	牡丹花	mǔ dān huā
P	牧羊人	mù yáng rén
P	物理量	wù lǐ liàng
P	特大号	tè dà hào
P	特殊化	tè shū huà
P	特殊性	tè shū xìng
P	特派员	tè pài yuán
P	特长生	tè cháng shēng
P	犯不上	fàn bù shàng
P	犯不着	fàn bù zháo
P	犯得上	fàn děi shàng
P	犯得着	fàn de zháo
P	犯节气	fàn jié qì
P	犹太教	yóu tài jiào
P	狂想曲	kuáng xiǎng qǔ
P	狂欢节	kuáng huān jié
P	狗尾草	gǒu wěi cǎo
P	独个儿	dú gè er
P	独奏曲	dú zòu qǔ
P	独生女	dú shēng nǚ
P	独立性	dú lì xìng
P	独脚戏	dú jiǎo xì
P	独角戏	dú jiǎo xì
P	独轮车	dú lún chē
P	狭心症	xiá xīn zhèng
P	狮子会	shī zi huì
P	狮子头	shī zi tóu
P	猩红热	xīng hóng rè
P	猪倌儿	zhū guān er
P	猪头肉	zhū tóu ròu
P	猪笼草	zhū lóng cǎo
P	猪肚儿	zhū dǔ er
P	猫头鹰	māo tóu yīng
P	猫爪子	māo zhuǎ zi
P	猫耳洞	māo ěr dòng
P	献殷勤	xiàn yīn qín
P	猴儿急	hóu er jí
P	猴头菌	hóu tóu jūn
P	玉兰片	yù lán piàn
P	玉米油	yù mǐ yóu
P	玉米片	yù mǐ piàn
P	玉米秸	yù mǐ jiē
P	玉米螟	yù mǐ míng
P	王八蛋	wáng bā dàn
P	王天下	wàng tiān xià
P	王老五	wáng lǎo wǔ
P	玩儿票	wán ér piào
P	玩花样	wán huā yàng
P	玫瑰红	méi guī hóng
P	玫瑰香	méi guī xiāng
P	现代化	xiàn dài huà
P	现代戏	xiàn dài xì
P	现场会	xiàn chǎng huì
P	现大洋	xiàn dà yáng
P	现实性	xiàn shí xìng
P	现行法	xiàn xíng fǎ
P	现行犯	xiàn xíng fàn
P	玻璃杯	bō lí bēi
P	玻璃碴	bō lí chá
P	玻璃窗	bō lí chuāng
P	玻璃纸	bō lí zhǐ
P	玻璃钢	bō lí gāng
P	珍珠贝	zhēn zhū bèi
P	珍珠霜	zhēn zhū shuāng
P	珠宝商	zhū bǎo shāng
P	理事国	lǐ shì guó
P	理发馆	lǐ fà guǎn
P	理论上	lǐ lùn shàng
P	理论界	lǐ lùn jiè
P	琵琶行	pí pá xíng
P	琵琶骨	pí pá gǔ
P	瓜子儿	guā zi er
P	瓦岗军	wǎ gāng jūn
P	瓦楞子	wǎ léng zǐ
P	瓦楞纸	wǎ léng zhǐ
P	瓦窑堡	wǎ yáo bǔ
P	甚至于	shèn zhì yú
P	甜味儿	tián wèi er
P	甜面酱	tián miàn jiàng
P	生产率	shēng chǎn lǜ
P	生死簿	shēng sǐ bù
P	生死观	shēng sǐ guān
P	生殖器	shēng zhí qì
P	生活照	shēng huó zhào
P	生物圈	shēng wù quān
P	生物电	shēng wù diàn
P	生石灰	shēng shí huī
P	生石膏	shēng shí gāo
P	生育率	shēng yù lǜ
P	生还者	shēng huán zhě
P	生长期	shēng zhǎng qī
P	生长点	shēng zhǎng diǎn
P	生闷气	shēng mèn qì
P	用工夫	yòng gōng fū
P	用心思	yòng xīn sī
P	用材林	yòng cái lín
P	由不得	yóu bù dé
P	甲骨文	jiǎ gǔ wén
P	电位差	diàn wèi chà
P	电冰柜	diàn bīng guì
P	电功率	diàn gōng lǜ
P	电势差	diàn shì chà
P	电压表	diàn yā biǎo
P	电压计	diàn yā jì
P	电吹风	diàn chuī fēng
P	电度表	diàn dù biǎo
P	电影厅	diàn yǐng tīng
P	电影周	diàn yǐng zhōu
P	电影片	diàn yǐng piān
P	电教馆	diàn jiào guǎn
P	电暖器	diàn nuǎn qì
P	电气化	diàn qì huà
P	电气石	diàn qì shí
P	电水壶	diàn shuǐ hú
P	电火锅	diàn huǒ guō
P	电灯泡	diàn dēng pào
P	电烙铁	diàn lào tiě
P	电烤炉	diàn kǎo lú
P	电热器	diàn rè qì
P	电焊机	diàn hàn jī
P	电熨斗	diàn yùn dǒu
P	电瓶车	diàn píng chē
P	电石气	diàn shí qì
P	电磁场	diàn cí chǎng
P	电线杆	diàn xiàn gān
P	电能表	diàn néng biǎo
P	电脉冲	diàn mài chōng
P	电褥子	diàn rù zi
P	电视台	diàn shì tái
P	电视柜	diàn shì guì
P	电视片	diàn shì piàn
P	电视网	diàn shì wǎng
P	电解质	diàn jiě zhì
P	电路板	diàn lù bǎn
P	电阻率	diàn zǔ lǜ
P	电风扇	diàn fēng shàn
P	男中音	nán zhōng yīn
P	男傧相	nán bīn xiàng
P	男孩儿	nán hái er
P	男孩子	nán hái zi
P	男性病	nán xìng bìng
P	画圈儿	huà quān er
P	画片儿	huà piàn er
P	画等号	huà děng hào
P	画肖像	huà xiào xiàng
P	畅想曲	chàng xiǎng qǔ
P	留余地	liú yú dì
P	留守处	liú shǒu chù
P	留尾巴	liú wěi ba
P	畜牧业	xù mù yè
P	畜牧场	xù mù chǎng
P	番木瓜	fān mù guā
P	番石榴	fān shí liú
P	番红花	fān hóng huā
P	疑心病	yí xīn bìng
P	疑问句	yí wèn jù
P	疙瘩汤	gē da tāng
P	病原体	bìng yuán tǐ
P	痱子粉	fèi zǐ fěn
P	瘌痢头	là lì tóu
P	瘦猴儿	shòu hóu er
P	瘦肉型	shòu ròu xíng
P	瘾君子	yǐn jūn zǐ
P	癞蛤蟆	lài há ma
P	登山服	dēng shān fú
P	登记册	dēng jì cè
P	登陆艇	dēng lù tǐng
P	白云观	bái yún guàn
P	白令海	bái lìng hǎi
P	白兰地	bái lán dì
P	白兰花	bái lán huā
P	白内障	bái nèi zhàng
P	白刷刷	bái shuā shuā
P	白大褂	bái dà guà
P	白天鹅	bái tiān é
P	白头翁	bái tóu wēng
P	白干儿	bái gān ér
P	白晃晃	bái huǎng huǎng
P	白条子	bái tiáo zi
P	白条猪	bái tiáo zhū
P	白毛女	bái máo nǚ
P	白热化	bái rè huà
P	白玉兰	bái yù lán
P	白玩儿	bái wán er
P	白癜风	bái diàn fēng
P	白种人	bái zhǒng rén
P	白纸坊	bái zhǐ fāng
P	白茬儿	bái chá er
P	白莲教	bái lián jiào
P	白蒙蒙	bái méng méng
P	白血球	bái xuè qiú
P	白血病	bái xuè bìng
P	白铁皮	bái tiě pí
P	白骨精	bái gǔ jīng
P	百分制	bǎi fēn zhì
P	百分数	bǎi fēn shù
P	百分比	bǎi fēn bǐ
P	百分率	bǎi fēn lǜ
P	百叶窗	bǎi yè chuāng
P	百叶箱	bǎi yè xiāng
P	百合花	bǎi hé huā
P	百夫长	bǎi fū zhǎng
P	百家姓	bǎi jiā xìng
P	百家饭	bǎi jiā fàn
P	百日咳	bǎi rì ké
P	的确良	dí què liáng
P	皮包骨	pí bāo gǔ
P	皮大衣	pí dà yī
P	皮夹克	pí jiā kè
P	皮夹子	pí jiā zi
P	皮带轮	pí dài lún
P	皮影戏	pí yǐng xì
P	皱眉头	zhòu méi tou
P	盆腔炎	pén qiāng yán
P	盐碱地	yán jiǎn dì
P	盐碱滩	yán jiǎn tān
P	监事会	jiān shì huì
P	监护人	jiān hù rén
P	监控器	jiān kòng qì
P	监测器	jiān cè qì
P	监督员	jiān dū yuán
P	盖帽儿	gài mào ér
P	盘儿菜	pán er cài
P	盟兄弟	méng xiōng dì
P	盥洗室	guàn xǐ shì
P	目的地	mù dì dì
P	目的性	mù dì xìng
P	目的论	mù dì lùn
P	直勾勾	zhí gōu gōu
P	直撅撅	zhí juē juē
P	直溜溜	zhí liū liū
P	直筒子	zhí tǒng zi
P	直觉性	zhí jué xìng
P	直角尺	zhí jiǎo chǐ
P	直贡呢	zhí gòng ne
P	相反数	xiāng fǎn shù
P	相对论	xiāng duì lùn
P	相思子	xiāng sī zǐ
P	相思树	xiāng sī shù
P	相思病	xiāng sī bìng
P	相思豆	xiāng sī dòu
P	相思鸟	xiāng sī niǎo
P	相片儿	xiàng piān er
P	相结合	xiāng jié hé
P	省油灯	shěng yóu dēng
P	省略号	shěng lüè hào
P	省辖市	shěng xiá shì
P	看不上	kàn bù shàng
P	看不惯	kàn bù guàn
P	看不清	kàn bù qīng
P	看不见	kàn bú jiàn
P	看不起	kàn bù qǐ
P	看不过	kàn bù guò
P	看医生	kàn yī shēng
P	看头儿	kàn tou er
P	看守所	kān shǒu suǒ
P	看家戏	kān jiā xì
P	看家狗	kān jiā gǒu
P	看得上	kàn dé shàng
P	看得懂	kàn de dǒng
P	看得清	kàn de qīng
P	看得起	kàn de qǐ
P	看样子	kàn yàng zi
P	看笑话	kàn xiào huà
P	看财奴	kān cái nú
P	看起来	kàn qǐ lái
P	看门狗	kān mén gǒu
P	真分数	zhēn fēn shù
P	真心话	zhēn xīn huà
P	真本事	zhēn běn shì
P	真格的	zhēn gé de
P	真空泵	zhēn kōng bèng
P	真空管	zhēn kōng guǎn
P	真菌界	zhēn jùn jiè
P	眨眼间	zhǎ yǎn jiān
P	眼中钉	yǎn zhōng dīng
P	眼眶子	yǎn kuàng zi
P	眼见得	yǎn jiàn de
P	着力于	zhuó lì yú
P	着眼于	zhuó yǎn yú
P	着眼点	zhuó yǎn diǎn
P	着重号	zhuó zhòng hào
P	着重点	zhuó zhòng diǎn
P	睡懒觉	shuì lǎn jiào
P	瞎琢磨	xiā zuó mó
P	瞥一眼	piē yì yǎn
P	瞧不起	qiáo bù qǐ
P	瞧得起	qiáo de qǐ
P	瞭望台	liào wàng tái
P	瞭望哨	liào wàng shào
P	瞿塘峡	qú táng xiá
P	矛盾论	máo dùn lùn
P	矢车菊	shǐ chē jú
P	知心人	zhī xīn rén
P	知心话	zhī xīn huà
P	知情人	zhī qíng rén
P	知情权	zhī qíng quán
P	知识化	zhī shí huà
P	知识库	zhī shí kù
P	知识界	zhī shí jiè
P	知识面	zhī shí miàn
P	知青点	zhī qīng diǎn
P	短不了	duǎn bù liǎo
P	短歌行	duǎn gē xíng
P	矮个子	ǎi gè zi
P	石决明	shí jué míng
P	石头城	shí tou chéng
P	石子儿	shí zǐ er
P	石家庄	shí jiā zhuāng
P	石尤风	shí yóu fēng
P	石拱桥	shí gǒng qiáo
P	石棉瓦	shí mián wǎ
P	石榴花	shí liú huā
P	石榴裙	shí liú qún
P	石油气	shí yóu qì
P	石灰岩	shí huī yán
P	石灰水	shí huī shuǐ
P	石灰石	shí huī shí
P	石狮子	shí shī zi
P	石狮市	shí shī shì
P	石脑油	shí nǎo yóu
P	石英表	shí yīng biǎo
P	石英钟	shí yīng zhōng
P	石菖蒲	shí chāng pú
P	石钟乳	shí zhōng rǔ
P	石鼓文	shí gǔ wén
P	矿泉壶	kuàng quán hú
P	矿物油	kuàng wù yóu
P	研修班	yán xiū bān
P	研修生	yán xiū shēng
P	研究员	yán jiū yuán
P	研究室	yán jiū shì
P	研究所	yán jiū suǒ
P	研究生	yán jiū shēng
P	研讨班	yán tǎo bān
P	砖瓦厂	zhuān wǎ chǎng
P	破伤风	pò shāng fēng
P	破体字	pò tǐ zì
P	破折号	pò zhé hào
P	破烂儿	pò làn er
P	破落户	pò luò hù
P	破衣服	pò yī fú
P	硫化物	liú huà wù
P	硬任务	yìng rèn wù
P	硬环境	yìng huán jìng
P	硬着陆	yìng zhuó lù
P	硬通货	yìng tōng huò
P	碎末儿	suì mò er
P	碗碗腔	wǎn wǎn qiāng
P	碘化物	diǎn huà wù
P	碰头会	pèng tóu huì
P	碰碰车	pèng pèng chē
P	碰钉子	pèng dīng zi
P	碱金属	jiǎn jīn shǔ
P	碱面儿	jiǎn miàn er
P	碳化物	tàn huà wù
P	碳化硅	tàn huà guī
P	碳素钢	tàn sù gāng
P	磕头虫	kē tóu chóng
P	磨不开	mó bù kāi
P	磨嘴皮	mó zuǐ pí
P	磨洋工	mó yáng gōng
P	磨豆腐	mó dòu fǔ
P	社交圈	shè jiāo quān
P	社会学	shè huì xué
P	祈使句	qí shǐ jù
P	祖母绿	zǔ mǔ lǜ
P	祖父母	zǔ fù mǔ
P	祝酒歌	zhù jiǔ gē
P	神仙会	shén xiān huì
P	神女峰	shén nǚ fēng
P	禁不住	jīn bú zhù
P	禁不起	jīn bù qǐ
P	禁卫军	jìn wèi jūn
P	禁得住	jīn de zhù
P	禁得起	jīn de qǐ
P	禁忌症	jìn jì zhèng
P	禁闭室	jìn bì shì
P	福建省	fú jiàn shěng
P	离不开	lí bù kāi
P	离合器	lí hé qì
P	离心泵	lí xīn bèng
P	离退休	lí tuì xiū
P	私底下	sī dǐ xià
P	私活儿	sī huó er
P	秃尾巴	tū wěi bā
P	秃瓢儿	tū piáo er
P	种子田	zhǒng zi tián
P	种子队	zhǒng zi duì
P	种牛痘	zhòng niú dòu
P	科学家	kē xué jiā
P	科技城	kē jì chéng
P	科技界	kē jì jiè
P	科教片	kē jiào piàn
P	科研所	kē yán suǒ
P	秘书处	mì shū chù
P	租借地	zū jiè dì
P	租庸调	zū yōng diào
P	积雨云	jī yǔ yún
P	称得上	chēng de shàng
P	移动靶	yí dòng bǎ
P	稀溜溜	xī liū liū
P	税务员	shuì wù yuán
P	税务官	shuì wù guān
P	稗子面	bài zi miàn
P	稻瘟病	dào wēn bìng
P	究其实	jiū qí shí
P	穷讲究	qióng jiǎng jiū
P	穷骨头	qióng gú tou
P	空包弹	kōng bāo dàn
P	空城计	kōng chéng jì
P	空对空	kōng duì kōng
P	空心砖	kōng xīn zhuān
P	空手道	kōng shǒu dào
P	空架子	kōng jià zi
P	空欢喜	kōng huān xǐ
P	空气浴	kōng qì yù
P	空洞洞	kōng dòng dòng
P	空白点	kòng bái diǎn
P	空荡荡	kōng dàng dàng
P	空落落	kōng luò luò
P	空调病	kōng tiáo bìng
P	空间站	kōng jiān zhàn
P	穿堂门	chuān táng mén
P	穿堂风	chuān táng fēng
P	穿甲弹	chuān jiǎ dàn
P	穿衣服	chuān yī fú
P	穿透力	chuān tòu lì
P	突击手	tū jī shǒu
P	窗格子	chuāng gé zi
P	窝囊废	wō nāng fèi
P	窝囊气	wō nāng qì
P	窝窝头	wō wō tóu
P	窝边草	wō biān cǎo
P	窝里反	wō li fǎn
P	立体声	lì tǐ shēng
P	立体感	lì tǐ gǎn
P	立方体	lì fāng tǐ
P	站台票	zhàn tái piào
P	站柜台	zhàn guì tái
P	站起来	zhàn qǐ lái
P	端午节	duān wǔ jié
P	竹制品	zhú zhì pǐn
P	竹叶青	zhú yè qīng
P	竹帘子	zhú lián zi
P	竹枝词	zhú zhī cí
P	竹签儿	zhú qiān er
P	竹篓子	zhú lǒu zi
P	笋干儿	sǔn gān er
P	笑呵呵	xiào hē hē
P	笑咧咧	xiào liē liē
P	笑哈哈	xiào hā hā
P	笑眯眯	xiào mī mī
P	笔头儿	bǐ tou er
P	笔底下	bǐ dǐ xià
P	笔杆儿	bǐ gǎn ér
P	符号论	fú hào lùn
P	第一名	dì yì míng
P	等一下	děng yí xià
P	等不及	děng bù jí
P	等价物	děng jià wù
P	等压线	děng yā xiàn
P	等级制	děng jí zhì
P	等距离	děng jù lí
P	答茬儿	dá chá ér
P	答辩会	dá biàn huì
P	策源地	cè yuán dì
P	签到簿	qiān dào bù
P	简体字	jiǎn tǐ zì
P	简分数	jiǎn fēn shù
P	简化字	jiǎn huà zì
P	简单化	jiǎn dān huà
P	管乐器	guǎn yuè qì
P	管乐队	guǎn yuè duì
P	管儿灯	guǎn er dēng
P	管家婆	guǎn jiā pó
P	管弦乐	guǎn xián yuè
P	管教所	guǎn jiào suǒ
P	管风琴	guǎn fēng qín
P	篆刻家	zhuàn kè jiā
P	米豆腐	mǐ dòu fǔ
P	类毒素	lèi dú sù
P	类风湿	lèi fēng shī
P	粉碎性	fěn suì xìng
P	粗加工	cū jiā gōng
P	粗活儿	cū huó er
P	粗花呢	cū huā ní
P	粘信封	zhān xìn fēng
P	粘合剂	nián hé jì
P	精加工	jīng jiā gōng
P	精子库	jīng zi kù
P	精密度	jīng mì dù
P	精确度	jīng què dù
P	精确性	jīng què xìng
P	精装本	jīng zhuāng běn
P	精饲料	jīng sì liào
P	糊涂虫	hú tú chóng
P	糊涂蛋	hú tú dàn
P	糊涂账	hú tú zhàng
P	糖人儿	táng rén er
P	糖块儿	táng kuài er
P	糖尿病	táng niào bìng
P	糖萝卜	táng luó bo
P	系列剧	xì liè jù
P	系列化	xì liè huà
P	系统化	xì tǒng huà
P	系绳子	jì shéng zǐ
P	系铃人	xì líng rén
P	系鞋带	jì xié dài
P	紧绷绷	jǐn bēng bēng
P	紫石英	zǐ shí yīng
P	紫禁城	zǐ jìn chéng
P	紫穗槐	zǐ suì huái
P	紫阳观	zǐ yáng guān
P	累垮了	lèi kuǎ le
P	累活儿	lèi huó er
P	累进税	lèi jìn shuì
P	繁体字	fán tǐ zì
P	纠察队	jiū chá duì
P	红卫兵	hóng wèi bīng
P	红外线	hóng wài xiàn
P	红宝石	hóng bǎo shí
P	红小豆	hóng xiǎo dòu
P	红小鬼	hóng xiǎo guǐ
P	红帽子	hóng mào zi
P	红彤彤	hóng tóng tóng
P	红扑扑	hóng pū pū
P	红旗手	hóng qí shǒu
P	红楼梦	hóng lóu mèng
P	红模子	hóng mú zǐ
P	红殷殷	hóng yīn yīn
P	红水河	hóng shuǐ hé
P	红澄澄	hóng chéng chéng
P	红灯区	hóng dēng qū
P	红烧肉	hóng shāo ròu
P	红皮书	hóng pí shū
P	红眼病	hóng yǎn bìng
P	红细胞	hóng xì bāo
P	红绿灯	hóng lǜ dēng
P	红缨枪	hóng yīng qiāng
P	红艳艳	hóng yàn yàn
P	红药水	hóng yào shuǐ
P	红蜘蛛	hóng zhī zhū
P	红血球	hóng xuè qiú
P	红豆蔻	hóng dòu kòu
P	红通通	hóng tōng tōng
P	红霉素	hóng méi sù
P	红领巾	hóng lǐng jīn
P	红领章	hóng lǐng zhāng
P	纤毛虫	xiān máo chóng
P	纤维板	xiān wéi bǎn
P	纤维瘤	xiān wéi liú
P	纤维素	xiān wéi sù
P	纪传体	jì zhuàn tǐ
P	纪律性	jì lǜ xìng
P	纪念册	jì niàn cè
P	纪念卡	jì niàn kǎ
P	纪念品	jì niàn pǐn
P	纪念堂	jì niàn táng
P	纪念塔	jì niàn tǎ
P	纪念封	jì niàn fēng
P	纪念币	jì niàn bì
P	纪念日	jì niàn rì
P	纪念物	jì niàn wù
P	纪念碑	jì niàn bēi
P	纪念章	jì niàn zhāng
P	纪念馆	jì niàn guǎn
P	纯收入	chún shōu rù
P	纳闷儿	nà mèn ér
P	纵剖面	zòng pōu miàn
P	纵坐标	zòng zuò biāo
P	纵断面	zòng duàn miàn
P	纵横家	zòng héng jiā
P	纺织品	fǎng zhī pǐn
P	纺织娘	fǎng zhī niáng
P	线坯子	xiàn pī zi
P	线手套	xiàn shǒu tào
P	线粒体	xiàn lì tǐ
P	线装本	xiàn zhuāng běn
P	线路图	xiàn lù tú
P	线路板	xiàn lù bǎn
P	练习曲	liàn xí qǔ
P	练习簿	liàn xí bù
P	练功房	liàn gōng fáng
P	组合式	zǔ hé shì
P	组合柜	zǔ hé guì
P	组委会	zǔ wěi huì
P	组织上	zǔ zhī shàng
P	组织学	zǔ zhī xué
P	组织性	zǔ zhī xìng
P	组织法	zǔ zhī fǎ
P	组织液	zǔ zhī yè
P	细屑子	xì xiè zi
P	细活儿	xì huó er
P	细溜溜	xì liū liū
P	细腰蜂	xì yāo fēng
P	细菌域	xì jùn yù
P	细菌界	xì jùn jiè
P	织女星	zhī nǚ xīng
P	织布机	zhī bù jī
P	织锦缎	zhī jǐn duàn
P	终身制	zhōng shēn zhì
P	绊脚石	bàn jiǎo shí
P	绍兴戏	shào xīng xì
P	绍兴酒	shào xīng jiǔ
P	经常化	jīng cháng huà
P	经济师	jīng jì shī
P	经济林	jīng jì lín
P	经济法	jīng jì fǎ
P	经纪人	jīng jì rén
P	经纬度	jīng wěi dù
P	经营权	jīng yíng quán
P	经销点	jīng xiāo diǎn
P	结合部	jié hé bù
P	结婚照	jié hūn zhào
P	结晶体	jié jīng tǐ
P	结束语	jié shù yǔ
P	结核病	jié hé bìng
P	结核菌	jié hé jūn
P	结膜炎	jié mó yán
P	绕口令	rào kǒu lìng
P	绕圈子	rào quān zi
P	绕远儿	rào yuǎn ér
P	给水器	jǐ shuǐ qì
P	给水站	jǐ shuǐ zhàn
P	给水管	jǐ shuǐ guǎn
P	给水箱	jǐ shuǐ xiāng
P	给面子	gěi miàn zi
P	络腮胡	luò sāi hú
P	绝对化	jué duì huà
P	绝缘体	jué yuán tǐ
P	绝缘性	jué yuán xìng
P	统一体	tǒng yī tǐ
P	统帅部	tǒng shuài bù
P	统计员	tǒng jì yuán
P	绣花针	xiù huā zhēn
P	绷场面	bēng chǎng miàn
P	绿化带	lǜ huà dài
P	绿帽子	lǜ mào zi
P	绿豆蝇	lǜ dòu yíng
P	缉私艇	jī sī tǐng
P	缌麻服	sī má fú
P	缔约国	dì yuē guó
P	编年体	biān nián tǐ
P	编织品	biān zhī pǐn
P	编织物	biān zhī wù
P	编织袋	biān zhī dài
P	缝合线	féng hé xiàn
P	缝扣子	féng kòu zi
P	缝纫机	féng rèn jī
P	缝被子	féng bèi zi
P	缩写本	suō xiě běn
P	缩水率	suō shuǐ lǜ
P	缩略语	suō lüè yǔ
P	缩砂密	sù shā mì
P	缫丝厂	sāo sī chǎng
P	罐头盒	guàn tou hé
P	网络化	wǎng luò huà
P	罗圈腿	luó quān tuǐ
P	罗非鱼	luó fēi yú
P	罚没款	fá mò kuǎn
P	羊毛脂	yáng máo zhī
P	羊毛衣	yáng máo yī
P	羊毛衫	yáng máo shān
P	羊痫风	yáng xián fēng
P	羊癫风	yáng diān fēng
P	羊皮筏	yáng pí fá
P	羊皮纸	yáng pí zhǐ
P	羊绒衫	yáng róng shān
P	羊肉串	yáng ròu chuàn
P	羊肠线	yáng cháng xiàn
P	羊角风	yáng jiǎo fēng
P	美容术	měi róng shù
P	美术字	měi shù zì
P	美术家	měi shù jiā
P	美术片	měi shù piàn
P	美术界	měi shù jiè
P	美男子	měi nán zǐ
P	美食家	měi shí jiā
P	羚羊角	líng yáng jiǎo
P	羞答答	xiū dā dā
P	群英会	qún yīng huì
P	翘尾巴	qiào wěi ba
P	翘舌音	qiào shé yīn
P	翘辫子	qiào biàn zi
P	翻个儿	fān gè ér
P	翻斗车	fān dǒu chē
P	翻本儿	fān běn er
P	翻筋斗	fān jīn dǒu
P	翻跟头	fān gēn tou
P	翻跟斗	fān gēn dǒu
P	翻车鱼	fān chē yú
P	老中青	lǎo zhōng qīng
P	老人家	lǎo rén jiā
P	老伯伯	lǎo bó bo
P	老佛爷	lǎo fó yé
P	老北京	lǎo běi jīng
P	老处女	lǎo chǔ nǚ
P	老大哥	lǎo dà gē
P	老大姐	lǎo dà jiě
P	老大娘	lǎo dà niáng
P	老大爷	lǎo dà yé
P	老大难	lǎo dà nàn
P	老夫子	lǎo fū zǐ
P	老头儿	lǎo tou er
P	老头子	lǎo tóu zi
P	老好人	lǎo hǎo rén
P	老婆婆	lǎo pó po
P	老实人	lǎo shí rén
P	老干部	lǎo gàn bù
P	老年斑	lǎo nián bān
P	老年病	lǎo nián bìng
P	老本儿	lǎo běn er
P	老本行	lǎo běn háng
P	老来俏	lǎo lái qiào
P	老来少	lǎo lái shào
P	老板桌	lǎo bǎn zhuō
P	老油条	lǎo yóu tiáo
P	老熟人	lǎo shú rén
P	老疙瘩	lǎo gē da
P	老相识	lǎo xiāng shí
P	老糊涂	lǎo hú tú
P	老面孔	lǎo miàn kǒng
P	老骨头	lǎo gú tou
P	老鼠夹	lǎo shǔ jiā
P	考勤簿	kǎo qín bù
P	考据学	kǎo jù xué
P	耍单儿	shuǎ dān ér
P	耍威风	shuǎ wēi fēng
P	耍态度	shuǎ tài dù
P	耍把戏	shuǎ bǎ xì
P	耍排场	shuǎ pái chǎng
P	耍流氓	shuǎ liú máng
P	耍滑头	shuǎ huá tóu
P	耍笔杆	shuǎ bǐ gǎn
P	耗子药	hào zi yào
P	耳掴子	ěr guāi zi
P	耳旁风	ěr páng fēng
P	耳边风	ěr biān fēng
P	耶和华	yē hé huá
P	耶稣会	yē sū huì
P	耶稣教	yē sū jiào
P	聋哑人	lóng yǎ rén
P	职业装	zhí yè zhuāng
P	职代会	zhí dài huì
P	联合体	lián hé tǐ
P	联合国	lián hé guó
P	联合机	lián hé jī
P	联络员	lián luò yuán
P	聘任制	pìn rèn zhì
P	聘用制	pìn yòng zhì
P	肉中刺	ròu zhōng cì
P	肉制品	ròu zhì pǐn
P	肉孜节	ròu zī jié
P	肉末儿	ròu mò er
P	肉片儿	ròu piàn er
P	肉馅儿	ròu xiàn er
P	肋膜炎	lē mó yán
P	肖像权	xiào xiàng quán
P	肖像画	xiào xiàng huà
P	肘关节	zhǒu guān jié
P	肚子痛	dù zi tòng
P	肚子饿	dù zi è
P	肝功能	gān gōng néng
P	肝硬化	gān yìng huà
P	肠胃病	cháng wèi bìng
P	股份制	gǔ fèn zhì
P	肥皂泡	féi zào pào
P	肩胛骨	jiān jiǎ gǔ
P	肯不肯	kěn bù kěn
P	肺动脉	fèi dòng mài
P	肺活量	fèi huó liàng
P	肺结核	fèi jié hé
P	肺静脉	fèi jìng mài
P	肾结石	shèn jié shí
P	胃溃疡	wèi kuì yáng
P	胃穿孔	wèi chuān kǒng
P	胆囊炎	dǎn náng yán
P	胆结石	dǎn jié shí
P	背不住	bèi bú zhù
P	背光性	bèi guāng xìng
P	背包袱	bēi bāo fú
P	背地里	bèi dì lǐ
P	背带裙	bēi dài qún
P	背带裤	bēi dài kù
P	背搭子	bèi dā zi
P	背日性	bèi rì xìng
P	背水阵	bèi shuǐ zhèn
P	背着手	bèi zhe shǒu
P	背靠背	bèi kào bèi
P	背风面	bèi fēng miàn
P	背黑锅	bēi hēi guō
P	胖大海	pàng dà hǎi
P	胖头鱼	pàng tóu yú
P	胞兄弟	bāo xiōng dì
P	胡萝卜	hú luó bo
P	胭脂红	yān zhī hóng
P	胳肢窝	gē zhī wō
P	胳膊肘	gē bó zhǒu
P	胶合板	jiāo hé bǎn
P	能动性	néng dòng xìng
P	能见度	néng jiàn dù
P	脂肪瘤	zhī fáng liú
P	脉管炎	mài guǎn yán
P	脊梁骨	jǐ liáng gǔ
P	脊椎骨	jǐ zhuī gǔ
P	脏乱差	zāng luàn chà
P	脏字儿	zāng zì er
P	脏活儿	zāng huó er
P	脏稀稀	zāng xī xī
P	脏衣服	zāng yī fú
P	脑充血	nǎo chōng xuè
P	脑勺儿	nǎo sháo er
P	脑溢血	nǎo yì xuè
P	脑血栓	nǎo xuè shuān
P	脑血管	nǎo xuè guǎn
P	脑贫血	nǎo pín xuè
P	脖梗儿	bó gěng er
P	脖颈子	bó gěng zi
P	脱衣服	tuō yī fú
P	腊八粥	là bā zhōu
P	腐殖质	fǔ zhí zhì
P	腮帮子	sāi bāng zi
P	腰杆子	yāo gǎn zi
P	腹膜炎	fù mó yán
P	腿肚子	tuǐ dù zi
P	膝关节	xī guān jié
P	膝盖骨	xī gài gǔ
P	膨体纱	péng tǐ shā
P	自个儿	zì gě ér
P	自供状	zì gòng zhuàng
P	自信心	zì xìn xīn
P	自决权	zì jué quán
P	自动化	zì dòng huà
P	自动门	zì dòng mén
P	自助餐	zì zhù cān
P	自各儿	zì gě ér
P	自大狂	zì dà kuáng
P	自家人	zì jiā rén
P	自来红	zì lái hóng
P	自治区	zì zhì qū
P	自治县	zì zhì xiàn
P	自然段	zì rán duàn
P	自由港	zì yóu gǎng
P	自留地	zì liú dì
P	自留畜	zì liú chù
P	自行车	zì xíng chē
P	自觉性	zì jué xìng
P	自费生	zì fèi shēng
P	臭味儿	chòu wèi er
P	臭架子	chòu jià zi
P	臭氧层	chòu yǎng céng
P	臭烘烘	chòu hōng hōng
P	臭皮囊	chòu pí náng
P	臭老九	chòu lǎo jiǔ
P	臭豆腐	chòu dòu fǔ
P	致力于	zhì lì yú
P	舍不得	shě bù dé
P	航天服	háng tiān fú
P	航空信	háng kōng xìn
P	航空兵	háng kōng bīng
P	航空港	háng kōng gǎng
P	船夫曲	chuán fū qǔ
P	良心话	liáng xīn huà
P	艺术品	yì shù pǐn
P	艺术家	yì shù jiā
P	艺术性	yì shù xìng
P	艺术照	yì shù zhào
P	节假日	jié jià rì
P	节奏感	jié zòu gǎn
P	节度使	jié dù shǐ
P	节目单	jié mù dān
P	节育环	jié yù huán
P	节骨眼	jiē gǔ yǎn
P	芥子气	jiè zǐ qì
P	芥蓝菜	gài lán cài
P	芭蕉扇	bā jiāo shàn
P	花大姐	huā dà jiě
P	花岗石	huā gāng shí
P	花灯戏	huā dēng xì
P	花籽儿	huā zǐ er
P	花露水	huā lù shuǐ
P	花骨朵	huā gū duǒ
P	花鸟画	huā niǎo huà
P	花鼓戏	huā gǔ xì
P	苏合香	sū hé xiāng
P	苏小小	sū xiǎo xiǎo
P	苏维埃	sū wéi āi
P	苛性钠	kē xìng nà
P	苣卖菜	qǔ mài cài
P	苣荬菜	qǔ mǎi cài
P	苦丁茶	kǔ dīng chá
P	苦差事	kǔ chāi shì
P	苦行僧	kǔ xíng sēng
P	英雄传	yīng xióng zhuàn
P	英雄榜	yīng xióng bǎng
P	苹果绿	píng guǒ lǜ
P	茅台酒	máo tái jiǔ
P	茶叶蛋	chá yè dàn
P	茶话会	chá huà huì
P	荆三棱	jīng sān léng
P	草头王	cǎo tóu wáng
P	草字头	cǎo zì tóu
P	草底儿	cǎo dǐ er
P	草料场	cǎo liào chǎng
P	草甸子	cǎo diàn zi
P	荣誉感	róng yù gǎn
P	荧光屏	yíng guāng píng
P	荧光粉	yíng guāng fěn
P	荨麻疹	xún má zhěn
P	药捻子	yào niǎn zi
P	荷尔蒙	hé ěr méng
P	莆仙戏	pú xiān xì
P	莫不是	mò bú shì
P	莫斯科	mò sī kē
P	莫过于	mò guò yú
P	莫须有	mò xū yǒu
P	莲花落	lián huā lào
P	莲蓬头	lián péng tóu
P	菜团子	cài tuán zi
P	菜帮子	cài bāng zi
P	落不是	luò bú shì
P	落俗套	luò sú tào
P	落叶树	luò yè shù
P	落地式	luò dì shì
P	落地扇	luò dì shàn
P	落地灯	luò dì dēng
P	落地窗	luò dì chuāng
P	落水狗	luò shuǐ gǒu
P	落水管	luò shuǐ guǎn
P	落汤鸡	luò tāng jī
P	落脚点	luò jiǎo diǎn
P	落花生	luò huā shēng
P	著作人	zhù zuò rén
P	葡萄干	pú táo gān
P	董事会	dǒng shì huì
P	董事长	dǒng shì zhǎng
P	葱白儿	cōng bái er
P	葵花籽	kuí huā zǐ
P	蒙古包	měng gǔ bāo
P	蒙古文	měng gǔ wén
P	蒙古族	měng gǔ zú
P	蒙古语	měng gǔ yǔ
P	蒙太奇	méng tài qí
P	蒙汗药	méng hàn yào
P	蒙蒙亮	mēng mēng liàng
P	蒙蒙黑	mēng mēng hēi
P	蒜瓣儿	suàn bàn er
P	蒸汽浴	zhēng qì yù
P	蒸馏水	zhēng liú shuǐ
P	蓄水量	xù shuǐ liàng
P	蓝宝石	lán bǎo shí
P	蓬松松	péng sōng sōng
P	蔫儿坏	niān ér huài
P	薄荷脑	bò hé nǎo
P	薪炭林	xīn tàn lín
P	薯莨绸	shǔ liáng chóu
P	藏猫儿	cáng māo ér
P	藏红花	zàng hóng huā
P	虎着脸	hǔ zhe liǎn
P	虎而冠	hǔ ér guàn
P	虎骨酒	hǔ gǔ jiǔ
P	虹鳟鱼	hóng zūn yú
P	蚂蟥钉	mǎ huáng dīng
P	蚌埠市	bèng bù shì
P	蛋炒饭	dàn chǎo fàn
P	蛋白尿	dàn bái niào
P	蛤蟆镜	há ma jìng
P	蛾眉月	é méi yuè
P	蜂王浆	fēng wáng jiāng
P	蜜罐儿	mì guàn er
P	蝴蝶斑	hú dié bān
P	蝴蝶结	hú dié jié
P	螺丝钉	luó sī dīng
P	螺旋式	luó xuán shì
P	螺旋桨	luó xuán jiǎng
P	螺纹钢	luó wén gāng
P	蟠桃会	pán táo huì
P	血中毒	xuè zhòng dú
P	血凝固	xuè níng gù
P	血压计	xuè yā jì
P	血友病	xuè yǒu bìng
P	血吸虫	xuè xī chóng
P	血小板	xuè xiǎo bǎn
P	血尿素	xuè niào sù
P	血崩症	xuè bēng zhèng
P	血循环	xuè xún huán
P	血枯病	xuè kū bìng
P	血沉素	xuè chén sù
P	血液学	xuè yè xué
P	血液病	xuè yè bìng
P	血淋淋	xiě lín lín
P	血清型	xuè qīng xíng
P	血清病	xuè qīng bìng
P	血清素	xuè qīng sù
P	血管炎	xuè guǎn yán
P	血管病	xuè guǎn bìng
P	血管瘤	xuè guǎn liú
P	血管膜	xuè guǎn mó
P	血糊糊	xiě hū hū
P	血糖低	xuè táng dī
P	血糖高	xuè táng gāo
P	血红素	xuè hóng sù
P	血红色	xuè hóng sè
P	血细胞	xuè xì bāo
P	血腥味	xuè xīng wèi
P	血色素	xuè sè sù
P	血豆腐	xiě dòu fǔ
P	血道子	xiě dào zi
P	行不通	xíng bù tōng
P	行军床	xíng jūn chuáng
P	行列式	háng liè shì
P	行政法	xíng zhèng fǎ
P	行方便	xíng fāng biàn
P	行李房	xíng lǐ fáng
P	行李车	xíng lǐ chē
P	行道树	xíng dào shù
P	街头剧	jiē tóu jù
P	街头诗	jiē tóu shī
P	衣冠冢	yī guān zhǒng
P	衣帽间	yī mào jiān
P	补助金	bǔ zhù jīn
P	补给线	bǔ jǐ xiàn
P	补骨脂	bǔ gǔ zhī
P	表侄女	biǎo zhí nǚ
P	表兄弟	biǎo xiōng dì
P	表瓤子	biǎo ráng zi
P	表蒙子	biǎo méng zi
P	表面化	biǎo miàn huà
P	袁大头	yuán dà tóu
P	被动式	bèi dòng shì
P	被告人	bèi gào rén
P	被害人	bèi hài rén
P	被称为	bèi chēng wéi
P	被窝儿	bèi wō ér
P	被视为	bèi shì wéi
P	被评为	bèi píng wéi
P	裁判员	cái pàn yuán
P	裁判长	cái pàn zhǎng
P	装孙子	zhuāng sūn zi
P	装甲兵	zhuāng jiǎ bīng
P	装甲车	zhuāng jiǎ chē
P	装糊涂	zhuāng hú tú
P	装配工	zhuāng pèi gōng
P	装饰布	zhuāng shì bù
P	裙带风	qún dài fēng
P	西北风	xī běi fēng
P	西洋参	xī yáng shēn
P	西洋景	xī yáng jǐng
P	西王母	xī wáng mǔ
P	西红柿	xī hóng shì
P	要不得	yào bù dé
P	要不是	yào bú shì
P	要不然	yào bù rán
P	要面子	yào miàn zi
P	覆盆子	fù pén zǐ
P	覆盖面	fù gài miàn
P	见上帝	jiàn shàng dì
P	见不得	jiàn bù dé
P	见世面	jiàn shì miàn
P	见习生	jiàn xí shēng
P	见分晓	jiàn fēn xiǎo
P	见证人	jiàn zhèng rén
P	见阎王	jiàn yán wáng
P	见面礼	jiàn miàn lǐ
P	见高低	jiàn gāo dī
P	观世音	guān shì yīn
P	观众席	guān zhòng xí
P	观察使	guān chá shǐ
P	观察力	guān chá lì
P	观察员	guān chá yuán
P	观察哨	guān chá shào
P	观察室	guān chá shì
P	观察家	guān chá jiā
P	观察所	guān chá suǒ
P	观星台	guān xīng tái
P	观礼台	guān lǐ tái
P	观象台	guān xiàng tái
P	观赏鱼	guān shǎng yú
P	观音土	guān yīn tǔ
P	观音竹	guān yīn zhú
P	规模化	guī mó huà
P	规范化	guī fàn huà
P	角动量	jiǎo dòng liàng
P	角膜炎	jiǎo mó yán
P	角速度	jiǎo sù dù
P	解剖学	jiě pōu xué
P	解剖室	jiě pōu shì
P	解扣儿	jiě kòu ér
P	解放军	jiě fàng jūn
P	解放区	jiě fàng qū
P	解放鞋	jiě fàng xié
P	解说词	jiě shuō cí
P	触发器	chù fā qì
P	触霉头	chù méi tóu
P	警匪片	jǐng fěi piàn
P	警卫员	jǐng wèi yuán
P	警备区	jǐng bèi qū
P	计程表	jì chéng biǎo
P	认同感	rèn tóng gǎn
P	认识论	rèn shí lùn
P	讨便宜	tǎo pián yí
P	议会制	yì huì zhì
P	议论文	yì lùn wén
P	记分册	jì fēn cè
P	记录片	jì lù piàn
P	讲价钱	jiǎng jià qián
P	讲师团	jiǎng shī tuán
P	讲情面	jiǎng qíng miàn
P	讲排场	jiǎng pái chǎng
P	讲解员	jiǎng jiě yuán
P	许可证	xǔ kě zhèng
P	论理学	lùn lǐ xué
P	论证会	lùn zhèng huì
P	论说文	lùn shuō wén
P	设圈套	shè quān tào
P	证明人	zhèng míng rén
P	证明信	zhèng míng xìn
P	评判员	píng pàn yuán
P	评委会	píng wěi huì
P	评论员	píng lùn yuán
P	评论家	píng lùn jiā
P	识大体	shí dà tǐ
P	识字班	shí zì bān
P	识时务	shí shí wù
P	诉讼状	sù sòng zhuàng
P	诊断书	zhěn duàn shū
P	诊疗所	zhěn liáo suǒ
P	译制片	yì zhì piàn
P	译意风	yì yì fēng
P	试营业	shì yíng yè
P	试金石	shì jīn shí
P	话务员	huà wù yuán
P	话匣子	huà xiá zi
P	话外音	huà wài yīn
P	话家常	huà jiā cháng
P	话把儿	huà bà er
P	语义学	yǔ yì xué
P	语体文	yǔ tǐ wén
P	语助词	yǔ zhù cí
P	语气词	yǔ qì cí
P	语法学	yǔ fǎ xué
P	语源学	yǔ yuán xué
P	语言关	yǔ yán guān
P	语言学	yǔ yán xué
P	语音学	yǔ yīn xué
P	误以为	wù yǐ wéi
P	说不上	shuō bù shàng
P	说不定	shuō bù dìng
P	说不得	shuō bù dé
P	说不来	shuō bù lái
P	说不清	shuō bù qīng
P	说不着	shuō bù zháo
P	说大话	shuō dà huà
P	说头儿	shuō tou er
P	说实话	shuō shí huà
P	说得来	shuō de lái
P	说明书	shuō míng shū
P	说明文	shuō míng wén
P	说梦话	shuō mèng huà
P	说清楚	shuō qīng chǔ
P	说真的	shuō zhēn de
P	说瞎话	shuō xiā huà
P	说笑话	shuō xiào huà
P	说起来	shuō qǐ lái
P	说闲话	shuō xián huà
P	诸宫调	zhū gōng diào
P	诸葛亮	zhū gě liàng
P	读书人	dú shū rén
P	读后感	dú hòu gǎn
P	课题组	kè tí zǔ
P	调味品	tiáo wèi pǐn
P	调度员	diào dù yuán
P	调查组	diào chá zǔ
P	调皮鬼	tiáo pí guǐ
P	调研员	diào yán yuán
P	调色板	tiáo sè bǎn
P	调节税	tiáo jié shuì
P	调门儿	diào mén ér
P	谈不上	tán bù shàng
P	谈得来	tán de lái
P	谜一样	mí yí yàng
P	谦受益	qiān shòu yì
P	谷壳儿	gǔ ké er
P	豁免权	huò miǎn quán
P	豁出去	huō chū qù
P	豆瓣儿	dòu bàn er
P	豆腐干	dòu fǔ gān
P	豆花儿	dòu huā er
P	豆角儿	dòu jué ér
P	豌豆黄	wān dòu huáng
P	责任书	zé rèn shū
P	责任制	zé rèn zhì
P	责任心	zé rèn xīn
P	责任感	zé rèn gǎn
P	责任状	zé rèn zhuàng
P	责任田	zé rèn tián
P	责权利	zé quán lì
P	贤内助	xián nèi zhù
P	败家子	bài jiā zǐ
P	败血病	bài xuè bìng
P	败血症	bài xuè zhèng
P	货运量	huò yùn liàng
P	货郎担	huò láng dān
P	货郎鼓	huò láng gǔ
P	质因数	zhì yīn shù
P	贪便宜	tān pián yí
P	贪污犯	tān wū fàn
P	贪玩儿	tān wán er
P	贫困线	pín kùn xiàn
P	贱骨头	jiàn gú tou
P	贴心人	tiē xīn rén
P	贴心话	tiē xīn huà
P	贴本儿	tiē běn er
P	贴膏药	tiē gāo yào
P	贵金属	guì jīn shǔ
P	贸易风	mào yì fēng
P	贺岁片	hè suì piàn
P	贺年卡	hè nián kǎ
P	贺年片	hè nián piàn
P	贼溜溜	zéi liū liū
P	贼骨头	zéi gú tou
P	资本家	zī běn jiā
P	资本论	zī běn lùn
P	赔不是	péi bú shì
P	赛璐玢	sài lù fēn
P	赛马场	sài mǎ chǎng
P	赤崁楼	chì kàn lóu
P	赤练蛇	chì liàn shé
P	赭黄色	zhě huáng sè
P	走亲戚	zǒu qīn qī
P	走内线	zǒu nèi xiàn
P	走好运	zǒu hǎo yùn
P	走娘家	zǒu niáng jiā
P	走捷径	zǒu jié jìng
P	走极端	zǒu jí duān
P	走着瞧	zǒu zhe qiáo
P	走私犯	zǒu sī fàn
P	走老路	zǒu lǎo lù
P	走读生	zǒu dú shēng
P	走调儿	zǒu diào ér
P	走过场	zǒu guò chǎng
P	走钢丝	zǒu gāng sī
P	赶不上	gǎn bù shàng
P	赶不及	gǎn bù jí
P	赶任务	gǎn rèn wù
P	赶先进	gǎn xiān jìn
P	赶庙会	gǎn miào huì
P	赶得上	gǎn de shàng
P	赶得及	gǎn de jí
P	赶活儿	gǎn huó er
P	赶浪头	gǎn làng tou
P	赶趟儿	gǎn tàng ér
P	赶鸭子	gǎn yā zi
P	起点站	qǐ diǎn zhàn
P	起诉状	qǐ sù zhuàng
P	起重机	qǐ zhòng jī
P	超一流	chāo yì liú
P	超低空	chāo dī kōng
P	超分子	chāo fēn zǐ
P	超导体	chāo dǎo tǐ
P	超水平	chāo shuǐ píng
P	超豪华	chāo háo huá
P	超高压	chāo gāo yā
P	超高温	chāo gāo wēn
P	超高频	chāo gāo pín
P	越野赛	yuè yě sài
P	趋光性	qū guāng xìng
P	趵突泉	bào tū quán
P	跌打丸	diē dǎ wán
P	跑买卖	pǎo mǎi mài
P	跑单帮	pǎo dān bāng
P	跑圆场	pǎo yuán chǎng
P	跑堂儿	pǎo táng er
P	跑旱船	pǎo hàn chuán
P	跑江湖	pǎo jiāng hú
P	跑生意	pǎo shēng yì
P	跑码头	pǎo mǎ tou
P	跑腿儿	pǎo tuǐ ér
P	跑警报	pǎo jǐng bào
P	跑马场	pǎo mǎ chǎng
P	跑龙套	pǎo lóng tào
P	跟班儿	gēn bān er
P	跨年度	kuà nián dù
P	跨行业	kuà háng yè
P	跨院儿	kuà yuàn er
P	跳伞塔	tiào sǎn tǎ
P	跳房子	tiào fáng zi
P	跳水池	tiào shuǐ chí
P	跳皮筋	tiào pí jīn
P	跳起来	tiào qǐ lái
P	踏脚石	tà jiǎo shí
P	踝子骨	huái zi gǔ
P	踹一脚	chuài yì jiǎo
P	身分证	shēn fèn zhèng
P	身子骨	shēn zi gǔ
P	身条儿	shēn tiáo er
P	躲猫猫	duǒ māo māo
P	车前子	chē qián zǐ
P	车同轨	chē tóng guǐ
P	车把式	chē bǎ shì
P	车老板	chē lǎo bǎn
P	车行道	chē xíng dào
P	车轮战	chē lún zhàn
P	车轱辘	chē gū lù
P	车辆厂	chē liàng chǎng
P	车辆段	chē liàng duàn
P	车道沟	chē dào gōu
P	车马炮	jū mǎ pào
P	车马费	chē mǎ fèi
P	轧钢厂	zhá gāng chǎng
P	轧钢机	zhá gāng jī
P	转关系	zhuǎn guān xì
P	转圈子	zhuàn quān zi
P	转学生	zhuǎn xué shēng
P	转弯子	zhuǎn wān zi
P	转折点	zhuǎn zhé diǎn
P	转捩点	zhuǎn liè diǎn
P	转播台	zhuǎn bō tái
P	转眼间	zhuǎn yǎn jiān
P	轮机长	lún jī zhǎng
P	软指标	ruǎn zhǐ biāo
P	软着陆	ruǎn zhuó lù
P	软组织	ruǎn zǔ zhī
P	软钉子	ruǎn dīng zi
P	软骨头	ruǎn gú tou
P	软骨病	ruǎn gǔ bìng
P	软骨鱼	ruǎn gǔ yú
P	轰炸机	hōng zhà jī
P	轴对称	zhóu duì chèn
P	轴承钢	zhóu chéng gāng
P	轻量级	qīng liàng jí
P	轻金属	qīng jīn shǔ
P	轻音乐	qīng yīn yuè
P	轻骑兵	qīng qí bīng
P	载重量	zài zhòng liàng
P	辅导员	fǔ dǎo yuán
P	辅导站	fǔ dǎo zhàn
P	辈数儿	bèi shù ér
P	辐射源	fú shè yuán
P	辐射能	fú shè néng
P	输尿管	shū niào guǎn
P	辛苦费	xīn kǔ fèi
P	辣椒油	là jiāo yóu
P	辨别力	biàn bié lì
P	边境线	biān jìng xiàn
P	边角料	biān jiǎo liào
P	边防哨	biān fáng shào
P	边防线	biān fáng xiàn
P	达姆弹	dá mǔ dàn
P	迂夫子	yū fū zǐ
P	过不去	guò bù qù
P	过五关	guò wǔ guān
P	过劲儿	guò jìn er
P	过半数	guò bàn shù
P	过堂风	guò táng fēng
P	过家家	guō jiā jiā
P	过得去	guò de qù
P	过得硬	guò de yìng
P	过日子	guò rì zi
P	过来人	guò lái rén
P	过水面	guò shuǐ miàn
P	过滤嘴	guò lǜ zuǐ
P	过生日	guò shēng rì
P	过电影	guò diàn yǐng
P	过节儿	guò jié ér
P	过街楼	guò jiē lóu
P	过门儿	guò mén er
P	迎宾馆	yíng bīn guǎn
P	运动会	yùn dòng huì
P	运动员	yùn dòng yuán
P	运动场	yùn dòng chǎng
P	运动衣	yùn dòng yī
P	运动袜	yùn dòng wà
P	运动量	yùn dòng liàng
P	运输量	yùn shū liàng
P	近似值	jìn sì zhí
P	近体诗	jìn tǐ shī
P	近地点	jìn dì diǎn
P	还不错	hái bú cuò
P	还乡团	huán xiāng tuán
P	这一阵	zhè yī zhèn
P	这么些	zhè me xiē
P	这么样	zhè me yàng
P	这么着	zhè me zhe
P	这会儿	zhè huì er
P	进一步	jìn yí bù
P	进修班	jìn xiū bān
P	进修生	jìn xiū shēng
P	进军号	jìn jūn hào
P	进化论	jìn huà lùn
P	进口额	jìn kǒu é
P	进给量	jìn jǐ liàng
P	远视眼	yuǎn shì yǎn
P	远距离	yuǎn jù lí
P	远郊区	yuǎn jiāo qū
P	违禁品	wéi jìn pǐn
P	连理枝	lián lǐ zhī
P	迫击炮	pǎi jī pào
P	迷魂汤	mí hún tāng
P	追悼会	zhuī dào huì
P	退休金	tuì xiū jīn
P	退堂鼓	tuì táng gǔ
P	送一程	sòng yī chéng
P	送信儿	sòng xìn ér
P	送风机	sòng fēng jī
P	适应症	shì yìng zhèng
P	选择性	xuǎn zé xìng
P	透心凉	tòu xīn liáng
P	透明体	tòu míng tǐ
P	透明度	tòu míng dù
P	逐客令	zhú kè lìng
P	递条子	dì tiáo zi
P	逗趣儿	dòu qù ér
P	逗闷子	dòu mèn zi
P	通俗化	tōng sú huà
P	通信兵	tōng xìn bīng
P	通信员	tōng xìn yuán
P	通关节	tōng guān jié
P	通勤车	tōng qín chē
P	通知书	tōng zhī shū
P	通知单	tōng zhī dān
P	通缉令	tōng jī lìng
P	通行证	tōng xíng zhèng
P	通讯兵	tōng xùn bīng
P	通讯员	tōng xùn yuán
P	通风机	tōng fēng jī
P	逞威风	chěng wēi fēng
P	速生林	sù shēng lín
P	速食面	sù shí miàn
P	造船厂	zào chuán chǎng
P	逮小偷	dǎi xiǎo tōu
P	逮特务	dǎi tè wù
P	逮老鼠	dǎi lǎo shǔ
P	逮蚊子	dǎi wén zi
P	逻辑性	luó jí xìng
P	逼供信	bī gòng xìn
P	道道儿	dào dào er
P	遗传学	yí chuán xué
P	遗传病	yí chuán bìng
P	遛早儿	liú zǎo er
P	遮阳伞	zhē yáng sǎn
P	遮阳篷	zhē yáng péng
P	遮阳镜	zhē yáng jìng
P	避风头	bì fēng tou
P	避风港	bì fēng gǎng
P	邀请信	yāo qǐng xìn
P	那么些	nà me xiē
P	那么多	nà me duō
P	那么样	nà me yàng
P	那么着	nà me zhe
P	那会儿	nà huì er
P	那达慕	nà dá mù
P	那阵儿	nà zhèn ér
P	邪门儿	xié mén ér
P	邮递员	yóu dì yuán
P	郡县制	jùn xiàn zhì
P	郦食其	lì yì jī
P	都察院	dū chá yuàn
P	都柏林	dōu bó lín
P	都江堰	dū jiāng yàn
P	配电网	pèi diàn wǎng
P	配给制	pèi jǐ zhì
P	酒吧间	jiǔ bā jiān
P	酒石酸	jiǔ shí suān
P	酢浆草	cù jiāng cǎo
P	酸梅汤	suān méi tāng
P	酸溜溜	suān liū liū
P	酸辣汤	suān là tāng
P	醋劲儿	cù jìn er
P	采石场	cǎi shí chǎng
P	采茶戏	cǎi chá xì
P	里脊肉	lǐ jí ròu
P	重元素	zhòng yuán sù
P	重力场	zhòng lì chǎng
P	重头戏	zhòng tóu xì
P	重孙女	chóng sūn nǚ
P	重工业	zhòng gōng yè
P	重晶石	zhòng jīng shí
P	重机枪	zhòng jī qiāng
P	重武器	zhòng wǔ qì
P	重点校	zhòng diǎn xiào
P	重病号	zhòng bìng hào
P	重结晶	zhòng jié jīng
P	重要性	zhòng yào xìng
P	重金属	zhòng jīn shǔ
P	野山参	yě shān cān
P	量体温	liáng tǐ wēn
P	量血压	liáng xuè yā
P	量角器	liáng jiǎo qì
P	金不换	jīn bù huàn
P	金丝燕	jīn sī yàn
P	金丝绒	jīn sī róng
P	金丝雀	jīn sī què
P	金交椅	jīn jiāo yǐ
P	金刚石	jīn gāng shí
P	金刚经	jīn gāng jīng
P	金刚钻	jīn gāng zuàn
P	金合欢	jīn hé huān
P	金圆券	jīn yuán quàn
P	金晃晃	jīn huǎng huǎng
P	金沙江	jīn shā jiāng
P	金沙萨	jīn shā sà
P	金环蛇	jīn huán shé
P	金石学	jīn shí xué
P	金苹果	jīn píng guǒ
P	金质奖	jīn zhì jiǎng
P	金钥匙	jīn yào shi
P	金龙鱼	jīn lóng yú
P	金龟子	jīn guī zǐ
P	鉴定书	jiàn dìng shū
P	鉴赏力	jiàn shǎng lì
P	针叶林	zhēn yè lín
P	针织品	zhēn zhī pǐn
P	钉书机	dìng shū jī
P	钉书针	dìng shū zhēn
P	钉子户	dīng zi hù
P	钉扣子	dìng kòu zi
P	钉箱子	dìng xiāng zi
P	钉钉子	dìng dīng zi
P	钉钮扣	dìng niǔ kòu
P	钉马掌	dìng mǎ zhǎng
P	钉齿耙	dīng chǐ bà
P	钓鱼台	diào yú tái
P	钓鱼竿	diào yú gān
P	钓鱼钩	diào yú gōu
P	钛合金	tài hé jīn
P	钟乳石	zhōng rǔ shí
P	钢丝床	gāng sī chuáng
P	钢丝绳	gāng sī shéng
P	钢丝锯	gāng sī jù
P	钢琴曲	gāng qín qǔ
P	钢笔套	gāng bǐ tào
P	钢结构	gāng jié gòu
P	钢镚儿	gāng bèng er
P	钦天监	qīn tiān jiàn
P	钱眼儿	qián yǎn er
P	钻井船	zuàn jǐng chuán
P	钻井队	zuàn jǐng duì
P	钻劲儿	zuān jìn er
P	钻天杨	zuān tiān yáng
P	钻心虫	zuān xīn chóng
P	钻探机	zuān tàn jī
P	钻牛角	zuān niú jiǎo
P	钻空子	zuān kòng zi
P	铁了心	tiě le xīn
P	铁交椅	tiě jiāo yǐ
P	铁叉子	tiě chā zi
P	铁将军	tiě jiāng jūn
P	铁氧体	tiě yǎng tǐ
P	铁沙掌	tiě shā zhǎng
P	铁甲车	tiě jiǎ chē
P	铁矿石	tiě kuàng shí
P	铁观音	tiě guān yīn
P	铅中毒	qiān zhòng dú
P	铅垂线	qiān chuí xiàn
P	铅玻璃	qiān bō lí
P	铅笔画	qiān bǐ huà
P	铆劲儿	mǎo jìn er
P	铆钉枪	mǎo dīng qiāng
P	银环蛇	yín huán shé
P	铺摊子	pù tān zi
P	铺盖卷	pū gài juǎn
P	铺路石	pū lù shí
P	铺面房	pù miàn fáng
P	链球菌	liàn qiú jūn
P	销售处	xiāo shòu chù
P	锅炉房	guō lú fáng
P	错别字	cuò bié zì
P	锡伯族	xī bó zú
P	锯木厂	jù mù chǎng
P	镁光灯	měi guāng dēng
P	镭射气	léi shè qì
P	长命锁	cháng mìng suǒ
P	长恨歌	cháng hèn gē
P	长方体	cháng fāng tǐ
P	长方形	cháng fāng xíng
P	长方脸	cháng fāng liǎn
P	长明灯	cháng míng dēng
P	长春市	cháng chūn shì
P	长毛兔	cháng máo tù
P	长毛绒	cháng máo róng
P	长沙市	cháng shā shì
P	长生果	cháng shēng guǒ
P	长白山	cháng bái shān
P	长短句	cháng duǎn jù
P	长绒棉	cháng róng mián
P	长统靴	cháng tǒng xuē
P	长臂猿	cháng bì yuán
P	长舌妇	cháng shé fù
P	长蛇阵	cháng shé zhèn
P	长镜头	cháng jìng tóu
P	长颈鹿	cháng jǐng lù
P	门脸儿	mén liǎn er
P	门静脉	mén jìng mài
P	门面房	mén miàn fáng
P	问答题	wèn dá tí
P	闯世界	chuǎng shì jiè
P	闯天下	chuǎng tiān xià
P	闲工夫	xián gōng fū
P	间奏曲	jiān zòu qǔ
P	闷头儿	mèn tou er
P	闷子车	mèn zi chē
P	闷沉沉	mèn chén chén
P	闷罐子	mèn guàn zi
P	闷罐车	mèn guàn chē
P	闷葫芦	mèn hú lú
P	闹乱子	nào luàn zi
P	闹别扭	nào biè niǔ
P	闹哄哄	nào hōng hōng
P	闹嚷嚷	nào rāng rāng
P	闹市区	nào shì qū
P	闹意见	nào yì jiàn
P	闹着玩	nào zhe wán
P	闹肚子	nào dù zi
P	闽北话	mǐn běi huà
P	闽南话	mǐn nán huà
P	闽方言	mǐn fāng yán
P	阅报栏	yuè bào lán
P	阑尾炎	lán wěi yán
P	阔叶林	kuò yè lín
P	阔叶树	kuò yè shù
P	防化兵	fáng huà bīng
P	防化服	fáng huà fú
P	防护罩	fáng hù zhào
P	防水层	fáng shuǐ céng
P	防沙林	fáng shā lín
P	防洪堤	fáng hóng dī
P	防盗锁	fáng dào suǒ
P	防空壕	fáng kōng háo
P	防空洞	fáng kōng dòng
P	防风林	fáng fēng lín
P	阳历年	yáng lì nián
P	阳起石	yáng qǐ shí
P	阴森森	yīn sēn sēn
P	阴着儿	yīn zhāo ér
P	阴阳家	yīn yáng jiā
P	阵地战	zhèn dì zhàn
P	阿富汗	ā fù hàn
P	阿房宫	ē páng gōng
P	阿昌族	ā chāng zú
P	阿木林	ā mù lín
P	阿根廷	ā gēn tíng
P	阿比让	ā bǐ ràng
P	阿波罗	ā bō luó
P	阿的平	ā dì píng
P	阿罗汉	ā luó hàn
P	阿里山	ā lǐ shān
P	附属国	fù shǔ guó
P	附着力	fù zhuó lì
P	附骥尾	fù jì wěi
P	陆战队	lù zhàn duì
P	陈世美	chén shì měi
P	陈述句	chén shù jù
P	降半旗	jiàng bàn qí
P	降落伞	jiàng luò sǎn
P	降雨量	jiàng yǔ liàng
P	陕甘宁	shǎn gān níng
P	除夕夜	chú xī yè
P	除尘器	chú chén qì
P	除虫菊	chú chóng jú
P	随大溜	suí dà liù
P	隔离墩	gé lí dūn
P	隔离室	gé lí shì
P	隔离带	gé lí dài
P	难上难	nán shàng nán
P	难为情	nán wéi qíng
P	难说话	nán shuō huà
P	雁来红	yàn lái hóng
P	雅典娜	yǎ diǎn nà
P	集中制	jí zhōng zhì
P	集中营	jí zhōng yíng
P	集体户	jí tǐ hù
P	集体照	jí tǐ zhào
P	集体舞	jí tǐ wǔ
P	集大成	jí dà chéng
P	集成化	jí chéng huà
P	集散地	jí sàn dì
P	集约化	jí yuē huà
P	雇佣军	gù yōng jūn
P	雨夹雪	yǔ jiā xuě
P	雨水管	yǔ shuǐ guǎn
P	雨珠儿	yǔ zhū er
P	雨花台	yǔ huā tái
P	雨花石	yǔ huā shí
P	雨蒙蒙	yǔ méng méng
P	零售价	líng shòu jià
P	零售额	líng shòu é
P	零增长	líng zēng zhǎng
P	零杂工	líng zá gōng
P	零活儿	líng huó er
P	零配件	líng pèi jiàn
P	雷阵雨	léi zhèn yǔ
P	雷雨云	léi yǔ yún
P	震天价	zhèn tiān jià
P	霎时间	shà shí jiān
P	霜淇淋	shuāng qí lín
P	霰彈槍	xiàn dàn qiāng
P	露一手	lòu yī shǒu
P	露天矿	lù tiān kuàng
P	露头角	lù tóu jiǎo
P	露馅儿	lòu xiàn ér
P	露马脚	lòu mǎ jiǎo
P	霸王鞭	bà wáng biān
P	青少年	qīng shào nián
P	青年会	qīng nián huì
P	青年宫	qīng nián gōng
P	青年节	qīng nián jié
P	青春期	qīng chūn qī
P	青田石	qīng tián shí
P	青羊宫	qīng yáng gōng
P	静悄悄	jìng qiāo qiāo
P	非晶体	fēi jīng tǐ
P	非正式	fēi zhèng shì
P	非金属	fēi jīn shǔ
P	靠不住	kào bú zhù
P	靠得住	kào de zhù
P	面包车	miàn bāo chē
P	面巾纸	miàn jīn zhǐ
P	面片儿	miàn piān er
P	面面观	miàn miàn guān
P	革命化	gé mìng huà
P	革命家	gé mìng jiā
P	鞋跟儿	xié gēn er
P	音乐剧	yīn yuè jù
P	音乐片	yīn yuè piàn
P	音乐界	yīn yuè jiè
P	韵律操	yùn lǜ cāo
P	顶呱呱	dǐng guā guā
P	顶门杠	dǐng mén gàng
P	顺口溜	shùn kǒu liū
P	顺风耳	shùn fēng ěr
P	顽固派	wán gù pài
P	顾不及	gù bù jí
P	预产期	yù chǎn qī
P	预决算	yù jué suàn
P	预制板	yù zhì bǎn
P	预备期	yù bèi qī
P	预应力	yù yìng lì
P	颐和园	yí hé yuán
P	颤巍巍	chàn wēi wēi
P	颤悠悠	chàn yōu yōu
P	风仙花	fēng xiān huā
P	风俗画	fēng sú huà
P	风信子	fēng xìn zǐ
P	风光片	fēng guāng piàn
P	风凉话	fēng liáng huà
P	风向器	fēng xiàng qì
P	风向标	fēng xiàng biāo
P	风媒花	fēng méi huā
P	风景区	fēng jǐng qū
P	风景点	fēng jǐng diǎn
P	风景画	fēng jǐng huà
P	风油精	fēng yóu jīng
P	风湿病	fēng shī bìng
P	风火墙	fēng huǒ qiáng
P	风疹块	fēng zhěn kuài
P	风纪扣	fēng jì kòu
P	风速器	fēng sù qì
P	风雨灯	fēng yǔ dēng
P	风雨衣	fēng yǔ yī
P	飞天奖	fēi tiān jiǎng
P	飞将军	fēi jiāng jūn
P	飞机场	fēi jī chǎng
P	飞行员	fēi xíng yuán
P	飞行器	fēi xíng qì
P	食品街	shí pǐn jiē
P	食心虫	shí xīn chóng
P	食物链	shí wù liàn
P	食用菌	shí yòng jūn
P	食蚁兽	shí yǐ shòu
P	餐饮业	cān yǐn yè
P	饮牲口	yǐn shēng kǒu
P	饮食业	yǐn shí yè
P	饱和点	bǎo huó diǎn
P	饲养员	sì yǎng yuán
P	饼屑子	bǐng xiè zi
P	首发式	shǒu fā shì
P	香喷喷	xiāng pēn pēn
P	香干儿	xiāng gān er
P	香槟酒	xiāng bīn jiǔ
P	马克思	mǎ kè sī
P	马六甲	mǎ liù jiǎ
P	马前卒	mǎ qián zú
P	马后炮	mǎ hòu pào
P	马大哈	mǎ dà hā
P	马头琴	mǎ tóu qín
P	马尾巴	mǎ yǐ bā
P	马尾松	mǎ wěi sōng
P	马尾藻	mǎ wěi zǎo
P	马尾辫	mǎ wěi biàn
P	马拉松	mǎ lā sōng
P	马赫数	mǎ hè shù
P	马车夫	mǎ chē fū
P	马鞭子	mǎ biān zi
P	驱虫剂	qū chóng jì
P	驱逐令	qū zhú lìng
P	驳壳枪	bó ké qiāng
P	驴打滚	lǘ dǎ gǔn
P	驾驶室	jià shǐ shì
P	骂大街	mà dà jiē
P	骆驼刺	luò tuó cì
P	骑缝印	qí fèng yìn
P	骑缝章	qí fèng zhāng
P	骨子里	gǔ zi lǐ
P	骨朵儿	gū duǒ er
P	骨灰盒	gǔ huī hé
P	骨碌碌	gū lù lù
P	骨碎补	gǔ suì bǔ
P	骨结核	gǔ jié hé
P	骨骼肌	gǔ gé jī
P	高个儿	gāo gè er
P	高个子	gāo gè zi
P	高丽参	gāo lí shēn
P	高丽纸	gāo lí zhǐ
P	高低杠	gāo dī gàng
P	高八度	gāo bā dù
P	高分子	gāo fēn zǐ
P	高压电	gāo yā diàn
P	高压线	gāo yā xiàn
P	高压锅	gāo yā guō
P	高句骊	gāo gōu lí
P	高射炮	gāo shè pào
P	高岭土	gāo lǐng tǔ
P	高帽子	gāo mào zi
P	高年级	gāo nián jí
P	高度计	gāo dù jì
P	高技术	gāo jì shù
P	高挑儿	gāo tiǎo ér
P	高效能	gāo xiào néng
P	高标号	gāo biāo hào
P	高梁面	gāo liáng miàn
P	高甲戏	gāo jiǎ xì
P	高碳钢	gāo tàn gāng
P	高祖父	gāo zǔ fù
P	高空槽	gāo kōng cáo
P	高粱米	gāo liáng mǐ
P	高精尖	gāo jīng jiān
P	高纬度	gāo wěi dù
P	高蛋白	gāo dàn bái
P	高血压	gāo xuè yā
P	高血脂	gāo xuè zhī
P	高跟儿	gāo gēn er
P	高速钢	gāo sù gāng
P	高频头	gāo pín tóu
P	鬼剃头	guǐ tì tóu
P	鬼打墙	guǐ dǎ qiáng
P	鬼把戏	guǐ bǎ xì
P	鬼见愁	guǐ jiàn chóu
P	魁北克	kuí běi kè
P	魔术师	mó shù shī
P	鱼尾纹	yú wěi wén
P	鱼片儿	yú piàn er
P	鱼石脂	yú shí zhī
P	鱼肚白	yú dù bái
P	鲜艳艳	xiān yàn yàn
P	鸟兽散	niǎo shòu sàn
P	鸡公车	jī gōng chē
P	鸡内金	jī nèi jīn
P	鸡冠子	jī guān zi
P	鸡尾酒	jī wěi jiǔ
P	鸡毛信	jī máo xìn
P	鸡毛帚	jī máo zhǒu
P	鸡毛菜	jī máo cài
P	鸡爪子	jī zhuǎ zi
P	鸡血石	jī xiě shí
P	鸡血藤	jī xuè téng
P	鸣不平	míng bù píng
P	鸭绒被	yā róng bèi
P	鸭绿江	yā lù jiāng
P	鸽子笼	gē zi lóng
P	鹅卵石	é luǎn shí
P	鹅掌风	é zhǎng fēng
P	鹅毛扇	é máo shàn
P	鹰爪子	yīng zhuǎ zi
P	鹿角霜	lù jiǎo shuāng
P	麦克风	mài kè fēng
P	麦秆儿	mài gǎn er
P	麦茬儿	mài chá er
P	麦饭石	mài fàn shí
P	麻秆儿	má gǎn er
P	黄埔港	huáng pǔ gǎng
P	黄皮书	huáng pí shū
P	黄连素	huáng lián sù
P	黄骠马	huáng biāo mǎ
P	黏合剂	nián hé jì
P	黑体字	hēi tǐ zì
P	黑匣子	hēi xiá zi
P	黑压压	hēi yā yā
P	黑名单	hēi míng dān
P	黑啤酒	hēi pí jiǔ
P	黑材料	hēi cái liào
P	黑板擦	hēi bǎn cā
P	黑溜溜	hēi liū liū
P	黑白片	hēi bái piàn
P	黑社会	hēi shè huì
P	黑种人	hēi zhǒng rén
P	黑窝点	hēi wō diǎn
P	黑糊糊	hēi hū hū
P	黑蒙蒙	hēi méng méng
P	黑面包	hēi miàn bāo
P	鼓囊囊	gǔ nāng nāng
P	鼓风机	gǔ fēng jī
P	鼓风炉	gǔ fēng lú
P	鼻中隔	bí zhōng gé
P	鼻咽癌	bí yān ái
P	鼻涕虫	bí tì chóng
P	齐刷刷	qí shuā shuā
P	齐步走	qí bù zǒu
P	龙卷风	lóng juǎn fēng
P	龙爪槐	lóng zhǎo huái
P	龙王庙	lóng wáng miào
P	龙王爷	lóng wáng yé
P	龙虎斗	lóng hǔ dòu
P	龙虎榜	lóng hǔ bǎng
P	龙门刨	lóng mén bào
P	一个	yí gè
P	一了	yī liǎo
P	一些	yī xiē
P	一代	yí dài
P	一任	yī rèn
P	一份	yī fèn
P	一会	yī huì
P	一似	yī sì
P	一体	yī tǐ
P	一侧	yī cè
P	一倍	yí bèi
P	一共	yī gòng
P	一分	yī fēn
P	一切	yī qiè
P	一副	yī fù
P	一匹	yì pǐ
P	一半	yí bàn
P	一卷	yī juàn
P	一发	yī fā
P	一只	yī zhī
P	一号	yī hào
P	一同	yī tóng
P	一向	yí xiàng
P	一场	yī cháng
P	一头	yī tóu
P	一定	yí dìng
P	一家	yī jiā
P	一宿	yī xiǔ
P	一幕	yí mù
P	一干	yī gān
P	一并	yī bìng
P	一应	yī yīng
P	一度	yí dù
P	一得	yī de
P	一怔	yí zhèng
P	一成	yì chéng
P	一扎	yī zā
P	一打	yī dǎ
P	一撮	yī zuǒ
P	一改	yī gǎi
P	一旦	yí dàn
P	一晃	yī huǎng
P	一月	yí yuè
P	一服	yī fù
P	一朝	yī zhāo
P	一期	yī qī
P	一条	yī tiáo
P	一流	yì liú
P	一点	yì diǎn
P	一片	yī piàn
P	一番	yī fān
P	一百	yì bǎi
P	一直	yì zhí
P	一种	yī zhǒng
P	一者	yī zhě
P	一致	yí zhì
P	一般	yì bān
P	一行	yī xíng
P	一觉	yī jiào
P	一角	yī jiǎo
P	一贯	yí guàn
P	一起	yì qǐ
P	一通	yí tòng
P	一隅	yì yú
P	一面	yí miàn
P	一齐	yī qí
P	丁丁	dīng dīng
P	丁丑	dīng chǒu
P	丁东	dīng dōng
P	丁亥	dīng hài
P	丁冬	dīng dōng
P	丁卯	dīng mǎo
P	丁坝	dīng bà
P	丁字	dīng zì
P	丁宁	dīng níng
P	丁当	dīng dāng
P	丁忧	dīng yōu
P	丁未	dīng wèi
P	丁艰	dīng jiān
P	丁零	dīng líng
P	丁香	dīng xiāng
P	七大	qī dà
P	万一	wàn yī
P	万万	wàn wàn
P	万丈	wàn zhàng
P	万世	wàn shì
P	万事	wàn shì
P	万众	wàn zhòng
P	万俟	mò qí
P	万全	wàn quán
P	万分	wàn fēn
P	万千	wàn qiān
P	万卷	wàn juàn
P	万历	wàn lì
P	万古	wàn gǔ
P	万国	wàn guó
P	万安	wàn ān
P	万岁	wàn suì
P	万年	wàn nián
P	万幸	wàn xìng
P	万恶	wàn è
P	万方	wàn fāng
P	万有	wàn yǒu
P	万机	wàn jī
P	万死	wàn sǐ
P	万民	wàn mín
P	万物	wàn wù
P	万状	wàn zhuàng
P	万福	wàn fú
P	万端	wàn duān
P	万籁	wàn lài
P	万能	wàn néng
P	万般	wàn bān
P	万象	wàn xiàng
P	万贯	wàn guàn
P	万金	wàn jīn
P	万难	wàn nán
P	万顷	wàn qǐng
P	丈夫	zhàng fū
P	丈量	zhàng liáng
P	三产	sān chǎn
P	三分	sān fēn
P	三副	sān fù
P	三北	sān běi
P	三台	sān tái
P	三号	sān hào
P	三合	sān hé
P	三好	sān hǎo
P	三度	sān dù
P	三思	sān sī
P	三教	sān jiào
P	三更	sān gēng
P	三相	sān xiāng
P	三节	sān jié
P	三藏	sān zàng
P	三行	sān xíng
P	三角	sān jiǎo
P	三重	sān chóng
P	三陪	sān péi
P	三餐	sān cān
P	三鲜	sān xiān
P	上上	shàng shàng
P	上下	shàng xià
P	上世	shàng shì
P	上举	shàng jǔ
P	上乘	shàng chéng
P	上书	shàng shū
P	上交	shàng jiāo
P	上京	shàng jīng
P	上人	shàng rén
P	上代	shàng dài
P	上任	shàng rèn
P	上位	shàng wèi
P	上体	shàng tǐ
P	上供	shàng gòng
P	上元	shàng yuán
P	上光	shàng guāng
P	上兵	shàng bīng
P	上冻	shàng dòng
P	上刑	shàng xíng
P	上列	shàng liè
P	上劲	shàng jìn
P	上千	shàng qiān
P	上升	shàng shēng
P	上午	shàng wǔ
P	上卷	shàng juàn
P	上去	shàng qù
P	上口	shàng kǒu
P	上古	shàng gǔ
P	上台	shàng tái
P	上叶	shàng yè
P	上司	shàng sī
P	上吊	shàng diào
P	上告	shàng gào
P	上品	shàng pǐn
P	上唇	shàng chún
P	上回	shàng huí
P	上场	shàng chǎng
P	上坟	shàng fén
P	上坡	shàng pō
P	上堂	shàng táng
P	上士	shàng shì
P	上声	shǎng shēng
P	上夜	shàng yè
P	上天	shàng tiān
P	上头	shàng tou
P	上奏	shàng zòu
P	上套	shàng tào
P	上好	shàng hǎo
P	上学	shàng xué
P	上官	shàng guān
P	上客	shàng kè
P	上家	shàng jiā
P	上宾	shàng bīn
P	上寿	shàng shòu
P	上将	shàng jiàng
P	上尉	shàng wèi
P	上层	shàng céng
P	上届	shàng jiè
P	上山	shàng shān
P	上岸	shàng àn
P	上峰	shàng fēng
P	上工	shàng gōng
P	上市	shàng shì
P	上帝	shàng dì
P	上年	shàng nián
P	上床	shàng chuáng
P	上座	shàng zuò
P	上弦	shàng xián
P	上当	shàng dàng
P	上心	shàng xīn
P	上情	shàng qíng
P	上感	shàng gǎn
P	上房	shàng fáng
P	上手	shàng shǒu
P	上报	shàng bào
P	上操	shàng cāo
P	上文	shàng wén
P	上方	shàng fāng
P	上旬	shàng xún
P	上映	shàng yìng
P	上月	shàng yuè
P	上朝	shàng cháo
P	上机	shàng jī
P	上来	shàng lái
P	上林	shàng lín
P	上校	shàng xiào
P	上梁	shàng liáng
P	上次	shàng cì
P	上款	shàng kuǎn
P	上水	shàng shuǐ
P	上油	shàng yóu
P	上流	shàng liú
P	上浮	shàng fú
P	上海	shàng hǎi
P	上涨	shàng zhǎng
P	上游	shàng yóu
P	上溯	shàng sù
P	上演	shàng yǎn
P	上火	shàng huǒ
P	上焦	shàng jiāo
P	上班	shàng bān
P	上界	shàng jiè
P	上疏	shàng shū
P	上瘾	shàng yǐn
P	上相	shàng xiàng
P	上税	shàng shuì
P	上空	shàng kōng
P	上端	shàng duān
P	上等	shàng děng
P	上策	shàng cè
P	上算	shàng suàn
P	上篮	shàng lán
P	上簇	shàng cù
P	上粪	shàng fèn
P	上紧	shàng jǐn
P	上级	shàng jí
P	上纲	shàng gāng
P	上缴	shàng jiǎo
P	上联	shàng lián
P	上肢	shàng zhī
P	上肥	shàng féi
P	上脸	shàng liǎn
P	上膘	shàng biāo
P	上膛	shàng táng
P	上色	shàng sè
P	上苍	shàng cāng
P	上药	shàng yào
P	上菜	shàng cài
P	上蜡	shàng là
P	上行	shàng háng
P	上街	shàng jiē
P	上衣	shàng yī
P	上装	shàng zhuāng
P	上计	shàng jì
P	上访	shàng fǎng
P	上诉	shàng sù
P	上课	shàng kè
P	上调	shàng diào
P	上谕	shàng yù
P	上账	shàng zhàng
P	上货	shàng huò
P	上路	shàng lù
P	上身	shàng shēn
P	上车	shàng chē
P	上辈	shàng bèi
P	上边	shàng biān
P	上达	shàng dá
P	上进	shàng jìn
P	上述	shàng shù
P	上选	shàng xuǎn
P	上钩	shàng gōu
P	上铺	shàng pù
P	上锁	shàng suǒ
P	上门	shàng mén
P	上闩	shàng shuān
P	上阵	shàng zhèn
P	上限	shàng xiàn
P	上院	shàng yuàn
P	上集	shàng jí
P	上面	shàng miàn
P	上鞋	shàng xié
P	上颚	shàng è
P	上风	shàng fēng
P	上首	shàng shǒu
P	上香	shàng xiāng
P	上马	shàng mǎ
P	下乘	xià shèng
P	下令	xià lìng
P	下体	xià tǐ
P	下劲	xià jìn
P	下卷	xià juàn
P	下发	xià fā
P	下台	xià tái
P	下同	xià tóng
P	下咽	xià yàn
P	下地	xià dì
P	下场	xià chǎng
P	下塌	xià tā
P	下处	xià chǔ
P	下头	xià tou
P	下家	xià jiā
P	下属	xià shǔ
P	下帖	xià tiě
P	下床	xià chuáng
P	下拨	xià bō
P	下毒	xià dú
P	下泄	xià xiè
P	下渗	xià shèn
P	下潜	xià qián
P	下种	xià zhǒng
P	下落	xià luò
P	下行	xià xíng
P	下调	xià tiáo
P	下车	xià chē
P	下述	xià shù
P	下铺	xià pù
P	下降	xià jiàng
P	下集	xià jí
P	下雨	xià yǔ
P	下颌	xià hé
P	下风	xià fēng
P	不一	bù yī
P	不下	bù xià
P	不中	bù zhōng
P	不丹	bù dān
P	不久	bù jiǔ
P	不义	bú yì
P	不乏	bù fá
P	不了	bù liǎo
P	不争	bù zhēng
P	不二	bù èr
P	不亦	bù yì
P	不仁	bù rén
P	不仅	bù jǐn
P	不休	bù xiū
P	不会	bú huì
P	不但	bù dàn
P	不住	bú zhù
P	不佞	bù nìng
P	不佳	bù jiā
P	不依	bù yī
P	不便	bù biàn
P	不俗	bù sú
P	不信	bù xìn
P	不修	bù xiū
P	不倦	bù juàn
P	不值	bù zhí
P	不假	bù jiǎ
P	不像	bù xiàng
P	不光	bù guāng
P	不克	bù kè
P	不免	bù miǎn
P	不公	bù gōng
P	不关	bù guān
P	不兴	bù xīng
P	不具	bù jù
P	不再	bù zài
P	不准	bù zhǔn
P	不减	bù jiǎn
P	不凡	bù fán
P	不分	bù fēn
P	不利	bù lì
P	不到	bú dào
P	不力	bù lì
P	不单	bù dān
P	不厌	bù yàn
P	不及	bù jí
P	不变	bù biàn
P	不只	bù zhǐ
P	不可	bù kě
P	不吃	bù chī
P	不合	bù hé
P	不同	bù tóng
P	不吝	bù lìn
P	不听	bù tīng
P	不周	bù zhōu
P	不和	bù hé
P	不啻	bù chì
P	不善	bù shàn
P	不图	bù tú
P	不在	bù zài
P	不均	bù jūn
P	不堪	bù kān
P	不备	bù bèi
P	不外	bù wài
P	不够	bù gòu
P	不大	bù dà
P	不好	bù hǎo
P	不如	bù rú
P	不妙	bù miào
P	不妥	bù tuǒ
P	不妨	bù fáng
P	不孕	bù yùn
P	不孝	bù xiào
P	不宁	bù níng
P	不安	bù ān
P	不定	bù dìng
P	不宜	bù yí
P	不实	bù shí
P	不容	bù róng
P	不寐	bú mèi
P	不对	bú duì
P	不少	bù shǎo
P	不尽	bù jìn
P	不屈	bù qū
P	不屑	bù xiè
P	不巧	bù qiǎo
P	不差	bù chà
P	不已	bù yǐ
P	不常	bù cháng
P	不干	bù gàn
P	不平	bù píng
P	不幸	bù xìng
P	不当	bù dàng
P	不待	bù dài
P	不得	bù dé
P	不必	bù bì
P	不忍	bù rěn
P	不快	bù kuài
P	不忿	bù fèn
P	不怕	bù pà
P	不恤	bù xù
P	不恭	bù gōng
P	不息	bù xī
P	不悦	bú yuè
P	不惑	bù huò
P	不惜	bù xī
P	不惟	bù wéi
P	不想	bù xiǎng
P	不意	bù yì
P	不愧	bù kuì
P	不慎	bù shèn
P	不懈	bù xiè
P	不成	bù chéng
P	不才	bù cái
P	不扬	bù yáng
P	不报	bù bào
P	不拘	bù jū
P	不振	bù zhèn
P	不支	bù zhī
P	不敌	bù dí
P	不敏	bù mǐn
P	不敢	bù gǎn
P	不敬	bù jìng
P	不文	bù wén
P	不料	bù liào
P	不断	bù duàn
P	不无	bù wú
P	不日	bù rì
P	不时	bù shí
P	不明	bù míng
P	不易	bù yì
P	不是	bú shì
P	不智	bù zhì
P	不暇	bù xiá
P	不曾	bù céng
P	不服	bù fú
P	不期	bù qī
P	不朽	bù xiǔ
P	不枉	bù wǎng
P	不果	bù guǒ
P	不检	bù jiǎn
P	不止	bù zhǐ
P	不正	bù zhèng
P	不比	bù bǐ
P	不毛	bù máo
P	不治	bù zhì
P	不法	bù fǎ
P	不洁	bù jié
P	不测	bù cè
P	不济	bù jì
P	不消	bù xiāo
P	不满	bù mǎn
P	不灵	bù líng
P	不然	bù rán
P	不熟	bù shú
P	不爽	bù shuǎng
P	不犯	bù fàn
P	不独	bù dú
P	不理	bù lǐ
P	不甘	bù gān
P	不甚	bù shèn
P	不用	bù yòng
P	不由	bù yóu
P	不畅	bù chàng
P	不确	bù què
P	不碍	bù ài
P	不祥	bù xiáng
P	不禁	bù jīn
P	不稳	bù wěn
P	不端	bù duān
P	不符	bù fú
P	不等	bù děng
P	不算	bù suàn
P	不管	bù guǎn
P	不纯	bù chún
P	不羁	bù jī
P	不耐	bù nài
P	不耻	bù chǐ
P	不肖	bù xiào
P	不肯	bù kěn
P	不育	bù yù
P	不胜	bù shèng
P	不能	bù néng
P	不致	bù zhì
P	不舍	bù shě
P	不良	bù liáng
P	不苟	bù gǒu
P	不若	bù ruò
P	不虞	bù yú
P	不行	bù xíng
P	不衰	bù shuāi
P	不要	bú yào
P	不见	bú jiàn
P	不觉	bù jué
P	不解	bù jiě
P	不计	bù jì
P	不让	bù ràng
P	不讳	bù huì
P	不许	bù xǔ
P	不论	bù lùn
P	不该	bù gāi
P	不详	bù xiáng
P	不象	bù xiàng
P	不赖	bù lài
P	不起	bù qǐ
P	不足	bù zú
P	不轨	bù guǐ
P	不辍	bù chuò
P	不辞	bù cí
P	不过	bù guò
P	不迭	bù dié
P	不适	bù shì
P	不逊	bù xùn
P	不通	bù tōng
P	不逞	bù chěng
P	不遂	bù suí
P	不遇	bù yù
P	不遑	bù huáng
P	不避	bù bì
P	不配	bù pèi
P	不错	bù cuò
P	不问	bù wèn
P	不雅	bù yǎ
P	不韪	bù wěi
P	不须	bù xū
P	不顾	bù gù
P	不齐	bù qí
P	不齿	bù chǐ
P	与会	yù huì
P	与共	yǔ gòng
P	与其	yǔ qí
P	与赛	yù sài
P	与门	yǔ mén
P	与闻	yù wén
P	丑化	chǒu huà
P	丑恶	chǒu è
P	丑星	chǒu xīng
P	丑相	chǒu xiàng
P	丑行	chǒu xíng
P	丑角	chǒu jué
P	专任	zhuān rèn
P	专供	zhuān gōng
P	专区	zhuān qū
P	专号	zhuān hào
P	专员	zhuān yuán
P	专场	zhuān chǎng
P	专家	zhuān jiā
P	专差	zhuān chāi
P	专座	zhuān zuò
P	专指	zhuān zhǐ
P	专有	zhuān yǒu
P	专柜	zhuān guì
P	专横	zhuān hèng
P	专版	zhuān bǎn
P	专稿	zhuān gǎo
P	专著	zhuān zhù
P	专论	zhuān lùn
P	专车	zhuān chē
P	专长	zhuān cháng
P	且慢	qiě màn
P	且末	qiě mò
P	且说	qiě shuō
P	世上	shì shàng
P	世亲	shì qīn
P	世仇	shì chóu
P	世传	shì chuán
P	世伯	shì bó
P	世家	shì jiā
P	世系	shì xì
P	世纪	shì jì
P	世间	shì jiān
P	世风	shì fēng
P	丙丁	bǐng dīng
P	丙纶	bǐng lún
P	业内	yè nèi
P	业大	yè dà
P	东北	dōng běi
P	东区	dōng qū
P	东华	dōng huá
P	东南	dōng nán
P	东台	dōng tái
P	东头	dōng tóu
P	东家	dōng jiā
P	东莞	dōng guǎn
P	东阿	dōng ē
P	东风	dōng fēng
P	丝棉	sī mián
P	丝织	sī zhī
P	丞相	chéng xiàng
P	两个	liǎng gè
P	两侧	liǎng cè
P	两便	liǎng biàn
P	两可	liǎng kě
P	两地	liǎng dì
P	两头	liǎng tóu
P	两广	liǎng guǎng
P	两当	liǎng dāng
P	两旁	liǎng páng
P	两栖	liǎng qī
P	两难	liǎng nán
P	两鬓	liǎng bìn
P	严令	yán lìng
P	严处	yán chǔ
P	严查	yán chá
P	严正	yán zhèng
P	严父	yán fù
P	严禁	yán jìn
P	严苛	yán kē
P	严重	yán zhòng
P	丧乱	sāng luàn
P	丧事	sāng shì
P	丧亡	sàng wáng
P	丧假	sāng jià
P	丧偶	sàng ǒu
P	丧命	sàng mìng
P	丧失	sàng shī
P	丧家	sāng jiā
P	丧志	sàng zhì
P	丧服	sāng fú
P	丧权	sàng quán
P	丧气	sàng qì
P	丧生	sàng shēng
P	丧礼	sāng lǐ
P	丧胆	sàng dǎn
P	丧葬	sāng zàng
P	丧身	sàng shēn
P	丧钟	sāng zhōng
P	丧门	sàng mén
P	个个	gè gè
P	个中	gè zhōng
P	个人	gè rén
P	个位	gè wèi
P	个体	gè tǐ
P	个儿	gè ér
P	个别	gè bié
P	个头	gè tóu
P	个子	gè zi
P	个性	gè xìng
P	个把	gè bǎ
P	个旧	gè jiù
P	个案	gè àn
P	丫头	yā tou
P	丫杈	yā chà
P	中东	zhōng dōng
P	中产	zhōng chǎn
P	中伏	zhōng fú
P	中伤	zhòng shāng
P	中保	zhōng bǎo
P	中共	zhōng gòng
P	中分	zhōng fēn
P	中华	zhōng huá
P	中卷	zhōng juàn
P	中古	zhōng gǔ
P	中号	zhōng hào
P	中和	zhōng hé
P	中国	zhōng guó
P	中场	zhōng chǎng
P	中奖	zhòng jiǎng
P	中封	zhōng fēng
P	中将	zhōng jiàng
P	中层	zhōng céng
P	中常	zhōng cháng
P	中幡	zhōng fān
P	中府	zhōng fǔ
P	中度	zhōng dù
P	中弹	zhòng dàn
P	中彩	zhòng cǎi
P	中技	zhōng jì
P	中招	zhòng zhāo
P	中断	zhōng duàn
P	中方	zhōng fāng
P	中暑	zhòng shǔ
P	中服	zhōng fú
P	中极	zhōng jí
P	中标	zhòng biāo
P	中档	zhōng dàng
P	中楷	zhōng kǎi
P	中段	zhōng duàn
P	中毒	zhòng dú
P	中法	zhōng fǎ
P	中波	zhōng bō
P	中点	zhōng diǎn
P	中牟	zhōng mù
P	中班	zhōng bān
P	中的	zhōng de
P	中程	zhōng chéng
P	中稻	zhōng dào
P	中端	zhōng duān
P	中等	zhōng děng
P	中策	zhōng cè
P	中级	zhōng jí
P	中缝	zhōng fèng
P	中耕	zhōng gēng
P	中耳	zhōng ěr
P	中行	zhōng háng
P	中表	zhōng biǎo
P	中计	zhòng jì
P	中词	zhōng cí
P	中辍	zhōng chuò
P	中道	zhōng dào
P	中部	zhōng bù
P	中都	zhōng dū
P	中锋	zhōng fēng
P	中长	zhōng cháng
P	中队	zhōng duì
P	中雪	zhōng xuě
P	中非	zhōng fēi
P	中靶	zhòng bǎ
P	中风	zhòng fēng
P	中餐	zhōng cān
P	中饭	zhōng fàn
P	中饱	zhōng bǎo
P	中黄	zhōng huáng
P	丰歉	fēng qiàn
P	丰盛	fēng shèng
P	丰硕	fēng shuò
P	丰采	fēng cǎi
P	串供	chuàn gòng
P	串戏	chuàn xì
P	串案	chuàn àn
P	临了	lín liǎo
P	临别	lín bié
P	临场	lín chǎng
P	临头	lín tóu
P	临帖	lín tiè
P	临朝	lín cháo
P	临空	lín kōng
P	临行	lín xíng
P	临难	lín nàn
P	临风	lín fēng
P	丸子	wán zi
P	丹参	dān shēn
P	丹毒	dān dú
P	为主	wéi zhǔ
P	为了	wèi le
P	为人	wéi rén
P	为伍	wéi wǔ
P	为何	wèi hé
P	为啥	wèi shá
P	为害	wéi hài
P	为患	wéi huàn
P	为政	wéi zhèng
P	为数	wéi shù
P	为时	wéi shí
P	为期	wéi qī
P	为止	wéi zhǐ
P	为此	wèi cǐ
P	为生	wéi shēng
P	为着	wèi zhe
P	为限	wéi xiàn
P	为难	wéi nán
P	为首	wéi shǒu
P	主上	zhǔ shàng
P	主产	zhǔ chǎn
P	主仆	zhǔ pú
P	主从	zhǔ cóng
P	主任	zhǔ rèn
P	主体	zhǔ tǐ
P	主创	zhǔ chuàng
P	主句	zhǔ jù
P	主家	zhǔ jiā
P	主将	zhǔ jiàng
P	主干	zhǔ gàn
P	主战	zhǔ zhàn
P	主打	zhǔ dǎ
P	主教	zhǔ jiào
P	主枝	zhǔ zhī
P	主桥	zhǔ qiáo
P	主祭	zhǔ jì
P	主营	zhǔ yíng
P	主要	zhǔ yào
P	主见	zhǔ jiàn
P	主观	zhǔ guān
P	主角	zhǔ jué
P	主语	zhǔ yǔ
P	主调	zhǔ diào
P	主责	zhǔ zé
P	主轴	zhǔ zhóu
P	主食	zhǔ shí
P	丽人	lì rén
P	丽日	lì rì
P	丽水	lí shuǐ
P	丽质	lì zhì
P	丽都	lì dū
P	举发	jǔ fā
P	举家	jǔ jiā
P	举行	jǔ xíng
P	举要	jǔ yào
P	举重	jǔ zhòng
P	久仰	jiǔ yǎng
P	久别	jiǔ bié
P	久远	jiǔ yuǎn
P	久长	jiǔ cháng
P	义女	yì nǚ
P	义行	yì xíng
P	之极	zhī jí
P	之首	zhī shǒu
P	乌头	wū tóu
P	乌拉	wū lā
P	乌有	wū yǒu
P	乌龟	wū guī
P	乍看	zhà kàn
P	乏术	fá shù
P	乏累	fá lèi
P	乐业	lè yè
P	乐事	lè shì
P	乐于	lè yú
P	乐亭	lào tíng
P	乐儿	lè ér
P	乐句	lè jù
P	乐器	yuè qì
P	乐团	yuè tuán
P	乐园	lè yuán
P	乐土	lè tǔ
P	乐坛	yuè tán
P	乐天	lè tiān
P	乐子	lè zi
P	乐安	lè ān
P	乐官	yuè guān
P	乐山	lè shān
P	乐工	yuè gōng
P	乐师	yuè shī
P	乐府	yuè fǔ
P	乐律	yuè lǜ
P	乐得	lè dé
P	乐意	lè yì
P	乐感	yuè gǎn
P	乐户	yuè hù
P	乐手	yuè shǒu
P	乐曲	yuè qǔ
P	乐果	lè guǒ
P	乐歌	yuè gē
P	乐毅	yuè yì
P	乐池	yuè chí
P	乐清	yuè qīng
P	乐理	yuè lǐ
P	乐章	yuè zhāng
P	乐舞	yuè wǔ
P	乐观	lè guān
P	乐谱	yuè pǔ
P	乐趣	lè qù
P	乐迷	yuè mí
P	乐道	lè dào
P	乐都	lè dū
P	乐队	yuè duì
P	乐音	yuè yīn
P	乖觉	guāi jué
P	乘乘	chéng chéng
P	乘便	chéng biàn
P	乘兴	chéng xìng
P	乘凉	chéng liáng
P	乘势	chéng shì
P	乘号	chéng hào
P	乘员	chéng yuán
P	乘坐	chéng zuò
P	乘壶	chéng hú
P	乘客	chéng kè
P	乘幂	chéng mì
P	乘数	chéng shù
P	乘方	chéng fāng
P	乘机	chéng jī
P	乘法	chéng fǎ
P	乘积	chéng jī
P	乘胜	chéng shèng
P	乘舆	shèng yú
P	乘虚	chéng xū
P	乘警	chéng jǐng
P	乘车	chéng chē
P	乘除	chéng chú
P	乘隙	chéng xì
P	乘风	chéng fēng
P	乘马	chéng mǎ
P	乜斜	miē xié
P	九重	jiǔ chóng
P	乞和	qǐ hé
P	乞降	qǐ xiáng
P	乞食	qǐ shí
P	也好	yě hǎo
P	也是	yě shì
P	也罢	yě bà
P	也许	yě xǔ
P	习好	xí hǎo
P	习服	xí fú
P	习见	xí jiàn
P	乡丁	xiāng dīng
P	乡亲	xiāng qīn
P	乡思	xiāng sī
P	乡曲	xiāng qū
P	乡约	xiāng yuē
P	乡长	xiāng cháng
P	乡间	xiāng jiān
P	书价	shū jià
P	书体	shū tǐ
P	书信	shū xìn
P	书僮	shū tóng
P	书卷	shū juàn
P	书号	shū hào
P	书吧	shū ba
P	书场	shū chǎng
P	书契	shū qì
P	书家	shū jiā
P	书展	shū zhǎn
P	书柜	shū guì
P	书背	shū bèi
P	书论	shū lùn
P	买价	mǎi jià
P	买好	mǎi hǎo
P	买家	mǎi jiā
P	乱发	luàn fà
P	乱弹	luàn tán
P	乱打	luàn dǎ
P	乱说	luàn shuō
P	乳化	rǔ huà
P	乳头	rǔ tóu
P	乳晕	rǔ yùn
P	乳燕	rǔ yàn
P	乳糜	rǔ mí
P	乳臭	rǔ xiù
P	了了	liǎo liǎo
P	了事	liǎo shì
P	了却	liǎo què
P	了局	liǎo jú
P	了当	liǎo dàng
P	了得	liǎo de
P	了悟	liǎo wù
P	了断	liǎo duàn
P	了无	liǎo wú
P	了然	liǎo rán
P	了结	liǎo jié
P	了解	liǎo jiě
P	了账	liǎo zhàng
P	予以	yǔ yǐ
P	争吵	zhēng chǎo
P	争强	zhēng qiáng
P	争得	zhēng de
P	争抢	zhēng qiǎng
P	争斗	zhēng dòu
P	争论	zhēng lùn
P	事体	shì tǐ
P	事假	shì jià
P	二价	èr jià
P	二分	èr fēn
P	二副	èr fù
P	二茬	èr chá
P	二重	èr chóng
P	于思	yú sāi
P	亏待	kuī dài
P	亏得	kuī de
P	亏折	kuī zhé
P	亏空	kuī kōng
P	亏累	kuī lěi
P	云南	yún nán
P	云和	yún hé
P	云头	yún tóu
P	云岭	yún lǐng
P	云散	yún sàn
P	云景	yún jǐng
P	云梢	yún shāo
P	云涌	yún yǒng
P	云量	yún liàng
P	云雀	yún què
P	云雨	yún yǔ
P	互为	hù wéi
P	互助	hù zhù
P	互派	hù pài
P	互济	hù jì
P	互爱	hù ài
P	互相	hù xiāng
P	互见	hù jiàn
P	互谅	hù liàng
P	五内	wǔ nèi
P	五分	wǔ fēn
P	五华	wǔ huá
P	五台	wǔ tái
P	五号	wǔ hào
P	五岭	wǔ lǐng
P	五更	wǔ gēng
P	五服	wǔ fú
P	五毒	wǔ dú
P	五羊	wǔ yáng
P	五节	wǔ jié
P	五行	wǔ xíng
P	井台	jǐng tái
P	井喷	jǐng pēn
P	井场	jǐng chǎng
P	井底	jǐng dǐ
P	亚于	yà yú
P	亚当	yà dāng
P	些个	xiē gè
P	些小	xiē xiǎo
P	些微	xiē wēi
P	些许	xiē xǔ
P	些须	xiē xū
P	亟亟	jí jí
P	亟须	jí xū
P	亡佚	wáng yì
P	亡党	wáng dǎng
P	亡友	wáng yǒu
P	亡命	wáng mìng
P	亡国	wáng guó
P	亡失	wáng shī
P	亡故	wáng gù
P	亡灵	wáng líng
P	亡魂	wáng hún
P	交会	jiāo huì
P	交卷	jiāo juàn
P	交叉	jiāo chā
P	交合	jiāo hé
P	交好	jiāo hǎo
P	交寄	jiāo jì
P	交尾	jiāo wěi
P	交差	jiāo chāi
P	交并	jiāo bìng
P	交底	jiāo dǐ
P	交待	jiāo dài
P	交恶	jiāo wù
P	交椅	jiāo yǐ
P	交电	jiāo diàn
P	交相	jiāo xiāng
P	交织	jiāo zhī
P	交结	jiāo jié
P	交给	jiāo gěi
P	交臂	jiāo bì
P	交行	jiāo háng
P	交角	jiāo jiǎo
P	交还	jiāo huán
P	交迫	jiāo pò
P	交验	jiāo yàn
P	产假	chǎn jià
P	产地	chǎn dì
P	产期	chǎn qī
P	产量	chǎn liàng
P	产需	chǎn xū
P	亨通	hēng tōng
P	亩产	mǔ chǎn
P	享乐	xiǎng lè
P	享有	xiǎng yǒu
P	京华	jīng huá
P	京戏	jīng xì
P	京都	jīng dū
P	亭子	tíng zi
P	亭长	tíng zhǎng
P	亮分	liàng fēn
P	亮底	liàng dǐ
P	亮度	liàng dù
P	亮相	liàng xiàng
P	亲丁	qīn dīng
P	亲临	qīn lín
P	亲为	qīn wéi
P	亲事	qīn shì
P	亲亲	qīn qīn
P	亲人	qīn rén
P	亲代	qīn dài
P	亲信	qīn xìn
P	亲兵	qīn bīng
P	亲切	qīn qiè
P	亲历	qīn lì
P	亲友	qīn yǒu
P	亲口	qīn kǒu
P	亲吻	qīn wěn
P	亲和	qīn hé
P	亲善	qīn shàn
P	亲嘴	qīn zuǐ
P	亲娘	qīn niáng
P	亲子	qīn zǐ
P	亲家	qìng jia
P	亲密	qīn mì
P	亲属	qīn shǔ
P	亲征	qīn zhēng
P	亲情	qīn qíng
P	亲戚	qīn qī
P	亲手	qīn shǒu
P	亲政	qīn zhèng
P	亲故	qīn gù
P	亲族	qīn zú
P	亲昵	qīn nì
P	亲朋	qīn péng
P	亲本	qīn běn
P	亲热	qīn rè
P	亲爱	qīn ài
P	亲王	qīn wáng
P	亲生	qīn shēng
P	亲疏	qīn shū
P	亲眷	qīn juàn
P	亲眼	qīn yǎn
P	亲睦	qīn mù
P	亲睹	qīn dǔ
P	亲知	qīn zhī
P	亲笔	qīn bǐ
P	亲缘	qīn yuán
P	亲聆	qīn líng
P	亲自	qīn zì
P	亲身	qīn shēn
P	亲迎	qīn yíng
P	亲近	qīn jìn
P	亲随	qīn suí
P	亵渎	xiè dú
P	人丁	rén dīng
P	人中	rén zhōng
P	人为	rén wéi
P	人们	rén men
P	人体	rén tǐ
P	人参	rén shēn
P	人员	rén yuán
P	人和	rén hé
P	人大	rén dà
P	人夫	rén fū
P	人头	rén tóu
P	人家	rén jiā
P	人数	rén shù
P	人氏	rén shì
P	人种	rén zhǒng
P	人称	rén chēng
P	人间	rén jiān
P	亿万	yì wàn
P	什么	shén me
P	什物	shí wù
P	什锦	shí jǐn
P	仁儿	rén er
P	仁化	rén huà
P	仁弟	rén dì
P	仁术	rén shù
P	仅仅	jǐn jǐn
P	仅只	jǐn zhǐ
P	仅够	jǐn gòu
P	仅有	jǐn yǒu
P	仅此	jǐn cǐ
P	仅见	jǐn jiàn
P	仆人	pú rén
P	仆从	pú cóng
P	仆妇	pú fù
P	仆役	pú yì
P	仇人	chóu rén
P	仇外	chóu wài
P	仇姓	qiú xìng
P	仇家	chóu jiā
P	仇怨	chóu yuàn
P	仇恨	chóu hèn
P	仇敌	chóu dí
P	仇杀	chóu shā
P	仇视	chóu shì
P	仇隙	chóu xì
P	今朝	jīn zhāo
P	今番	jīn fān
P	从不	cóng bù
P	从业	cóng yè
P	从中	cóng zhōng
P	从事	cóng shì
P	从今	cóng jīn
P	从众	cóng zhòng
P	从优	cóng yōu
P	从俗	cóng sú
P	从先	cóng xiān
P	从军	cóng jūn
P	从刑	cóng xíng
P	从前	cóng qián
P	从动	cóng dòng
P	从化	cóng huà
P	从医	cóng yī
P	从句	cóng jù
P	从命	cóng mìng
P	从商	cóng shāng
P	从头	cóng tóu
P	从实	cóng shí
P	从容	cóng róng
P	从小	cóng xiǎo
P	从属	cóng shǔ
P	从师	cóng shī
P	从征	cóng zhēng
P	从戎	cóng róng
P	从政	cóng zhèng
P	从教	cóng jiào
P	从新	cóng xīn
P	从权	cóng quán
P	从来	cóng lái
P	从此	cóng cǐ
P	从犯	cóng fàn
P	从略	cóng lüè
P	从简	cóng jiǎn
P	从而	cóng ér
P	从良	cóng liáng
P	从艺	cóng yì
P	从速	cóng sù
P	从重	cóng zhòng
P	从难	cóng nán
P	仓卒	cāng cù
P	仓容	cāng róng
P	仓颉	cāng jié
P	仔密	zǐ mì
P	仔猪	zǐ zhū
P	仔畜	zǐ chù
P	仔细	zǐ xì
P	仔肩	zī jiān
P	仔鱼	zǐ yú
P	仔鸡	zǐ jī
P	仕女	shì nǚ
P	他们	tā men
P	他处	tā chǔ
P	他家	tā jiā
P	他指	tā zhǐ
P	付与	fù yǔ
P	付酬	fù chóu
P	仙乐	xiān lè
P	仙台	xiān tái
P	仙女	xiān nǚ
P	仙术	xiān shù
P	代为	dài wéi
P	代价	dài jià
P	代号	dài hào
P	代数	dài shù
P	代称	dài chēng
P	代行	dài xíng
P	代金	dài jīn
P	令亲	lìng qīn
P	令人	lìng rén
P	令兄	lìng xiōng
P	令堂	lìng táng
P	令妹	lìng mèi
P	令媛	lìng yuàn
P	令嫒	lìng ài
P	令尊	lìng zūn
P	令弟	lìng dì
P	令旗	lìng qí
P	令爱	lìng ài
P	令牌	lìng pái
P	令状	lìng zhuàng
P	令狐	líng hú
P	令箭	lìng jiàn
P	令节	lìng jié
P	令誉	lìng yù
P	令郎	lìng láng
P	以上	yǐ shàng
P	以为	yǐ wéi
P	以便	yǐ biàn
P	以内	yǐ nèi
P	以期	yǐ qī
P	以近	yǐ jìn
P	以还	yǐ huán
P	以远	yǐ yuǎn
P	仪节	yí jié
P	仰仗	yǎng zhàng
P	仰光	yǎng guāng
P	仰卧	yǎng wò
P	仰天	yǎng tiān
P	仰慕	yǎng mù
P	仰承	yǎng chéng
P	仰望	yǎng wàng
P	仰泳	yǎng yǒng
P	仰给	yǎng jǐ
P	仰脖	yǎng bó
P	仰视	yǎng shì
P	仰角	yǎng jiǎo
P	仰赖	yǎng lài
P	仰靠	yǎng kào
P	仰面	yǎng miàn
P	仰首	yǎng shǒu
P	仲孙	zhòng sūn
P	仲家	zhòng jiā
P	仳离	pǐ lí
P	件头	jiàn tóu
P	件数	jiàn shù
P	价值	jià zhí
P	价格	jià gé
P	价目	jià mù
P	价码	jià mǎ
P	价签	jià qiān
P	价钱	jià qián
P	任丘	rén qiū
P	任从	rèn cóng
P	任何	rèn hé
P	任便	rèn biàn
P	任免	rèn miǎn
P	任内	rèn nèi
P	任凭	rèn píng
P	任务	rèn wù
P	任命	rèn mìng
P	任姓	rén xìng
P	任性	rèn xìng
P	任情	rèn qíng
P	任意	rèn yì
P	任教	rèn jiào
P	任期	rèn qī
P	任用	rèn yòng
P	任职	rèn zhí
P	任脉	rèn mài
P	任课	rèn kè
P	任选	rèn xuǎn
P	任随	rèn suí
P	份儿	fèn ér
P	份地	fèn dì
P	份子	fèn zi
P	份量	fèn liàng
P	份额	fèn é
P	仿佛	fǎng fú
P	仿冒	fǎng mào
P	仿单	fǎng dān
P	仿建	fǎng jiàn
P	仿生	fǎng shēng
P	仿行	fǎng xíng
P	企划	qǐ huà
P	企待	qǐ dài
P	企管	qǐ guǎn
P	伊吾	yī wú
P	伎俩	jì liǎng
P	伏地	fú dì
P	伏帖	fú tiē
P	伏瘕	fú jiǎ
P	伐区	fá qū
P	休业	xiū yè
P	休书	xiū shū
P	休会	xiū huì
P	休假	xiū jià
P	休克	xiū kè
P	休兵	xiū bīng
P	休养	xiū yǎng
P	休刊	xiū kān
P	休学	xiū xué
P	休宁	xiū níng
P	休息	xiū xī
P	休想	xiū xiǎng
P	休憩	xiū qì
P	休战	xiū zhàn
P	休戚	xiū qī
P	休整	xiū zhěng
P	休止	xiū zhǐ
P	休渔	xiū yú
P	休班	xiū bān
P	休眠	xiū mián
P	休耕	xiū gēng
P	休闲	xiū xián
P	众数	zhòng shù
P	众说	zhòng shuō
P	优价	yōu jià
P	优化	yōu huà
P	优待	yōu dài
P	伙同	huǒ tóng
P	伙夫	huǒ fū
P	伙食	huǒ shí
P	会上	huì shàng
P	会众	huì zhòng
P	会儿	huì er
P	会元	huì yuán
P	会党	huì dǎng
P	会典	huì diǎn
P	会刊	huì kān
P	会剿	huì jiǎo
P	会务	huì wù
P	会厌	huì yàn
P	会友	huì yǒu
P	会合	huì hé
P	会同	huì tóng
P	会员	huì yuán
P	会商	huì shāng
P	会场	huì chǎng
P	会址	huì zhǐ
P	会堂	huì táng
P	会宁	huì níng
P	会审	huì shěn
P	会客	huì kè
P	会师	huì shī
P	会徽	huì huī
P	会心	huì xīn
P	会意	huì yì
P	会战	huì zhàn
P	会所	huì suǒ
P	会报	huì bào
P	会操	huì cāo
P	会昌	huì chāng
P	会晤	huì wù
P	会期	huì qī
P	会标	huì biāo
P	会水	huì shuǐ
P	会演	huì yǎn
P	会理	huì lǐ
P	会社	huì shè
P	会章	huì zhāng
P	会签	huì qiān
P	会籍	huì jí
P	会考	huì kǎo
P	会聚	huì jù
P	会见	huì jiàn
P	会计	kuài jì
P	会议	huì yì
P	会诊	huì zhěn
P	会试	huì shì
P	会话	huì huà
P	会谈	huì tán
P	会账	huì zhàng
P	会费	huì fèi
P	会车	huì chē
P	会通	huì tōng
P	会钞	huì chāo
P	会长	huì zhǎng
P	会阴	huì yīn
P	会集	huì jí
P	会面	huì miàn
P	会风	huì fēng
P	会餐	huì cān
P	会馆	huì guǎn
P	会首	huì shǒu
P	会齐	huì qí
P	伛偻	yǔ lǚ
P	伞盖	sǎn gài
P	伞骨	sǎn gǔ
P	伟大	wěi dà
P	伟论	wěi lùn
P	传世	chuán shì
P	传习	chuán xí
P	传人	chuán rén
P	传代	chuán dài
P	传令	chuán lìng
P	传入	chuán rù
P	传动	chuán dòng
P	传单	chuán dān
P	传名	chuán míng
P	传告	chuán gào
P	传呼	chuán hū
P	传唤	chuán huàn
P	传唱	chuán chàng
P	传声	chuán shēng
P	传奇	chuán qí
P	传媒	chuán méi
P	传家	chuán jiā
P	传导	chuán dǎo
P	传布	chuán bù
P	传情	chuán qíng
P	传感	chuán gǎn
P	传扬	chuán yáng
P	传承	chuán chéng
P	传技	chuán jì
P	传抄	chuán chāo
P	传授	chuán shòu
P	传播	chuán bō
P	传教	chuán jiào
P	传旨	chuán zhǐ
P	传本	chuán běn
P	传染	chuán rǎn
P	传热	chuán rè
P	传球	chuán qiú
P	传略	zhuàn lüè
P	传真	chuán zhēn
P	传神	chuán shén
P	传票	chuán piào
P	传种	chuán zhǒng
P	传粉	chuán fěn
P	传经	chuán jīng
P	传统	chuán tǒng
P	传言	chuán yán
P	传讯	chuán xùn
P	传记	zhuàn jì
P	传译	chuán yì
P	传话	chuán huà
P	传说	chuán shuō
P	传诵	chuán sòng
P	传质	chuán zhì
P	传输	chuán shū
P	传达	chuán dá
P	传送	chuán sòng
P	传递	chuán dì
P	传道	chuán dào
P	传问	chuán wèn
P	传闻	chuán wén
P	传阅	chuán yuè
P	传颂	chuán sòng
P	伤亡	shāng wáng
P	伤号	shāng hào
P	伤员	shāng yuán
P	伤财	shāng cái
P	伤风	shāng fēng
P	伦敦	lún dūn
P	伧俗	cāng sú
P	伪称	wěi chēng
P	伯乐	bó lè
P	伯仲	bó zhòng
P	伯伯	bó bo
P	伯公	bó gōng
P	伯劳	bó láo
P	伯婆	bó pó
P	伯德	bó dé
P	伯母	bó mǔ
P	伯爵	bó jué
P	伯父	bó fù
P	伯祖	bó zǔ
P	估产	gū chǎn
P	估价	gū jià
P	估摸	gū mō
P	估算	gū suàn
P	估衣	gù yī
P	估计	gū jì
P	估量	gū liáng
P	伴同	bàn tóng
P	伴读	bàn dú
P	伴郎	bàn láng
P	伸头	shēn tóu
P	伸曲	shēn qū
P	伸缩	shēn suō
P	伸长	shēn cháng
P	伺侯	cì hòu
P	伺候	cì hòu
P	伺弄	sì nòng
P	伺机	sì jī
P	伺隙	sì xì
P	似乎	sì hū
P	似曾	sì céng
P	似的	shì de
P	伽蓝	qié lán
P	伽马	gā mǎ
P	佃农	diàn nóng
P	佃客	diàn kè
P	佃户	diàn hù
P	佃租	diàn zū
P	但见	dàn jiàn
P	位卑	wèi bēi
P	位能	wèi néng
P	低估	dī gū
P	低凹	dī āo
P	低压	dī yā
P	低哑	dī yǎ
P	低地	dī dì
P	低处	dī chù
P	低头	dī tóu
P	低平	dī píng
P	低幼	dī yòu
P	低度	dī dù
P	低智	dī zhì
P	低盐	dī yán
P	低空	dī kōng
P	低糖	dī táng
P	低能	dī néng
P	低落	dī luò
P	低语	dī yǔ
P	低调	dī diào
P	低质	dī zhì
P	低限	dī xiàn
P	低频	dī pín
P	住地	zhù dì
P	住处	zhù chù
P	住家	zhù jiā
P	住宿	zhù sù
P	住校	zhù xiào
P	住读	zhù dú
P	佑助	yòu zhù
P	体会	tǐ huì
P	体位	tǐ wèi
P	体例	tǐ lì
P	体内	tǐ nèi
P	体制	tǐ zhì
P	体力	tǐ lì
P	体味	tǐ wèi
P	体坛	tǐ tán
P	体型	tǐ xíng
P	体察	tǐ chá
P	体尝	tǐ cháng
P	体己	tī jǐ
P	体式	tǐ shì
P	体弱	tǐ ruò
P	体形	tǐ xíng
P	体念	tǐ niàn
P	体态	tǐ tài
P	体性	tǐ xìng
P	体恤	tǐ xù
P	体悟	tǐ wù
P	体惜	tǐ xī
P	体操	tǐ cāo
P	体改	tǐ gǎi
P	体校	tǐ xiào
P	体格	tǐ gé
P	体检	tǐ jiǎn
P	体液	tǐ yè
P	体温	tǐ wēn
P	体现	tǐ xiàn
P	体用	tǐ yòng
P	体癣	tǐ xuǎn
P	体积	tǐ jī
P	体系	tǐ xì
P	体统	tǐ tǒng
P	体罚	tǐ fá
P	体肤	tǐ fū
P	体育	tǐ yù
P	体能	tǐ néng
P	体腔	tǐ qiāng
P	体表	tǐ biǎo
P	体裁	tǐ cái
P	体认	tǐ rèn
P	体谅	tǐ liàng
P	体貌	tǐ mào
P	体质	tǐ zhì
P	体贴	tǐ tiē
P	体重	tǐ zhòng
P	体量	tǐ liàng
P	体面	tǐ miàn
P	体验	tǐ yàn
P	体魄	tǐ pò
P	何不	hé bù
P	何事	hé shì
P	何以	hé yǐ
P	何其	hé qí
P	何况	hé kuàng
P	何在	hé zài
P	何处	hé chù
P	何如	hé rú
P	何妨	hé fáng
P	何尝	hé cháng
P	何干	hé gān
P	何必	hé bì
P	何故	hé gù
P	何日	hé rì
P	何时	hé shí
P	何曾	hé zēng
P	何止	hé zhǐ
P	何物	hé wù
P	何用	hé yòng
P	何等	hé děng
P	何者	hé zhě
P	何苦	hé kǔ
P	何许	hé xǔ
P	何谓	hé wèi
P	何须	hé xū
P	余兴	yú xìng
P	余切	yú qiē
P	余地	yú dì
P	余头	yú tóu
P	余数	yú shù
P	余毒	yú dú
P	余角	yú jiǎo
P	余量	yú liàng
P	余风	yú fēng
P	佚失	yì shī
P	佚文	yì wén
P	佛事	fó shì
P	佛会	fó huì
P	佛像	fó xiàng
P	佛光	fó guāng
P	佛典	fó diǎn
P	佛号	fó hào
P	佛堂	fó táng
P	佛塔	fó tǎ
P	佛学	fó xué
P	佛家	fó jiā
P	佛寺	fó sì
P	佛山	fó shān
P	佛徒	fú tú
P	佛性	fó xìng
P	佛手	fó shǒu
P	佛教	fó jiào
P	佛殿	fó diàn
P	佛法	fó fǎ
P	佛爷	fó yé
P	佛牙	fó yá
P	佛珠	fó zhū
P	佛祖	fó zǔ
P	佛系	fó xì
P	佛经	fó jīng
P	佛门	fó mén
P	佛陀	fó tuó
P	佛龛	fó kān
P	作为	zuò wéi
P	作乐	zuò lè
P	作价	zuò jià
P	作假	zuò jiǎ
P	作兴	zuò xīng
P	作别	zuò bié
P	作呕	zuò ǒu
P	作坊	zuō fang
P	作家	zuò jiā
P	作弄	zuò nòng
P	作恶	zuò è
P	作数	zuò shù
P	作曲	zuò qǔ
P	作答	zuò dá
P	作罢	zuò bà
P	作词	zuò cí
P	作难	zuò nán
P	作风	zuò fēng
P	佝偻	gōu lóu
P	你们	nǐ men
P	你好	nǐ hǎo
P	佣人	yōng rén
P	佣工	yōng gōng
P	佣金	yòng jīn
P	佣钱	yòng qián
P	佩服	pèi fú
P	佯作	yáng zuò
P	佯称	yáng chēng
P	佳丽	jiā lì
P	佳句	jiā jù
P	佳期	jiā qī
P	佳节	jiā jié
P	佻薄	tiāo bó
P	使令	shǐ lìng
P	使假	shǐ jiǎ
P	使劲	shǐ jìn
P	使坏	shǐ huài
P	使女	shǐ nǚ
P	使得	shǐ de
P	使节	shǐ jié
P	侄儿	zhí ér
P	侄女	zhí nǚ
P	侄子	zhí zi
P	侄孙	zhí sūn
P	侉子	kuǎ zi
P	例会	lì huì
P	例假	lì jià
P	例句	lì jù
P	例子	lì zi
P	例行	lì xíng
P	侍从	shì cóng
P	侍女	shì nǚ
P	侍弄	shì nòng
P	侍郎	shì láng
P	侗族	dòng zú
P	供事	gòng shì
P	供人	gōng rén
P	供佛	gòng fó
P	供养	gòng yǎng
P	供品	gòng pǐn
P	供奉	gòng fèng
P	供应	gōng yìng
P	供料	gōng liào
P	供暖	gōng nuǎn
P	供果	gòng guǒ
P	供案	gòng àn
P	供桌	gòng zhuō
P	供气	gōng qì
P	供水	gōng shuǐ
P	供求	gōng qiú
P	供状	gòng zhuàng
P	供献	gòng xiàn
P	供电	gōng diàn
P	供称	gòng chēng
P	供稿	gōng gǎo
P	供给	gōng jǐ
P	供职	gòng zhí
P	供认	gòng rèn
P	供词	gòng cí
P	供销	gōng xiāo
P	供需	gōng xū
P	依从	yī cóng
P	依据	yī jù
P	依约	yī yuē
P	侠女	xiá nǚ
P	侠骨	xiá gǔ
P	侥幸	jiǎo xìng
P	侦查	zhēn chá
P	侦缉	zhēn jī
P	侧击	cè jī
P	侧卧	cè wò
P	侧向	cè xiàng
P	侧室	cè shì
P	侧影	cè yǐng
P	侧枝	cè zhī
P	侧柏	cè bǎi
P	侧根	cè gēn
P	侧歪	zhāi wāi
P	侧泳	cè yǒng
P	侧目	cè mù
P	侧翼	cè yì
P	侧耳	cè ěr
P	侧芽	cè yá
P	侧视	cè shì
P	侧记	cè jì
P	侧身	cè shēn
P	侧边	cè biān
P	侧近	cè jìn
P	侧重	cè zhòng
P	侧门	cè mén
P	侧面	cè miàn
P	侨商	qiáo shāng
P	侨属	qiáo shǔ
P	侨领	qiáo lǐng
P	侯爵	hóu jué
P	侯门	hóu mén
P	侵占	qīn zhàn
P	便中	biàn zhōng
P	便了	biàn liǎo
P	便于	biàn yú
P	便人	biàn rén
P	便佞	pián nìng
P	便函	biàn hán
P	便利	biàn lì
P	便士	biàn shì
P	便壶	biàn hú
P	便嬖	pián bì
P	便安	biàn ān
P	便官	biàn guān
P	便宜	pián yi
P	便宴	biàn yàn
P	便帽	biàn mào
P	便当	biàn dāng
P	便所	biàn suǒ
P	便捷	biàn jié
P	便是	biàn shì
P	便服	biàn fú
P	便条	biàn tiáo
P	便桥	biàn qiáo
P	便桶	biàn tǒng
P	便步	biàn bù
P	便民	biàn mín
P	便池	biàn chí
P	便溺	biàn niào
P	便盆	biàn pén
P	便秘	biàn mì
P	便笺	biàn jiān
P	便签	biàn qiān
P	便血	biàn xiě
P	便衣	biàn yī
P	便装	biàn zhuāng
P	便览	biàn lǎn
P	便路	biàn lù
P	便车	biàn chē
P	便道	biàn dào
P	便门	biàn mén
P	便鞋	biàn xié
P	便餐	biàn cān
P	便饭	biàn fàn
P	俄语	é yǔ
P	俊俏	jùn qiào
P	俏丽	qiào lì
P	俏头	qiào tou
P	俏皮	qiào pí
P	俏脸	qiào liǎn
P	俏货	qiào huò
P	俐落	lì luò
P	俗体	sú tǐ
P	俗家	sú jiā
P	俗曲	sú qǔ
P	俗称	sú chēng
P	俗语	sú yǔ
P	俘敌	fú dí
P	俚曲	lǐ qǔ
P	俚语	lǐ yǔ
P	保价	bǎo jià
P	保单	bǎo dān
P	保底	bǎo dǐ
P	保收	bǎo shōu
P	保有	bǎo yǒu
P	保票	bǎo piào
P	保种	bǎo zhǒng
P	保藏	bǎo cáng
P	保重	bǎo zhòng
P	保长	bǎo zhǎng
P	保鲜	bǎo xiān
P	俞允	yú yǔn
P	信义	xìn yì
P	信从	xìn cóng
P	信仰	xìn yǎng
P	信件	xìn jiàn
P	信任	xìn rèn
P	信使	xìn shǐ
P	信函	xìn hán
P	信口	xìn kǒu
P	信史	xìn shǐ
P	信号	xìn hào
P	信士	xìn shì
P	信奉	xìn fèng
P	信女	xìn nǚ
P	信守	xìn shǒu
P	信实	xìn shí
P	信封	xìn fēng
P	信差	xìn chāi
P	信徒	xìn tú
P	信心	xìn xīn
P	信念	xìn niàn
P	信息	xìn xī
P	信手	xìn shǒu
P	信托	xìn tuō
P	信据	xìn jù
P	信教	xìn jiào
P	信服	xìn fú
P	信札	xìn zhá
P	信条	xìn tiáo
P	信标	xìn biāo
P	信步	xìn bù
P	信汇	xìn huì
P	信物	xìn wù
P	信用	xìn yòng
P	信石	xìn shí
P	信笔	xìn bǐ
P	信笺	xìn jiān
P	信筒	xìn tǒng
P	信箱	xìn xiāng
P	信纸	xìn zhǐ
P	信誉	xìn yù
P	信访	xìn fǎng
P	信贷	xìn dài
P	信赖	xìn lài
P	信道	xìn dào
P	信邪	xìn xié
P	信风	xìn fēng
P	信鸽	xìn gē
P	俩人	liǎ rén
P	俭朴	jiǎn pǔ
P	俭省	jiǎn shěng
P	俭约	jiǎn yuē
P	修女	xiū nǚ
P	修好	xiū hǎo
P	修枝	xiū zhī
P	修正	xiū zhèng
P	修盖	xiū gài
P	修筑	xiū zhù
P	修行	xiū xíng
P	修读	xiū dú
P	修长	xiū cháng
P	俯仰	fǔ yǎng
P	俯冲	fǔ chōng
P	俯角	fǔ jiǎo
P	俳句	pái jù
P	俺们	ǎn men
P	俺家	ǎn jiā
P	倍受	bèi shòu
P	倍数	bèi shù
P	倍率	bèi lǜ
P	倍频	bèi pín
P	倏地	shū dì
P	倒下	dǎo xià
P	倒不	dào bù
P	倒也	dào yě
P	倒产	dào chǎn
P	倒仓	dǎo cāng
P	倒伏	dǎo fú
P	倒休	dǎo xiū
P	倒像	dào xiàng
P	倒出	dào chū
P	倒刺	dào cì
P	倒剪	dào jiǎn
P	倒包	dǎo bāo
P	倒卖	dǎo mài
P	倒卷	dào juǎn
P	倒反	dǎo fǎn
P	倒叙	dào xù
P	倒台	dǎo tái
P	倒吊	dào diào
P	倒向	dào xiàng
P	倒嗓	dǎo sǎng
P	倒嚼	dǎo jiào
P	倒圈	dǎo juàn
P	倒地	dǎo dì
P	倒坍	dǎo tān
P	倒垂	dǎo chuí
P	倒塌	dǎo tā
P	倒头	dǎo tóu
P	倒好	dào hǎo
P	倒带	dào dài
P	倒序	dǎo xù
P	倒座	dǎo zuò
P	倒弄	dǎo nòng
P	倒彩	dào cǎi
P	倒影	dào yǐng
P	倒悬	dào xuán
P	倒戈	dǎo gē
P	倒手	dǎo shǒu
P	倒扣	dào kòu
P	倒找	dǎo zhǎo
P	倒把	dǎo bǎ
P	倒挂	dào guà
P	倒换	dǎo huàn
P	倒接	dào jiē
P	倒插	dào chā
P	倒放	dào fàng
P	倒数	dào shǔ
P	倒映	dào yìng
P	倒是	dǎo shì
P	倒替	dǎo tì
P	倒板	dǎo bǎn
P	倒档	dào dàng
P	倒欠	dào qiàn
P	倒毙	dǎo bì
P	倒水	dào shuǐ
P	倒汇	dǎo huì
P	倒流	dào liú
P	倒灌	dào guàn
P	倒灶	dǎo zào
P	倒爷	dǎo yé
P	倒片	dào piàn
P	倒牙	dǎo yá
P	倒班	dǎo bān
P	倒睫	dào jié
P	倒票	dǎo piào
P	倒空	dào kōng
P	倒立	dào lì
P	倒算	dǎo suàn
P	倒粪	dào fèn
P	倒置	dào zhì
P	倒腾	dǎo téng
P	倒茬	dǎo chá
P	倒茶	dào chá
P	倒装	dào zhuāng
P	倒许	dào xǔ
P	倒账	dǎo zhàng
P	倒贴	dào tiē
P	倒赔	dào péi
P	倒车	dào chē
P	倒转	dào zhuǎn
P	倒运	dǎo yùn
P	倒退	dào tuì
P	倒酒	dào jiǔ
P	倒锁	dào suǒ
P	倒错	dǎo cuò
P	倒闭	dǎo bì
P	倒阁	dǎo gé
P	倒霉	dǎo méi
P	倒风	dào fēng
P	倒飞	dào fēi
P	倔強	jué jiàng
P	倔强	jué jiàng
P	倔犟	jué jiàng
P	倘佯	cháng yáng
P	倘使	tǎng shǐ
P	倘或	tǎng huò
P	倘然	tǎng rán
P	倘若	tǎng ruò
P	候场	hòu chǎng
P	候教	hòu jiào
P	候机	hòu jī
P	候车	hòu chē
P	倚重	yǐ zhòng
P	借助	jiè zhù
P	借宿	jiè sù
P	借据	jiè jù
P	借景	jiè jǐng
P	借条	jiè tiáo
P	借读	jiè dú
P	借调	jiè diào
P	借重	jiè zhòng
P	倡优	chāng yōu
P	倡办	chàng bàn
P	倡导	chàng dǎo
P	倡言	chàng yán
P	倡议	chàng yì
P	倥侗	kōng tóng
P	倭寇	wō kòu
P	倭瓜	wō guā
P	债券	zhài quàn
P	值当	zhí dàng
P	值得	zhí de
P	倾侧	qīng cè
P	倾倒	qīng dǎo
P	倾吐	qīng tǔ
P	倾囊	qīng náng
P	倾家	qīng jiā
P	倾泄	qīng xiè
P	倾洒	qīng sǎ
P	倾盖	qīng gài
P	倾角	qīng jiǎo
P	假币	jiǎ bì
P	假日	jià rì
P	假期	jià qī
P	假条	jià tiáo
P	假植	jiǎ zhí
P	假球	jiǎ qiú
P	假言	jiǎ yán
P	假话	jiǎ huà
P	假道	jiǎ dào
P	假面	jiǎ miàn
P	假髻	jiǎ jì
P	偈语	jì yǔ
P	偌大	ruò dà
P	偏于	piān yú
P	偏信	piān xìn
P	偏好	piān hǎo
P	偏差	piān chā
P	偏裨	piān pí
P	偏要	piān yào
P	偏重	piān zhòng
P	偏食	piān shí
P	偏饭	piān fàn
P	偕行	xié xíng
P	做亲	zuò qīn
P	做假	zuò jiǎ
P	做证	zuò zhèng
P	做诗	zuò shī
P	做贼	zuò zéi
P	停发	tíng fā
P	停建	tíng jiàn
P	停当	tíng dàng
P	停播	tíng bō
P	停泊	tíng bó
P	停赛	tíng sài
P	停车	tíng chē
P	停食	tíng shí
P	停驶	tíng shǐ
P	健将	jiàn jiàng
P	偶发	ǒu fā
P	偶合	ǒu hé
P	偶感	ǒu gǎn
P	偷空	tōu kòng
P	偿还	cháng huán
P	傀儡	kuǐ lěi
P	傧相	bīn xiàng
P	储备	chǔ bèi
P	储存	chǔ cún
P	储蓄	chǔ xù
P	储藏	chǔ cáng
P	储量	chǔ liàng
P	储金	chǔ jīn
P	催办	cuī bàn
P	催化	cuī huà
P	催发	cuī fā
P	催款	cuī kuǎn
P	催迫	cuī pò
P	傲骨	ào gǔ
P	傻乐	shǎ lè
P	像片	xiàng piàn
P	僚属	liáo shǔ
P	僧帽	sēng mào
P	僬侥	jiāo yáo
P	僮仆	tóng pú
P	僵冷	jiāng lěng
P	僵化	jiāng huà
P	僵死	jiāng sǐ
P	僵蚕	jiāng cán
P	僻壤	pì rǎng
P	僻巷	pì xiàng
P	僻远	pì yuǎn
P	儒商	rú shāng
P	儒家	rú jiā
P	儒将	rú jiàng
P	儒教	rú jiào
P	儒术	rú shù
P	儒林	rú lín
P	儿化	ér huà
P	儿女	ér nǚ
P	儿子	ér zi
P	儿孙	ér sūn
P	儿戏	ér xì
P	儿郎	ér láng
P	兀秃	wū tū
P	允当	yǔn dàng
P	允许	yǔn xǔ
P	元曲	yuán qǔ
P	元朝	yuán cháo
P	兄弟	xiōng dì
P	兄长	xiōng zhǎng
P	充任	chōng rèn
P	充分	chōng fèn
P	充塞	chōng sè
P	充填	chōng tián
P	充当	chōng dāng
P	充数	chōng shù
P	充血	chōng xuè
P	兆头	zhào tou
P	先令	xiān lìng
P	先夫	xiān fū
P	先头	xiān tóu
P	先期	xiān qī
P	先父	xiān fù
P	先王	xiān wáng
P	先知	xiān zhī
P	先行	xiān xíng
P	先见	xiān jiàn
P	先觉	xiān jué
P	光化	guāng huà
P	光华	guāng huá
P	光压	guāng yā
P	光圈	guāng quān
P	光大	guāng dà
P	光头	guāng tóu
P	光度	guāng dù
P	光控	guāng kòng
P	光晕	guāng yùn
P	光景	guāng jǐng
P	光杆	guāng gǎn
P	光栅	guāng shān
P	光棍	guāng gùn
P	光泽	guāng zé
P	光溜	guāng liū
P	光纤	guāng xiān
P	光能	guāng néng
P	光腚	guāng dìng
P	光解	guāng jiě
P	光鲜	guāng xiān
P	克拉	kè lā
P	克服	kè fú
P	克期	kè qī
P	克食	kè shí
P	免予	miǎn yǔ
P	免冠	miǎn guān
P	免得	miǎn de
P	免收	miǎn shōu
P	免服	miǎn fú
P	免检	miǎn jiǎn
P	免票	miǎn piào
P	免袒	miǎn tǎn
P	免麻	wèn má
P	兑付	duì fù
P	兑取	duì qǔ
P	兑奖	duì jiǎng
P	兑换	duì huàn
P	兑款	duì kuǎn
P	兑现	duì xiàn
P	兔子	tù zi
P	党参	dǎng shēn
P	党员	dǎng yuán
P	党委	dǎng wěi
P	党建	dǎng jiàn
P	党心	dǎng xīn
P	党校	dǎng xiào
P	党棍	dǎng gùn
P	党票	dǎng piào
P	党禁	dǎng jìn
P	党纪	dǎng jì
P	党规	dǎng guī
P	党风	dǎng fēng
P	兜肚	dōu dù
P	兜风	dōu fēng
P	入仓	rù cāng
P	入会	rù huì
P	入保	rù bǎo
P	入内	rù nèi
P	入场	rù chǎng
P	入射	rù shè
P	入戏	rù xì
P	入档	rù dàng
P	入汛	rù xùn
P	入港	rù gǎng
P	入网	rù wǎng
P	入行	rù háng
P	入邪	rù xié
P	入镜	rù jìng
P	入骨	rù gǔ
P	全价	quán jià
P	全份	quán fèn
P	全休	quán xiū
P	全会	quán huì
P	全体	quán tǐ
P	全副	quán fù
P	全名	quán míng
P	全员	quán yuán
P	全场	quán chǎng
P	全境	quán jìng
P	全家	quán jiā
P	全数	quán shù
P	全日	quán rì
P	全景	quán jǐng
P	全校	quán xiào
P	全盛	quán shèng
P	全票	quán piào
P	全称	quán chēng
P	全能	quán néng
P	全责	quán zé
P	全都	quán dōu
P	全食	quán shí
P	八一	bā yī
P	八节	bā jié
P	八角	bā jiǎo
P	八邪	bā xié
P	八风	bā fēng
P	公了	gōng liǎo
P	公仆	gōng pú
P	公休	gōng xiū
P	公会	gōng huì
P	公侯	gōng hóu
P	公假	gōng jià
P	公共	gōng gòng
P	公分	gōng fēn
P	公助	gōng zhù
P	公地	gōng dì
P	公孙	gōng sūn
P	公家	gōng jiā
P	公尺	gōng chǐ
P	公差	gōng chāi
P	公帑	gōng tǎng
P	公干	gōng gàn
P	公担	gōng dān
P	公有	gōng yǒu
P	公正	gōng zhèng
P	公猫	gōng māo
P	公畜	gōng chù
P	公祭	gōng jì
P	公称	gōng chēng
P	公约	gōng yuē
P	公羊	gōng yáng
P	公论	gōng lùn
P	公诸	gōng zhū
P	公车	gōng chē
P	公转	gōng zhuàn
P	六一	liù yī
P	六世	liù shì
P	六书	liù shū
P	六亲	liù qīn
P	六号	liù hào
P	六合	liù hé
P	六大	liù dà
P	六安	lù ān
P	六师	liù shī
P	六指	liù zhǐ
P	六月	liù yuè
P	六朝	liù cháo
P	六根	liù gēn
P	六欲	liù yù
P	六甲	liù jiǎ
P	六畜	liù chù
P	六礼	liù lǐ
P	六祖	liù zǔ
P	六神	liù shén
P	六经	liù jīng
P	六腑	liù fǔ
P	六艺	liù yì
P	六角	liù jiǎo
P	兰若	lán rě
P	兰草	lán cǎo
P	共事	gòng shì
P	共享	gòng xiǎng
P	共价	gòng jià
P	共勉	gòng miǎn
P	共同	gòng tóng
P	共和	gòng hé
P	共处	gòng chǔ
P	共存	gòng cún
P	共居	gòng jū
P	共度	gòng dù
P	共建	gòng jiàn
P	共性	gòng xìng
P	共总	gòng zǒng
P	共振	gòng zhèn
P	共有	gòng yǒu
P	共栖	gòng qī
P	共济	gòng jì
P	共犯	gòng fàn
P	共生	gòng shēng
P	共用	gòng yòng
P	共相	gòng xiāng
P	共管	gòng guǎn
P	共线	gòng xiàn
P	共聚	gòng jù
P	共荣	gòng róng
P	共计	gòng jì
P	共议	gòng yì
P	共识	gòng shí
P	共话	gòng huà
P	共谋	gòng móu
P	共通	gòng tōng
P	共餐	gòng cān
P	共鸣	gòng míng
P	关上	guān shàng
P	关中	guān zhōng
P	关内	guān nèi
P	关切	guān qiè
P	关卡	guān qiǎ
P	关塞	guān sài
P	关头	guān tóu
P	关系	guān xì
P	关节	guān jié
P	兴业	xīng yè
P	兴义	xīng yì
P	兴亡	xīng wáng
P	兴会	xìng huì
P	兴修	xīng xiū
P	兴兵	xīng bīng
P	兴办	xīng bàn
P	兴化	xīng huà
P	兴叹	xīng tàn
P	兴味	xìng wèi
P	兴国	xīng guó
P	兴城	xīng chéng
P	兴头	xìng tou
P	兴奋	xīng fèn
P	兴学	xīng xué
P	兴安	xīng ān
P	兴工	xīng gōng
P	兴师	xīng shī
P	兴平	xīng píng
P	兴废	xīng fèi
P	兴建	xīng jiàn
P	兴文	xīng wén
P	兴旺	xīng wàng
P	兴替	xīng tì
P	兴盛	xīng shèng
P	兴筑	xīng zhù
P	兴致	xìng zhì
P	兴衰	xīng shuāi
P	兴许	xīng xǔ
P	兴起	xīng qǐ
P	兴趣	xìng qù
P	兴邦	xīng bāng
P	兴隆	xīng lóng
P	兴革	xīng gé
P	兵丁	bīng dīng
P	兵卒	bīng zú
P	兵员	bīng yuán
P	兵家	bīng jiā
P	兵差	bīng chāi
P	兵种	bīng zhǒng
P	兵车	bīng chē
P	其中	qí zhōng
P	其人	qí rén
P	其他	qí tā
P	其余	qí yú
P	其先	qí xiān
P	其内	qí nèi
P	其后	qí hòu
P	其它	qí tā
P	其实	qí shí
P	其时	qí shí
P	其次	qí cì
P	其间	qí jiān
P	具体	jù tǐ
P	具有	jù yǒu
P	具结	jù jié
P	典当	diǎn dàng
P	养分	yǎng fèn
P	养女	yǎng nǚ
P	养家	yǎng jiā
P	养殖	yǎng zhí
P	养父	yǎng fù
P	养畜	yǎng chù
P	兼任	jiān rèn
P	兼差	jiān chāi
P	兼并	jiān bìng
P	兼管	jiān guǎn
P	内中	nèi zhōng
P	内乡	nèi xiāng
P	内乱	nèi luàn
P	内争	nèi zhēng
P	内亲	nèi qīn
P	内人	nèi rén
P	内传	nèi zhuàn
P	内伤	nèi shāng
P	内侄	nèi zhí
P	内侍	nèi shì
P	内侵	nèi qīn
P	内债	nèi zhài
P	内倾	nèi qīng
P	内兄	nèi xiōng
P	内关	nèi guān
P	内力	nèi lì
P	内功	nèi gōng
P	内务	nèi wù
P	内助	nèi zhù
P	内勤	nèi qín
P	内化	nèi huà
P	内参	nèi cān
P	内向	nèi xiàng
P	内含	nèi hán
P	内因	nèi yīn
P	内在	nèi zài
P	内地	nèi dì
P	内外	nèi wài
P	内奸	nèi jiān
P	内子	nèi zǐ
P	内宅	nèi zhái
P	内定	nèi dìng
P	内室	nèi shì
P	内容	nèi róng
P	内宾	nèi bīn
P	内层	nèi céng
P	内屋	nèi wū
P	内幕	nèi mù
P	内应	nèi yìng
P	内府	nèi fǔ
P	内庭	nèi tíng
P	内廷	nèi tíng
P	内弟	nèi dì
P	内径	nèi jìng
P	内心	nèi xīn
P	内忧	nèi yōu
P	内急	nèi jí
P	内情	nèi qíng
P	内愧	nèi kuì
P	内战	nèi zhàn
P	内控	nèi kòng
P	内政	nèi zhèng
P	内景	nèi jǐng
P	内服	nèi fú
P	内核	nèi hé
P	内河	nèi hé
P	内海	nèi hǎi
P	内涝	nèi lào
P	内涵	nèi hán
P	内港	nèi gǎng
P	内热	nèi rè
P	内焰	nèi yàn
P	内犯	nèi fàn
P	内瓤	nèi ráng
P	内画	nèi huà
P	内疚	nèi jiù
P	内痔	nèi zhì
P	内省	nèi xǐng
P	内眷	nèi juàn
P	内秀	nèi xiù
P	内科	nèi kē
P	内线	nèi xiàn
P	内耗	nèi hào
P	内耳	nèi ěr
P	内胎	nèi tāi
P	内脏	nèi zàng
P	内臣	nèi chén
P	内蕴	nèi yùn
P	内藏	nèi cáng
P	内行	nèi háng
P	内衣	nèi yī
P	内讧	nèi hòng
P	内详	nèi xiáng
P	内贸	nèi mào
P	内资	nèi zī
P	内迁	nèi qiān
P	内退	nèi tuì
P	内道	nèi dào
P	内部	nèi bù
P	内里	nèi lǐ
P	内销	nèi xiāo
P	内阁	nèi gé
P	内陆	nèi lù
P	内院	nèi yuàn
P	内陷	nèi xiàn
P	内障	nèi zhàng
P	内难	nèi nán
P	内面	nèi miàn
P	册子	cè zi
P	再不	zài bù
P	再会	zài huì
P	再分	zài fēn
P	再娶	zài qǔ
P	再度	zài dù
P	再有	zài yǒu
P	再植	zài zhí
P	再行	zài xíng
P	再见	zài jiàn
P	再议	zài yì
P	再说	zài shuō
P	冒充	mào chōng
P	冒功	mào gōng
P	冒号	mào hào
P	冒名	mào míng
P	冒失	mào shī
P	冒头	mào tóu
P	冒尖	mào jiān
P	冒昧	mào mèi
P	冒死	mào sǐ
P	冒汗	mào hàn
P	冒泡	mào pào
P	冒渎	mào dú
P	冒火	mào huǒ
P	冒烟	mào yān
P	冒牌	mào pái
P	冒犯	mào fàn
P	冒着	mào zhe
P	冒进	mào jìn
P	冒险	mào xiǎn
P	冒雨	mào yǔ
P	冒顶	mào dǐng
P	冒顿	mò dú
P	冒领	mào lǐng
P	冗员	rǒng yuán
P	冗繁	rǒng fán
P	冗长	rǒng cháng
P	写信	xiě xìn
P	写家	xiě jiā
P	写景	xiě jǐng
P	军乐	jūn yuè
P	军令	jūn lìng
P	军区	jūn qū
P	军史	jūn shǐ
P	军号	jūn hào
P	军品	jūn pǐn
P	军地	jūn dì
P	军委	jūn wěi
P	军姿	jūn zī
P	军属	jūn shǔ
P	军帖	jūn tiě
P	军控	jūn kòng
P	军服	jūn fú
P	军校	jūn xiào
P	军港	jūn gǎng
P	军种	jūn zhǒng
P	军纪	jūn jì
P	军车	jūn chē
P	军长	jūn zhǎng
P	军风	jūn fēng
P	农会	nóng huì
P	农场	nóng chǎng
P	农夫	nóng fū
P	农家	nóng jiā
P	农校	nóng xiào
P	农畜	nóng chù
P	农舍	nóng shè
P	农行	nóng háng
P	冠冕	guān miǎn
P	冠军	guàn jūn
P	冠名	guàn míng
P	冠子	guān zi
P	冠玉	guān yù
P	冠盖	guān gài
P	冠礼	guàn lǐ
P	冤仇	yuān chóu
P	冤头	yuān tóu
P	冤家	yuān jiā
P	冥思	míng sī
P	冬令	dōng lìng
P	冬种	dōng zhòng
P	冬练	dōng liàn
P	冬节	dōng jié
P	冬藏	dōng cáng
P	冬贮	dōng zhù
P	冯河	píng hé
P	冰凉	bīng liáng
P	冰场	bīng chǎng
P	冰坨	bīng tuó
P	冰排	bīng pái
P	冰斗	bīng dǒu
P	冰期	bīng qī
P	冰棍	bīng gùn
P	冰溜	bīng liū
P	冰片	bīng piàn
P	冰车	bīng chē
P	冰道	bīng dào
P	冲克	chōng kè
P	冲冲	chōng chōng
P	冲决	chōng jué
P	冲凉	chōng liáng
P	冲击	chōng jī
P	冲刷	chōng shuā
P	冲刺	chōng cì
P	冲剂	chōng jì
P	冲力	chōng lì
P	冲动	chōng dòng
P	冲劲	chòng jìn
P	冲压	chòng yā
P	冲口	chōng kǒu
P	冲喜	chōng xǐ
P	冲塌	chōng tā
P	冲天	chōng tiān
P	冲子	chòng zi
P	冲孔	chòng kǒng
P	冲帐	chōng zhàng
P	冲床	chòng chuáng
P	冲扩	chōng kuò
P	冲抵	chōng dǐ
P	冲撞	chōng zhuàng
P	冲散	chōng sàn
P	冲服	chōng fú
P	冲杀	chōng shā
P	冲模	chòng mú
P	冲毁	chōng huǐ
P	冲水	chōng shuǐ
P	冲洗	chōng xǐ
P	冲浪	chōng làng
P	冲淡	chōng dàn
P	冲激	chōng jī
P	冲犯	chōng fàn
P	冲破	chōng pò
P	冲积	chōng jī
P	冲突	chōng tū
P	冲脉	chōng mài
P	冲腾	chōng téng
P	冲要	chōng yào
P	冲账	chōng zhàng
P	冲量	chōng liàng
P	冲销	chōng xiāo
P	冲锋	chōng fēng
P	冲阳	chōng yáng
P	冲顶	chōng dǐng
P	决不	jué bù
P	决别	jué bié
P	决斗	jué dòu
P	决裂	jué liè
P	决非	jué fēi
P	况且	kuàng qiě
P	冷嘲	lěng cháo
P	冷场	lěng chǎng
P	冷杉	lěng shān
P	冷柜	lěng guì
P	冷汗	lěng hàn
P	冷色	lěng sè
P	冷落	lěng luò
P	冷藏	lěng cáng
P	冷血	lěng xuè
P	冷语	lěng yǔ
P	冷颤	lěng zhàn
P	冷风	lěng fēng
P	冷食	lěng shí
P	冻儿	dòng er
P	冻结	dòng jié
P	冻裂	dòng liè
P	冻雨	dòng yǔ
P	净价	jìng jià
P	净余	jìng yú
P	净利	jìng lì
P	净化	jìng huà
P	净口	jìng kǒu
P	净土	jìng tǔ
P	净增	jìng zēng
P	净室	jìng shì
P	净尽	jìng jìn
P	净得	jìng de
P	净心	jìng xīn
P	净手	jìng shǒu
P	净是	jìng shì
P	净桶	jìng tǒng
P	净水	jìng shuǐ
P	净空	jìng kōng
P	净胜	jìng shèng
P	净菜	jìng cài
P	净赚	jìng zhuàn
P	净身	jìng shēn
P	净重	jìng zhòng
P	净高	jìng gāo
P	凄凉	qī liáng
P	凄切	qī qiè
P	准予	zhǔn yǔ
P	准信	zhǔn xìn
P	准假	zhǔn jià
P	准头	zhǔn tou
P	准将	zhǔn jiàng
P	准尉	zhǔn wèi
P	准据	zhǔn jù
P	准数	zhǔn shù
P	准是	zhǔn shì
P	准许	zhǔn xǔ
P	凉亭	liáng tíng
P	凉台	liáng tái
P	凉席	liáng xí
P	凉帽	liáng mào
P	凉快	liáng kuài
P	凉意	liáng yì
P	凉拌	liáng bàn
P	凉棚	liáng péng
P	凉气	liáng qì
P	凉水	liáng shuǐ
P	凉爽	liáng shuǎng
P	凉粉	liáng fěn
P	凉药	liáng yào
P	凉菜	liáng cài
P	凉面	liáng miàn
P	凉鞋	liáng xié
P	凉风	liáng fēng
P	凋落	diāo luò
P	凌空	líng kōng
P	减亏	jiǎn kuī
P	减价	jiǎn jià
P	减征	jiǎn zhēng
P	减收	jiǎn shōu
P	减数	jiǎn shù
P	减省	jiǎn shěng
P	凑乎	còu hū
P	凑数	còu shù
P	凑趣	còu qù
P	凝华	níng huá
P	凝合	níng hé
P	凝思	níng sī
P	凝结	níng jié
P	凝重	níng zhòng
P	几个	jǐ gè
P	几乎	jī hū
P	几何	jǐ hé
P	几儿	jǐ ér
P	几分	jǐ fēn
P	几只	jǐ zhī
P	几多	jǐ duō
P	几希	jī xī
P	几度	jǐ dù
P	几微	jī wēi
P	几时	jǐ shí
P	几曾	jǐ zēng
P	几样	jǐ yàng
P	几案	jī àn
P	几率	jī lǜ
P	几经	jǐ jīng
P	几至	jī zhì
P	几许	jǐ xǔ
P	凡夫	fán fū
P	凡间	fán jiān
P	凤冠	fèng guān
P	凤台	fèng tái
P	凤尾	fèng wěi
P	凤爪	fèng zhǎo
P	凭信	píng xìn
P	凭单	píng dān
P	凭据	píng jù
P	凭空	píng kōng
P	凭藉	píng jiè
P	凯旋	kǎi xuán
P	凳子	dèng zi
P	凶信	xiōng xìn
P	凶恶	xiōng è
P	凶暴	xiōng bào
P	凶案	xiōng àn
P	凶横	xiōng hèng
P	凶煞	xiōng shà
P	凶相	xiōng xiàng
P	凸凹	tū āo
P	凹凸	āo tū
P	凹度	āo dù
P	凹洞	āo dòng
P	凹洼	āo wā
P	凹版	āo bǎn
P	凹镜	āo jìng
P	凹陷	āo xiàn
P	凹面	āo miàn
P	出丧	chū sāng
P	出乘	chū chéng
P	出亡	chū wáng
P	出价	chū jià
P	出任	chū rèn
P	出厂	chū chǎng
P	出发	chū fā
P	出台	chū tái
P	出圃	chū pǔ
P	出圈	chū quān
P	出场	chū chǎng
P	出塞	chū sài
P	出处	chū chǔ
P	出头	chū tóu
P	出奇	chū qí
P	出奔	chū bēn
P	出家	chū jiā
P	出展	chū zhǎn
P	出差	chū chāi
P	出掌	chū zhǎng
P	出栏	chū lán
P	出榜	chū bǎng
P	出汗	chū hàn
P	出没	chū mò
P	出港	chū gǎng
P	出溜	chū liū
P	出笼	chū lóng
P	出落	chū là
P	出血	chū xiě
P	出行	chū xíng
P	出车	chū chē
P	击中	jī zhòng
P	击发	jī fā
P	击打	jī dǎ
P	击溃	jī kuì
P	击节	jī jié
P	击落	jī luò
P	函大	hán dà
P	函数	hán shù
P	刀削	dāo xiāo
P	刀叉	dāo chā
P	刀头	dāo tóu
P	刀把	dāo bà
P	刀架	dāo jià
P	刀片	dāo piàn
P	刀背	dāo bèi
P	刀鞘	dāo qiào
P	刁横	diāo hèng
P	刁钻	diāo zuān
P	刁难	diāo nàn
P	分为	fēn wéi
P	分享	fēn xiǎng
P	分会	fēn huì
P	分体	fēn tǐ
P	分值	fēn zhí
P	分光	fēn guāng
P	分兵	fēn bīng
P	分内	fèn nèi
P	分册	fēn cè
P	分分	fēn fēn
P	分列	fēn liè
P	分利	fēn lì
P	分别	fēn bié
P	分割	fēn gē
P	分力	fēn lì
P	分化	fēn huà
P	分区	fēn qū
P	分厂	fēn chǎng
P	分厘	fēn lí
P	分叉	fēn chà
P	分发	fēn fā
P	分号	fēn hào
P	分合	fēn hé
P	分地	fēn dì
P	分外	fèn wài
P	分头	fēn tóu
P	分娩	fēn miǎn
P	分子	fèn zǐ
P	分宜	fēn yí
P	分家	fēn jiā
P	分寸	fēn cùn
P	分封	fēn fēng
P	分局	fēn jú
P	分居	fēn jū
P	分岐	fēn qí
P	分岔	fēn chà
P	分工	fēn gōng
P	分布	fēn bù
P	分店	fēn diàn
P	分开	fēn kāi
P	分式	fēn shì
P	分当	fèn dāng
P	分得	fēn de
P	分心	fēn xīn
P	分忧	fēn yōu
P	分成	fēn chéng
P	分户	fēn hù
P	分房	fēn fáng
P	分手	fēn shǒu
P	分批	fēn pī
P	分担	fēn dān
P	分拣	fēn jiǎn
P	分拨	fēn bō
P	分摊	fēn tān
P	分支	fēn zhī
P	分散	fēn sàn
P	分数	fēn shù
P	分文	fēn wén
P	分时	fēn shí
P	分明	fēn míng
P	分晓	fēn xiǎo
P	分期	fēn qī
P	分机	fēn jī
P	分权	fēn quán
P	分杈	fēn chā
P	分析	fēn xī
P	分枝	fēn zhī
P	分校	fēn xiào
P	分档	fēn dàng
P	分歧	fēn qí
P	分段	fēn duàn
P	分母	fēn mǔ
P	分毫	fēn háo
P	分水	fēn shuǐ
P	分治	fēn zhì
P	分泌	fēn mì
P	分洪	fēn hóng
P	分派	fēn pài
P	分流	fēn liú
P	分润	fēn rùn
P	分清	fēn qīng
P	分爨	fēn cuàn
P	分片	fēn piàn
P	分理	fēn lǐ
P	分界	fēn jiè
P	分神	fēn shén
P	分离	fēn lí
P	分科	fēn kē
P	分秒	fēn miǎo
P	分立	fēn lì
P	分管	fēn guǎn
P	分米	fēn mǐ
P	分类	fēn lèi
P	分红	fēn hóng
P	分级	fēn jí
P	分组	fēn zǔ
P	分给	fēn gěi
P	分群	fēn qún
P	分肥	fēn féi
P	分色	fēn sè
P	分节	fēn jié
P	分蘖	fēn niè
P	分行	fēn háng
P	分裂	fēn liè
P	分装	fēn zhuāng
P	分解	fēn jiě
P	分设	fēn shè
P	分词	fēn cí
P	分说	fēn shuō
P	分贝	fēn bèi
P	分账	fēn zhàng
P	分赃	fēn zāng
P	分赴	fēn fù
P	分路	fēn lù
P	分身	fēn shēn
P	分辨	fēn biàn
P	分辩	fēn biàn
P	分送	fēn sòng
P	分道	fēn dào
P	分部	fēn bù
P	分配	fēn pèi
P	分野	fēn yě
P	分量	fèn liàng
P	分针	fēn zhēn
P	分队	fēn duì
P	分阴	fēn yīn
P	分际	fèn jì
P	分院	fēn yuàn
P	分隔	fēn gé
P	分频	fēn pín
P	分飞	fēn fēi
P	分餐	fēn cān
P	分馏	fēn liú
P	切不	qiè bù
P	切中	qiè zhòng
P	切入	qiē rù
P	切分	qiē fēn
P	切切	qiē qiē
P	切削	qiē xiāo
P	切割	qiē gē
P	切勿	qiè wù
P	切变	qiē biàn
P	切口	qiē kǒu
P	切合	qiè hé
P	切嘱	qiè zhǔ
P	切实	qiè shí
P	切屑	qiē xiè
P	切己	qiè jǐ
P	切当	qiè dàng
P	切忌	qiè jì
P	切断	qiē duàn
P	切望	qiè wàng
P	切末	qiè mò
P	切激	qiè jī
P	切点	qiē diǎn
P	切片	qiē piàn
P	切盼	qiè pàn
P	切磋	qiē cuō
P	切糕	qiē gāo
P	切结	qiē jié
P	切脉	qiè mài
P	切花	qiē huā
P	切莫	qiè mò
P	切要	qiè yào
P	切记	qiè jì
P	切诊	qiè zhěn
P	切谏	qiè jiàn
P	切责	qiè zé
P	切贴	qiè tiē
P	切身	qiè shēn
P	切近	qiè jìn
P	切迫	qiè pò
P	切除	qiē chú
P	切面	qiē miàn
P	切音	qiè yīn
P	切题	qiè tí
P	切骨	qiè gǔ
P	切齿	qiè chǐ
P	刊发	kān fā
P	刊头	kān tóu
P	刊用	kān yòng
P	刊行	kān xíng
P	刊载	kān zǎi
P	刎颈	wěn jǐng
P	刑场	xíng chǎng
P	刑期	xíng qī
P	刑种	xíng zhǒng
P	划一	huà yī
P	划价	huà jià
P	划分	huà fēn
P	划划	huá huá
P	划子	huá zi
P	划定	huà dìng
P	划归	huà guī
P	划拉	huá lā
P	划拨	huà bō
P	划拳	huá quán
P	划桨	huá jiǎng
P	划水	huà shuǐ
P	划清	huà qīng
P	划界	huà jiè
P	划算	huá suàn
P	划线	huà xiàn
P	划船	huá chuán
P	划艇	huá tǐng
P	划行	huá xíng
P	划过	huá guò
P	列传	liè zhuàn
P	列强	liè qiáng
P	列车	liè chē
P	则甚	zé shèn
P	刚体	gāng tǐ
P	刚劲	gāng jìng
P	刚好	gāng hǎo
P	刚度	gāng dù
P	刚强	gāng qiáng
P	刚正	gāng zhèng
P	刚石	gāng shí
P	创业	chuàng yè
P	创举	chuàng jǔ
P	创优	chuàng yōu
P	创伤	chuāng shāng
P	创作	chuàng zuò
P	创出	chuàng chū
P	创刊	chuàng kān
P	创利	chuàng lì
P	创制	chuàng zhì
P	创办	chuàng bàn
P	创口	chuāng kǒu
P	创始	chuàng shǐ
P	创建	chuàng jiàn
P	创意	chuàng yì
P	创收	chuàng shōu
P	创新	chuàng xīn
P	创汇	chuàng huì
P	创演	chuàng yǎn
P	创痕	chuāng hén
P	创痛	chuāng tòng
P	创税	chuàng shuì
P	创立	chuàng lì
P	创编	chuàng biān
P	创见	chuàng jiàn
P	创议	chuàng yì
P	创设	chuàng shè
P	创造	chuàng zào
P	创面	chuāng miàn
P	初七	chū qī
P	初中	chū zhōng
P	初五	chū wǔ
P	初会	chū huì
P	初八	chū bā
P	初六	chū liù
P	初创	chū chuàng
P	初十	chū shí
P	初叶	chū yè
P	初四	chū sì
P	初度	chū dù
P	初晴	chū qíng
P	初期	chū qī
P	初绽	chū zhàn
P	初见	chū jiàn
P	初评	chū píng
P	初识	chū shí
P	初露	chū lù
P	删削	shān xuē
P	删节	shān jié
P	判分	pàn fēn
P	判别	pàn bié
P	判处	pàn chǔ
P	判据	pàn jù
P	判罚	pàn fá
P	判读	pàn dú
P	刨冰	bào bīng
P	刨刀	bào dāo
P	刨削	páo xuē
P	刨子	bào zǐ
P	刨工	páo gōng
P	刨平	bào píng
P	刨床	bào chuáng
P	刨花	bào huā
P	刨除	páo chú
P	刨食	páo shí
P	利尿	lì niào
P	利得	lì de
P	利爪	lì zhuǎ
P	利率	lì lǜ
P	利用	lì yòng
P	利税	lì shuì
P	利落	lì luò
P	利齿	lì chǐ
P	别业	bié yè
P	别个	bié gè
P	别人	bié rén
P	别价	bié jià
P	别传	bié zhuàn
P	别体	bié tǐ
P	别史	bié shǐ
P	别号	bié hào
P	别名	bié míng
P	别嘴	biè zuǐ
P	别国	bié guó
P	别墅	bié shù
P	别处	bié chù
P	别字	bié zì
P	别家	bié jiā
P	别忙	bié máng
P	别情	bié qíng
P	别扭	biè niǔ
P	别提	bié tí
P	别是	bié shì
P	别本	bié běn
P	别样	bié yàng
P	别离	bié lí
P	别称	bié chēng
P	别管	bié guǎn
P	别绪	bié xù
P	别致	bié zhì
P	别论	bié lùn
P	别说	bié shuō
P	别趣	bié qù
P	别针	bié zhēn
P	别集	bié jí
P	别馆	bié guǎn
P	刮削	guā xiāo
P	刮风	guā fēng
P	到了	dào le
P	到任	dào rèn
P	到会	dào huì
P	到场	dào chǎng
P	到处	dào chù
P	到头	dào tóu
P	到家	dào jiā
P	到底	dào dǐ
P	到期	dào qī
P	到站	dào zhàn
P	制度	zhì dù
P	制服	zhì fú
P	制热	zhì rè
P	制种	zhì zhǒng
P	制约	zhì yuē
P	刷刷	shuā shuā
P	刷子	shuā zi
P	刷拉	shuā lā
P	刷新	shuā xīn
P	刷毛	shuā máo
P	刷洗	shuā xǐ
P	刷白	shuà bái
P	刹住	shā zhù
P	刹刹	shā shā
P	刹把	shā bǎ
P	刹时	chà shí
P	刹车	shā chē
P	刹那	chà nà
P	刺伤	cì shāng
P	刺儿	cì ér
P	刺刀	cì dāo
P	刺参	cì cān
P	刺史	cì shǐ
P	刺啦	cī lā
P	刺头	cì tóu
P	刺字	cì zì
P	刺客	cì kè
P	刺探	cì tàn
P	刺杀	cì shā
P	刺柏	cì bǎi
P	刺桐	cì tóng
P	刺梅	cì méi
P	刺槐	cì huái
P	刺溜	cī liū
P	刺激	cì jī
P	刺猬	cì wèi
P	刺痒	cì yáng
P	刺痛	cì tòng
P	刺目	cì mù
P	刺眼	cì yǎn
P	刺破	cì pò
P	刺绣	cì xiù
P	刺网	cì wǎng
P	刺耳	cì ěr
P	刺配	cì pèi
P	刺针	cì zhēn
P	刺骨	cì gǔ
P	刺鼻	cì bí
P	刻划	kè huá
P	刻制	kè zhì
P	刻度	kè dù
P	刻毒	kè dú
P	刻花	kè huā
P	刻薄	kè bó
P	刻骨	kè gǔ
P	剀切	kǎi qiè
P	剂量	jì liàng
P	剃发	tì fà
P	剃头	tì tóu
P	剃度	tì dù
P	削价	xuē jià
P	削减	xuē jiǎn
P	削削	xuē xuē
P	削发	xuē fà
P	削地	xuē dì
P	削壁	xuē bì
P	削平	xuē píng
P	削弱	xuē ruò
P	削球	xiāo qiú
P	削瘦	xuē shòu
P	削皮	xiāo pí
P	削职	xuē zhí
P	削肩	xuē jiān
P	削除	xuē chú
P	削面	xiāo miàn
P	前仇	qián chóu
P	前任	qián rèn
P	前台	qián tái
P	前场	qián chǎng
P	前夫	qián fū
P	前头	qián tou
P	前妻	qián qī
P	前排	qián pái
P	前提	qián tí
P	前景	qián jǐng
P	前朝	qián cháo
P	前期	qián qī
P	前爪	qián zhǎo
P	前臂	qián bì
P	前行	qián xíng
P	前车	qián chē
P	剑术	jiàn shù
P	剑舞	jiàn wǔ
P	剑锋	jiàn fēng
P	剔红	tī hóng
P	剖解	pōu jiě
P	剥削	bō xuē
P	剥剥	bāo bāo
P	剥取	bāo qǔ
P	剥壳	bāo ké
P	剥夺	bō duó
P	剥皮	bāo pí
P	剥离	bō lí
P	剥脱	bāo tuō
P	剥落	bō luò
P	剥蚀	bō shí
P	剥除	bāo chú
P	剧场	jù chǎng
P	剧曲	jù qǔ
P	剧毒	jù dú
P	剧种	jù zhǒng
P	剪发	jiǎn fà
P	剪枝	jiǎn zhī
P	副刊	fù kān
P	副品	fù pǐn
P	副官	fù guān
P	副总	fù zǒng
P	副手	fù shǒu
P	副本	fù běn
P	副歌	fù gē
P	副科	fù kē
P	副署	fù shǔ
P	副职	fù zhí
P	副肾	fù shèn
P	副词	fù cí
P	副食	fù shí
P	副高	fù gāo
P	割切	gē qiē
P	割地	gē dì
P	割据	gē jù
P	割裂	gē liè
P	剿匪	jiǎo fěi
P	剿杀	jiǎo shā
P	剿灭	jiǎo miè
P	剿袭	chāo xí
P	剿说	chāo shuō
P	剿除	jiǎo chú
P	劈刀	pī dāo
P	劈刺	pī cì
P	劈叉	pǐ chà
P	劈啪	pī pā
P	劈头	pī tóu
P	劈山	pī shān
P	劈成	pǐ chéng
P	劈手	pī shǒu
P	劈杀	pī shā
P	劈柴	pǐ chái
P	劈胸	pī xiōng
P	劈脸	pī liǎn
P	劈裂	pī liè
P	劈面	pī miàn
P	力场	lì chǎng
P	力尽	lì jìn
P	力度	lì dù
P	力拼	lì pīn
P	力点	lì diǎn
P	力臂	lì bì
P	力行	lì xíng
P	力避	lì bì
P	力量	lì liàng
P	劝化	quàn huà
P	劝和	quàn hé
P	劝解	quàn jiě
P	劝让	quàn ràng
P	劝说	quàn shuō
P	劝降	quàn xiáng
P	办好	bàn hǎo
P	办差	bàn chāi
P	功令	gōng lìng
P	功夫	gōng fu
P	功底	gōng dǐ
P	功率	gōng lǜ
P	功能	gōng néng
P	功过	gōng guò
P	加价	jiā jià
P	加刑	jiā xíng
P	加劲	jiā jìn
P	加压	jiā yā
P	加号	jiā hào
P	加强	jiā qiáng
P	加数	jiā shù
P	加洗	jiā xǐ
P	加盖	jiā gài
P	加车	jiā chē
P	加重	jiā zhòng
P	务使	wù shǐ
P	务期	wù qī
P	务正	wù zhèng
P	务要	wù yào
P	劣种	liè zhǒng
P	动员	dòng yuán
P	动弹	dòng tán
P	动窝	dòng wō
P	动能	dòng néng
P	动脉	dòng mài
P	动觉	dòng jué
P	动量	dòng liàng
P	助产	zhù chǎn
P	助兴	zhù xìng
P	助力	zhù lì
P	助威	zhù wēi
P	助学	zhù xué
P	助工	zhù gōng
P	助战	zhù zhàn
P	助手	zhù shǒu
P	助推	zhù tuī
P	助攻	zhù gōng
P	助教	zhù jiào
P	助燃	zhù rán
P	助理	zhù lǐ
P	助益	zhù yì
P	助研	zhù yán
P	助耕	zhù gēng
P	助词	zhù cí
P	助跑	zhù pǎo
P	助长	zhù zhǎng
P	助阵	zhù zhèn
P	劫数	jié shù
P	劫案	jié àn
P	劫难	jié nàn
P	励行	lì xíng
P	劲健	jìn jiàn
P	劲儿	jìn er
P	劲兵	jìng bīng
P	劲力	jìn lì
P	劲升	jìn shēng
P	劲吹	jìng chuī
P	劲头	jìn tóu
P	劲射	jìng shè
P	劲敌	jìng dí
P	劲旅	jìng lǚ
P	劲松	jìng sōng
P	劲歌	jìn gē
P	劲直	jìng zhí
P	劲草	jìng cǎo
P	劲道	jìn dào
P	劲风	jìng fēng
P	劳教	láo jiào
P	劳模	láo mó
P	劳碌	láo lù
P	劳累	láo lèi
P	势头	shì tou
P	势能	shì néng
P	势要	shì yào
P	勃兴	bó xīng
P	勃勃	bó bó
P	勃发	bó fā
P	勃然	bó rán
P	勃起	bó qǐ
P	勇夫	yǒng fū
P	勇将	yǒng jiàng
P	勉强	miǎn qiǎng
P	勒令	lè lìng
P	勒住	lēi zhù
P	勒派	lè pài
P	勒索	lè suǒ
P	勒紧	lēi jǐn
P	勒逼	lè bī
P	勘查	kān chá
P	勘校	kān jiào
P	募化	mù huà
P	募股	mù gǔ
P	勤于	qín yú
P	勤朴	qín piáo
P	勤王	qín wáng
P	勾兑	gōu duì
P	勾勒	gōu lè
P	勾引	gōu yǐn
P	勾当	gòu dàng
P	勾描	gōu miáo
P	勾搭	gōu dā
P	勾栏	gōu lán
P	勾消	gōu xiāo
P	勾画	gōu huà
P	勾留	gōu liú
P	勾结	gōu jié
P	勾绘	gōu huì
P	勾脸	gōu liǎn
P	勾芡	gōu qiàn
P	勾起	gōu qǐ
P	勾践	gōu jiàn
P	勾连	gōu lián
P	勾通	gōu tōng
P	勾销	gōu xiāo
P	勾除	gōu chú
P	勾魂	gōu hún
P	匀兑	yún duì
P	匀净	yún jìng
P	匀和	yún hé
P	匀浆	yún jiāng
P	匀溜	yún liū
P	匀称	yún chèn
P	包乘	bāo chéng
P	包修	bāo xiū
P	包囊	bāo náng
P	包场	bāo chǎng
P	包头	bāo tóu
P	包干	bāo gān
P	包扎	bāo zā
P	包括	bāo kuò
P	包票	bāo piào
P	包络	bāo luò
P	包蕴	bāo yùn
P	包藏	bāo cáng
P	包被	bāo bèi
P	包车	bāo chē
P	包间	bāo jiān
P	化作	huà zuò
P	化冻	huà dòng
P	化分	huà fēn
P	化化	huà huà
P	化合	huà hé
P	化名	huà míng
P	化境	huà jìng
P	化外	huà wài
P	化妆	huà zhuāng
P	化学	huà xué
P	化工	huà gōng
P	化成	huà chéng
P	化斋	huà zhāi
P	化生	huà shēng
P	化疗	huà liáo
P	化痰	huà tán
P	化瘀	huà yū
P	化石	huà shí
P	化纤	huà xiān
P	化缘	huà yuán
P	化肥	huà féi
P	化脓	huà nóng
P	化装	huà zhuāng
P	化解	huà jiě
P	化身	huà shēn
P	化钱	huà qián
P	化验	huà yàn
P	北上	běi shàng
P	北京	běi jīng
P	北伐	běi fá
P	北周	běi zhōu
P	北国	běi guó
P	北头	běi tóu
P	北宋	běi sòng
P	北岳	běi yuè
P	北平	běi píng
P	北房	běi fáng
P	北斗	běi dǒu
P	北方	běi fāng
P	北曲	běi qǔ
P	北朝	běi cháo
P	北极	běi jí
P	北欧	běi ōu
P	北江	běi jiāng
P	北洋	běi yáng
P	北海	běi hǎi
P	北瓜	běi guā
P	北疆	běi jiāng
P	北纬	běi wěi
P	北越	běi yuè
P	北辰	běi chén
P	北边	běi biān
P	北郊	běi jiāo
P	北部	běi bù
P	北门	běi mén
P	北非	běi fēi
P	北面	běi miàn
P	北风	běi fēng
P	北魏	běi wèi
P	北麓	běi lù
P	北齐	běi qí
P	匙子	chí zi
P	匝地	zā dì
P	匡助	kuāng zhù
P	匡正	kuāng zhèng
P	匡济	kuāng jì
P	匪患	fěi huàn
P	匹夫	pǐ fū
P	区内	qū nèi
P	区分	qū fēn
P	区划	qū huà
P	区别	qū bié
P	区区	qū qū
P	区县	qū xiàn
P	区域	qū yù
P	区外	qū wài
P	区徽	qū huī
P	区段	qū duàn
P	区间	qū jiān
P	医家	yī jiā
P	医术	yī shù
P	匿藏	nì cáng
P	十万	shí wàn
P	十佳	shí jiā
P	十分	shí fēn
P	十家	shí jiā
P	千万	qiān wàn
P	千卡	qiān kǎ
P	千夫	qiān fū
P	千瓦	qiān wǎ
P	升任	shēng rèn
P	升位	shēng wèi
P	升势	shēng shì
P	升华	shēng huá
P	升压	shēng yā
P	升涨	shēng zhǎng
P	升空	shēng kōng
P	升降	shēng jiàng
P	午休	wǔ xiū
P	午觉	wǔ jiào
P	午间	wǔ jiān
P	半价	bàn jià
P	半休	bàn xiū
P	半大	bàn dà
P	半宿	bàn xiǔ
P	半拉	bàn lǎ
P	半数	bàn shù
P	半票	bàn piào
P	半空	bàn kōng
P	半载	bàn zǎi
P	华东	huá dōng
P	华严	huá yán
P	华中	huá zhōng
P	华丽	huá lì
P	华人	huá rén
P	华佗	huà tuó
P	华侨	huá qiáo
P	华北	huá běi
P	华南	huá nán
P	华发	huá fà
P	华夏	huá xià
P	华容	huá róng
P	华山	huà shān
P	华工	huá gōng
P	华年	huá nián
P	华府	huá fǔ
P	华彩	huá cǎi
P	华族	huá zú
P	华池	huá chí
P	华润	huá rùn
P	华灯	huá dēng
P	华盖	huá gài
P	华章	huá zhāng
P	华纳	huá nà
P	华美	huá měi
P	华翰	huá hàn
P	华胄	huá zhòu
P	华表	huá biǎo
P	华裔	huá yì
P	华西	huá xī
P	华诞	huá dàn
P	华语	huá yǔ
P	华贵	huá guì
P	华里	huá lǐ
P	协会	xié huì
P	协助	xié zhù
P	协同	xié tóng
P	协和	xié hé
P	协查	xié chá
P	协约	xié yuē
P	协调	xié tiáo
P	卒业	zú yè
P	卒子	zú zǐ
P	卒岁	zú suì
P	卒年	zú nián
P	卒然	zú rán
P	卓著	zhuó zhù
P	卓见	zhuó jiàn
P	卓识	zhuó shí
P	单一	dān yī
P	单于	chán yú
P	单产	dān chǎn
P	单价	dān jià
P	单传	dān chuán
P	单位	dān wèi
P	单作	dān zuò
P	单元	dān yuán
P	单兵	dān bīng
P	单刀	dān dāo
P	单列	dān liè
P	单利	dān lì
P	单单	dān dān
P	单发	dān fā
P	单口	dān kǒu
P	单句	dān jù
P	单另	dān lìng
P	单名	dān míng
P	单向	dān xiàng
P	单姓	shàn xìng
P	单子	dān zi
P	单字	dān zì
P	单寒	dān hán
P	单帮	dān bāng
P	单幅	dān fú
P	单干	dān gàn
P	单弦	dān xián
P	单弱	dān ruò
P	单恋	dān liàn
P	单打	dān dǎ
P	单据	dān jù
P	单摆	dān bǎi
P	单数	dān shù
P	单方	dān fāng
P	单机	dān jī
P	单杠	dān gàng
P	单极	dān jí
P	单独	dān dú
P	单用	dān yòng
P	单瘫	dān tān
P	单科	dān kē
P	单程	dān chéng
P	单篇	dān piān
P	单糖	dān táng
P	单纯	dān chún
P	单线	dān xiàn
P	单薄	dān bó
P	单行	dān xíng
P	单衣	dān yī
P	单被	dān bèi
P	单裤	dān kù
P	单词	dān cí
P	单说	dān shuō
P	单调	dān diào
P	单身	dān shēn
P	单车	dān chē
P	单轨	dān guǐ
P	单门	dān mén
P	单间	dān jiān
P	单骑	dān qí
P	卖价	mài jià
P	卖俏	mài qiào
P	卖劲	mài jìn
P	卖好	mài hǎo
P	卖弄	mài nòng
P	卖相	mài xiàng
P	卖空	mài kōng
P	南中	nán zhōng
P	南乐	nán yuè
P	南亚	nán yà
P	南京	nán jīng
P	南军	nán jūn
P	南凉	nán liáng
P	南北	nán běi
P	南华	nán huá
P	南吕	nán lǚ
P	南唐	nán táng
P	南国	nán guó
P	南头	nán tóu
P	南宋	nán sòng
P	南宫	nán gōng
P	南山	nán shān
P	南岭	nán lǐng
P	南岳	nán yuè
P	南川	nán chuān
P	南巡	nán xún
P	南平	nán píng
P	南式	nán shì
P	南戏	nán xì
P	南房	nán fáng
P	南拳	nán quán
P	南方	nán fāng
P	南无	nā mó
P	南星	nán xīng
P	南朝	nán cháo
P	南极	nán jí
P	南欧	nán ōu
P	南汉	nán hàn
P	南江	nán jiāng
P	南洋	nán yáng
P	南海	nán hǎi
P	南湖	nán hú
P	南燕	nán yàn
P	南瓜	nán guā
P	南皮	nán pí
P	南端	nán duān
P	南竹	nán zhú
P	南粤	nán yuè
P	南纬	nán wěi
P	南胡	nán hú
P	南蛮	nán mán
P	南诏	nán zhào
P	南货	nán huò
P	南越	nán yuè
P	南边	nán biān
P	南迁	nán qiān
P	南郊	nán jiāo
P	南郑	nán zhèng
P	南部	nán bù
P	南门	nán mén
P	南阳	nán yáng
P	南陵	nán líng
P	南面	nán miàn
P	南音	nán yīn
P	南风	nán fēng
P	南麓	nán lù
P	南齐	nán qí
P	博大	bó dà
P	博得	bó dé
P	博识	bó shí
P	博采	bó cǎi
P	卜卦	bǔ guà
P	卜居	bǔ jū
P	卜筮	bǔ shì
P	卜辞	bǔ cí
P	卜骨	bǔ gǔ
P	占先	zhàn xiān
P	占卜	zhān bǔ
P	占卦	zhān guà
P	占压	zhàn yā
P	占地	zhàn dì
P	占居	zhàn jū
P	占据	zhàn jù
P	占星	zhān xīng
P	占有	zhàn yǒu
P	占梦	zhān mèng
P	占理	zhàn lǐ
P	占用	zhàn yòng
P	占筮	zhān shì
P	占线	zhàn xiàn
P	占课	zhān kè
P	占领	zhàn lǐng
P	卡其	kǎ qí
P	卡具	qiǎ jù
P	卡口	kǎ kǒu
P	卡壳	qiǎ ké
P	卡子	qiǎ zi
P	卡尺	kǎ chǐ
P	卡带	kǎ dài
P	卡座	kǎ zuò
P	卡片	kǎ piàn
P	卡纸	kǎ zhǐ
P	卡规	kǎ guī
P	卡诺	kǎ nuò
P	卡车	kǎ chē
P	卡通	kǎ tōng
P	卡钳	kǎ qián
P	卤化	lǔ huà
P	卤鸡	lǔ jī
P	卧倒	wò dǎo
P	卧射	wò shè
P	卧底	wò dǐ
P	卧车	wò chē
P	卧铺	wò pù
P	印件	yìn jiàn
P	印信	yìn xìn
P	印儿	yìn er
P	印刷	yìn shuā
P	印刻	yìn kè
P	印发	yìn fā
P	印台	yìn tái
P	印度	yìn dù
P	印把	yìn bà
P	印泥	yìn ní
P	印纹	yìn wén
P	印行	yìn xíng
P	危亡	wēi wáng
P	危坐	wēi zuò
P	危城	wēi chéng
P	危情	wēi qíng
P	危言	wēi yán
P	危重	wēi zhòng
P	危难	wēi nàn
P	即令	jí lìng
P	即便	jí biàn
P	即兴	jí xìng
P	即将	jí jiāng
P	即景	jí jǐng
P	即期	jí qī
P	即若	jí ruò
P	即行	jí xíng
P	却说	què shuō
P	卵壳	luǎn ké
P	卵石	luǎn shí
P	卵裂	luǎn liè
P	卷云	juǎn yún
P	卷卷	juàn juàn
P	卷发	juǎn fà
P	卷子	juǎn zi
P	卷宗	juàn zōng
P	卷尺	juǎn chǐ
P	卷帘	juàn lián
P	卷帙	juàn zhì
P	卷扬	juǎn yáng
P	卷曲	juǎn qū
P	卷柏	juàn bǎi
P	卷烟	juǎn yān
P	卷缩	juǎn suō
P	卷舌	juǎn shé
P	卷轴	juàn zhóu
P	卷逃	juǎn táo
P	卷面	juàn miàn
P	卷须	juǎn xū
P	卸任	xiè rèn
P	卸车	xiè chē
P	卸载	xiè zài
P	厂休	chǎng xiū
P	厂区	chǎng qū
P	厂史	chǎng shǐ
P	厂商	chǎng shāng
P	厂子	chǎng zi
P	厂家	chǎng jiā
P	厂房	chǎng fáng
P	厂方	chǎng fāng
P	厂矿	chǎng kuàng
P	厂纪	chǎng jì
P	厂规	chǎng guī
P	厂长	chǎng zhǎng
P	厄难	è nàn
P	历任	lì rèn
P	历尽	lì jìn
P	历数	lì shù
P	历朝	lì cháo
P	厉行	lì xíng
P	压产	yā chǎn
P	压仓	yā cāng
P	压价	yā jià
P	压倒	yā dǎo
P	压光	yā guāng
P	压制	yā zhì
P	压力	yā lì
P	压卷	yā juàn
P	压压	yā yā
P	压台	yā tái
P	压场	yā chǎng
P	压境	yā jìng
P	压头	yā tóu
P	压平	yā píng
P	压库	yā kù
P	压延	yā yán
P	压强	yā qiáng
P	压惊	yā jīng
P	压抑	yā yì
P	压服	yā fú
P	压条	yā tiáo
P	压板	yà bǎn
P	压榨	yā zhà
P	压气	yā qì
P	压港	yā gǎng
P	压痛	yā tòng
P	压秤	yā chèng
P	压级	yā jí
P	压缩	yā suō
P	压腿	yā tuǐ
P	压船	yā chuán
P	压蔓	yā wàn
P	压货	yā huò
P	压车	yā chē
P	压轴	yā zhòu
P	压迫	yā pò
P	压队	yā duì
P	压阵	yā zhèn
P	压顶	yā dǐng
P	厌学	yàn xué
P	厌恶	yàn wù
P	厘正	lí zhèng
P	厚度	hòu dù
P	厚待	hòu dài
P	厚朴	hòu pò
P	厚片	hòu piàn
P	厚薄	hòu bó
P	厚重	hòu zhòng
P	原价	yuán jià
P	原任	yuán rèn
P	原值	yuán zhí
P	原判	yuán pàn
P	原唱	yuán chàng
P	原地	yuán dì
P	原处	yuán chù
P	原委	yuán wěi
P	原汤	yuán tāng
P	原浆	yuán jiāng
P	原种	yuán zhǒng
P	原著	yuán zhù
P	原话	yuán huà
P	厦门	xià mén
P	厮打	sī dǎ
P	厮混	sī hùn
P	厮磨	sī mó
P	去任	qù rèn
P	去处	qù chù
P	去病	qù bìng
P	县令	xiàn lìng
P	县份	xiàn fèn
P	县县	xiàn xiàn
P	县城	xiàn chéng
P	县委	xiàn wěi
P	县官	xiàn guān
P	县尉	xiàn wèi
P	县志	xiàn zhì
P	县治	xiàn zhì
P	县立	xiàn lì
P	县长	xiàn zhǎng
P	参与	cān yù
P	参事	cān shì
P	参军	cān jūn
P	参加	cān jiā
P	参劾	cān hé
P	参半	cān bàn
P	参合	cān hé
P	参商	shēn shāng
P	参天	cān tiān
P	参展	cān zhǎn
P	参差	cēn cī
P	参建	cān jiàn
P	参悟	cān wù
P	参战	cān zhàn
P	参拍	cān pāi
P	参拜	cān bài
P	参政	cān zhèng
P	参数	cān shù
P	参杂	cān zá
P	参校	cān jiào
P	参检	cān jiǎn
P	参演	cān yǎn
P	参照	cān zhào
P	参看	cān kàn
P	参禅	cān chán
P	参考	cān kǎo
P	参茸	shēn róng
P	参见	cān jiàn
P	参观	cān guān
P	参议	cān yì
P	参访	cān fǎng
P	参评	cān píng
P	参试	cān shì
P	参谋	cān móu
P	参谒	cān yè
P	参赌	cān dǔ
P	参赛	cān sài
P	参赞	cān zàn
P	参选	cān xuǎn
P	参透	cān tòu
P	参酌	cān zhuó
P	参量	cān liàng
P	参错	cēn cuò
P	参阅	cān yuè
P	参预	cān yù
P	叉儿	chā er
P	叉子	chā zi
P	叉开	chǎ kāi
P	叉手	chā shǒu
P	叉烧	chā shāo
P	叉腰	chā yāo
P	叉路	chā lù
P	叉车	chā chē
P	友好	yǒu hǎo
P	友邻	yǒu lín
P	双亲	shuāng qīn
P	双打	shuāng dǎ
P	双抢	shuāng qiǎng
P	双拥	shuāng yōng
P	双杠	shuāng gàng
P	双栖	shuāng qī
P	双目	shuāng mù
P	双轮	shuāng lún
P	双重	shuāng chóng
P	反侧	fǎn cè
P	反倒	fǎn dào
P	反冲	fǎn chōng
P	反切	fǎn qiè
P	反射	fǎn shè
P	反差	fǎn chà
P	反应	fǎn yìng
P	反弹	fǎn tán
P	反思	fǎn sī
P	反扒	fǎn pá
P	反把	fǎn bǎ
P	反正	fǎn zhèng
P	反省	fǎn xǐng
P	反观	fǎn guān
P	反诘	fǎn jié
P	反语	fǎn yǔ
P	反调	fǎn diào
P	反转	fǎn zhuǎn
P	反间	fǎn jiàn
P	反骨	fǎn gǔ
P	发丧	fā sāng
P	发乳	fà rǔ
P	发亮	fā liàng
P	发付	fā fù
P	发令	fā lìng
P	发作	fā zuò
P	发信	fā xìn
P	发傻	fā shǎ
P	发僵	fā jiāng
P	发光	fā guāng
P	发兵	fā bīng
P	发冷	fā lěng
P	发凡	fā fán
P	发出	fā chū
P	发函	fā hán
P	发刊	fā kān
P	发刷	fà shuā
P	发动	fā dòng
P	发包	fā bāo
P	发单	fā dān
P	发卡	fà qiǎ
P	发发	fā fā
P	发呆	fā dāi
P	发哑	fā yǎ
P	发售	fā shòu
P	发喘	fā chuǎn
P	发嗲	fā diǎ
P	发困	fā kùn
P	发坏	fā huài
P	发型	fà xíng
P	发声	fā shēng
P	发夹	fā jiā
P	发奋	fā fèn
P	发奖	fā jiǎng
P	发套	fà tào
P	发妻	fà qī
P	发威	fā wēi
P	发家	fā jiā
P	发射	fā shè
P	发屋	fà wū
P	发展	fā zhǎn
P	发市	fā shì
P	发布	fā bù
P	发帖	fā tiē
P	发廊	fà láng
P	发式	fà shì
P	发引	fā yǐn
P	发怒	fā nù
P	发怔	fā zhèng
P	发急	fā jí
P	发怵	fā chù
P	发情	fā qíng
P	发愁	fā chóu
P	发愣	fā lèng
P	发愤	fā fèn
P	发愿	fā yuàn
P	发慌	fā huāng
P	发憷	fā chù
P	发懒	fā lǎn
P	发懵	fā měng
P	发扬	fā yáng
P	发抖	fā dǒu
P	发报	fā bào
P	发指	fà zhǐ
P	发挥	fā huī
P	发排	fā pái
P	发掘	fā jué
P	发放	fā fàng
P	发散	fā sàn
P	发文	fā wén
P	发明	fā míng
P	发昏	fā hūn
P	发晕	fā yūn
P	发木	fā mù
P	发条	fā tiáo
P	发标	fā biāo
P	发根	fā gēn
P	发案	fā àn
P	发楞	fā léng
P	发榜	fā bǎng
P	发横	fā héng
P	发毛	fā máo
P	发气	fā qì
P	发水	fā shuǐ
P	发汗	fā hàn
P	发油	fā yóu
P	发泄	fā xiè
P	发涩	fā sè
P	发源	fā yuán
P	发火	fā huǒ
P	发炎	fā yán
P	发点	fā diǎn
P	发烧	fā shāo
P	发烫	fā tàng
P	发热	fā rè
P	发牌	fā pái
P	发物	fā wù
P	发狂	fā kuáng
P	发狠	fā hěn
P	发现	fā xiàn
P	发球	fā qiú
P	发生	fā shēng
P	发电	fā diàn
P	发疯	fā fēng
P	发疼	fā téng
P	发病	fā bìng
P	发痒	fā yǎng
P	发痧	fā shā
P	发痴	fā chī
P	发癣	fà xuǎn
P	发白	fā bái
P	发硬	fā yìng
P	发祥	fā xiáng
P	发票	fā piào
P	发福	fā fú
P	发稿	fā gǎo
P	发窘	fā jiǒng
P	发端	fā duān
P	发笑	fā xiào
P	发箍	fà gū
P	发粉	fā fěn
P	发糕	fā gāo
P	发紧	fā jǐn
P	发红	fā hóng
P	发给	fā gěi
P	发绿	fā lǜ
P	发网	fà wǎng
P	发育	fā yù
P	发胀	fā zhàng
P	发胖	fā pàng
P	发胶	fà jiāo
P	发腻	fā nì
P	发花	fā huā
P	发芽	fā yá
P	发苦	fā kǔ
P	发菜	fà cài
P	发落	fā luò
P	发蒙	fā mēng
P	发蔫	fā niān
P	发薪	fā xīn
P	发虚	fā xū
P	发蜡	fà là
P	发行	fā xíng
P	发表	fā biǎo
P	发觉	fā jué
P	发言	fā yán
P	发誓	fā shì
P	发话	fā huà
P	发财	fā cái
P	发货	fā huò
P	发起	fā qǐ
P	发躁	fā zào
P	发车	fā chē
P	发轫	fā rèn
P	发软	fā ruǎn
P	发辫	fà biàn
P	发达	fā dá
P	发运	fā yùn
P	发还	fā huán
P	发迹	fā jì
P	发送	fā sòng
P	发配	fā pèi
P	发酵	fā jiào
P	发酸	fā suān
P	发问	fā wèn
P	发闷	fā mèn
P	发际	fà jì
P	发难	fā nàn
P	发霉	fā méi
P	发露	fā lù
P	发青	fā qīng
P	发面	fā miàn
P	发音	fā yīn
P	发颤	fā chàn
P	发飘	fā piāo
P	发饷	fā xiǎng
P	发髻	fà jì
P	发鬓	fà bìn
P	发麻	fā má
P	发黄	fā huáng
P	发黑	fā hēi
P	叔伯	shū bó
P	叔嫂	shū sǎo
P	叔父	shū fù
P	取乐	qǔ lè
P	取信	qǔ xìn
P	取得	qǔ dé
P	取景	qǔ jǐng
P	取火	qǔ huǒ
P	取给	qǔ jǐ
P	取自	qǔ zì
P	取齐	qǔ qí
P	受冤	shòu yuān
P	受凉	shòu liáng
P	受援	shòu yuán
P	受教	shòu jiào
P	受旱	shòu hàn
P	受检	shòu jiǎn
P	受治	shòu zhì
P	受洗	shòu xǐ
P	受看	shòu kàn
P	受累	shòu lěi
P	受过	shòu guò
P	受邀	shòu yāo
P	受阅	shòu yuè
P	受降	shòu xiáng
P	受难	shòu nàn
P	变价	biàn jià
P	变体	biàn tǐ
P	变化	biàn huà
P	变压	biàn yā
P	变坏	biàn huài
P	变型	biàn xíng
P	变数	biàn shù
P	变更	biàn gēng
P	变相	biàn xiàng
P	变种	biàn zhǒng
P	变节	biàn jié
P	变调	biàn diào
P	变量	biàn liàng
P	叙别	xù bié
P	叙说	xù shuō
P	叠合	dié hé
P	叠放	dié fàng
P	口令	kǒu lìng
P	口传	kǒu chuán
P	口供	kǒu gòng
P	口信	kǒu xìn
P	口北	kǒu běi
P	口号	kǒu hào
P	口头	kǒu tóu
P	口子	kǒu zi
P	口服	kǒu fú
P	口条	kǒu tiáo
P	口杯	kǒu bēi
P	口称	kǒu chēng
P	口红	kǒu hóng
P	口臭	kǒu chòu
P	口觉	kǒu jué
P	口角	kǒu jiǎo
P	口语	kǒu yǔ
P	口重	kǒu zhòng
P	口风	kǒu fēng
P	古体	gǔ tǐ
P	古刹	gǔ chà
P	古奥	gǔ ào
P	古建	gǔ jiàn
P	古朴	gǔ piáo
P	古猿	gǔ yuán
P	古藤	gǔ téng
P	古语	gǔ yǔ
P	古远	gǔ yuǎn
P	古都	gǔ dū
P	古镇	gǔ zhèn
P	古风	gǔ fēng
P	句号	jù hào
P	句型	jù xíng
P	句子	jù zi
P	句式	jù shì
P	句法	jù fǎ
P	句点	jù diǎn
P	句读	jù dòu
P	另行	lìng xíng
P	叨光	tāo guāng
P	叨叨	dāo dāo
P	叨咕	dáo gu
P	叨唠	dāo láo
P	叨念	dāo niàn
P	叨扰	tāo rǎo
P	叨拢	tāo lǒng
P	叨陪	tāo péi
P	叩头	kòu tóu
P	叩打	kòu dǎ
P	叩见	kòu jiàn
P	只因	zhǐ yīn
P	只好	zhǐ hǎo
P	只字	zhī zì
P	只当	zhǐ dāng
P	只得	zhǐ dé
P	只怕	zhǐ pà
P	只是	zhǐ shì
P	只有	zhǐ yǒu
P	只此	zhī cǐ
P	只消	zhǐ xiāo
P	只管	zhǐ guǎn
P	只能	zhǐ néng
P	只要	zhǐ yào
P	只见	zhǐ jiàn
P	只身	zhī shēn
P	只顾	zhǐ gù
P	叫价	jiào jià
P	叫劲	jiào jìn
P	叫化	jiào huā
P	叫号	jiào hào
P	叫嚷	jiào rǎng
P	叫好	jiào hǎo
P	叫法	jiào fǎ
P	召募	zhào mù
P	召唤	zhào huàn
P	召回	zhào huí
P	召开	zhào kāi
P	召祸	zhào huò
P	召见	zhào jiàn
P	召集	zhào jí
P	叮当	dīng dāng
P	可不	kě bù
P	可乐	kě lè
P	可乘	kě chéng
P	可亲	kě qīn
P	可人	kě rén
P	可以	kě yǐ
P	可信	kě xìn
P	可取	kě qǔ
P	可变	kě biàn
P	可口	kě kǒu
P	可可	kě kě
P	可叹	kě tàn
P	可否	kě fǒu
P	可听	kě tīng
P	可喜	kě xǐ
P	可嘉	kě jiā
P	可好	kě hǎo
P	可巧	kě qiǎo
P	可心	kě xīn
P	可怕	kě pà
P	可怖	kě bù
P	可怜	kě lián
P	可恨	kě hèn
P	可恶	kě wù
P	可恼	kě nǎo
P	可悲	kě bēi
P	可惜	kě xī
P	可意	kě yì
P	可憎	kě zēng
P	可控	kě kòng
P	可敬	kě jìng
P	可是	kě shì
P	可曾	kě zēng
P	可望	kě wàng
P	可欺	kě qī
P	可气	kě qì
P	可汗	kè hán
P	可爱	kě ài
P	可疑	kě yí
P	可着	kě zhe
P	可知	kě zhī
P	可笑	kě xiào
P	可耻	kě chǐ
P	可能	kě néng
P	可行	kě xíng
P	可见	kě jiàn
P	可观	kě guān
P	可谓	kě wèi
P	可贵	kě guì
P	可资	kě zī
P	可逆	kě nì
P	可鄙	kě bǐ
P	可鉴	kě jiàn
P	可靠	kě kào
P	台下	tái xià
P	台中	tái zhōng
P	台北	tái běi
P	台历	tái lì
P	台地	tái dì
P	台基	tái jī
P	台子	tái zi
P	台安	tái ān
P	台属	tái shǔ
P	台州	tāi zhōu
P	台布	tái bù
P	台座	tái zuò
P	台扇	tái shàn
P	台榭	tái xiè
P	台步	tái bù
P	台灯	tái dēng
P	台球	tái qiú
P	台甫	tái fǔ
P	台盘	tái pán
P	台秤	tái chèng
P	台胞	tái bāo
P	台观	tái guān
P	台词	tái cí
P	台资	tái zī
P	台鉴	tái jiàn
P	台钟	tái zhōng
P	台长	tái zhǎng
P	台阁	tái gé
P	台阶	tái jiē
P	台面	tái miàn
P	台风	tái fēng
P	台驾	tái jià
P	叱令	chì lìng
P	叱咤	chì zhà
P	叱喝	chì hè
P	史乘	shǐ shèng
P	史家	shǐ jiā
P	史略	shǐ lüè
P	史论	shǐ lùn
P	右侧	yòu cè
P	右肋	yòu lē
P	右臂	yòu bì
P	右行	yòu xíng
P	叶叶	yè yè
P	叶子	yè zi
P	叶序	yè xù
P	叶枝	yè zhī
P	叶柄	yè bǐng
P	叶片	yè piàn
P	叶猴	yè hóu
P	叶肉	yè ròu
P	叶脉	yè mài
P	叶腋	yè yè
P	叶芽	yè yá
P	叶蜂	yè fēng
P	叶轮	yè lún
P	叶酸	yè suān
P	叶面	yè miàn
P	叶鞘	yè qiào
P	叶韵	xié yùn
P	号丧	háo sāng
P	号令	hào lìng
P	号兵	hào bīng
P	号叫	háo jiào
P	号召	hào zhào
P	号哭	háo kū
P	号啕	háo táo
P	号型	hào xíng
P	号外	hào wài
P	号头	hào tóu
P	号子	hào zi
P	号房	hào fáng
P	号手	hào shǒu
P	号数	hào shù
P	号灯	hào dēng
P	号炮	hào pào
P	号牌	hào pái
P	号码	hào mǎ
P	号称	hào chēng
P	号筒	hào tǒng
P	号脉	hào mài
P	号衣	hào yī
P	号角	hào jiǎo
P	司令	sī lìng
P	司南	sī nán
P	司空	sī kōng
P	司长	sī zhǎng
P	叹服	tàn fú
P	吁吁	xū xū
P	吁求	yù qiú
P	吁请	yù qǐng
P	吃儿	chī er
P	吃劲	chī jìn
P	吃喝	chī hē
P	吃客	chī kè
P	吃相	chī xiàng
P	吃荤	chī hūn
P	吃重	chī zhòng
P	吃食	chī shí
P	各个	gè gè
P	各人	gè rén
P	各位	gè wèi
P	各别	gè bié
P	各半	gè bàn
P	各处	gè chù
P	各样	gè yàng
P	各界	gè jiè
P	各种	gè zhǒng
P	各级	gè jí
P	各自	gè zì
P	各色	gè sè
P	吆喝	yāo hē
P	合一	hé yī
P	合乎	hé hū
P	合于	hé yú
P	合伙	hé huǒ
P	合体	hé tǐ
P	合作	hé zuò
P	合共	hé gòng
P	合击	hé jī
P	合刊	hé kān
P	合利	hé lì
P	合剂	hé jì
P	合力	hé lì
P	合办	hé bàn
P	合十	hé shí
P	合口	hé kǒu
P	合叶	hé yè
P	合同	hé tóng
P	合唱	hé chàng
P	合围	hé wéi
P	合声	hé shēng
P	合奏	hé zòu
P	合子	hé zǐ
P	合宜	hé yí
P	合家	hé jiā
P	合并	hé bìng
P	合度	hé dù
P	合式	hé shì
P	合当	hé dāng
P	合影	hé yǐng
P	合心	hé xīn
P	合情	hé qíng
P	合意	hé yì
P	合成	hé chéng
P	合手	hé shǒu
P	合抱	hé bào
P	合拍	hé pāi
P	合拢	hé lǒng
P	合掌	hé zhǎng
P	合数	hé shù
P	合时	hé shí
P	合格	hé gé
P	合欢	hé huān
P	合法	hé fǎ
P	合流	hé liú
P	合浦	hé pǔ
P	合演	hé yǎn
P	合照	hé zhào
P	合理	hé lǐ
P	合璧	hé bì
P	合用	hé yòng
P	合眼	hé yǎn
P	合着	hé zhe
P	合算	hé suàn
P	合约	hé yuē
P	合练	hé liàn
P	合编	hé biān
P	合缝	hé fèng
P	合署	hé shǔ
P	合群	hé qún
P	合股	hé gǔ
P	合肥	hé féi
P	合脚	hé jiǎo
P	合营	hé yíng
P	合著	hé zhù
P	合葬	hé zàng
P	合计	hé jì
P	合议	hé yì
P	合该	hé gāi
P	合谋	hé móu
P	合资	hé zī
P	合身	hé shēn
P	合辙	hé zhé
P	合适	hé shì
P	合金	hé jīn
P	合闸	hé zhá
P	合页	hé yè
P	合龙	hé lóng
P	吉期	jí qī
P	吊丧	diào sāng
P	吊卷	diào juàn
P	吊扇	diào shàn
P	吊打	diào dǎ
P	吊杆	diào gān
P	吊祭	diào jì
P	吊车	diào chē
P	吊铺	diào pù
P	吊顶	diào dǐng
P	同一	tóng yī
P	同上	tóng shàng
P	同业	tóng yè
P	同义	tóng yì
P	同乐	tóng lè
P	同乡	tóng xiāng
P	同事	tóng shì
P	同人	tóng rén
P	同仁	tóng rén
P	同伙	tóng huǒ
P	同伴	tóng bàn
P	同位	tóng wèi
P	同体	tóng tǐ
P	同侪	tóng chái
P	同僚	tóng liáo
P	同党	tóng dǎng
P	同前	tóng qián
P	同化	tóng huà
P	同名	tóng míng
P	同命	tóng mìng
P	同喜	tóng xǐ
P	同堂	tóng táng
P	同声	tóng shēng
P	同好	tóng hào
P	同姓	tóng xìng
P	同学	tóng xué
P	同宗	tóng zōng
P	同室	tóng shì
P	同居	tóng jū
P	同屋	tóng wū
P	同岁	tóng suì
P	同年	tóng nián
P	同庆	tóng qìng
P	同庚	tóng gēng
P	同归	tóng guī
P	同形	tóng xíng
P	同德	tóng dé
P	同心	tóng xīn
P	同志	tóng zhì
P	同性	tóng xìng
P	同情	tóng qíng
P	同意	tóng yì
P	同感	tóng gǎn
P	同房	tóng fáng
P	同方	tóng fāng
P	同族	tóng zú
P	同日	tóng rì
P	同时	tóng shí
P	同期	tóng qī
P	同样	tóng yàng
P	同案	tóng àn
P	同欢	tóng huān
P	同步	tóng bù
P	同气	tóng qì
P	同治	tóng zhì
P	同济	tóng jì
P	同源	tóng yuán
P	同犯	tóng fàn
P	同班	tóng bān
P	同盟	tóng méng
P	同种	tóng zhǒng
P	同科	tóng kē
P	同窗	tóng chuāng
P	同等	tóng děng
P	同类	tóng lèi
P	同级	tóng jí
P	同胞	tóng bāo
P	同行	tóng háng
P	同袍	tóng páo
P	同调	tóng diào
P	同谋	tóng móu
P	同质	tóng zhì
P	同贺	tóng hè
P	同路	tóng lù
P	同辈	tóng bèi
P	同道	tóng dào
P	同量	tóng liàng
P	同门	tóng mén
P	同队	tóng duì
P	同音	tóng yīn
P	同龄	tóng líng
P	名分	míng fèn
P	名刹	míng chà
P	名单	míng dān
P	名厨	míng chú
P	名句	míng jù
P	名号	míng hào
P	名媛	míng yuàn
P	名家	míng jiā
P	名宿	míng sù
P	名将	míng jiàng
P	名帖	míng tiě
P	名教	míng jiào
P	名数	míng shù
P	名旦	míng dàn
P	名片	míng piàn
P	名称	míng chēng
P	名簿	míng bù
P	名节	míng jié
P	名茶	míng chá
P	名著	míng zhù
P	名角	míng jué
P	后仰	hòu yǎng
P	后任	hòu rèn
P	后传	hòu chuán
P	后凉	hòu liáng
P	后劲	hòu jìn
P	后台	hòu tái
P	后场	hòu chǎng
P	后头	hòu tou
P	后妃	hòu fēi
P	后妻	hòu qī
P	后排	hòu pái
P	后景	hòu jǐng
P	后期	hòu qī
P	后燕	hòu yàn
P	后爪	hòu zhuǎ
P	后父	hòu fù
P	后舱	hòu cāng
P	吐口	tǔ kǒu
P	吐字	tǔ zì
P	吐属	tǔ shǔ
P	吐弃	tǔ qì
P	吐气	tǔ qì
P	吐沫	tù mò
P	吐泻	tù xiè
P	吐穗	tǔ suì
P	吐絮	tǔ xù
P	吐艳	tǔ yàn
P	吐蕃	tǔ bō
P	吐血	tù xiě
P	吐露	tǔ lù
P	向上	xiàng shàng
P	向着	xiàng zhe
P	向背	xiàng bèi
P	吓人	xià rén
P	吓唬	xià hǔ
P	吖啶	ā dìng
P	吗啡	mǎ fēi
P	君子	jūn zǐ
P	君王	jūn wáng
P	吞剥	tūn bō
P	吞吐	tūn tǔ
P	吞咽	tūn yàn
P	吞并	tūn bìng
P	吞服	tūn fú
P	吞没	tūn mò
P	吞食	tūn shí
P	吟哦	yín é
P	吡咯	bǐ gē
P	吡啶	bǐ dìng
P	否决	fǒu jué
P	否则	fǒu zé
P	否定	fǒu dìng
P	否认	fǒu rèn
P	吧台	bā tái
P	吧唧	bā jī
P	吧嗒	bā dā
P	吧女	bā nǚ
P	含有	hán yǒu
P	含沙	hán shā
P	含混	hán hùn
P	含糊	hán hú
P	含血	hán xuè
P	含量	hán liàng
P	听从	tīng cóng
P	听任	tīng rèn
P	听会	tīng huì
P	听便	tīng biàn
P	听信	tīng xìn
P	听差	tīng chāi
P	听戏	tīng xì
P	听见	tīng jiàn
P	听觉	tīng jué
P	听证	tīng zhèng
P	听说	tīng shuō
P	吭哧	kēng chī
P	吭声	kēng shēng
P	吭气	kēng qì
P	启发	qǐ fā
P	启蒙	qǐ méng
P	启行	qǐ xíng
P	吱吱	zhī zhī
P	吱声	zhī shēng
P	吱扭	zī niǔ
P	吲哚	yǐn duǒ
P	吴中	wú zhōng
P	吴堡	wú bǔ
P	吴王	wú wáng
P	吴语	wú yǔ
P	吵人	chǎo rén
P	吵吵	chǎo chǎo
P	吵嘴	chǎo zuǐ
P	吵嚷	chǎo rǎng
P	吵扰	chǎo rǎo
P	吵架	chǎo jià
P	吵翻	chǎo fān
P	吵闹	chǎo nào
P	吵骂	chǎo mà
P	吸毒	xī dú
P	吸着	xī zhuó
P	吸食	xī shí
P	吹台	chuī tái
P	吹嘘	chuī xū
P	吹弹	chuī tán
P	吹打	chuī dǎ
P	吹拂	chuī fú
P	吹散	chuī sàn
P	吹沙	chuī shā
P	吹风	chuī fēng
P	吻别	wěn bié
P	吻合	wěn hé
P	吾人	wú rén
P	吾侪	wú chái
P	吾子	wú zǐ
P	吾辈	wú bèi
P	呀呀	yā yā
P	呆头	dāi tóu
P	呆子	dāi zi
P	呆板	dāi bǎn
P	呈上	chéng shàng
P	呈正	chéng zhèng
P	呈露	chéng lù
P	告便	gào biàn
P	告倒	gào dǎo
P	告假	gào jià
P	告别	gào bié
P	告发	gào fā
P	告知	gào zhī
P	告破	gào pò
P	告缺	gào quē
P	告语	gào yǔ
P	呐喊	nà hǎn
P	呒不	wǔ bù
P	呒啥	wǔ shá
P	呒没	wǔ méi
P	呓语	yì yǔ
P	呕吐	ǒu tù
P	呕哑	ōu yā
P	呕心	ǒu xīn
P	呕气	ǒu qì
P	呕血	ǒu xuè
P	呗唱	bài chàng
P	员司	yuán sī
P	员外	yuán wài
P	员工	yuán gōng
P	员警	yuán jǐng
P	员额	yuán é
P	呛人	qiàng rén
P	呛到	qiàng dào
P	呛眼	qiàng yǎn
P	呛鼻	qiàng bí
P	呜叫	wū jiào
P	呜咽	wū yè
P	呢喃	ní nán
P	呢子	ní zi
P	呢料	ne liào
P	呢绒	ní róng
P	周会	zhōu huì
P	周折	zhōu zhé
P	周旋	zhōu xuán
P	周期	zhōu qī
P	周正	zhōu zhèng
P	周济	zhōu jì
P	周知	zhōu zhī
P	周详	zhōu xiáng
P	周转	zhōu zhuǎn
P	周长	zhōu cháng
P	呱呱	gū gū
P	呱唧	guā jī
P	呱嗒	guā dā
P	呲牙	zī yá
P	味觉	wèi jué
P	呵叱	hē chì
P	呵叻	kē lè
P	呵呵	hē hē
P	呵喝	hē hè
P	呵护	hē hù
P	呵斥	hē chì
P	呵欠	hē qiàn
P	呵痒	hē yǎng
P	呵责	hē zé
P	呼号	hū háo
P	呼吁	hū yù
P	呼啦	hū lā
P	呼喝	hū hè
P	呼应	hū yìng
P	呼扇	hū shàn
P	呼语	hū yǔ
P	命中	mìng zhòng
P	命令	mìng lìng
P	命大	mìng dà
P	命数	mìng shù
P	命相	mìng xiàng
P	命脉	mìng mài
P	命薄	mìng bó
P	咀嚼	jǔ jué
P	咂舌	zā shé
P	咋办	zǎ bàn
P	咋呼	zhā hū
P	咋舌	zé shé
P	和乐	hé lè
P	和了	hú le
P	和亲	hé qīn
P	和会	hé huì
P	和协	hé xié
P	和合	hé hé
P	和善	hé shàn
P	和声	hé shēng
P	和好	hé hǎo
P	和婉	hé wǎn
P	和尚	hé shàng
P	和局	hé jú
P	和平	hé píng
P	和弄	huò nòng
P	和弦	hé xián
P	和悦	hé yuè
P	和数	hé shù
P	和文	hé wén
P	和易	hé yì
P	和暖	hé nuǎn
P	和服	hé fú
P	和棋	hé qí
P	和气	hé qì
P	和泥	huó ní
P	和洽	hé qià
P	和煦	hé xù
P	和畅	hé chàng
P	和睦	hé mù
P	和硕	hé shuò
P	和约	hé yuē
P	和缓	hé huǎn
P	和美	hé měi
P	和药	huò yào
P	和蔼	hé ǎi
P	和衣	hé yī
P	和衷	hé zhōng
P	和解	hé jiě
P	和议	hé yì
P	和谈	hé tán
P	和谐	hé xié
P	和静	hé jìng
P	和面	huó miàn
P	和顺	hé shùn
P	和风	hé fēng
P	和鸣	hé míng
P	咒语	zhòu yǔ
P	咔嗒	kā dā
P	咔嚓	kā chā
P	咖啡	kā fēi
P	咖喱	gā lí
P	咣当	guāng dāng
P	咧咧	liē liē
P	咧嘴	liě zuǐ
P	咫尺	zhǐ chǐ
P	咬合	yǎo hé
P	咯吱	gē zhī
P	咯咯	gē gē
P	咯噔	gē dēng
P	咯血	kǎ xiě
P	咱们	zán men
P	咱俩	zán liǎ
P	咱家	zá jiā
P	咳咳	hāi hāi
P	咳喘	ké chuǎn
P	咳嗽	ké sòu
P	咳血	ké xiě
P	咽喉	yān hóu
P	咽头	yān tóu
P	咽气	yàn qì
P	咽炎	yān yán
P	咿呀	yī yā
P	哀乐	āi lè
P	哀号	āi háo
P	哀家	āi jiā
P	哀思	āi sī
P	哀矜	āi jīn
P	品种	pǐn zhǒng
P	品系	pǐn xì
P	品红	pǐn hóng
P	品绿	pǐn lǜ
P	品节	pǐn jié
P	品行	pǐn xíng
P	品赏	pǐn shǎng
P	哄人	hǒng rén
P	哄传	hōng chuán
P	哄劝	hǒng quàn
P	哄动	hōng dòng
P	哄哄	hǒng hǒng
P	哄场	hòng chǎng
P	哄堂	hōng táng
P	哄弄	hǒng nòng
P	哄抢	hōng qiǎng
P	哄抬	hōng tái
P	哄然	hōng rán
P	哄笑	hōng xiào
P	哄诱	hǒng yòu
P	哄逗	hǒng dòu
P	哄闹	hōng nào
P	哄骗	hǒng piàn
P	哇哇	wā wā
P	哇啦	wā lā
P	哇塞	wā sāi
P	哈哈	hā hā
P	哈喇	hā lǎ
P	哈密	hā mì
P	哈欠	hā qiàn
P	哈气	hā qì
P	哈罗	hā luó
P	哈腰	hā yāo
P	哈达	hǎ dá
P	响头	xiǎng tóu
P	响应	xiǎng yìng
P	响度	xiǎng dù
P	响锣	xiǎng luó
P	哎呀	āi yā
P	哎哟	āi yō
P	哑剧	yǎ jù
P	哑口	yǎ kǒu
P	哑哑	yā yā
P	哑嗓	yǎ sǎng
P	哑场	yǎ chǎng
P	哑子	yǎ zi
P	哑巴	yǎ ba
P	哑火	yǎ huǒ
P	哑炮	yǎ pào
P	哑然	yǎ rán
P	哑语	yǎ yǔ
P	哑谜	yǎ mí
P	哑铃	yǎ líng
P	哗众	huá zhòng
P	哗变	huá biàn
P	哗哗	huā huā
P	哗啦	huā lā
P	哗然	huá rán
P	哗笑	huá xiào
P	哟嗬	yō hē
P	哥们	gē men
P	哧溜	chī liū
P	哨卡	shào qiǎ
P	哪个	nǎ ge
P	哪些	nǎ xiē
P	哪位	nǎ wèi
P	哪儿	nǎ ér
P	哪吒	né zhā
P	哪怕	nǎ pà
P	哪样	nǎ yàng
P	哪能	nǎ néng
P	哪里	nǎ lǐ
P	哭丧	kū sāng
P	哭叫	kū jiào
P	哲思	zhé sī
P	哽咽	gěng yè
P	哽塞	gěng sè
P	唇线	chún xiàn
P	唇膏	chún gāo
P	唇裂	chún liè
P	唏嘘	xī xū
P	唔使	wú shǐ
P	唔哚	wú duǒ
P	唔哩	wú lǐ
P	唔笃	wú dǔ
P	唛头	mà tóu
P	唠叨	láo dāo
P	唠唠	lào lào
P	唠嗑	lào kē
P	唠扯	lào chě
P	唢呐	suǒ nà
P	唤头	huàn tou
P	售后	shòu hòu
P	售汇	shòu huì
P	唱和	chàng hè
P	唱头	chàng tóu
P	啁啾	zhōu jiū
P	商会	shāng huì
P	商兑	shāng duì
P	商厦	shāng shà
P	商号	shāng hào
P	商场	shāng chǎng
P	商家	shāng jiā
P	商法	shāng fǎ
P	商海	shāng hǎi
P	商港	shāng gǎng
P	商用	shāng yòng
P	商社	shāng shè
P	商约	shāng yuē
P	商行	shāng háng
P	商请	shāng qǐng
P	商调	shāng diào
P	商贾	shāng gǔ
P	商量	shāng liáng
P	啜泣	chuò qì
P	啥子	shá zi
P	啪嗒	pā dā
P	啮合	niè hé
P	啼血	tí xuè
P	喀什	kā shí
P	喀吧	kā bā
P	喀嚓	kā chā
P	喂食	wèi shí
P	善处	shàn chǔ
P	善恶	shàn è
P	善行	shàn xíng
P	喇嘛	lǎ ma
P	喉头	hóu tóu
P	喉管	hóu guǎn
P	喉结	hóu jié
P	喉节	hóu jié
P	喊杀	hǎn shā
P	喊话	hǎn huà
P	喊醒	hǎn xǐng
P	喋喋	dié dié
P	喋血	dié xuè
P	喔唷	ō yō
P	喔喔	wō wō
P	喜丧	xǐ sāng
P	喜乐	xǐ lè
P	喜人	xǐ rén
P	喜信	xǐ xìn
P	喜兴	xǐ xìng
P	喜好	xǐ hào
P	喜帖	xǐ tiě
P	喜联	xǐ lián
P	喜雨	xǐ yǔ
P	喝令	hè lìng
P	喝彩	hè cǎi
P	喝斥	hè chì
P	喝止	hè zhǐ
P	喝水	hē shuǐ
P	喝道	hè dào
P	喝醉	hē zuì
P	喝采	hè cǎi
P	喝问	hè wèn
P	喟叹	kuì tàn
P	喟然	kuì rán
P	喧哗	xuān huá
P	喧嚷	xuān rǎng
P	喷发	pēn fā
P	喷口	pēn kǒu
P	喷吐	pēn tǔ
P	喷嘴	pēn zuǐ
P	喷嚏	pēn tì
P	喷壶	pēn hú
P	喷头	pēn tóu
P	喷射	pēn shè
P	喷撒	pēn sǎ
P	喷枪	pēn qiāng
P	喷气	pēn qì
P	喷水	pēn shuǐ
P	喷泉	pēn quán
P	喷泻	pēn xiè
P	喷洒	pēn sǎ
P	喷浆	pēn jiāng
P	喷涂	pēn tú
P	喷涌	pēn yǒng
P	喷溅	pēn jiàn
P	喷漆	pēn qī
P	喷灌	pēn guàn
P	喷火	pēn huǒ
P	喷灯	pēn dēng
P	喷管	pēn guǎn
P	喷粪	pēn fèn
P	喷薄	pēn bó
P	喷雾	pēn wù
P	喷饭	pēn fàn
P	喷香	pèn xiāng
P	喹啉	kuí lín
P	喻义	yù yì
P	喻示	yù shì
P	喽啰	lóu luō
P	喽罗	lóu luó
P	嗅觉	xiù jué
P	嗉囊	sù náng
P	嗒丧	tà sàng
P	嗒嗒	dā dā
P	嗒然	tà rán
P	嗔着	chēn zhe
P	嗜好	shì hào
P	嗜血	shì xuè
P	嗜酒	shì jiǔ
P	嗝儿	gé er
P	嗣子	sì zǐ
P	嗨呀	hāi ya
P	嗨哟	hāi yō
P	嗳气	ài qì
P	嗳酸	ǎi suān
P	嗷嗷	áo áo
P	嗾使	sǒu shǐ
P	嘀嗒	dī dā
P	嘉勉	jiā miǎn
P	嘉应	jiā yìng
P	嘉许	jiā xǔ
P	嘌呤	piào líng
P	嘎吱	gā zhī
P	嘎啦	gā lā
P	嘎嘎	gā gā
P	嘎噔	gā dēng
P	嘎子	gǎ zǐ
P	嘎巴	gā bā
P	嘎然	gā rán
P	嘘唏	xū xī
P	嘟噜	dū lū
P	嘤嘤	yīng yīng
P	嘲哳	zhāo zhā
P	嘲弄	cháo nòng
P	嘲笑	cháo xiào
P	嘲讽	cháo fěng
P	嘲谑	cháo xuè
P	嘲骂	cháo mà
P	嘴儿	zuǐ er
P	嘴头	zuǐ tóu
P	嘴碎	zuǐ suì
P	嘴笨	zuǐ bèn
P	嘴紧	zuǐ jǐn
P	嘴角	zuǐ jiǎo
P	嘶哑	sī yǎ
P	嘹望	liáo wàng
P	嘻笑	xī xiào
P	嘻闹	xī nào
P	嘿嘿	hēi hēi
P	噙泪	qín lèi
P	噜苏	lū sū
P	器乐	qì yuè
P	器度	qì dù
P	器用	qì yòng
P	器识	qì shí
P	器重	qì zhòng
P	器量	qì liàng
P	噱头	xué tou
P	噶厦	gá xià
P	嚅动	rú dòng
P	嚏喷	tì pēn
P	嚷叫	rǎng jiào
P	嚷嚷	rāng rang
P	嚼子	jiáo zi
P	嚼舌	jiáo shé
P	囊括	náng kuò
P	囊虫	náng chóng
P	囚徒	qiú tú
P	囚服	qiú fú
P	囚禁	qiú jìn
P	囚笼	qiú lóng
P	囚车	qiú chē
P	四会	sì huì
P	四体	sì tǐ
P	四六	sì liù
P	四化	sì huà
P	四处	sì chù
P	四大	sì dà
P	四射	sì shè
P	四散	sì sàn
P	四旁	sì páng
P	四溅	sì jiàn
P	四角	sì jiǎo
P	回佣	huí yòng
P	回信	huí xìn
P	回单	huí dān
P	回合	huí hé
P	回填	huí tián
P	回头	huí tóu
P	回帖	huí tiē
P	回应	huí yìng
P	回弹	huí tán
P	回撤	huí chè
P	回教	huí jiào
P	回旋	huí xuán
P	回条	huí tiáo
P	回涨	huí zhǎng
P	回空	huí kōng
P	回窜	huí cuàn
P	回笼	huí lóng
P	回答	huí dá
P	回纥	huí hé
P	回落	huí luò
P	回见	huí jiàn
P	回车	huí chē
P	回转	huí zhuǎn
P	回迁	huí qiān
P	回还	huí huán
P	回采	huí cǎi
P	回风	huí fēng
P	因为	yīn wèi
P	因应	yīn yìng
P	因数	yīn shù
P	团丁	tuán dīng
P	团体	tuán tǐ
P	团员	tuán yuán
P	团委	tuán wěi
P	团弄	tuán nòng
P	团扇	tuán shàn
P	团日	tuán rì
P	团歌	tuán gē
P	团章	tuán zhāng
P	团籍	tuán jí
P	团结	tuán jié
P	团费	tuán fèi
P	团长	tuán zhǎng
P	囤积	tún jī
P	囤聚	tún jù
P	园丁	yuán dīng
P	园地	yuán dì
P	困处	kùn chǔ
P	困觉	kùn jiào
P	困难	kùn nán
P	围剿	wéi jiǎo
P	围场	wéi chǎng
P	围屏	wéi píng
P	围观	wéi guān
P	固体	gù tǐ
P	固有	gù yǒu
P	固着	gù zhuó
P	固结	gù jié
P	国丧	guó sāng
P	国乐	guó yuè
P	国仇	guó chóu
P	国优	guó yōu
P	国会	guó huì
P	国体	guó tǐ
P	国信	guó xìn
P	国共	guó gòng
P	国内	guó nèi
P	国别	guó bié
P	国华	guó huá
P	国号	guó hào
P	国家	guó jiā
P	国帑	guó tǎng
P	国度	guó dù
P	国教	guó jiào
P	国有	guó yǒu
P	国术	guó shù
P	国王	guó wáng
P	国脉	guó mài
P	国药	guó yào
P	国语	guó yǔ
P	国都	guó dū
P	国难	guó nàn
P	国风	guó fēng
P	图卷	tú juàn
P	图景	tú jǐng
P	图片	tú piàn
P	图解	tú jiě
P	图说	tú shuō
P	图钉	tú dīng
P	囿于	yòu yú
P	圆凳	yuán dèng
P	圆号	yuán hào
P	圆圈	yuán quān
P	圆场	yuán chǎng
P	圆型	yuán xíng
P	圆笼	yuán lóng
P	圆脸	yuán liǎn
P	圆钢	yuán gāng
P	圈儿	quān er
P	圈地	quān dì
P	圈子	quān zi
P	圈椅	quān yǐ
P	圈阅	quān yuè
P	土名	tǔ míng
P	土地	tǔ dì
P	土堡	tǔ pù
P	土墩	tǔ dūn
P	土戏	tǔ xì
P	土棍	tǔ gùn
P	土种	tǔ zhǒng
P	土筐	tǔ kuāng
P	土系	tǔ xì
P	土著	tǔ zhù
P	土语	tǔ yǔ
P	土风	tǔ fēng
P	圣上	shèng shàng
P	圣地	shèng dì
P	圣女	shèng nǚ
P	在任	zài rèn
P	在内	zài nèi
P	在册	zài cè
P	在场	zài chǎng
P	在家	zài jiā
P	在岗	zài gǎng
P	在手	zài shǒu
P	在教	zài jiào
P	在朝	zài cháo
P	在校	zài xiào
P	在聘	zài pìn
P	在行	zài háng
P	在读	zài dú
P	圩场	xū cháng
P	圩垸	wéi yuàn
P	圩堤	wéi dī
P	圩子	wéi zǐ
P	圭角	guī jiǎo
P	地丁	dì dīng
P	地上	dì shàng
P	地下	dì xià
P	地主	dì zhǔ
P	地产	dì chǎn
P	地亩	dì mǔ
P	地价	dì jià
P	地位	dì wèi
P	地保	dì bǎo
P	地利	dì lì
P	地力	dì lì
P	地动	dì dòng
P	地势	dì shì
P	地勤	dì qín
P	地区	dì qū
P	地名	dì míng
P	地图	dì tú
P	地址	dì zhǐ
P	地块	dì kuài
P	地坪	dì píng
P	地垄	dì lǒng
P	地垒	dì lěi
P	地埂	dì gěng
P	地域	dì yù
P	地基	dì jī
P	地堡	dì bǎo
P	地壳	dì qiào
P	地处	dì chǔ
P	地头	dì tóu
P	地契	dì qì
P	地委	dì wěi
P	地学	dì xué
P	地宫	dì gōng
P	地层	dì céng
P	地峡	dì xiá
P	地市	dì shì
P	地带	dì dài
P	地幔	dì màn
P	地平	dì píng
P	地府	dì fǔ
P	地形	dì xíng
P	地心	dì xīn
P	地志	dì zhì
P	地摊	dì tān
P	地支	dì zhī
P	地政	dì zhèng
P	地方	dì fāng
P	地机	dì jī
P	地权	dì quán
P	地板	dì bǎn
P	地极	dì jí
P	地栗	dì lì
P	地核	dì hé
P	地梨	dì lí
P	地榆	dì yú
P	地步	dì bù
P	地段	dì duàn
P	地毡	dì zhān
P	地毯	dì tǎn
P	地气	dì qì
P	地沟	dì gōu
P	地波	dì bō
P	地洞	dì dòng
P	地温	dì wēn
P	地漏	dì lòu
P	地炕	dì kàng
P	地点	dì diǎn
P	地热	dì rè
P	地牢	dì láo
P	地物	dì wù
P	地狱	dì yù
P	地球	dì qiú
P	地理	dì lǐ
P	地瓜	dì guā
P	地电	dì diàn
P	地界	dì jiè
P	地痞	dì pǐ
P	地皮	dì pí
P	地盘	dì pán
P	地矿	dì kuàng
P	地砖	dì zhuān
P	地磁	dì cí
P	地磅	dì bàng
P	地租	dì zū
P	地秤	dì chèng
P	地积	dì jī
P	地税	dì shuì
P	地穴	dì xué
P	地窖	dì jiào
P	地窟	dì kū
P	地精	dì jīng
P	地线	dì xiàn
P	地缘	dì yuán
P	地脉	dì mài
P	地脚	dì jiǎo
P	地膜	dì mó
P	地藏	dì zàng
P	地衣	dì yī
P	地表	dì biǎo
P	地角	dì jiǎo
P	地貌	dì mào
P	地质	dì zhì
P	地轴	dì zhóu
P	地边	dì biān
P	地道	dì dào
P	地邻	dì lín
P	地铁	dì tiě
P	地铺	dì pù
P	地陷	dì xiàn
P	地雷	dì léi
P	地震	dì zhèn
P	地面	dì miàn
P	地黄	dì huáng
P	地龙	dì lóng
P	场合	chǎng hé
P	场地	chǎng dì
P	场子	chǎng zi
P	场屋	cháng wū
P	场所	chǎng suǒ
P	场景	chǎng jǐng
P	场次	chǎng cì
P	场记	chǎng jì
P	场院	cháng yuàn
P	场面	chǎng miàn
P	均价	jūn jià
P	均分	jūn fēn
P	均差	jūn chà
P	坊巷	fāng xiàng
P	坊本	fāng běn
P	坊间	fāng jiān
P	坍台	tān tái
P	坎坷	kǎn kě
P	坏事	huài shì
P	坏人	huài rén
P	坏处	huài chù
P	坏死	huài sǐ
P	坏水	huài shuǐ
P	坏种	huài zhǒng
P	坏蛋	huài dàn
P	坏话	huài huà
P	坐上	zuò shàng
P	坐化	zuò huà
P	坐台	zuò tái
P	坐大	zuò dà
P	坐姿	zuò zī
P	坐待	zuò dài
P	坐监	zuò jiān
P	坐禅	zuò chán
P	坐落	zuò luò
P	坐车	zuò chē
P	坐骨	zuò gǔ
P	坑蒙	kēng méng
P	块体	kuài tǐ
P	块头	kuài tóu
P	坚信	jiān xìn
P	坚强	jiān qiáng
P	坚称	jiān chēng
P	坛场	tán chǎng
P	坛子	tán zi
P	坝地	bà dì
P	坝址	bà zhǐ
P	坝身	bà shēn
P	坟地	fén dì
P	坟场	fén chǎng
P	坟头	fén tóu
P	坠地	zhuì dì
P	坠落	zhuì luò
P	坡地	pō dì
P	坡度	pō dù
P	坡跟	pō gēn
P	坤包	kūn bāo
P	坦率	tǎn shuài
P	坦露	tǎn lù
P	坯子	pī zi
P	坷垃	kē lā
P	坼裂	chè liè
P	垂体	chuí tǐ
P	垂吊	chuí diào
P	垂头	chuí tóu
P	垂落	chuí luò
P	型号	xíng hào
P	型钢	xíng gāng
P	垒墙	lěi qiáng
P	垛口	duǒ kǒu
P	垛子	duǒ zi
P	垢泥	gòu ní
P	垦区	kěn qū
P	垦殖	kěn zhí
P	垦种	kěn zhòng
P	垫儿	diàn er
P	垫圈	diàn juàn
P	垫板	diàn bǎn
P	垫片	diàn piàn
P	垫背	diàn bèi
P	垫被	diàn bèi
P	垮台	kuǎ tái
P	垸子	yuàn zǐ
P	埋伏	mái fú
P	埋名	mái míng
P	埋头	mái tóu
P	埋怨	mán yuàn
P	埋汰	mái tài
P	埋没	mái mò
P	埋葬	mái zàng
P	埋藏	mái cáng
P	埋设	mái shè
P	埋首	mái shǒu
P	城区	chéng qū
P	城垛	chéng duǒ
P	城堡	chéng bǎo
P	城头	chéng tóu
P	城阙	chéng què
P	城际	chéng jì
P	域内	yù nèi
P	埠头	bù tóu
P	基地	jī dì
P	基数	jī shù
P	基色	jī sè
P	基调	jī diào
P	堂会	táng huì
P	堂叔	táng shū
P	堂奥	táng ào
P	堇菜	jǐn cài
P	堕入	duò rù
P	堕地	duò dì
P	堕胎	duò tāi
P	堕马	duò mǎ
P	堙没	yīn mò
P	堡垒	bǎo lěi
P	堡子	bǔ zi
P	堡寨	bǎo zhài
P	堪当	kān dāng
P	堵塞	dǔ sè
P	堵车	dǔ chē
P	塌台	tā tái
P	塌落	tā luò
P	塔台	tǎ tái
P	塔松	tǎ sōng
P	塔顶	tǎ dǐng
P	塘泥	táng ní
P	塞上	sài shàng
P	塞北	sài běi
P	塞外	sài wài
P	塞子	sāi zi
P	塞满	sāi mǎn
P	塞规	sāi guī
P	塞责	sè zé
P	塞车	sāi chē
P	塞门	sài mén
P	塞音	sè yīn
P	填充	tián chōng
P	填写	tián xiě
P	填发	tián fā
P	填堵	tián dǔ
P	填塞	tián sè
P	填填	tián tián
P	填平	tián píng
P	填房	tián fáng
P	填报	tián bào
P	填料	tián liào
P	填方	tián fāng
P	填满	tián mǎn
P	填空	tián kòng
P	填补	tián bǔ
P	填词	tián cí
P	填鸭	tián yā
P	境地	jìng dì
P	墓冢	mù zhǒng
P	墓地	mù dì
P	墓碣	mù jié
P	墓祭	mù jì
P	墙围	qiáng wéi
P	墙垛	qiáng duǒ
P	墙头	qiáng tóu
P	墙缝	qiáng fèng
P	墙角	qiáng jiǎo
P	增修	zēng xiū
P	增压	zēng yā
P	增大	zēng dà
P	增容	zēng róng
P	增广	zēng guǎng
P	增建	zēng jiàn
P	增强	zēng qiáng
P	增拨	zēng bō
P	增支	zēng zhī
P	增效	zēng xiào
P	增殖	zēng zhí
P	增派	zēng pài
P	增温	zēng wēn
P	增白	zēng bái
P	增编	zēng biān
P	增至	zēng zhì
P	增调	zēng diào
P	增选	zēng xuǎn
P	增重	zēng zhòng
P	增量	zēng liàng
P	增长	zēng zhǎng
P	墨囊	mò náng
P	墨家	mò jiā
P	墨斗	mò dǒu
P	墨晕	mò yùn
P	墨绿	mò lǜ
P	壁柜	bì guì
P	壅塞	yōng sè
P	壕堑	háo qiàn
P	士卒	shì zú
P	士女	shì nǚ
P	壮丁	zhuàng dīng
P	壮丽	zhuàng lì
P	壮乡	zhuàng xiāng
P	壮大	zhuàng dà
P	壮硕	zhuàng shuò
P	壮观	zhuàng guān
P	壮语	zhuàng yǔ
P	声乐	shēng yuè
P	声价	shēng jià
P	声压	shēng yā
P	声场	shēng chǎng
P	声旁	shēng páng
P	声称	shēng chēng
P	声调	shēng diào
P	声频	shēng pín
P	壳子	ké zǐ
P	处世	chǔ shì
P	处事	chǔ shì
P	处于	chǔ yú
P	处以	chǔ yǐ
P	处决	chǔ jué
P	处分	chǔ fèn
P	处刑	chǔ xíng
P	处境	chǔ jìng
P	处士	chǔ shì
P	处处	chù chù
P	处女	chǔ nǚ
P	处子	chǔ zǐ
P	处所	chù suǒ
P	处方	chǔ fāng
P	处暑	chǔ shǔ
P	处死	chǔ sǐ
P	处治	chǔ zhì
P	处理	chǔ lǐ
P	处罚	chǔ fá
P	处置	chǔ zhì
P	处身	chǔ shēn
P	处长	chù zhǎng
P	备份	bèi fèn
P	备员	bèi yuán
P	备有	bèi yǒu
P	备查	bèi chá
P	备货	bèi huò
P	备饭	bèi fàn
P	复仇	fù chóu
P	复会	fù huì
P	复信	fù xìn
P	复兴	fù xīng
P	复函	fù hán
P	复发	fù fā
P	复句	fù jù
P	复叶	fù yè
P	复合	fù hé
P	复员	fù yuán
P	复垦	fù kěn
P	复建	fù jiàn
P	复排	fù pái
P	复数	fù shù
P	复查	fù chá
P	复核	fù hé
P	复检	fù jiǎn
P	复演	fù yǎn
P	复电	fù diàn
P	复种	fù zhǒng
P	复航	fù háng
P	复苏	fù sū
P	复评	fù píng
P	复诵	fù sòng
P	复读	fù dú
P	复转	fù zhuǎn
P	复辟	fù bì
P	复验	fù yàn
P	夏令	xià lìng
P	夏侯	xià hóu
P	夏初	xià chū
P	夏夜	xià yè
P	夏种	xià zhòng
P	外亲	wài qīn
P	外传	wài zhuàn
P	外侧	wài cè
P	外切	wài qiē
P	外化	wài huà
P	外厂	wài chǎng
P	外县	wài xiàn
P	外号	wài hào
P	外地	wài dì
P	外场	wài cháng
P	外壳	wài ké
P	外头	wài tou
P	外存	wài cún
P	外孙	wài sūn
P	外家	wài jiā
P	外差	wài chà
P	外强	wài qiáng
P	外教	wài jiào
P	外景	wài jǐng
P	外沿	wài yán
P	外派	wài pài
P	外港	wài gǎng
P	外相	wài xiàng
P	外省	wài shěng
P	外聘	wài pìn
P	外行	wài háng
P	外观	wài guān
P	外角	wài jiǎo
P	外语	wài yǔ
P	外调	wài diào
P	外转	wài zhuǎn
P	外轮	wài lún
P	外运	wài yùn
P	外长	wài zhǎng
P	外间	wài jiān
P	外露	wài lù
P	夙仇	sù chóu
P	多么	duō me
P	多发	duō fā
P	多向	duō xiàng
P	多咱	duō zá
P	多大	duō dà
P	多头	duō tóu
P	多少	duō shǎo
P	多数	duō shù
P	多极	duō jí
P	多疑	duō yí
P	多能	duō néng
P	多虑	duō lǜ
P	多项	duō xiàng
P	夜分	yè fēn
P	夜叉	yè chā
P	夜场	yè chǎng
P	夜大	yè dà
P	夜宿	yè sù
P	夜景	yè jǐng
P	夜曲	yè qǔ
P	夜校	yè xiào
P	夜禁	yè jìn
P	夜空	yè kōng
P	夜蛾	yè é
P	夜行	yè xíng
P	夜车	yè chē
P	夜间	yè jiān
P	够呛	gòu qiàng
P	够戗	gòu qiàng
P	大一	dà yī
P	大专	dà zhuān
P	大业	dà yè
P	大举	dà jǔ
P	大义	dà yì
P	大乘	dà chéng
P	大书	dà shū
P	大事	dà shì
P	大亨	dà hēng
P	大人	dà rén
P	大任	dà rèn
P	大众	dà zhòng
P	大伙	dà huǒ
P	大会	dà huì
P	大伯	dà bó
P	大体	dà tǐ
P	大余	dà yú
P	大作	dà zuò
P	大使	dà shǐ
P	大侠	dà xiá
P	大便	dà biàn
P	大修	dà xiū
P	大儒	dà rú
P	大全	dà quán
P	大公	dà gōng
P	大关	dà guān
P	大兴	dà xīng
P	大兵	dà bīng
P	大典	dà diǎn
P	大内	dà nèi
P	大写	dà xiě
P	大军	dà jūn
P	大冶	dà yě
P	大凡	dà fán
P	大刀	dà dāo
P	大分	dà fēn
P	大刑	dà xíng
P	大副	dà fù
P	大力	dà lì
P	大功	dà gōng
P	大势	dà shì
P	大包	dà bāo
P	大北	dà běi
P	大区	dà qū
P	大半	dà bàn
P	大卡	dà kǎ
P	大卫	dà wèi
P	大印	dà yìn
P	大厅	dà tīng
P	大历	dà lì
P	大厦	dà shà
P	大发	dà fā
P	大叔	dà shū
P	大口	dà kǒu
P	大叫	dà jiào
P	大号	dà hào
P	大吉	dà jí
P	大同	dà tóng
P	大名	dà míng
P	大吏	dà lì
P	大吕	dà lǚ
P	大君	dà jūn
P	大员	dà yuán
P	大哥	dà gē
P	大喜	dà xǐ
P	大器	dà qì
P	大嚼	dà jué
P	大国	dà guó
P	大圆	dà yuán
P	大圣	dà shèng
P	大地	dà dì
P	大块	dà kuài
P	大坝	dà bà
P	大型	dà xíng
P	大城	dà chéng
P	大埔	dà bù
P	大堂	dà táng
P	大堤	dà dī
P	大墙	dà qiáng
P	大壮	dà zhuàng
P	大声	dà shēng
P	大处	dà chù
P	大多	dà duō
P	大大	dà dà
P	大夫	dà fū
P	大头	dà tóu
P	大好	dà hǎo
P	大妈	dà mā
P	大姐	dà jiě
P	大姑	dà gū
P	大姓	dà xìng
P	大姨	dà yí
P	大娘	dà niáng
P	大婶	dà shěn
P	大媒	dà méi
P	大嫂	dà sǎo
P	大子	dà zǐ
P	大字	dà zì
P	大学	dà xué
P	大宁	dà níng
P	大宇	dà yǔ
P	大安	dà ān
P	大宗	dà zōng
P	大官	dà guān
P	大家	dà jiā
P	大寒	dà hán
P	大寿	dà shòu
P	大将	dà jiàng
P	大尉	dà wèi
P	大小	dà xiǎo
P	大局	dà jú
P	大展	dà zhǎn
P	大工	dà gōng
P	大巴	dà bā
P	大市	dà shì
P	大帅	dà shuài
P	大师	dà shī
P	大帝	dà dì
P	大干	dà gàn
P	大年	dà nián
P	大幸	dà xìng
P	大庆	dà qìng
P	大度	dà dù
P	大德	dà dé
P	大忌	dà jì
P	大志	dà zhì
P	大忙	dà máng
P	大悟	dà wù
P	大悲	dà bēi
P	大意	dà yì
P	大戏	dà xì
P	大成	dà chéng
P	大我	dà wǒ
P	大战	dà zhàn
P	大户	dà hù
P	大批	dà pī
P	大把	dà bǎ
P	大报	dà bào
P	大抵	dà dǐ
P	大拿	dà ná
P	大指	dà zhǐ
P	大捷	dà jié
P	大政	dà zhèng
P	大故	dà gù
P	大敌	dà dí
P	大数	dà shù
P	大料	dà liào
P	大方	dà fāng
P	大族	dà zú
P	大早	dà zǎo
P	大明	dà míng
P	大智	dà zhì
P	大暑	dà shǔ
P	大曲	dà qū
P	大月	dà yuè
P	大有	dà yǒu
P	大本	dà běn
P	大权	dà quán
P	大杯	dà bēi
P	大枣	dà zǎo
P	大树	dà shù
P	大校	dà xiào
P	大样	dà yàng
P	大案	dà àn
P	大桥	dà qiáo
P	大梁	dà liáng
P	大楷	dà kǎi
P	大概	dà gài
P	大款	dà kuǎn
P	大殓	dà liàn
P	大殿	dà diàn
P	大毛	dà máo
P	大氅	dà chǎng
P	大气	dà qì
P	大水	dà shuǐ
P	大汉	dà hàn
P	大汗	dà hán
P	大江	dà jiāng
P	大河	dà hé
P	大油	dà yóu
P	大治	dà zhì
P	大法	dà fǎ
P	大波	dà bō
P	大洋	dà yáng
P	大洲	dà zhōu
P	大浪	dà làng
P	大海	dà hǎi
P	大溜	dà liù
P	大漠	dà mò
P	大潮	dà cháo
P	大火	dà huǒ
P	大灶	dà zào
P	大炮	dà pào
P	大烟	dà yān
P	大爷	dà yé
P	大片	dà piàn
P	大牙	dà yá
P	大牢	dà láo
P	大率	dà shuài
P	大王	dà wáng
P	大班	dà bān
P	大理	dà lǐ
P	大田	dà tián
P	大略	dà lüè
P	大病	dà bìng
P	大白	dà bái
P	大盐	dà yán
P	大礼	dà lǐ
P	大神	dà shén
P	大票	dà piào
P	大禹	dà yǔ
P	大秋	dà qiū
P	大站	dà zhàn
P	大端	dà duān
P	大笑	dà xiào
P	大笔	dà bǐ
P	大篆	dà zhuàn
P	大米	dà mǐ
P	大粪	dà fèn
P	大系	dà xì
P	大红	dà hóng
P	大约	dà yuē
P	大纲	dà gāng
P	大统	dà tǒng
P	大群	dà qún
P	大老	dà lǎo
P	大考	dà kǎo
P	大肆	dà sì
P	大肉	dà ròu
P	大肠	dà cháng
P	大胆	dà dǎn
P	大脑	dà nǎo
P	大脚	dà jiǎo
P	大腕	dà wàn
P	大腿	dà tuǐ
P	大臣	dà chén
P	大致	dà zhì
P	大舅	dà jiù
P	大节	dà jié
P	大荔	dà lì
P	大菜	dà cài
P	大葱	dà cōng
P	大蒜	dà suàn
P	大蓟	dà jì
P	大藏	dà zàng
P	大虫	dà chóng
P	大街	dà jiē
P	大衣	dà yī
P	大褂	dà guà
P	大襟	dà jīn
P	大要	dà yào
P	大观	dà guān
P	大角	dà jiǎo
P	大解	dà jiě
P	大计	dà jì
P	大话	dà huà
P	大课	dà kè
P	大调	dà diào
P	大谈	dà tán
P	大豆	dà dòu
P	大象	dà xiàng
P	大败	dà bài
P	大赛	dà sài
P	大赦	dà shè
P	大足	dà zú
P	大路	dà lù
P	大身	dà shēn
P	大车	dà chē
P	大过	dà guò
P	大连	dà lián
P	大逆	dà nì
P	大选	dà xuǎn
P	大通	dà tōng
P	大道	dà dào
P	大邑	dà yì
P	大部	dà bù
P	大都	dà dū
P	大量	dà liàng
P	大钞	dà chāo
P	大钟	dà zhōng
P	大钱	dà qián
P	大错	dà cuò
P	大锣	dà luó
P	大门	dà mén
P	大队	dà duì
P	大陆	dà lù
P	大限	dà xiàn
P	大院	dà yuàn
P	大陵	dà líng
P	大难	dà nàn
P	大雁	dà yàn
P	大雅	dà yǎ
P	大雨	dà yǔ
P	大雪	dà xuě
P	大青	dà qīng
P	大面	dà miàn
P	大项	dà xiàng
P	大顺	dà shùn
P	大风	dà fēng
P	大餐	dà cān
P	大饼	dà bǐng
P	大驾	dà jià
P	大鲵	dà ní
P	大麦	dà mài
P	大麻	dà má
P	大黄	dà huáng
P	大鼓	dà gǔ
P	大龄	dà líng
P	天上	tiān shàng
P	天体	tiān tǐ
P	天冲	tiān chōng
P	天分	tiān fèn
P	天台	tiān tái
P	天呀	tiān yā
P	天和	tiān hé
P	天地	tiān dì
P	天堑	tiān qiàn
P	天头	tiān tóu
P	天女	tiān nǚ
P	天干	tiān gān
P	天底	tiān dǐ
P	天择	tiān zé
P	天数	tiān shù
P	天朝	tiān cháo
P	天条	tiān tiáo
P	天正	tiān zhèng
P	天父	tiān fù
P	天王	tiān wáng
P	天空	tiān kōng
P	天竺	tiān zhú
P	天蛾	tiān é
P	天趣	tiān qù
P	天车	tiān chē
P	天阙	tiān què
P	太冲	tài chòng
P	太和	tài hé
P	太尉	tài wèi
P	太甚	tài shèn
P	太监	tài jiàn
P	太空	tài kōng
P	太过	tài guò
P	太阿	tài ē
P	夫人	fū rén
P	夫君	fū jūn
P	夫妇	fū fù
P	夫妻	fū qī
P	夫婿	fū xù
P	夫子	fū zǐ
P	夫权	fū quán
P	夭亡	yāo wáng
P	夭折	yāo zhé
P	夭矫	yāo jiǎo
P	央行	yāng háng
P	夯实	hāng shí
P	夯歌	hāng gē
P	失传	shī chuán
P	失体	shī tǐ
P	失信	shī xìn
P	失单	shī dān
P	失和	shī hé
P	失地	shī dì
P	失当	shī dàng
P	失据	shī jù
P	失散	shī sàn
P	失着	shī zhāo
P	失禁	shī jìn
P	失约	shī yuē
P	失节	shī jié
P	失落	shī luò
P	失血	shī xuè
P	失语	shī yǔ
P	失调	shī tiáo
P	失贞	shī zhēn
P	失重	shī zhòng
P	失风	shī fēng
P	头人	tóu rén
P	头伏	tóu fú
P	头像	tóu xiàng
P	头儿	tóu er
P	头先	tóu xiān
P	头前	tóu qián
P	头功	tóu gōng
P	头发	tóu fà
P	头号	tóu hào
P	头名	tóu míng
P	头型	tóu xíng
P	头天	tóu tiān
P	头头	tóu tóu
P	头套	tóu tào
P	头子	tóu zi
P	头家	tóu jiā
P	头寸	tóu cùn
P	头尾	tóu wěi
P	头巾	tóu jīn
P	头帕	tóu pà
P	头年	tóu nián
P	头座	tóu zuò
P	头彩	tóu cǎi
P	头昏	tóu hūn
P	头晕	tóu yūn
P	头晚	tóu wǎn
P	头油	tóu yóu
P	头版	tóu bǎn
P	头牌	tóu pái
P	头球	tóu qiú
P	头生	tóu shēng
P	头疼	tóu téng
P	头痛	tóu tòng
P	头癣	tóu xuǎn
P	头皮	tóu pí
P	头盔	tóu kuī
P	头盖	tóu gài
P	头目	tóu mù
P	头等	tóu děng
P	头筹	tóu chóu
P	头绪	tóu xù
P	头绳	tóu shéng
P	头罩	tóu zhào
P	头羊	tóu yáng
P	头胎	tóu tāi
P	头脑	tóu nǎo
P	头脸	tóu liǎn
P	头虱	tóu shī
P	头衔	tóu xián
P	头角	tóu jiǎo
P	头路	tóu lù
P	头里	tóu lǐ
P	头钱	tóu qián
P	头陀	tóu tuó
P	头雁	tóu yàn
P	头面	tóu miàn
P	头顶	tóu dǐng
P	头颅	tóu lú
P	头领	tóu lǐng
P	头颈	tóu jǐng
P	头额	tóu é
P	头饰	tóu shì
P	头马	tóu mǎ
P	头骨	tóu gǔ
P	夸口	kuā kǒu
P	夸嘴	kuā zuǐ
P	夸大	kuā dà
P	夸奖	kuā jiǎng
P	夸张	kuā zhāng
P	夸特	kuā tè
P	夸示	kuā shì
P	夸耀	kuā yào
P	夸脱	kuā tuō
P	夸诞	kuā dàn
P	夸说	kuā shuō
P	夸赞	kuā zàn
P	夸饰	kuā shì
P	夹克	jiá kè
P	夹具	jiā jù
P	夹击	jiā jī
P	夹剪	jiā jiǎn
P	夹墙	jiā qiáng
P	夹子	jiā zi
P	夹层	jiā céng
P	夹峙	jiā zhì
P	夹带	jiā dài
P	夹心	jiā xīn
P	夹批	jiā pī
P	夹持	jiā chí
P	夹攻	jiā gōng
P	夹杂	jiā zá
P	夹板	jiā bǎn
P	夹棍	jiā gùn
P	夹注	jiā zhù
P	夹生	jiā shēng
P	夹紧	jiā jǐn
P	夹缝	jiā fèng
P	夹衣	jiá yī
P	夹袄	jiá ǎo
P	夹被	jiá bèi
P	夹裤	jiá kù
P	夹角	jiā jiǎo
P	夹道	jiā dào
P	夹钳	jiā qián
P	夹馅	jiā xiàn
P	夺冠	duó guàn
P	夺占	duó zhàn
P	夺得	duó de
P	夺杯	duó bēi
P	奄奄	yǎn yǎn
P	奄忽	yǎn hū
P	奄然	yǎn rán
P	奇丽	qí lì
P	奇事	qí shì
P	奇人	qí rén
P	奇伟	qí wěi
P	奇偶	jī ǒu
P	奇兵	qí bīng
P	奇冤	qí yuān
P	奇功	qí gōng
P	奇勋	qí xūn
P	奇妙	qí miào
P	奇峰	qí fēng
P	奇崛	qí jué
P	奇巧	qí qiǎo
P	奇幻	qí huàn
P	奇异	qí yì
P	奇志	qí zhì
P	奇怪	qí guài
P	奇想	qí xiǎng
P	奇才	qí cái
P	奇技	qí jì
P	奇数	jī shù
P	奇文	qí wén
P	奇景	qí jǐng
P	奇案	qí àn
P	奇特	qí tè
P	奇珍	qí zhēn
P	奇祸	qí huò
P	奇秀	qí xiù
P	奇绝	qí jué
P	奇缘	qí yuán
P	奇缺	qí quē
P	奇葩	qí pā
P	奇袭	qí xí
P	奇观	qí guān
P	奇计	qí jì
P	奇诡	qí guǐ
P	奇谈	qí tán
P	奇谋	qí móu
P	奇谲	qí jué
P	奇趣	qí qù
P	奇迹	qí jì
P	奇遇	qí yù
P	奇门	qí mén
P	奇闻	qí wén
P	奇零	jī líng
P	奈何	nài hé
P	奉上	fèng shàng
P	奉为	fèng wéi
P	奉令	fèng lìng
P	奉召	fèng zhào
P	奉节	fèng jié
P	奉行	fèng xíng
P	奉调	fèng diào
P	奉还	fèng huán
P	奋发	fèn fā
P	奋斗	fèn dòu
P	奋臂	fèn bì
P	奎宁	kuí níng
P	奏乐	zòu yuè
P	奏折	zòu zhé
P	契丹	qì dān
P	契卡	qì kǎ
P	契友	qì yǒu
P	契合	qì hé
P	契据	qì jù
P	契机	qì jī
P	契税	qì shuì
P	契约	qì yuē
P	奔丧	bēn sāng
P	奔劳	bēn láo
P	奔命	bèn mìng
P	奔头	bèn tou
P	奔忙	bēn máng
P	奔放	bēn fàng
P	奔波	bēn bō
P	奔泻	bēn xiè
P	奔流	bēn liú
P	奔涌	bēn yǒng
P	奔突	bēn tū
P	奔窜	bēn cuàn
P	奔腾	bēn téng
P	奔袭	bēn xí
P	奔走	bēn zǒu
P	奔赴	bēn fù
P	奔跑	bēn pǎo
P	奔逃	bēn táo
P	奔逐	bēn zhú
P	奔马	bēn mǎ
P	奔驰	bēn chí
P	奔驶	bēn shǐ
P	奖券	jiǎng quàn
P	奖掖	jiǎng yè
P	套头	tào tóu
P	套数	tào shù
P	套曲	tào qǔ
P	套服	tào fú
P	套票	tào piào
P	套种	tào zhòng
P	套简	tào jiǎn
P	套红	tào hóng
P	套结	tào jié
P	套语	tào yǔ
P	套车	tào chē
P	套间	tào jiān
P	奚落	xī luò
P	奠都	diàn dū
P	奢想	shē xiǎng
P	奢糜	shē mí
P	奢谈	shē tán
P	奢靡	shē mí
P	奥义	ào yì
P	奥兰	ào lán
P	奥博	ào bó
P	奥妙	ào miào
P	奥援	ào yuán
P	奥旨	ào zhǐ
P	奥秘	ào mì
P	女人	nǚ rén
P	女仆	nǚ pú
P	女优	nǚ yōu
P	女伴	nǚ bàn
P	女伶	nǚ líng
P	女侍	nǚ shì
P	女儿	nǚ ér
P	女兵	nǚ bīng
P	女史	nǚ shǐ
P	女墙	nǚ qiáng
P	女士	nǚ shì
P	女声	nǚ shēng
P	女奴	nǚ nú
P	女妖	nǚ yāo
P	女娲	nǚ wā
P	女婿	nǚ xù
P	女子	nǚ zǐ
P	女孩	nǚ hái
P	女家	nǚ jiā
P	女宾	nǚ bīn
P	女将	nǚ jiàng
P	女尸	nǚ shī
P	女工	nǚ gōng
P	女巫	nǚ wū
P	女式	nǚ shì
P	女弟	nǚ dì
P	女性	nǚ xìng
P	女方	nǚ fāng
P	女权	nǚ quán
P	女校	nǚ xiào
P	女气	nǚ qì
P	女流	nǚ liú
P	女王	nǚ wáng
P	女生	nǚ shēng
P	女皇	nǚ huáng
P	女监	nǚ jiān
P	女相	nǚ xiàng
P	女真	nǚ zhēn
P	女眷	nǚ juàn
P	女神	nǚ shén
P	女童	nǚ tóng
P	女篮	nǚ lán
P	女红	nǚ gōng
P	女色	nǚ sè
P	女装	nǚ zhuāng
P	女裤	nǚ kù
P	女角	nǚ jué
P	女贞	nǚ zhēn
P	女足	nǚ zú
P	女车	nǚ chē
P	女郎	nǚ láng
P	奴仆	nú pú
P	奴化	nú huà
P	奴家	nú jiā
P	奴隶	nú lì
P	奶头	nǎi tóu
P	奶糖	nǎi táng
P	奶羊	nǎi yáng
P	奸夫	jiān fū
P	奸恶	jiān è
P	奸邪	jiān xié
P	她们	tā men
P	好不	hǎo bù
P	好丑	hǎo chǒu
P	好久	hǎo jiǔ
P	好书	hǎo shū
P	好事	hǎo shì
P	好些	hǎo xiē
P	好人	hǎo rén
P	好似	hǎo sì
P	好像	hǎo xiàng
P	好儿	hǎo ér
P	好办	hǎo bàn
P	好动	hào dòng
P	好受	hǎo shòu
P	好古	hào gǔ
P	好吃	hǎo chī
P	好吧	hǎo ba
P	好听	hǎo tīng
P	好在	hǎo zài
P	好处	hǎo chù
P	好多	hǎo duō
P	好头	hǎo tóu
P	好奇	hào qí
P	好好	hǎo hǎo
P	好学	hào xué
P	好客	hào kè
P	好尚	hào shàng
P	好强	hǎo qiáng
P	好心	hǎo xīn
P	好恶	hào wù
P	好惹	hǎo rě
P	好意	hǎo yì
P	好感	hǎo gǎn
P	好懂	hǎo dǒng
P	好戏	hǎo xì
P	好战	hào zhàn
P	好手	hǎo shǒu
P	好找	hǎo zhǎo
P	好斗	hào dòu
P	好景	hǎo jǐng
P	好歹	hǎo dǎi
P	好比	hǎo bǐ
P	好气	hǎo qì
P	好汉	hǎo hàn
P	好玩	hǎo wán
P	好生	hǎo shēng
P	好看	hǎo kàn
P	好笑	hǎo xiào
P	好累	hǎo lèi
P	好胜	hào shèng
P	好脸	hǎo liǎn
P	好色	hào sè
P	好言	hǎo yán
P	好评	hǎo píng
P	好话	hǎo huà
P	好说	hǎo shuō
P	好象	hǎo xiàng
P	好赖	hǎo lài
P	好走	hǎo zǒu
P	好转	hǎo zhuǎn
P	好辩	hǎo biàn
P	好过	hǎo guò
P	好运	hǎo yùn
P	好酒	hǎo jiǔ
P	好问	hǎo wèn
P	好闻	hǎo wén
P	如上	rú shàng
P	如何	rú hé
P	如其	rú qí
P	如同	rú tóng
P	如弟	rú dì
P	如数	rú shù
P	如期	rú qī
P	如约	rú yuē
P	如若	rú ruò
P	如许	rú xǔ
P	妃嫔	fēi pín
P	妃子	fēi zǐ
P	妄为	wàng wéi
P	妄加	wàng jiā
P	妄称	wàng chēng
P	妄语	wàng yǔ
P	妄说	wàng shuō
P	妇产	fù chǎn
P	妇女	fù nǚ
P	妇婴	fù yīng
P	妇弟	fù dì
P	妍丽	yán lì
P	妓女	jì nǚ
P	妖女	yāo nǚ
P	妖娆	yāo ráo
P	妖术	yāo shù
P	妖风	yāo fēng
P	妗子	jìn zi
P	妙句	miào jù
P	妙处	miào chù
P	妙着	miào zhāo
P	妙论	miào lùn
P	妙语	miào yǔ
P	妙趣	miào qù
P	妞儿	niū er
P	妞子	niū zi
P	妥帖	tuǒ tiē
P	妥当	tuǒ dàng
P	妨事	fáng shì
P	妯娌	zhóu lǐ
P	妹夫	mèi fū
P	妻儿	qī ér
P	妻子	qī zǐ
P	妻孥	qī nú
P	妻室	qī shì
P	妻小	qī xiǎo
P	妻弟	qī dì
P	妻舅	qī jiù
P	姊夫	zǐ fū
P	始创	shǐ chuàng
P	姐夫	jiě fū
P	姑且	gū qiě
P	姑夫	gū fū
P	姑洗	gū xǐ
P	姑父	gū fù
P	姑苏	gū sū
P	姓仇	xìng qiú
P	姓任	xìng rén
P	姓冠	xìng guàn
P	姓干	xìng gān
P	姓氏	xìng shì
P	姓解	xìng xiè
P	委以	wěi yǐ
P	委任	wěi rèn
P	委员	wěi yuán
P	委培	wěi péi
P	委婉	wěi wǎn
P	委实	wěi shí
P	委屈	wěi qū
P	委托	wěi tuō
P	委曲	wěi qū
P	委派	wěi pài
P	委琐	wěi suǒ
P	委罪	wěi zuì
P	委蛇	wēi yí
P	委身	wěi shēn
P	委靡	wěi mǐ
P	委顿	wěi dùn
P	姗姗	shān shān
P	姘夫	pīn fū
P	姘头	pīn tou
P	姜汤	jiāng tāng
P	姣丽	jiāo lì
P	姣好	jiāo hǎo
P	姣美	jiāo měi
P	姥姥	lǎo lao
P	姨夫	yí fū
P	姨父	yí fù
P	姻亲	yīn qīn
P	威信	wēi xìn
P	威吓	wēi hè
P	威迫	wēi pò
P	威风	wēi fēng
P	娇好	jiāo hǎo
P	娇妻	jiāo qī
P	娇娆	jiāo ráo
P	娇纵	jiāo zòng
P	娘亲	niáng qīn
P	娘子	niáng zǐ
P	娘家	niáng jiā
P	娱乐	yú lè
P	婀娜	ē nuó
P	婆婆	pó po
P	婉劝	wǎn quàn
P	婉谢	wǎn xiè
P	婊子	biǎo zi
P	婚丧	hūn sàng
P	婚俗	hūn sú
P	婚假	hūn jià
P	婚检	hūn jiǎn
P	婚育	hūn yù
P	婚龄	hūn líng
P	婢女	bì nǚ
P	婵媛	chán yuán
P	婶儿	shěn er
P	媒体	méi tǐ
P	媒合	méi hé
P	媚骨	mèi gǔ
P	媾合	gòu hé
P	媾和	gòu hé
P	嫂子	sǎo zi
P	嫌恶	xián wù
P	嫌烦	xián fán
P	嫌疑	xián yí
P	嫔妃	pín fēi
P	嫖妓	piáo jì
P	嫖娼	piáo chāng
P	嫖客	piáo kè
P	嫖宿	piáo sù
P	嫚子	mān zi
P	嫡亲	dí qīn
P	嫡传	dí chuán
P	嫡子	dí zǐ
P	嫡孙	dí sūn
P	嫡系	dí xì
P	嫣红	yān hóng
P	嫩弱	nèn ruò
P	嫩枝	nèn zhī
P	嫩滑	nèn huá
P	嫩白	nèn bái
P	嫩红	nèn hóng
P	嫩绿	nèn lǜ
P	嬉戏	xī xì
P	子句	zǐ jù
P	子叶	zǐ yè
P	子囊	zǐ náng
P	子女	zǐ nǚ
P	子孙	zǐ sūn
P	子弟	zǐ dì
P	子弹	zǐ dàn
P	子畜	zǐ chù
P	孔教	kǒng jiào
P	孔雀	kǒng què
P	孕吐	yùn tù
P	孕期	yùn qī
P	字体	zì tǐ
P	字句	zì jù
P	字号	zì hào
P	字帖	zì tiè
P	字库	zì kù
P	字据	zì jù
P	字数	zì shù
P	字条	zì tiáo
P	字模	zì mú
P	字节	zì jié
P	字调	zì diào
P	存世	cún shì
P	存亡	cún wáng
P	存储	cún chǔ
P	存单	cún dān
P	存底	cún dǐ
P	存折	cún zhé
P	存期	cún qī
P	存查	cún chá
P	存疑	cún yí
P	存车	cún chē
P	存食	cún shí
P	孙儿	sūn ér
P	孙吴	sūn wú
P	孙女	sūn nǚ
P	孙子	sūn zi
P	孝女	xiào nǚ
P	孝弟	xiào dì
P	孝服	xiào fú
P	孝行	xiào xíng
P	孢子	bāo zǐ
P	季度	jì dù
P	季父	jì fù
P	季节	jì jié
P	季风	jì fēng
P	孤单	gū dān
P	孤女	gū nǚ
P	孤峰	gū fēng
P	孤行	gū xíng
P	学会	xué huì
P	学分	xué fēn
P	学区	xué qū
P	学员	xué yuán
P	学好	xué hǎo
P	学子	xué zǐ
P	学成	xué chéng
P	学期	xué qī
P	学术	xué shù
P	学校	xué xiào
P	学棍	xué gùn
P	学监	xué jiān
P	学社	xué shè
P	学系	xué xì
P	学识	xué shí
P	学说	xué shuō
P	学长	xué zhǎng
P	学风	xué fēng
P	孩子	hái zi
P	孩提	hái tí
P	孬种	nāo zhǒng
P	孱弱	chán ruò
P	孵化	fū huà
P	孽种	niè zhǒng
P	宁南	níng nán
P	宁可	nìng kě
P	宁安	níng ān
P	宁帖	níng tiē
P	宁愿	nìng yuàn
P	宁日	níng rì
P	宁肯	nìng kěn
P	宁谧	níng mì
P	宁靖	níng jìng
P	宁静	níng jìng
P	宅地	zhái dì
P	宅邸	zhái dǐ
P	宇内	yǔ nèi
P	守丧	shǒu sāng
P	守信	shǒu xìn
P	守分	shǒu fèn
P	守墓	shǒu mù
P	守将	shǒu jiàng
P	守擂	shǒu léi
P	守约	shǒu yuē
P	守节	shǒu jié
P	守车	shǒu chē
P	安上	ān shàng
P	安乐	ān lè
P	安分	ān fèn
P	安好	ān hǎo
P	安宁	ān níng
P	安家	ān jiā
P	安度	ān dù
P	安打	ān dǎ
P	安拉	ān lā
P	安排	ān pái
P	安详	ān xiáng
P	宋朝	sòng cháo
P	完了	wán le
P	完好	wán hǎo
P	完结	wán jié
P	完胜	wán shèng
P	完败	wán bài
P	宏丽	hóng lì
P	宏大	hóng dà
P	宏观	hóng guān
P	宏论	hóng lùn
P	宏远	hóng yuǎn
P	宏量	hóng liàng
P	宗亲	zōng qīn
P	宗仰	zōng yǎng
P	宗教	zōng jiào
P	官了	guān le
P	官价	guān jià
P	官倒	guān dǎo
P	官员	guān yuán
P	官地	guān dì
P	官场	guān chǎng
P	官家	guān jiā
P	官差	guān chāi
P	官服	guān fú
P	官校	guān xiào
P	官称	guān chēng
P	官能	guān néng
P	官长	guān zhǎng
P	官风	guān fēng
P	定产	dìng chǎn
P	定亲	dìng qīn
P	定价	dìng jià
P	定单	dìng dān
P	定员	dìng yuán
P	定当	dìng dàng
P	定数	dìng shù
P	定期	dìng qī
P	定见	dìng jiàn
P	定论	dìng lùn
P	定语	dìng yǔ
P	定说	dìng shuō
P	定调	dìng diào
P	定远	dìng yuǎn
P	定都	dìng dū
P	定量	dìng liàng
P	定项	dìng xiàng
P	宛似	wǎn sì
P	宛如	wǎn rú
P	宛然	wǎn rán
P	宛若	wǎn ruò
P	宛转	wǎn zhuǎn
P	宝刹	bǎo chà
P	宝号	bǎo hào
P	宝地	bǎo dì
P	宝坻	bǎo dǐ
P	宝应	bǎo yìng
P	宝石	bǎo shí
P	宝藏	bǎo zàng
P	实价	shí jià
P	实体	shí tǐ
P	实地	shí dì
P	实处	shí chù
P	实干	shí gàn
P	实弹	shí dàn
P	实据	shí jù
P	实数	shí shù
P	实景	shí jǐng
P	实有	shí yǒu
P	实相	shí xiàng
P	实落	shí luò
P	实行	shí xíng
P	实说	shí shuō
P	宠信	chǒng xìn
P	审处	shěn chǔ
P	审干	shěn gàn
P	审度	shěn duó
P	审查	shěn chá
P	审校	shěn jiào
P	审核	shěn hé
P	审看	shěn kàn
P	审稿	shěn gǎo
P	审结	shěn jié
P	审评	shěn píng
P	审读	shěn dú
P	审题	shěn tí
P	客体	kè tǐ
P	客家	kè jiā
P	客票	kè piào
P	客观	kè guān
P	客车	kè chē
P	宣传	xuān chuán
P	宣化	xuān huà
P	宣召	xuān zhào
P	宣教	xuān jiào
P	宣泄	xuān xiè
P	宣称	xuān chēng
P	宣读	xuān dú
P	室内	shì nèi
P	室女	shì nǚ
P	宫女	gōng nǚ
P	宫扇	gōng shàn
P	宫掖	gōng yè
P	宫禁	gōng jìn
P	宫调	gōng diào
P	宫阉	gōng yān
P	宫阙	gōng què
P	宫颈	gōng jǐng
P	宰相	zǎi xiàng
P	害处	hài chù
P	害臊	hài sào
P	宴乐	yàn lè
P	宴会	yàn huì
P	宵旰	xiāo gàn
P	宵禁	xiāo jìn
P	家丁	jiā dīng
P	家丑	jiā chǒu
P	家世	jiā shì
P	家业	jiā yè
P	家严	jiā yán
P	家乡	jiā xiāng
P	家书	jiā shū
P	家事	jiā shì
P	家产	jiā chǎn
P	家人	jiā rén
P	家什	jiā shí
P	家仆	jiā pú
P	家仇	jiā chóu
P	家伙	jiā huo
P	家传	jiā chuán
P	家信	jiā xìn
P	家俱	jiā jù
P	家兄	jiā xiōng
P	家兔	jiā tù
P	家具	jiā jù
P	家养	jiā yǎng
P	家务	jiā wù
P	家口	jiā kǒu
P	家史	jiā shǐ
P	家园	jiā yuán
P	家塾	jiā shú
P	家境	jiā jìng
P	家奴	jiā nú
P	家姊	jiā zǐ
P	家姑	jiā gū
P	家学	jiā xué
P	家宅	jiā zhái
P	家室	jiā shì
P	家宴	jiā yàn
P	家家	jiā jiā
P	家将	jiā jiàng
P	家小	jiā xiǎo
P	家居	jiā jū
P	家属	jiā shǔ
P	家常	jiā cháng
P	家底	jiā dǐ
P	家庭	jiā tíng
P	家弟	jiā dì
P	家当	jiā dàng
P	家慈	jiā cí
P	家政	jiā zhèng
P	家教	jiā jiào
P	家族	jiā zú
P	家景	jiā jǐng
P	家母	jiā mǔ
P	家法	jiā fǎ
P	家燕	jiā yàn
P	家父	jiā fù
P	家珍	jiā zhēn
P	家用	jiā yòng
P	家电	jiā diàn
P	家畜	jiā chù
P	家眷	jiā juàn
P	家祠	jiā cí
P	家祭	jiā jì
P	家禽	jiā qín
P	家私	jiā sī
P	家种	jiā zhòng
P	家童	jiā tóng
P	家系	jiā xì
P	家累	jiā lěi
P	家翁	jiā wēng
P	家臣	jiā chén
P	家蚕	jiā cán
P	家蝇	jiā yíng
P	家规	jiā guī
P	家计	jiā jì
P	家训	jiā xùn
P	家访	jiā fǎng
P	家谱	jiā pǔ
P	家财	jiā cái
P	家贼	jiā zéi
P	家资	jiā zī
P	家道	jiā dào
P	家酿	jiā niàng
P	家里	jiā lǐ
P	家长	jiā zhǎng
P	家门	jiā mén
P	家院	jiā yuàn
P	家雀	jiā qiǎo
P	家风	jiā fēng
P	家鸡	jiā jī
P	家鸽	jiā gē
P	家鼠	jiā shǔ
P	容许	róng xǔ
P	容量	róng liàng
P	宽体	kuān tǐ
P	宽假	kuān jiǎ
P	宽和	kuān hé
P	宽大	kuān dà
P	宽幅	kuān fú
P	宽广	kuān guǎng
P	宽度	kuān dù
P	宽待	kuān dài
P	宽绰	kuān chuò
P	宽解	kuān jiě
P	宾从	bīn cóng
P	宾服	bīn fú
P	宿将	sù jiàng
P	宿舍	sù shè
P	寄赠	jì zèng
P	密发	mì fà
P	密级	mì jí
P	密语	mì yǔ
P	富丽	fù lì
P	富家	fù jiā
P	富强	fù qiáng
P	富有	fù yǒu
P	富贾	fù gǔ
P	寒伧	hán chen
P	寒假	hán jià
P	寒凉	hán liáng
P	寒号	hán hào
P	寒症	hán zhèng
P	寒碜	hán chěn
P	寒舍	hán shè
P	寒露	hán lù
P	寒颤	hán zhàn
P	寒风	hán fēng
P	寒食	hán shí
P	寓于	yù yú
P	寝车	qǐn chē
P	寝食	qǐn shí
P	察看	chá kàn
P	察觉	chá jué
P	寡合	guǎ hé
P	寡头	guǎ tóu
P	寡妻	guǎ qī
P	寥落	liáo luò
P	寸头	cùn tóu
P	寸楷	cùn kǎi
P	对内	duì nèi
P	对劲	duì jìn
P	对号	duì hào
P	对头	duì tóu
P	对家	duì jiā
P	对峙	duì zhì
P	对应	duì yìng
P	对待	duì dài
P	对打	duì dǎ
P	对折	duì zhé
P	对数	duì shù
P	对症	duì zhèng
P	对称	duì chèn
P	对答	duì dá
P	对簿	duì bù
P	对角	duì jiǎo
P	对译	duì yì
P	对调	duì diào
P	对过	duì guò
P	对饮	duì yǐn
P	对齐	duì qí
P	寺观	sì guàn
P	寻亲	xún qīn
P	寻呼	xún hū
P	寻思	xín sī
P	寻见	xún jiàn
P	寻踪	xún zōng
P	导体	dǎo tǐ
P	导弹	dǎo dàn
P	导流	dǎo liú
P	导论	dǎo lùn
P	导诊	dǎo zhěn
P	导语	dǎo yǔ
P	导读	dǎo dú
P	寿屏	shòu píng
P	寿数	shòu shù
P	封号	fēng hào
P	封地	fēng dì
P	封底	fēng dǐ
P	封条	fēng tiáo
P	封泥	fēng ní
P	封港	fēng gǎng
P	封王	fēng wáng
P	封疆	fēng jiāng
P	封禁	fēng jìn
P	封禅	fēng shàn
P	封笔	fēng bǐ
P	封航	fēng háng
P	射入	shè rù
P	射击	shè jī
P	射干	yè gàn
P	射影	shè yǐng
P	射手	shè shǒu
P	射杀	shè shā
P	射流	shè liú
P	射猎	shè liè
P	射界	shè jiè
P	射程	shè chéng
P	射箭	shè jiàn
P	射精	shè jīng
P	射线	shè xiàn
P	射门	shè mén
P	射频	shè pín
P	将令	jiàng lìng
P	将兵	jiàng bīng
P	将养	jiāng yǎng
P	将军	jiāng jūn
P	将士	jiàng shì
P	将官	jiàng guān
P	将将	qiāng qiāng
P	将尉	jiàng wèi
P	将就	jiāng jiù
P	将帅	jiàng shuài
P	将息	jiāng xī
P	将才	jiàng cái
P	将来	jiāng lái
P	将校	jiàng xiào
P	将次	jiāng cì
P	将相	jiàng xiàng
P	将要	jiāng yào
P	将近	jiāng jìn
P	将门	jiàng mén
P	将领	jiàng lǐng
P	尉官	wèi guān
P	尉犁	yù lí
P	尉迟	yù chí
P	尊口	zūn kǒu
P	小乘	xiǎo chéng
P	小令	xiǎo lìng
P	小件	xiǎo jiàn
P	小传	xiǎo zhuàn
P	小体	xiǎo tǐ
P	小便	xiǎo biàn
P	小别	xiǎo bié
P	小区	xiǎo qū
P	小卒	xiǎo zú
P	小可	xiǎo kě
P	小号	xiǎo hào
P	小头	xiǎo tóu
P	小女	xiǎo nǚ
P	小将	xiǎo jiàng
P	小弟	xiǎo dì
P	小戏	xiǎo xì
P	小教	xiǎo jiào
P	小数	xiǎo shù
P	小曲	xiǎo qǔ
P	小枝	xiǎo zhī
P	小楷	xiǎo kǎi
P	小炒	xiǎo chǎo
P	小王	xiǎo wáng
P	小看	xiǎo kàn
P	小结	xiǎo jié
P	小节	xiǎo jié
P	小觑	xiǎo qù
P	小角	xiǎo jiǎo
P	小解	xiǎo jiě
P	小说	xiǎo shuō
P	小调	xiǎo diào
P	小跑	xiǎo pǎo
P	小车	xiǎo chē
P	小过	xiǎo guò
P	小量	xiǎo liàng
P	小雨	xiǎo yǔ
P	小食	xiǎo shí
P	少于	shǎo yú
P	少儿	shào ér
P	少刻	shǎo kè
P	少商	shào shāng
P	少壮	shào zhuàng
P	少女	shào nǚ
P	少妇	shào fù
P	少子	shǎo zǐ
P	少将	shào jiàng
P	少尉	shào wèi
P	少小	shào xiǎo
P	少少	shǎo shǎo
P	少帅	shào shuài
P	少年	shào nián
P	少府	shào fǔ
P	少待	shǎo dài
P	少数	shǎo shù
P	少时	shǎo shí
P	少有	shǎo yǒu
P	少林	shào lín
P	少校	shào xiào
P	少海	shǎo hǎi
P	少爷	shào yé
P	少男	shào nán
P	少相	shào xiāng
P	少礼	shǎo lǐ
P	少见	shǎo jiàn
P	少许	shǎo xǔ
P	少说	shǎo shuō
P	少量	shǎo liàng
P	少陪	shǎo péi
P	少顷	shǎo qǐng
P	尖削	jiān xiāo
P	尖头	jiān tóu
P	尘沙	chén shā
P	尘芥	chén jiè
P	尚且	shàng qiě
P	尚可	shàng kě
P	尚好	shàng hǎo
P	尚待	shàng dài
P	尝鲜	cháng xiān
P	尤其	yóu qí
P	尤甚	yóu shèn
P	就任	jiù rèn
P	就便	jiù biàn
P	就合	jiù hé
P	就地	jiù dì
P	就教	jiù jiào
P	就正	jiù zhèng
P	就要	jiù yào
P	就食	jiù shí
P	尸体	shī tǐ
P	尸骨	shī gǔ
P	尺头	chǐ tou
P	尺子	chǐ zi
P	尺寸	chǐ cùn
P	尺幅	chǐ fú
P	尺度	chǐ dù
P	尺泽	chǐ zé
P	尺牍	chǐ dú
P	尺码	chǐ mǎ
P	尺蠖	chǐ huò
P	尺骨	chǐ gǔ
P	尼采	ní cǎi
P	尽先	jǐn xiān
P	尽兴	jìn xìng
P	尽力	jìn lì
P	尽头	jìn tóu
P	尽孝	jìn xiào
P	尽心	jìn xīn
P	尽忠	jìn zhōng
P	尽快	jǐn kuài
P	尽性	jìn xìng
P	尽情	jìn qíng
P	尽意	jìn yì
P	尽数	jìn shù
P	尽早	jǐn zǎo
P	尽是	jìn shì
P	尽显	jìn xiǎn
P	尽欢	jìn huān
P	尽然	jìn rán
P	尽瘁	jìn cuì
P	尽着	jìn zhe
P	尽管	jǐn guǎn
P	尽职	jìn zhí
P	尽自	jǐn zì
P	尽致	jìn zhì
P	尽让	jǐn ràng
P	尽责	jìn zé
P	尽量	jǐn liàng
P	尾声	wěi shēng
P	尾巴	wěi ba
P	尾数	wěi shù
P	尾欠	wěi qiàn
P	尾气	wěi qì
P	尾灯	wěi dēng
P	尾矿	wěi kuàng
P	尾羽	wěi yǔ
P	尾翼	wěi yì
P	尾花	wěi huā
P	尾蚴	wěi yòu
P	尾追	wěi zhuī
P	尾部	wěi bù
P	尾随	wěi suí
P	尾音	wěi yīn
P	尾骨	wěi gǔ
P	尿壶	niào hú
P	尿布	niào bù
P	尿床	niào chuáng
P	尿泡	suī pào
P	尿炕	niào kàng
P	尿盆	niào pén
P	尿素	niào sù
P	尿肥	niào féi
P	尿脬	suī pāo
P	尿血	niào xiě
P	尿道	niào dào
P	尿酸	niào suān
P	尿闭	niào bì
P	尿频	niào pín
P	局度	jú dù
P	局量	jú liàng
P	局长	jú zhǎng
P	层林	céng lín
P	居丧	jū sāng
P	居中	jū zhōng
P	居于	jū yú
P	居处	jū chǔ
P	居奇	jū qí
P	居家	jū jiā
P	居间	jū jiān
P	屈从	qū cóng
P	屈强	qū qiáng
P	屈折	qū shé
P	屈曲	qū qǔ
P	屈服	qū fú
P	屈节	qū jié
P	届期	jiè qī
P	屋子	wū zi
P	屏住	bǐng zhù
P	屏山	píng shān
P	屏幕	píng mù
P	屏弃	bǐng qì
P	屏息	bǐng xī
P	屏条	píng tiáo
P	屏气	bǐng qì
P	屏蔽	píng bì
P	屏藩	píng fān
P	屏迹	bǐng jì
P	屏退	bǐng tuì
P	屏门	píng mén
P	屏除	bǐng chú
P	屏障	píng zhàng
P	屏风	píng fēng
P	屑子	xiè zi
P	展区	zhǎn qū
P	展卖	zhǎn mài
P	展厅	zhǎn tīng
P	展地	zhǎn dì
P	展映	zhǎn yìng
P	展期	zhǎn qī
P	展柜	zhǎn guì
P	展读	zhǎn dú
P	展转	zhǎn zhuǎn
P	屙尿	ē niào
P	属意	zhǔ yì
P	属文	zhǔ wén
P	属望	zhǔ wàng
P	履约	lǚ yuē
P	履行	lǚ xíng
P	屯兵	tún bīng
P	屯垦	tún kěn
P	屯子	tún zi
P	屯守	tún shǒu
P	屯扎	tún zhā
P	屯田	tún tián
P	屯留	tún liú
P	屯积	tún jī
P	屯粮	tún liáng
P	屯聚	tún jù
P	屯落	tún luò
P	屯集	tún jí
P	屯驻	tún zhù
P	山体	shān tǐ
P	山凹	shān āo
P	山区	shān qū
P	山地	shān dì
P	山头	shān tóu
P	山岭	shān lǐng
P	山景	shān jǐng
P	山楂	shān zhā
P	山炮	shān pào
P	山猫	shān māo
P	山石	shān shí
P	山系	shān xì
P	山羊	shān yáng
P	山脉	shān mài
P	山雀	shān què
P	山风	shān fēng
P	山龟	shān guī
P	岁初	suì chū
P	岁尾	suì wěi
P	岁差	suì chà
P	岁数	suì shù
P	岂不	qǐ bù
P	岂但	qǐ dàn
P	岂可	qǐ kě
P	岂敢	qǐ gǎn
P	岂止	qǐ zhǐ
P	岂知	qǐ zhī
P	岂肯	qǐ kěn
P	岂能	qǐ néng
P	岂非	qǐ fēi
P	岔子	chà zi
P	岗卡	gǎng kǎ
P	岗地	gǎng dì
P	岩浆	yán jiāng
P	岩石	yán shí
P	岩羊	yán yáng
P	岩芯	yán xìn
P	岬角	jiǎ jiǎo
P	岭南	lǐng nán
P	岳家	yuè jiā
P	岳父	yuè fù
P	峙立	zhì lì
P	峻岭	jùn lǐng
P	崩坏	bēng huài
P	崩溃	bēng kuì
P	崩裂	bēng liè
P	崩解	bēng jiě
P	嵌入	qiàn rù
P	嵌合	qiàn hé
P	嵌镶	qiàn xiāng
P	州长	zhōu zhǎng
P	巡屉	xún tì
P	巡更	xún gēng
P	巡查	xún chá
P	巡行	xún xíng
P	巡风	xún fēng
P	工价	gōng jià
P	工休	gōng xiū
P	工会	gōng huì
P	工分	gōng fēn
P	工区	gōng qū
P	工厂	gōng chǎng
P	工地	gōng dì
P	工场	gōng chǎng
P	工夫	gōng fu
P	工头	gōng tóu
P	工尺	gōng chě
P	工期	gōng qī
P	工楷	gōng kǎi
P	工种	gōng zhǒng
P	工行	gōng háng
P	工读	gōng dú
P	工贸	gōng mào
P	工长	gōng zhǎng
P	工间	gōng jiān
P	左传	zuǒ zhuàn
P	左侧	zuǒ cè
P	左券	zuǒ quàn
P	左转	zuǒ zhuǎn
P	巧劲	qiǎo jìn
P	巧取	qiǎo qǔ
P	巧合	qiǎo hé
P	巧夺	qiǎo duó
P	巧干	qiǎo gàn
P	巧思	qiǎo sī
P	巨大	jù dà
P	巨头	jù tóu
P	巨奖	jù jiǎng
P	巨擘	jù bò
P	巨浪	jù làng
P	巨著	jù zhù
P	巨贾	jù gǔ
P	巨量	jù liàng
P	巨阙	jù quē
P	巫女	wū nǚ
P	巫术	wū shù
P	差事	chāi shì
P	差价	chā jià
P	差使	chāi shǐ
P	差值	chā zhí
P	差分	chā fēn
P	差别	chā bié
P	差动	chā dòng
P	差劲	chà jìn
P	差可	chā kě
P	差失	chà shī
P	差官	chà guān
P	差异	chā yì
P	差役	chāi yì
P	差拨	chāi bō
P	差数	chā shù
P	差池	chā chí
P	差点	chà diǎn
P	差等	chà děng
P	差缺	chāi quē
P	差误	chà wù
P	差距	chā jù
P	差遣	chāi qiǎn
P	差错	chā cuò
P	差额	chā é
P	差饷	chāi xiǎng
P	己任	jǐ rèn
P	己见	jǐ jiàn
P	已极	yǐ jí
P	巴结	bā jié
P	巷口	xiàng kǒu
P	巷子	xiàng zi
P	巷战	xiàng zhàn
P	巷道	hàng dào
P	巷陌	xiàng mò
P	市价	shì jià
P	市区	shì qū
P	市场	shì chǎng
P	市尺	shì chǐ
P	市花	shì huā
P	市话	shì huà
P	市长	shì zhǎng
P	布丁	bù dīng
P	布头	bù tóu
P	布景	bù jǐng
P	布票	bù piào
P	布面	bù miàn
P	帅印	shuài yìn
P	帅旗	shuài qí
P	师传	shī chuán
P	师伯	shī bó
P	师哥	shī gē
P	师弟	shī dì
P	师父	shī fù
P	师长	shī zhǎng
P	希奇	xī qí
P	希有	xī yǒu
P	希腊	xī là
P	帐单	zhàng dān
P	帐簿	zhàng bù
P	帖子	tiě zi
P	帖服	tiē fú
P	帘子	lián zi
P	帝号	dì hào
P	帝王	dì wáng
P	帝都	dì dū
P	带劲	dài jìn
P	带头	dài tóu
P	带状	dài zhuàng
P	带累	dài lěi
P	带脉	dài mài
P	带菌	dài jūn
P	带话	dài huà
P	带钢	dài gāng
P	席卷	xí juǎn
P	席地	xí dì
P	席棚	xí péng
P	席间	xí jiān
P	帮会	bāng huì
P	帮佣	bāng yōng
P	帮助	bāng zhù
P	帮同	bāng tóng
P	帮困	bāng kùn
P	帮教	bāng jiào
P	常压	cháng yā
P	常服	cháng fú
P	帽子	mào zi
P	幂数	mì shù
P	幅员	fú yuán
P	幅宽	fú kuān
P	幅度	fú dù
P	幌子	huǎng zi
P	幔子	màn zi
P	幛子	zhàng zi
P	幢幢	chuáng chuáng
P	干么	gàn me
P	干事	gàn shì
P	干亲	gān qīn
P	干仗	gàn zhàng
P	干儿	gān ér
P	干冰	gān bīng
P	干冷	gān lěng
P	干净	gān jìng
P	干劲	gàn jìn
P	干号	gān háo
P	干吗	gàn má
P	干呕	gān ǒu
P	干员	gàn yuán
P	干咳	gān ké
P	干哕	gān yuě
P	干哭	gān kū
P	干啥	gàn shá
P	干嘛	gàn má
P	干嚎	gān háo
P	干城	gān chéng
P	干姜	gān jiāng
P	干娘	gān niáng
P	干将	gàn jiàng
P	干尸	gān shī
P	干巴	gān ba
P	干干	gàn gàn
P	干急	gān jí
P	干戈	gān gē
P	干才	gàn cái
P	干扰	gān rǎo
P	干掉	gàn diào
P	干支	gān zhī
P	干政	gān zhèng
P	干旱	gān hàn
P	干杯	gān bēi
P	干松	gān sōng
P	干果	gān guǒ
P	干枯	gān kū
P	干架	gàn jià
P	干柴	gān chái
P	干校	gàn xiào
P	干洗	gān xǐ
P	干活	gàn huó
P	干流	gàn liú
P	干涉	gān shè
P	干涩	gān sè
P	干涸	gān hé
P	干渠	gàn qú
P	干渴	gān kě
P	干点	gān diǎn
P	干燥	gān zào
P	干爸	gān bà
P	干爹	gān diē
P	干爽	gān shuǎng
P	干犯	gān fàn
P	干瘦	gān shòu
P	干瘪	gān biě
P	干白	gān bái
P	干硬	gān yìng
P	干碍	gān ài
P	干笑	gān xiào
P	干粉	gān fěn
P	干粮	gān liáng
P	干系	gān xì
P	干线	gàn xiàn
P	干练	gàn liàn
P	干结	gān jié
P	干股	gān gǔ
P	干脆	gān cuì
P	干花	gān huā
P	干草	gān cǎo
P	干菜	gān cài
P	干薪	gān xīn
P	干裂	gān liè
P	干警	gàn jǐng
P	干谒	gān yè
P	干贝	gān bèi
P	干货	gān huò
P	干路	gàn lù
P	干连	gān lián
P	干道	gàn dào
P	干部	gàn bù
P	干酪	gān lào
P	干预	gān yù
P	干饭	gān fàn
P	干馏	gān liú
P	平乐	píng lè
P	平价	píng jià
P	平信	píng xìn
P	平分	píng fēn
P	平台	píng tái
P	平和	píng hé
P	平地	píng dì
P	平头	píng tóu
P	平峒	píng dòng
P	平巷	píng hàng
P	平度	píng dù
P	平服	píng fú
P	平正	píng zhèng
P	平空	píng kōng
P	平行	píng xíng
P	平角	píng jiǎo
P	平调	píng diào
P	平远	píng yuǎn
P	平铺	píng pū
P	年中	nián zhōng
P	年份	nián fèn
P	年会	nián huì
P	年假	nián jià
P	年分	nián fèn
P	年华	nián huá
P	年号	nián hào
P	年头	nián tóu
P	年少	nián shào
P	年尾	nián wěi
P	年届	nián jiè
P	年底	nián dǐ
P	年度	nián dù
P	年景	nián jǐng
P	年检	nián jiǎn
P	年纪	nián jì
P	年节	nián jié
P	年长	nián zhǎng
P	年间	nián jiān
P	并且	bìng qiě
P	并举	bìng jǔ
P	并入	bìng rù
P	并列	bìng liè
P	并力	bìng lì
P	并发	bìng fā
P	并合	bìng hé
P	并吞	bìng tūn
P	并处	bìng chǔ
P	并存	bìng cún
P	并州	bīng zhōu
P	并拢	bìng lǒng
P	并排	bìng pái
P	并用	bìng yòng
P	并称	bìng chēng
P	并立	bìng lì
P	并网	bìng wǎng
P	并置	bìng zhì
P	并联	bìng lián
P	并肩	bìng jiān
P	并茂	bìng mào
P	并蒂	bìng dì
P	并行	bìng xíng
P	并轨	bìng guǐ
P	并进	bìng jìn
P	并重	bìng zhòng
P	幸会	xìng huì
P	幸好	xìng hǎo
P	幸得	xìng de
P	幸甚	xìng shèn
P	幻化	huàn huà
P	幻数	huàn shù
P	幻景	huàn jǐng
P	幻术	huàn shù
P	幻觉	huàn jué
P	幼体	yòu tǐ
P	幼师	yòu shī
P	幼教	yòu jiào
P	幼畜	yòu chù
P	幼芽	yòu yá
P	幽丽	yōu lì
P	幽会	yōu huì
P	幽咽	yōu yè
P	幽思	yōu sī
P	幽期	yōu qī
P	幽禁	yōu jìn
P	幽趣	yōu qù
P	幽远	yōu yuǎn
P	广东	guǎng dōng
P	广义	guǎng yì
P	广交	guǎng jiāo
P	广众	guǎng zhòng
P	广博	guǎng bó
P	广厦	guǎng shà
P	广告	guǎng gào
P	广场	guǎng chǎng
P	广大	guǎng dà
P	广岛	guǎng dǎo
P	广州	guǎng zhōu
P	广平	guǎng píng
P	广度	guǎng dù
P	广播	guǎng bō
P	广求	guǎng qiú
P	广泛	guǎng fàn
P	广漠	guǎng mò
P	广袤	guǎng mào
P	广西	guǎng xī
P	广谱	guǎng pǔ
P	广货	guǎng huò
P	广远	guǎng yuǎn
P	广阔	guǎng kuò
P	广饶	guǎng ráo
P	庄家	zhuāng jiā
P	庄重	zhuāng zhòng
P	庇荫	bì yìn
P	床单	chuáng dān
P	床头	chuáng tóu
P	床子	chuáng zi
P	床铺	chuáng pù
P	序数	xù shù
P	序曲	xù qǔ
P	序论	xù lùn
P	库券	kù quàn
P	库区	kù qū
P	库藏	kù cáng
P	应举	yìng jǔ
P	应从	yìng cóng
P	应付	yìng fù
P	应傲	yìng ào
P	应允	yīng yǔn
P	应分	yīng fèn
P	应制	yìng zhì
P	应募	yìng mù
P	应卯	yìng mǎo
P	应变	yìng biàn
P	应召	yìng zhào
P	应否	yīng fǒu
P	应命	yìng mìng
P	应和	yìng hè
P	应声	yīng shēng
P	应季	yìng jì
P	应对	yìng duì
P	应届	yīng jiè
P	应市	yìng shì
P	应当	yīng dāng
P	应征	yìng zhēng
P	应得	yīng dé
P	应徵	yìng zhǐ
P	应急	yìng jí
P	应战	yìng zhàn
P	应手	yìng shǒu
P	应承	yìng chéng
P	应招	yìng zhāo
P	应接	yìng jiē
P	应敌	yìng dí
P	应时	yìng shí
P	应景	yìng jǐng
P	应有	yīng yǒu
P	应用	yìng yòng
P	应答	yìng dá
P	应约	yìng yuē
P	应考	yìng kǎo
P	应聘	yìng pìn
P	应许	yīng xǔ
P	应诊	yìng zhěn
P	应试	yìng shì
P	应该	yīng gāi
P	应诺	yìng nuò
P	应运	yìng yùn
P	应选	yīng xuǎn
P	应邀	yìng yāo
P	应酬	yìng chóu
P	应门	yìng mén
P	应验	yìng yàn
P	底下	dǐ xià
P	底价	dǐ jià
P	底册	dǐ cè
P	底土	dǐ tǔ
P	底墒	dǐ shāng
P	底子	dǐ zi
P	底孔	dǐ kǒng
P	底定	dǐ dìng
P	底层	dǐ céng
P	底工	dǐ gōng
P	底座	dǐ zuò
P	底数	dǐ shù
P	底本	dǐ běn
P	底样	dǐ yàng
P	底止	dǐ zhǐ
P	底气	dǐ qì
P	底漆	dǐ qī
P	底火	dǐ huǒ
P	底片	dǐ piàn
P	底版	dǐ bǎn
P	底牌	dǐ pái
P	底盘	dǐ pán
P	底稿	dǐ gǎo
P	底线	dǐ xiàn
P	底细	dǐ xì
P	底肥	dǐ féi
P	底舱	dǐ cāng
P	底色	dǐ sè
P	底蕴	dǐ yùn
P	底薪	dǐ xīn
P	底襟	dǐ jīn
P	底角	dǐ jiǎo
P	底账	dǐ zhàng
P	底边	dǐ biān
P	底里	dǐ lǐ
P	庖丁	páo dīng
P	店员	diàn yuán
P	店家	diàn jiā
P	店铺	diàn pù
P	店长	diàn zhǎng
P	庙会	miào huì
P	庙号	miào hào
P	庚帖	gēng tiě
P	府上	fǔ shàng
P	庞大	páng dà
P	废油	fèi yóu
P	废票	fèi piào
P	度假	dù jià
P	度命	dù mìng
P	度外	dù wài
P	度数	dù shù
P	度日	dù rì
P	度曲	dù qǔ
P	度汛	dù xùn
P	度牒	dù dié
P	度荒	dù huāng
P	度过	dù guò
P	度量	dù liàng
P	座号	zuò hào
P	座落	zuò luò
P	庭长	tíng zhǎng
P	庸碌	yōng lù
P	廉价	lián jià
P	廉正	lián zhèng
P	廊子	láng zi
P	廓落	kuò luò
P	延搁	yán gē
P	延时	yán shí
P	延期	yán qī
P	延长	yán cháng
P	廷尉	tíng wèi
P	建中	jiàn zhōng
P	建档	jiàn dàng
P	建筑	jiàn zhù
P	建行	jiàn háng
P	建都	jiàn dū
P	开价	kāi jià
P	开会	kāi huì
P	开创	kāi chuàng
P	开化	kāi huà
P	开单	kāi dān
P	开卷	kāi juàn
P	开叉	kāi chā
P	开发	kāi fā
P	开台	kāi tái
P	开场	kāi chǎng
P	开头	kāi tóu
P	开屏	kāi píng
P	开弓	kāi gōng
P	开戏	kāi xì
P	开打	kāi dǎ
P	开拓	kāi tuò
P	开拨	kāi bō
P	开溜	kāi liū
P	开炮	kāi pào
P	开疆	kāi jiāng
P	开票	kāi piào
P	开禁	kāi jìn
P	开蒙	kāi méng
P	开行	kāi xíng
P	开裂	kāi liè
P	开解	kāi jiě
P	开诊	kāi zhěn
P	开豁	kāi huò
P	开车	kāi chē
P	开辟	kāi pì
P	开远	kāi yuǎn
P	开采	kāi cǎi
P	开间	kāi jiān
P	异于	yì yú
P	异化	yì huà
P	异同	yì tóng
P	异地	yì dì
P	异型	yì xíng
P	异教	yì jiào
P	异能	yì néng
P	异见	yì jiàn
P	异说	yì shuō
P	异读	yì dú
P	异趣	yì qù
P	弃学	qì xué
P	弄假	nòng jiǎ
P	弄口	lòng kǒu
P	弄堂	lòng táng
P	弄权	nòng quán
P	弄死	nòng sǐ
P	弄潮	nòng cháo
P	弄瓦	nòng wǎ
P	弄脏	nòng zāng
P	弄臣	nòng chén
P	弄错	nòng cuò
P	弄鬼	nòng guǐ
P	弓背	gōng bèi
P	引信	yǐn xìn
P	引发	yǐn fā
P	引号	yǐn hào
P	引座	yǐn zuò
P	引得	yǐn dé
P	引种	yǐn zhǒng
P	引自	yǐn zì
P	引航	yǐn háng
P	引芯	yǐn xìn
P	引见	yǐn jiàn
P	引论	yǐn lùn
P	引语	yǐn yǔ
P	引资	yǐn zī
P	引颈	yǐn jǐng
P	弘大	hóng dà
P	弟兄	dì xiōng
P	弟妇	dì fù
P	弟妹	dì mèi
P	弟媳	dì xí
P	弟子	dì zǐ
P	弟弟	dì di
P	张大	zhāng dà
P	张榜	zhāng bǎng
P	弥勒	mí lè
P	弥合	mí hé
P	弥天	mí tiān
P	弥封	mí fēng
P	弥撒	mí sā
P	弥散	mí sàn
P	弥月	mí yuè
P	弥望	mí wàng
P	弥漫	mí màn
P	弥留	mí liú
P	弥缝	mí féng
P	弥蒙	mí méng
P	弥补	mí bǔ
P	弥陀	mí tuó
P	弦乐	xián yuè
P	弧度	hú dù
P	弧菌	hú jūn
P	弯头	wān tóu
P	弯度	wān dù
P	弯曲	wān qū
P	弱冠	ruò guàn
P	弱项	ruò xiàng
P	弹丸	dàn wán
P	弹力	tán lì
P	弹劾	tán hé
P	弹壳	dàn ké
P	弹头	dàn tóu
P	弹子	dàn zǐ
P	弹射	tán shè
P	弹弓	dàn gōng
P	弹性	tán xìng
P	弹琴	tán qín
P	弹簧	tán huáng
P	弹腿	tán tuǐ
P	弹膛	dàn táng
P	弹药	dàn yào
P	弹词	tán cí
P	强人	qiǎng rén
P	强令	qiáng lìng
P	强似	qiáng sì
P	强健	qiáng jiàn
P	强击	qiáng jī
P	强制	qiáng zhì
P	强力	qiáng lì
P	强加	qiáng jiā
P	强劲	qiáng jìng
P	强势	qiáng shì
P	强化	qiáng huà
P	强占	qiáng zhàn
P	强压	qiáng yā
P	强取	qiáng qǔ
P	强嘴	jiàng zuǐ
P	强固	qiáng gù
P	强国	qiáng guó
P	强壮	qiáng zhuàng
P	强大	qiáng dà
P	强夺	qiáng duó
P	强奸	qiáng jiān
P	强将	qiáng jiàng
P	强干	qiáng gàn
P	强度	qiáng dù
P	强弱	qiáng ruò
P	强忍	qiáng rěn
P	强悍	qiáng hàn
P	强手	qiáng shǒu
P	强攻	qiáng gōng
P	强敌	qiáng dí
P	强暴	qiáng bào
P	强权	qiáng quán
P	强梁	qiáng liáng
P	强横	qiáng hèng
P	强求	qiǎng qiú
P	强渡	qiáng dù
P	强烈	qiáng liè
P	强留	qiǎng liú
P	强盗	qiáng dào
P	强盛	qiáng shèng
P	强直	qiáng zhí
P	强硬	qiáng yìng
P	强笑	qiǎng xiào
P	强者	qiáng zhě
P	强行	qiáng xíng
P	强记	qiáng jì
P	强词	qiǎng cí
P	强调	qiáng diào
P	强身	qiáng shēn
P	强辩	qiáng biàn
P	强迫	qiǎng pò
P	强逼	qiǎng bī
P	强邻	qiáng lín
P	强酸	qiáng suān
P	强队	qiáng duì
P	强韧	qiáng rèn
P	强音	qiáng yīn
P	强项	qiáng xiàng
P	强颜	qiǎng yán
P	强风	qiáng fēng
P	彀中	gòu zhōng
P	归化	guī huà
P	归宁	guī níng
P	归宿	guī sù
P	归属	guī shǔ
P	归巢	guī cháo
P	归并	guī bìng
P	归期	guī qī
P	归省	guī xǐng
P	归结	guī jié
P	归还	guī huán
P	归降	guī xiáng
P	归隐	guī yǐn
P	归齐	guī qí
P	当下	dāng xià
P	当世	dāng shì
P	当中	dāng zhōng
P	当事	dāng shì
P	当今	dāng jīn
P	当代	dāng dài
P	当令	dāng lìng
P	当众	dāng zhòng
P	当作	dàng zuò
P	当值	dāng zhí
P	当做	dàng zuò
P	当儿	dāng ér
P	当先	dāng xiān
P	当兵	dāng bīng
P	当初	dāng chū
P	当前	dāng qián
P	当午	dāng wǔ
P	当即	dāng jí
P	当口	dāng kǒu
P	当啷	dāng lāng
P	当地	dāng dì
P	当场	dāng chǎng
P	当堂	dāng táng
P	当夜	dāng yè
P	当天	dàng tiān
P	当头	dāng tóu
P	当子	dāng zǐ
P	当官	dāng guān
P	当家	dāng jiā
P	当局	dāng jú
P	当差	dāng chāi
P	当年	dāng nián
P	当庭	dāng tíng
P	当归	dāng guī
P	当当	dāng dāng
P	当心	dāng xīn
P	当成	dàng chéng
P	当政	dāng zhèng
P	当日	dāng rì
P	当时	dāng shí
P	当晚	dàng wǎn
P	当月	dàng yuè
P	当朝	dāng cháo
P	当期	dāng qī
P	当权	dāng quán
P	当涂	dāng tú
P	当然	dāng rán
P	当班	dāng bān
P	当真	dàng zhēn
P	当票	dàng piào
P	当空	dāng kōng
P	当紧	dāng jǐn
P	当胸	dāng xiōng
P	当腰	dāng yāo
P	当街	dāng jiē
P	当路	dāng lù
P	当选	dāng xuǎn
P	当道	dāng dào
P	当量	dāng liàng
P	当铺	dàng pù
P	当阳	dāng yáng
P	当面	dāng miàn
P	彝文	yí wén
P	形似	xíng sì
P	形体	xíng tǐ
P	形数	xíng shù
P	形旁	xíng páng
P	形相	xíng xiāng
P	彤红	tóng hóng
P	彩像	cǎi xiàng
P	彩排	cǎi pái
P	彩管	cǎi guǎn
P	彩纸	cǎi zhǐ
P	彩蝶	cǎi dié
P	彩门	cǎi mén
P	彭泽	péng zé
P	影人	yǐng rén
P	影区	yǐng qū
P	影后	yǐng hòu
P	影子	yǐng zi
P	影射	yǐng shè
P	影帝	yǐng dì
P	影戏	yǐng xì
P	影楼	yǐng lóu
P	影片	yǐng piàn
P	影调	yǐng diào
P	彷佛	páng fó
P	彷徨	páng huáng
P	役畜	yì chù
P	彻底	chè dǐ
P	彻查	chè chá
P	彻骨	chè gǔ
P	往还	wǎng huán
P	征剿	zhēng jiǎo
P	征发	zhēng fā
P	征召	zhēng zhào
P	征夫	zhēng fū
P	征服	zhēng fú
P	征管	zhēng guǎn
P	征调	zhēng diào
P	径行	jìng xíng
P	待业	dài yè
P	待人	dài rén
P	待到	dài dào
P	待制	dài zhì
P	待办	dài bàn
P	待发	dài fā
P	待命	dài mìng
P	待客	dài kè
P	待岗	dài gǎng
P	待建	dài jiàn
P	待批	dài pī
P	待承	dài chéng
P	待机	dài jī
P	待查	dài chá
P	待用	dài yòng
P	待续	dài xù
P	待考	dài kǎo
P	待聘	dài pìn
P	待遇	dài yù
P	很毒	hěn dú
P	很累	hěn lèi
P	很脏	hěn zāng
P	律令	lǜ lìng
P	律条	lǜ tiáo
P	徒孙	tú sūn
P	徒弟	tú dì
P	徒长	tú zhǎng
P	得亏	děi kuī
P	得体	dé tǐ
P	得力	dé lì
P	得劲	dé jìn
P	得当	dé dàng
P	得志	dé zhì
P	得意	dé yì
P	得手	dé shǒu
P	得数	dé shù
P	得法	dé fǎ
P	得益	dé yì
P	得知	dé zhī
P	得空	dé kòng
P	得罪	dé zuì
P	得胜	dé shèng
P	得逞	dé chěng
P	得道	dé dào
P	得间	dé jiàn
P	微分	wēi fēn
P	微少	wēi shǎo
P	微晕	wēi yùn
P	微服	wēi fú
P	微薄	wēi bó
P	微行	wēi xíng
P	微观	wēi guān
P	微风	wēi fēng
P	德化	dé huà
P	德行	dé xíng
P	德语	dé yǔ
P	徼幸	jiǎo xìng
P	徽号	huī hào
P	徽调	huī diào
P	心上	xīn shàng
P	心中	xīn zhōng
P	心传	xīn chuán
P	心切	xīn qiè
P	心劲	xīn jìn
P	心善	xīn shàn
P	心地	xīn dì
P	心头	xīn tóu
P	心底	xīn dǐ
P	心得	xīn dé
P	心思	xīn sī
P	心折	xīn zhé
P	心数	xīn shù
P	心曲	xīn qū
P	心服	xīn fú
P	心术	xīn shù
P	心毒	xīn dú
P	心率	xīn lǜ
P	心王	xīn wáng
P	心疑	xīn yí
P	心结	xīn jié
P	心血	xīn xuè
P	心衰	xīn shuāi
P	心许	xīn xǔ
P	心语	xīn yǔ
P	心跳	xīn tiào
P	心重	xīn zhòng
P	心间	xīn jiān
P	心黑	xīn hēi
P	必将	bì jiāng
P	必得	bì děi
P	必要	bì yào
P	忌惮	jì dàn
P	忌食	jì shí
P	忍辱	rěn rǔ
P	忖度	cǔn duó
P	忖量	cǔn liàng
P	志节	zhì jié
P	志趣	zhì qù
P	忙碌	máng lù
P	忠仆	zhōng pú
P	忠信	zhōng xìn
P	忠骨	zhōng gǔ
P	忧思	yōu sī
P	忧闷	yōu mèn
P	快乐	kuài lè
P	快信	kuài xìn
P	快当	kuài dāng
P	快行	kuài xíng
P	快要	kuài yào
P	快语	kuài yǔ
P	快车	kuài chē
P	快运	kuài yùn
P	念佛	niàn fó
P	念及	niàn jí
P	念叨	niàn dāo
P	念头	niàn tou
P	忽地	hū dì
P	怀化	huái huà
P	怀疑	huái yí
P	怀远	huái yuǎn
P	态度	tài dù
P	怎么	zěn me
P	怎地	zěn dì
P	怎的	zěn de
P	怎知	zěn zhī
P	怒号	nù háo
P	怒喝	nù hè
P	怔住	zhèng zhù
P	怔忪	zhēng zhōng
P	思亲	sī qīn
P	思凡	sī fán
P	思古	sī gǔ
P	思忖	sī cǔn
P	思念	sī niàn
P	思恋	sī liàn
P	思情	sī qíng
P	思惟	sī wéi
P	思想	sī xiǎng
P	思慕	sī mù
P	思旧	sī jiù
P	思春	sī chūn
P	思潮	sī cháo
P	思索	sī suǒ
P	思绪	sī xù
P	思维	sī wéi
P	思考	sī kǎo
P	思虑	sī lǜ
P	思议	sī yì
P	思谋	sī móu
P	思路	sī lù
P	思辨	sī biàn
P	思过	sī guò
P	思量	sī liáng
P	怡和	yí hé
P	急切	jí qiè
P	急要	jí yào
P	急转	jí zhuǎn
P	急迫	jí pò
P	急难	jí nàn
P	急风	jí fēng
P	性别	xìng bié
P	性能	xìng néng
P	性行	xìng xíng
P	怨女	yuàn nǚ
P	怨毒	yuàn dú
P	怪才	guài cái
P	怪相	guài xiàng
P	怪石	guài shí
P	怪论	guài lùn
P	怪调	guài diào
P	怯场	qiè chǎng
P	怵头	chù tóu
P	总产	zǒng chǎn
P	总价	zǒng jià
P	总体	zǒng tǐ
P	总共	zǒng gòng
P	总厂	zǒng chǎng
P	总参	zǒng cān
P	总合	zǒng hé
P	总和	zǒng hé
P	总工	zǒng gōng
P	总得	zǒng děi
P	总括	zǒng kuò
P	总数	zǒng shù
P	总校	zǒng xiào
P	总的	zǒng de
P	总监	zǒng jiān
P	总称	zǒng chēng
P	总结	zǒng jié
P	总行	zǒng xíng
P	总角	zǒng jiǎo
P	总论	zǒng lùn
P	总评	zǒng píng
P	总责	zǒng zé
P	总账	zǒng zhàng
P	总量	zǒng liàng
P	总长	zǒng zhǎng
P	恁地	nèn dì
P	恋乡	liàn xiāng
P	恋家	liàn jiā
P	恍若	huǎng ruò
P	恐吓	kǒng hè
P	恒量	héng liàng
P	恣睢	zì suī
P	恣纵	zì zòng
P	恨晚	hèn wǎn
P	恩仇	ēn chóu
P	恩泽	ēn zé
P	恫吓	dòng hè
P	恬和	tián hé
P	恭听	gōng tīng
P	息率	xī lǜ
P	恰似	qià sì
P	恰切	qià qiē
P	恰好	qià hǎo
P	恰当	qià dàng
P	恰逢	qià féng
P	恳切	kěn qiè
P	恶习	è xí
P	恶事	è shì
P	恶人	è rén
P	恶仗	è zhàng
P	恶俗	è sú
P	恶兆	è zhào
P	恶劣	è liè
P	恶化	è huà
P	恶变	è biàn
P	恶名	è míng
P	恶声	è shēng
P	恶妇	è fù
P	恶少	è shào
P	恶徒	è tú
P	恶心	ě xīn
P	恶念	è niàn
P	恶性	è xìng
P	恶意	è yì
P	恶感	è gǎn
P	恶战	è zhàn
P	恶报	è bào
P	恶斗	è dòu
P	恶果	è guǒ
P	恶梦	è mèng
P	恶棍	è gùn
P	恶毒	è dú
P	恶气	è qì
P	恶浊	è zhuó
P	恶浪	è làng
P	恶煞	è shà
P	恶狗	è gǒu
P	恶狠	è hěn
P	恶疾	è jí
P	恶癖	è pǐ
P	恶相	è xiàng
P	恶臭	è chòu
P	恶行	è xíng
P	恶补	è bǔ
P	恶言	è yán
P	恶语	è yǔ
P	恶运	è yùn
P	恶迹	è jì
P	恶露	è lù
P	恶霸	è bà
P	恶骂	è mà
P	恶鬼	è guǐ
P	恶魔	è mó
P	恻隐	cè yǐn
P	悄声	qiǎo shēng
P	悄寂	qiǎo jì
P	悄悄	qiāo qiāo
P	悄然	qiǎo rán
P	悍将	hàn jiàng
P	悔约	huǐ yuē
P	悔过	huǐ guò
P	悟出	wù chū
P	悟空	wù kōng
P	患难	huàn nàn
P	悦服	yuè fú
P	悬棺	xuán guān
P	悲凉	bēi liáng
P	悲切	bēi qiè
P	悲号	bēi háo
P	悲咽	bēi yè
P	悲思	bēi sī
P	悲观	bēi guān
P	悼亡	dào wáng
P	情节	qíng jié
P	情调	qíng diào
P	情趣	qíng qù
P	惇笃	dūn dǔ
P	惊倒	jīng dǎo
P	惊觉	jīng jué
P	惊跳	jīng tiào
P	惊风	jīng fēng
P	惜败	xī bài
P	惠及	huì jí
P	惠风	huì fēng
P	惩处	chéng chǔ
P	惩艾	chéng yì
P	惭怍	cán zuò
P	想头	xiǎng tou
P	想着	xiǎng zhe
P	想要	xiǎng yào
P	想见	xiǎng jiàn
P	惺忪	xīng sōng
P	愁思	chóu sī
P	愁闷	chóu mèn
P	愆期	qiān qī
P	愈发	yù fā
P	愈合	yù hé
P	意中	yì zhōng
P	意会	yì huì
P	意兴	yì xìng
P	意思	yì si
P	意淫	yì yín
P	意见	yì jiàn
P	意识	yì shí
P	意趣	yì qù
P	愚弄	yú nòng
P	愚氓	yú méng
P	愚蒙	yú méng
P	愚见	yú jiàn
P	感冒	gǎn mào
P	感化	gǎn huà
P	感发	gǎn fā
P	感召	gǎn zhào
P	感应	gǎn yìng
P	感知	gǎn zhī
P	感荷	gǎn hè
P	感觉	gǎn jué
P	愣是	lèng shì
P	愧怍	kuì zuò
P	愧汗	kuì hàn
P	慈和	cí hé
P	慈父	cí fù
P	慎思	shèn sī
P	慎行	shèn xíng
P	慎重	shèn zhòng
P	慑于	shè yú
P	慑服	shè fú
P	慢化	màn huà
P	慢坡	màn pō
P	慢待	màn dài
P	慢说	màn shuō
P	慢车	màn chē
P	慰藉	wèi jiè
P	憋闷	biē mèn
P	憎恶	zēng wù
P	憷头	chù tóu
P	懂得	dǒng de
P	懂行	dǒng háng
P	懊丧	ào sàng
P	懒得	lǎn de
P	懒散	lǎn sǎn
P	懒觉	lǎn jiào
P	懦夫	nuò fū
P	戍卒	shù zú
P	戎行	róng háng
P	戏侮	xì wǔ
P	戏剧	xì jù
P	戏单	xì dān
P	戏台	xì tái
P	戏场	xì chǎng
P	戏子	xì zi
P	戏弄	xì nòng
P	戏文	xì wén
P	戏曲	xì qǔ
P	戏服	xì fú
P	戏本	xì běn
P	戏校	xì xiào
P	戏楼	xì lóu
P	戏水	xì shuǐ
P	戏法	xì fǎ
P	戏照	xì zhào
P	戏班	xì bān
P	戏目	xì mù
P	戏码	xì mǎ
P	戏箱	xì xiāng
P	戏耍	xì shuǎ
P	戏衣	xì yī
P	戏装	xì zhuāng
P	戏言	xì yán
P	戏评	xì píng
P	戏词	xì cí
P	戏说	xì shuō
P	戏谑	xì xuè
P	戏路	xì lù
P	戏迷	xì mí
P	戏院	xì yuàn
P	成丁	chéng dīng
P	成为	chéng wéi
P	成亲	chéng qīn
P	成仇	chéng chóu
P	成份	chéng fèn
P	成体	chéng tǐ
P	成分	chéng fèn
P	成化	chéng huà
P	成员	chéng yuán
P	成家	chéng jiā
P	成宿	chéng xiǔ
P	成想	chéng xiǎng
P	成数	chéng shù
P	成服	chéng fú
P	成约	chéng yuē
P	成行	chéng háng
P	成见	chéng jiàn
P	成语	chéng yǔ
P	成说	chéng shuō
P	成趣	chéng qù
P	成都	chéng dū
P	成长	chéng zhǎng
P	成风	chéng fēng
P	我们	wǒ men
P	我家	wǒ jiā
P	我见	wǒ jiàn
P	戒尺	jiè chǐ
P	戒条	jiè tiáo
P	或体	huò tǐ
P	或许	huò xǔ
P	戗住	qiàng zhù
P	戗脊	qiàng jǐ
P	戗金	qiàng jīn
P	戗面	qiàng miàn
P	戗风	qiāng fēng
P	战前	zhàn qián
P	战区	zhàn qū
P	战地	zhàn dì
P	战场	zhàn chǎng
P	战将	zhàn jiàng
P	战斗	zhàn dòu
P	战术	zhàn shù
P	战栗	zhàn lì
P	战死	zhàn sǐ
P	战车	zhàn chē
P	戚属	qī shǔ
P	户头	hù tóu
P	户调	hù diào
P	户长	hù zhǎng
P	戽斗	hù dǒu
P	房地	fáng dì
P	房契	fáng qì
P	房子	fáng zi
P	房梁	fáng liáng
P	房源	fáng yuán
P	房脊	fáng jí
P	房舍	fáng shè
P	房贴	fáng tiē
P	房间	fáng jiān
P	所属	suǒ shǔ
P	所得	suǒ de
P	所思	suǒ sī
P	所有	suǒ yǒu
P	所知	suǒ zhī
P	所说	suǒ shuō
P	所长	suǒ zhǎng
P	扁圆	biǎn yuán
P	扁扁	biǎn biǎn
P	扁担	biǎn dàn
P	扁柏	biǎn bǎi
P	扁桃	biǎn táo
P	扁舟	piān zhōu
P	扁豆	biǎn dòu
P	扁锉	biǎn cuò
P	扁食	biǎn shí
P	扁骨	biǎn gǔ
P	扁鹊	biǎn què
P	扇动	shān dòng
P	扇坠	shàn zhuì
P	扇子	shàn zi
P	扇形	shàn xíng
P	扇惑	shān huò
P	扇贝	shàn bèi
P	扇车	shàn chē
P	扇面	shàn miàn
P	扇风	shān fēng
P	扇骨	shàn gǔ
P	手上	shǒu shàng
P	手令	shǒu lìng
P	手创	shǒu chuàng
P	手卷	shǒu juàn
P	手大	shǒu dà
P	手头	shǒu tóu
P	手夹	shǒu jiā
P	手慢	shǒu màn
P	手拷	shǒu kǎo
P	手持	shǒu chí
P	手术	shǒu shù
P	手模	shǒu mó
P	手泽	shǒu zé
P	手洗	shǒu xǐ
P	手爪	shǒu zhǎo
P	手相	shǒu xiàng
P	手硬	shǒu yìng
P	手纹	shǒu wén
P	手背	shǒu bèi
P	手臂	shǒu bì
P	手袋	shǒu dài
P	手语	shǒu yǔ
P	手车	shǒu chē
P	手轻	shǒu qīng
P	手辣	shǒu là
P	手重	shǒu zhòng
P	手风	shǒu fēng
P	才分	cái fèn
P	才华	cái huá
P	才女	cái nǚ
P	才干	cái gàn
P	才思	cái sī
P	才能	cái néng
P	才识	cái shí
P	扎堆	zhā duī
P	扎实	zhā shí
P	扎手	zhā shǒu
P	扎扎	zhā zhā
P	扎挣	zhá zhēng
P	扎染	zā rǎn
P	扎根	zhā gēn
P	扎眼	zhā yǎn
P	扎破	zhā pò
P	扎花	zhā huā
P	扎营	zhā yíng
P	扎针	zhā zhēn
P	扑地	pū dì
P	扑扇	pū shān
P	扑打	pū dǎ
P	扑棱	pū lēng
P	扑空	pū kōng
P	扒开	bā kāi
P	扒手	pá shǒu
P	扒拉	bā lā
P	扒灰	pá huī
P	扒皮	bā pí
P	扒窃	pá qiè
P	扒粪	pá fèn
P	扒糕	pá gāo
P	扒草	pá cǎo
P	扒车	bā chē
P	扒鸡	pá jī
P	打下	dǎ xià
P	打中	dǎ zhòng
P	打乱	dǎ luàn
P	打从	dǎ cóng
P	打仗	dǎ zhàng
P	打伤	dǎ shāng
P	打住	dǎ zhù
P	打倒	dǎ dǎo
P	打击	dǎ jī
P	打分	dǎ fēn
P	打动	dǎ dòng
P	打劫	dǎ jié
P	打包	dǎ bāo
P	打卦	dǎ guà
P	打印	dǎ yìn
P	打发	dǎ fā
P	打听	dǎ tīng
P	打呃	dǎ e
P	打呼	dǎ hū
P	打响	dǎ xiǎng
P	打嗝	dǎ gé
P	打嘴	dǎ zuǐ
P	打场	dǎ cháng
P	打坐	dǎ zuò
P	打垮	dǎ kuǎ
P	打夯	dǎ hāng
P	打头	dǎ tóu
P	打孔	dǎ kǒng
P	打字	dǎ zì
P	打尖	dǎ jiān
P	打岔	dǎ chà
P	打工	dǎ gōng
P	打平	dǎ píng
P	打底	dǎ dǐ
P	打开	dǎ kāi
P	打弯	dǎ wān
P	打总	dǎ zǒng
P	打战	dǎ zhàn
P	打手	dǎ shǒu
P	打扫	dǎ sǎo
P	打扮	dǎ bàn
P	打扰	dǎ rǎo
P	打拐	dǎ guǎi
P	打拱	dǎ gǒng
P	打拳	dǎ quán
P	打拼	dǎ pīn
P	打捞	dǎ lāo
P	打掉	dǎ diào
P	打探	dǎ tàn
P	打援	dǎ yuán
P	打搅	dǎ jiǎo
P	打擂	dǎ lèi
P	打散	dǎ sàn
P	打斗	dǎ dòu
P	打斜	dǎ xié
P	打断	dǎ duàn
P	打旋	dǎ xuán
P	打旗	dǎ qí
P	打春	dǎ chūn
P	打晃	dǎ huǎng
P	打更	dǎ gēng
P	打杀	dǎ shā
P	打杂	dǎ zá
P	打杈	dǎ chà
P	打枪	dǎ qiāng
P	打架	dǎ jià
P	打样	dǎ yàng
P	打桩	dǎ zhuāng
P	打横	dǎ héng
P	打比	dǎ bǐ
P	打气	dǎ qì
P	打水	dǎ shuǐ
P	打油	dǎ yóu
P	打法	dǎ fǎ
P	打泡	dǎ pào
P	打洞	dǎ dòng
P	打浆	dǎ jiāng
P	打消	dǎ xiāo
P	打滑	dǎ huá
P	打滚	dǎ gǔn
P	打火	dǎ huǒ
P	打炮	dǎ pào
P	打点	dǎ diǎn
P	打烊	dǎ yàng
P	打牌	dǎ pái
P	打猎	dǎ liè
P	打球	dǎ qiú
P	打理	dǎ lǐ
P	打的	dǎ dī
P	打皱	dǎ zhòu
P	打盹	dǎ dǔn
P	打眼	dǎ yǎn
P	打破	dǎ pò
P	打磨	dǎ mó
P	打票	dǎ piào
P	打私	dǎ sī
P	打算	dǎ suàn
P	打紧	dǎ jǐn
P	打结	dǎ jié
P	打翻	dǎ fān
P	打胎	dǎ tāi
P	打胜	dǎ shèng
P	打草	dǎ cǎo
P	打药	dǎ yào
P	打落	dǎ luò
P	打诨	dǎ hùn
P	打谱	dǎ pǔ
P	打谷	dǎ gǔ
P	打败	dǎ bài
P	打赌	dǎ dǔ
P	打赢	dǎ yíng
P	打趣	dǎ qù
P	打转	dǎ zhuàn
P	打退	dǎ tuì
P	打通	dǎ tōng
P	打造	dǎ zào
P	打醮	dǎ jiào
P	打量	dǎ liàng
P	打针	dǎ zhēn
P	打钩	dǎ gōu
P	打铁	dǎ tiě
P	打门	dǎ mén
P	打闪	dǎ shǎn
P	打问	dǎ wèn
P	打闹	dǎ nào
P	打雷	dǎ léi
P	打靶	dǎ bǎ
P	打顶	dǎ dǐng
P	打颤	dǎ zhàn
P	打食	dǎ shí
P	打骂	dǎ mà
P	打鬼	dǎ guǐ
P	打鱼	dǎ yú
P	打鼓	dǎ gǔ
P	打鼾	dǎ hān
P	托底	tuō dǐ
P	托收	tuō shōu
P	扛活	káng huó
P	扛鼎	gāng dǐng
P	扣分	kòu fēn
P	扣压	kòu yā
P	扣发	kòu fā
P	扣头	kòu tóu
P	扣子	kòu zi
P	执委	zhí wěi
P	执拗	zhí niù
P	执教	zhí jiào
P	执棒	zhí bàng
P	执泥	zhí ní
P	执着	zhí zhuó
P	执罚	zhí fá
P	执著	zhí zhuó
P	执行	zhí xíng
P	扩大	kuò dà
P	扩容	kuò róng
P	扩招	kuò zhāo
P	扩散	kuò sàn
P	扩权	kuò quán
P	扩股	kuò gǔ
P	扫兴	sǎo xìng
P	扫地	sǎo dì
P	扫坟	sǎo fén
P	扫墓	sǎo mù
P	扫射	sǎo shè
P	扫尾	sǎo wěi
P	扫帚	sào zhǒu
P	扫平	sǎo píng
P	扫把	sào bǎ
P	扫描	sǎo miáo
P	扫数	sǎo shù
P	扫毒	sǎo dú
P	扫清	sǎo qīng
P	扫灭	sǎo miè
P	扫盲	sǎo máng
P	扫荡	sǎo dàng
P	扫视	sǎo shì
P	扫除	sǎo chú
P	扫雪	sǎo xuě
P	扫雷	sǎo léi
P	扫黄	sǎo huáng
P	扬场	yáng cháng
P	扬手	yáng shǒu
P	扬长	yáng cháng
P	扭头	niǔ tóu
P	扭打	niǔ dǎ
P	扭曲	niǔ qū
P	扭结	niǔ jié
P	扭转	niǔ zhuǎn
P	扮作	bàn zuò
P	扮戏	bàn xì
P	扮相	bàn xiàng
P	扳倒	bān dǎo
P	扶助	fú zhù
P	扶掖	fú yè
P	扶正	fú zhèng
P	扶风	fú fēng
P	批假	pī jià
P	批发	pī fā
P	批号	pī hào
P	批斗	pī dòu
P	批条	pī tiáo
P	批次	pī cì
P	批语	pī yǔ
P	批转	pī zhuǎn
P	批量	pī liàng
P	批零	pī líng
P	扼要	è yào
P	找头	zhǎo tou
P	找着	zhǎo zháo
P	找碴	zhǎo chá
P	找错	zhǎo cuò
P	找齐	zhǎo qí
P	承传	chéng chuán
P	承修	chéng xiū
P	承兑	chéng duì
P	承应	chéng yìng
P	承当	chéng dāng
P	承担	chéng dān
P	承浆	chéng jiāng
P	承溜	chéng liū
P	承蒙	chéng méng
P	承购	chéng gòu
P	承转	chéng zhuǎn
P	承载	chéng zài
P	承重	chéng zhòng
P	技术	jì shù
P	技能	jì néng
P	抄家	chāo jiā
P	抄收	chāo shōu
P	抄查	chāo chá
P	抄没	chāo mò
P	抉择	jué zé
P	把住	bǎ zhù
P	把关	bǎ guān
P	把势	bǎ shì
P	把头	bǎ tóu
P	把子	bǎ zi
P	把守	bǎ shǒu
P	把家	bǎ jiā
P	把式	bǎ shì
P	把戏	bǎ xì
P	把手	bǎ shǒu
P	把持	bǎ chí
P	把握	bǎ wò
P	把揽	bǎ lǎn
P	把晤	bǎ wù
P	把柄	bǎ bǐng
P	把牢	bǎ láo
P	把玩	bǎ wán
P	把盏	bǎ zhǎn
P	把稳	bǎ wěn
P	把脉	bǎ mài
P	把舵	bǎ duò
P	把角	bǎ jiǎo
P	把酒	bǎ jiǔ
P	把门	bǎ mén
P	把风	bǎ fēng
P	抒发	shū fā
P	抓差	zhuā chāi
P	抓斗	zhuā dòu
P	投亲	tóu qīn
P	投合	tóu hé
P	投向	tóu xiàng
P	投喂	tóu wèi
P	投契	tóu qì
P	投奔	tóu bèn
P	投宿	tóu sù
P	投射	tóu shè
P	投弹	tóu dàn
P	投料	tóu liào
P	投毒	tóu dú
P	投水	tóu shuǐ
P	投河	tóu hé
P	投石	tóu shí
P	投票	tóu piào
P	投送	tóu sòng
P	投降	tóu xiáng
P	抖搂	dǒu lōu
P	抖擞	dǒu sǒu
P	抖落	dǒu luò
P	抖颤	dǒu chàn
P	抗上	kàng shàng
P	抗体	kàng tǐ
P	抗凝	kàng níng
P	抗寒	kàng hán
P	抗暴	kàng bào
P	抗热	kàng rè
P	抗皱	kàng zhòu
P	抗联	kàng lián
P	折中	zhé zhōng
P	折价	zhé jià
P	折光	zhé guāng
P	折兑	zhé duì
P	折冲	zhé chōng
P	折刀	zhé dāo
P	折半	zhé bàn
P	折变	zhé biàn
P	折叠	zhé dié
P	折合	zhé hé
P	折回	zhé huí
P	折堕	shé duò
P	折头	zhé tou
P	折子	zhé zi
P	折寿	zhé shòu
P	折射	zhé shè
P	折尺	zhé chǐ
P	折弯	zhé wān
P	折扇	zhé shàn
P	折扣	zhé kòu
P	折损	zhé sǔn
P	折断	zhé duàn
P	折旧	zhé jiù
P	折服	zhé fú
P	折本	shé běn
P	折杀	zhé shā
P	折枝	zhé zhī
P	折桂	zhé guì
P	折椅	zhé yǐ
P	折痕	zhé hén
P	折皱	zhé zhòu
P	折磨	zhé mó
P	折福	zhé fú
P	折秤	shé chèng
P	折算	zhé suàn
P	折纸	zhé zhǐ
P	折线	zhé xiàn
P	折耗	shé hào
P	折腰	zhé yāo
P	折腾	zhē teng
P	折衷	zhé zhōng
P	折账	zhé zhàng
P	折转	zhé zhuǎn
P	折辱	zhé rǔ
P	折返	zhé fǎn
P	折页	zhé yè
P	抚宁	fǔ níng
P	抚弄	fǔ nòng
P	抚摩	fǔ mó
P	抛射	pāo shè
P	抛撒	pāo sā
P	抛洒	pāo sǎ
P	抛空	pāo kōng
P	抛舍	pāo shě
P	抢亲	qiǎng qīn
P	抢修	qiǎng xiū
P	抢先	qiǎng xiān
P	抢劫	qiǎng jié
P	抢匪	qiǎng fěi
P	抢占	qiǎng zhàn
P	抢嘴	qiǎng zuǐ
P	抢墒	qiǎng shāng
P	抢夺	qiǎng duó
P	抢工	qiǎng gōng
P	抢市	qiǎng shì
P	抢建	qiǎng jiàn
P	抢手	qiǎng shǒu
P	抢拍	qiǎng pāi
P	抢掠	qiǎng lüè
P	抢收	qiǎng shōu
P	抢攻	qiǎng gōng
P	抢救	qiǎng jiù
P	抢渡	qiǎng dù
P	抢滩	qiǎng tān
P	抢点	qiǎng diǎn
P	抢白	qiǎng bái
P	抢眼	qiǎng yǎn
P	抢种	qiǎng zhòng
P	抢话	qiǎng huà
P	抢购	qiǎng gòu
P	抢运	qiǎng yùn
P	抢险	qiǎng xiǎn
P	抢风	qiāng fēng
P	护从	hù cóng
P	护具	hù jù
P	护发	hù fà
P	护堤	hù dī
P	护校	hù xiào
P	护身	hù shēn
P	报业	bào yè
P	报丧	bào sāng
P	报仇	bào chóu
P	报价	bào jià
P	报信	bào xìn
P	报单	bào dān
P	报头	bào tóu
P	报应	bào yìng
P	报数	bào shù
P	报知	bào zhī
P	报答	bào dá
P	报载	bào zǎi
P	报送	bào sòng
P	抨弹	pēng tán
P	披卷	pī juàn
P	披发	pī fà
P	披头	pī tóu
P	披拂	pī fú
P	披散	pī sǎn
P	披红	pī hóng
P	披露	pī lù
P	披靡	pī mǐ
P	披风	pī fēng
P	抬价	tái jià
P	抬头	tái tóu
P	抬杠	tái gàng
P	抬腿	tái tuǐ
P	抬轿	tái jiào
P	抵交	dǐ jiāo
P	抵挡	dǐ dǎng
P	抵缴	dǐ jiǎo
P	抵近	dǐ jìn
P	抵还	dǐ hái
P	抹墙	mò qiáng
P	抹子	mǒ zi
P	抹布	mā bù
P	抹杀	mǒ shā
P	抹灰	mò huī
P	抹煞	mǒ shā
P	抹粉	mǒ fěn
P	抹胸	mò xiōng
P	抹脸	mǒ liǎn
P	抹黑	mǒ hēi
P	押头	yā tou
P	押尾	yā wěi
P	押当	yā dàng
P	押禁	yā jìn
P	押解	yā jiè
P	押车	yā chē
P	抽丁	chōu dīng
P	抽咽	chōu yè
P	抽头	chōu tóu
P	抽成	chōu chéng
P	抽打	chōu dǎ
P	抽斗	chōu dǒu
P	抽杀	chōu shā
P	抽查	chōu chá
P	抽空	chōu kòng
P	抽缩	chōu suō
P	抽苔	chōu tái
P	抽调	chōu diào
P	抽风	chōu fēng
P	拂尘	fú chén
P	拂拂	fú fú
P	拂拭	fú shì
P	拂晓	fú xiǎo
P	拂袖	fú xiù
P	拂逆	fú nì
P	拂面	fú miàn
P	担任	dān rèn
P	担保	dān bǎo
P	担子	dàn zi
P	担当	dān dāng
P	担待	dān dài
P	担心	dān xīn
P	担忧	dān yōu
P	担承	dān chéng
P	担搁	dān gē
P	担架	dān jià
P	担负	dān fù
P	拆伙	chāi huǒ
P	拆借	chāi jiè
P	拆兑	chāi duì
P	拆卖	chāi mài
P	拆卸	chāi xiè
P	拆台	chāi tái
P	拆字	chāi zì
P	拆封	chāi fēng
P	拆建	chāi jiàn
P	拆开	chāi kāi
P	拆息	chāi xī
P	拆改	chāi gǎi
P	拆散	chāi sàn
P	拆毁	chāi huǐ
P	拆洗	chāi xǐ
P	拆穿	chāi chuān
P	拆线	chāi xiàn
P	拆装	chāi zhuāng
P	拆迁	chāi qiān
P	拆阅	chāi yuè
P	拆除	chāi chú
P	拆零	chāi líng
P	拈度	niān dù
P	拉丁	lā dīng
P	拉丝	lā sī
P	拉人	lā rén
P	拉伸	lā shēn
P	拉倒	lā dǎo
P	拉力	lā lì
P	拉套	lā tào
P	拉客	lā kè
P	拉巴	lā bā
P	拉平	lā píng
P	拉开	lā kāi
P	拉德	lā dé
P	拉手	lā shǒu
P	拉扯	lā chě
P	拉拉	lā lā
P	拉拔	lā bá
P	拉拢	lā lǒng
P	拉杂	lā zá
P	拉杆	lā gǎn
P	拉架	lā jià
P	拉稀	lā xī
P	拉纤	lā qiàn
P	拉线	lā xiàn
P	拉练	lā liàn
P	拉网	lā wǎng
P	拉脚	lā jiǎo
P	拉萨	lā sà
P	拉账	lā zhàng
P	拉链	lā liàn
P	拉锯	lā jù
P	拉长	lā cháng
P	拉面	lā miàn
P	拌匀	bàn yún
P	拌和	bàn huò
P	拌嘴	bàn zuǐ
P	拌料	bàn liào
P	拌种	bàn zhǒng
P	拌蒜	bàn suàn
P	拍发	pāi fā
P	拍戏	pāi xì
P	拍打	pāi dǎ
P	拍摄	pāi shè
P	拐棍	guǎi gùn
P	拐角	guǎi jiǎo
P	拒不	jù bù
P	拒毒	jù dú
P	拒贿	jù huì
P	拓印	tà yìn
P	拓地	tuò dì
P	拓宽	tuò kuān
P	拓展	tuò zhǎn
P	拓扑	tuò pū
P	拓拔	tuò bá
P	拓本	tà běn
P	拓殖	tuò zhí
P	拓片	tà piàn
P	拓荒	tuò huāng
P	拔地	bá dì
P	拔毒	bá dú
P	拔缝	bá fèng
P	拔节	bá jié
P	拖把	tuō bǎ
P	拖拉	tuō lā
P	拖斗	tuō dǒu
P	拖沓	tuō tà
P	拖累	tuō lěi
P	拖车	tuō chē
P	拖运	tuō yùn
P	拖长	tuō cháng
P	拗口	ào kǒu
P	拗断	ǎo duàn
P	拘传	jū chuán
P	拘役	jū yì
P	拘执	jū zhí
P	拘押	jū yā
P	拘拿	jū ná
P	拘挛	jū luán
P	拘捕	jū bǔ
P	拘束	jū shù
P	拘泥	jū nì
P	拘牵	jū qiān
P	拘留	jū liú
P	拘礼	jū lǐ
P	拘票	jū piào
P	拘禁	jū jìn
P	拘管	jū guǎn
P	拘谨	jū jǐn
P	拙朴	zhuō piáo
P	拙著	zhuō zhù
P	拙见	zhuō jiàn
P	拚命	pàn mìng
P	招亲	zhāo qīn
P	招供	zhāo gòng
P	招办	zhāo bàn
P	招干	zhāo gàn
P	招待	zhāo dài
P	招徕	zhāo lái
P	招数	zhāo shù
P	招祸	zhāo huò
P	招笑	zhāo xiào
P	招行	zhāo háng
P	招降	zhāo xiáng
P	招风	zhāo fēng
P	拜会	bài huì
P	拜佛	bài fó
P	拜倒	bài dǎo
P	拜别	bài bié
P	拜将	bài jiàng
P	拜服	bài fú
P	拜祭	bài jì
P	拜节	bài jié
P	拜见	bài jiàn
P	拜读	bài dú
P	拜贺	bài hè
P	拟于	nǐ yú
P	拟合	nǐ hé
P	拢共	lǒng gòng
P	拣择	jiǎn zé
P	拥塞	yōng sè
P	拥有	yōng yǒu
P	拦挡	lán dǎng
P	拦柜	lán guì
P	拦蓄	lán xù
P	拧紧	nǐng jǐn
P	拨发	bō fā
P	拨叫	bō jiào
P	拨号	bō hào
P	拨弄	bō nòng
P	拨拉	bō lā
P	拨给	bō gěi
P	拨转	bō zhuǎn
P	择业	zé yè
P	择交	zé jiāo
P	择优	zé yōu
P	择友	zé yǒu
P	择吉	zé jí
P	择席	zhái xí
P	择日	zé rì
P	择期	zé qī
P	择菜	zhái cài
P	择要	zé yào
P	括号	kuò hào
P	括弧	kuò hú
P	拮抗	jié kàng
P	拮据	jié jū
P	拱券	gǒng xuàn
P	拱圈	gǒng quān
P	拳参	quán cān
P	拳头	quán tou
P	拳打	quán dǎ
P	拳曲	quán qū
P	拳术	quán shù
P	拳王	quán wáng
P	拶子	zǎn zi
P	拶指	zǎn zhǐ
P	拷打	kǎo dǎ
P	拼刺	pīn cì
P	拼合	pīn hé
P	拼抢	pīn qiǎng
P	拼斗	pīn dòu
P	拼读	pīn dú
P	拾掇	shí duō
P	拾物	shí wù
P	拾荒	shí huāng
P	拾趣	shí qù
P	拾遗	shí yí
P	拾零	shí líng
P	拿大	ná dà
P	拿给	ná gěi
P	持家	chí jiā
P	持有	chí yǒu
P	持正	chí zhèng
P	持节	chí jié
P	持论	chí lùn
P	持重	chí zhòng
P	挂冠	guà guān
P	挂单	guà dān
P	挂号	guà hào
P	挂屏	guà píng
P	挂斗	guà dǒu
P	挂累	guà lěi
P	挂红	guà hóng
P	挂车	guà chē
P	挂轴	guà zhóu
P	挂靴	guà xuē
P	指令	zhǐ lìng
P	指供	zhǐ gòng
P	指南	zhǐ nán
P	指头	zhǐ tou
P	指教	zhǐ jiào
P	指数	zhǐ shù
P	指正	zhǐ zhèng
P	指称	zhǐ chēng
P	指纹	zhǐ wén
P	指缝	zhǐ fèng
P	指节	zhǐ jié
P	指骨	zhǐ gǔ
P	按压	àn yā
P	按摩	àn mó
P	按期	àn qī
P	按脉	àn mài
P	按语	àn yǔ
P	按说	àn shuō
P	挎包	kuà bāo
P	挎斗	kuà dǒu
P	挑中	tiāo zhòng
P	挑刺	tiāo cì
P	挑剔	tiāo tī
P	挑动	tiǎo dòng
P	挑唆	tiǎo suō
P	挑嘴	tiāo zuǐ
P	挑夫	tiāo fū
P	挑头	tiāo tóu
P	挑子	tiāo zi
P	挑弄	tiǎo nòng
P	挑战	tiǎo zhàn
P	挑担	tiāo dàn
P	挑拣	tiāo jiǎn
P	挑拨	tiǎo bō
P	挑明	tiǎo míng
P	挑灯	tiǎo dēng
P	挑眼	tiāo yǎn
P	挑花	tiǎo huā
P	挑衅	tiǎo xìn
P	挑选	tiāo xuǎn
P	挑逗	tiǎo dòu
P	挑错	tiāo cuò
P	挑食	tiāo shí
P	挛缩	luán suō
P	挟制	xié zhì
P	挟嫌	xié xián
P	挟带	xié dài
P	挟持	xié chí
P	挠头	náo tóu
P	挠曲	náo qū
P	挠痒	náo yǎng
P	挡子	dǎng zi
P	挡板	dǎng bǎn
P	挡路	dǎng lù
P	挡车	dǎng chē
P	挡风	dǎng fēng
P	挡驾	dǎng jià
P	挣命	zhèng mìng
P	挣扎	zhēng zhá
P	挣揣	zhèng chuài
P	挣脱	zhèng tuō
P	挣钱	zhèng qián
P	挤兑	jǐ duì
P	挤占	jǐ zhàn
P	挤压	jǐ yā
P	挤落	jǐ luò
P	挥发	huī fā
P	挥拳	huī quán
P	挥洒	huī sǎ
P	挥鞭	huī biān
P	挨个	āi gè
P	挨打	ái dǎ
P	挨说	ái shuō
P	挨近	āi jìn
P	挨饿	ái è
P	挨骂	ái mà
P	挫折	cuò zhé
P	振兴	zhèn xīng
P	振臂	zhèn bì
P	挺括	tǐng guā
P	捆扎	kǔn zā
P	捉弄	zhuō nòng
P	捎信	shāo xìn
P	捎带	shāo dài
P	捎脚	shāo jiǎo
P	捎话	shāo huà
P	捏合	niē hé
P	捏弄	niē nòng
P	捐助	juān zhù
P	捕头	bǔ tóu
P	捕食	bǔ shí
P	捞饭	lāo fàn
P	损坏	sǔn huài
P	捡拾	jiǎn shí
P	换亲	huàn qīn
P	换型	huàn xíng
P	换届	huàn jiè
P	换帖	huàn tiě
P	换档	huàn dàng
P	换汇	huàn huì
P	换洗	huàn xǐ
P	换约	huàn yuē
P	换药	huàn yào
P	换血	huàn xiě
P	换行	huàn háng
P	换货	huàn huò
P	换购	huàn gòu
P	捧场	pěng chǎng
P	捶背	chuí bèi
P	掂掇	diān duō
P	掂量	diān liáng
P	掇拾	duō shí
P	授旗	shòu qí
P	掉价	diào jià
P	掉头	diào tóu
P	掉转	diào zhuǎn
P	掌掴	zhǎng guó
P	掌鞭	zhǎng biān
P	排他	pái tā
P	排偶	pái ǒu
P	排击	pái jī
P	排印	pái yìn
P	排场	pái chǎng
P	排外	pái wài
P	排字	pái zì
P	排尾	pái wěi
P	排律	pái lǜ
P	排忧	pái yōu
P	排戏	pái xì
P	排挡	pái dǎng
P	排放	pái fàng
P	排枪	pái qiāng
P	排椅	pái yǐ
P	排污	pái wū
P	排涝	pái lào
P	排演	pái yǎn
P	排灌	pái guàn
P	排炮	pái pào
P	排版	pái bǎn
P	排班	pái bān
P	排空	pái kōng
P	排笔	pái bǐ
P	排筏	pái fá
P	排箫	pái xiāo
P	排练	pái liàn
P	排行	pái háng
P	排解	pái jiě
P	排遣	pái qiǎn
P	排长	pái zhǎng
P	排队	pái duì
P	排阵	pái zhèn
P	排除	pái chú
P	排骨	pái gǔ
P	掖满	yē mǎn
P	掖给	yē gěi
P	接产	jiē chǎn
P	接办	jiē bàn
P	接着	jiē zhe
P	接站	jiē zhàn
P	接访	jiē fǎng
P	接诊	jiē zhěn
P	接货	jiē huò
P	接车	jiē chē
P	接转	jiē zhuǎn
P	推普	tuī pǔ
P	推磨	tuī mò
P	掴手	guó shǒu
P	掸子	dǎn zi
P	掺和	chān huo
P	提交	tí jiāo
P	提亲	tí qīn
P	提价	tí jià
P	提供	tí gōng
P	提倡	tí chàng
P	提兜	tí dōu
P	提出	tí chū
P	提到	tí dào
P	提制	tí zhì
P	提前	tí qián
P	提包	tí bāo
P	提升	tí shēng
P	提单	tí dān
P	提及	tí jí
P	提取	tí qǔ
P	提名	tí míng
P	提壶	tí hú
P	提婚	tí hūn
P	提审	tí shěn
P	提干	tí gàn
P	提心	tí xīn
P	提成	tí chéng
P	提手	tí shǒu
P	提拔	tí bá
P	提拨	tí bō
P	提挈	tí qiè
P	提提	tí tí
P	提携	tí xié
P	提早	tí zǎo
P	提案	tí àn
P	提梁	tí liáng
P	提款	tí kuǎn
P	提法	tí fǎ
P	提溜	dī liū
P	提灌	tí guàn
P	提灯	tí dēng
P	提点	tí diǎn
P	提炼	tí liàn
P	提琴	tí qín
P	提留	tí liú
P	提盒	tí hé
P	提督	tí dū
P	提示	tí shì
P	提神	tí shén
P	提笔	tí bǐ
P	提箱	tí xiāng
P	提篮	tí lán
P	提级	tí jí
P	提纯	tí chún
P	提纲	tí gāng
P	提职	tí zhí
P	提花	tí huā
P	提要	tí yào
P	提议	tí yì
P	提讯	tí xùn
P	提词	tí cí
P	提请	tí qǐng
P	提调	tí diào
P	提货	tí huò
P	提起	tí qǐ
P	提选	tí xuǎn
P	提醒	tí xǐng
P	提问	tí wèn
P	提防	dī fáng
P	提领	tí lǐng
P	提高	tí gāo
P	插头	chā tóu
P	插屏	chā píng
P	插曲	chā qǔ
P	插条	chā tiáo
P	插空	chā kòng
P	握别	wò bié
P	揣度	chuǎi duó
P	揣想	chuǎi xiǎng
P	揣手	chuāi shǒu
P	揣摩	chuǎi mó
P	揣摸	chuǎi mō
P	揣测	chuǎi cè
P	揪斗	jiū dòu
P	揭发	jiē fā
P	揭密	jiē mì
P	揭帖	jiē tiě
P	揭幕	jiē mù
P	揭底	jiē dǐ
P	揭开	jiē kāi
P	揭批	jiē pī
P	揭揭	jiē jiē
P	揭晓	jiē xiǎo
P	揭榜	jiē bǎng
P	揭橥	jiē zhū
P	揭牌	jiē pái
P	揭短	jiē duǎn
P	揭破	jiē pò
P	揭示	jiē shì
P	揭穿	jiē chuān
P	揭锅	jiē guō
P	揭阳	jiē yáng
P	揭露	jiē lù
P	援款	yuán kuǎn
P	援藏	yuán zàng
P	揽储	lǎn chǔ
P	搀假	chān jiǎ
P	搀兑	chān duì
P	搀和	chān huo
P	搁放	gē fàng
P	搁板	gē bǎn
P	搁浅	gē qiǎn
P	搁笔	gē bǐ
P	搁置	gē zhì
P	搂抱	lǒu bào
P	搅合	jiǎo hé
P	搅和	jiǎo huo
P	搅拌	jiǎo bàn
P	搅浑	jiǎo hún
P	搅混	jiǎo gǔn
P	搋子	chuāi zi
P	搏斗	bó dòu
P	搐缩	chù suō
P	搓弄	cuō nòng
P	搓洗	cuō xǐ
P	搔头	sāo tóu
P	搜剿	sōu jiǎo
P	搜括	sōu kuò
P	搜查	sōu chá
P	搜缴	sōu jiǎo
P	搞好	gǎo hǎo
P	搞臭	gǎo chòu
P	搪塞	táng sè
P	搬家	bān jiā
P	搬弄	bān nòng
P	搭乘	dā chéng
P	搭便	dā biàn
P	搭拉	dā lā
P	搭班	dā bān
P	搭理	dā lǐ
P	搭盖	dā gài
P	搭车	dā chē
P	搭载	dā zài
P	搶水	qiāng shuǐ
P	摄人	shè rén
P	摄像	shè xiàng
P	摄制	shè zhì
P	摄卫	shè wèi
P	摄取	shè qǔ
P	摄录	shè lù
P	摄影	shè yǐng
P	摄政	shè zhèng
P	摄生	shè shēng
P	摄食	shè shí
P	摆件	bǎi jiàn
P	摆弄	bǎi nòng
P	摆擂	bǎi lèi
P	摆正	bǎi zhèng
P	摇头	yáo tóu
P	摇把	yáo bà
P	摇晃	yáo huàng
P	摇曳	yáo yè
P	摇椅	yáo yǐ
P	摇荡	yáo dàng
P	摊主	tān zhǔ
P	摊子	tān zi
P	摊放	tān fàng
P	摊还	tān hái
P	摔倒	shuāi dǎo
P	摔打	shuāi dá
P	摔角	shuāi jiǎo
P	摘发	zhāi fā
P	摘报	zhāi bào
P	摘登	zhāi dēng
P	摘编	zhāi biān
P	摘要	zhāi yào
P	摧折	cuī zhé
P	摩天	mó tiān
P	摩尔	mó ěr
P	摩崖	mó yá
P	摩托	mó tuō
P	摩抚	mó fǔ
P	摩挲	mā sā
P	摩擦	mó cā
P	摩登	mó dēng
P	摸准	mō zhǔn
P	摸头	mō tóu
P	摸奖	mō jiǎng
P	摸底	mō dǐ
P	摸高	mō gāo
P	撅嘴	juē zuǐ
P	撇嘴	piě zuǐ
P	撇开	piē kāi
P	撇弃	piē qì
P	撇条	piě tiáo
P	撑住	chēng zhù
P	撑杆	chēng gān
P	撒刁	sā diāo
P	撒娇	sā jiāo
P	撒布	sǎ bù
P	撒开	sā kāi
P	撒手	sā shǒu
P	撒拉	sā lā
P	撒播	sǎ bō
P	撒施	sǎ shī
P	撒旦	sā dàn
P	撒欢	sā huān
P	撒气	sā qì
P	撒泼	sā pō
P	撒种	sǎ zhǒng
P	撒腿	sā tuǐ
P	撒落	sǎ luò
P	撒谎	sā huǎng
P	撒赖	sā lài
P	撒野	sā yě
P	撕打	sī dǎ
P	撕票	sī piào
P	撕裂	sī liè
P	撙节	zǔn jié
P	撞坏	zhuàng huài
P	撞墙	zhuàng qiáng
P	撞见	zhuàng jiàn
P	撞车	zhuàng chē
P	撞钟	zhuàng zhōng
P	撤佃	chè diàn
P	撤免	chè miǎn
P	撤差	chè chāi
P	撤资	chè zī
P	撤防	chè fáng
P	撩乱	liáo luàn
P	撩人	liáo rén
P	撩动	liáo dòng
P	撩开	liáo kāi
P	撩拨	liáo bō
P	撩逗	liáo dòu
P	撬杠	qiào gàng
P	撬棍	qiào gùn
P	播发	bō fā
P	播弄	bō nòng
P	播扬	bō yáng
P	播撒	bō sǎ
P	播散	bō sàn
P	播种	bō zhǒng
P	撮合	cuō hé
P	撮弄	cuō nòng
P	撮箕	cuō jī
P	撮要	cuō yào
P	撰著	zhuàn zhù
P	撷英	xié yīng
P	撺弄	cuān nòng
P	撺掇	cuān duō
P	擂主	lèi zhǔ
P	擂台	lèi tái
P	擂鼓	léi gǔ
P	擅入	shàn rù
P	擅场	shàn chǎng
P	擅长	shàn cháng
P	操刀	cāo dāo
P	操切	cāo qiè
P	操场	cāo chǎng
P	操琴	cāo qín
P	操纵	cāo zòng
P	操行	cāo xíng
P	擒拿	qín ná
P	擒敌	qín dí
P	擘划	bò huà
P	擘画	bò huà
P	擢用	zhuó yòng
P	擦洗	cā xǐ
P	擦背	cā bèi
P	擦边	cā biān
P	攀亲	pān qīn
P	攀供	pān gòng
P	攀折	pān zhé
P	攒动	cuán dòng
P	攒射	cuán shè
P	攒攒	zǎn zǎn
P	攒盒	cuán hé
P	攒眉	cuán méi
P	攒竹	zǎn zhú
P	攒聚	cuán jù
P	攒钱	zǎn qián
P	攒集	cuán jí
P	攘臂	rǎng bì
P	支会	zhī huì
P	支助	zhī zhù
P	支吾	zhī wú
P	支委	zhī wěi
P	支局	zhī jú
P	支差	zhī chāi
P	支应	zhī yìng
P	支数	zhī shù
P	支棱	zhī léng
P	支渠	zhī qú
P	支着	zhī zhāo
P	支票	zhī piào
P	支脉	zhī mài
P	支解	zhī jiě
P	支那	zhī nà
P	收发	shōu fā
P	收场	shōu chǎng
P	收尾	shōu wěi
P	收归	shōu guī
P	收拾	shōu shí
P	收据	shōu jù
P	收服	shōu fú
P	收条	shōu tiáo
P	收款	shōu kuǎn
P	收煞	shōu shā
P	收率	shōu lǜ
P	收监	shōu jiān
P	收看	shōu kàn
P	收租	shōu zū
P	收缩	shōu suō
P	收缴	shōu jiǎo
P	收藏	shōu cáng
P	收账	shōu zhàng
P	收车	shōu chē
P	收转	shōu zhuǎn
P	收载	shōu zǎi
P	收风	shōu fēng
P	改为	gǎi wéi
P	改产	gǎi chǎn
P	改任	gǎi rèn
P	改向	gǎi xiàng
P	改型	gǎi xíng
P	改姓	gǎi xìng
P	改期	gǎi qī
P	改正	gǎi zhèng
P	改称	gǎi chēng
P	改行	gǎi háng
P	改观	gǎi guān
P	改调	gǎi diào
P	改过	gǎi guò
P	攻占	gōng zhàn
P	攻打	gōng dǎ
P	攻擂	gōng léi
P	攻读	gōng dú
P	放任	fàng rèn
P	放倒	fàng dǎo
P	放假	fàng jià
P	放大	fàng dà
P	放射	fàng shè
P	放排	fàng pái
P	放散	fàng sàn
P	放榜	fàng bǎng
P	放毒	fàng dú
P	放活	fàng huó
P	放炮	fàng pào
P	放私	fàng sī
P	放空	fàng kōng
P	放纵	fàng zòng
P	放血	fàng xiě
P	放行	fàng xíng
P	放过	fàng guò
P	放还	fàng huán
P	放量	fàng liàng
P	放风	fàng fēng
P	政令	zhèng lìng
P	政企	zhèng qǐ
P	政体	zhèng tǐ
P	政委	zhèng wěi
P	政教	zhèng jiào
P	政纪	zhèng jì
P	政要	zhèng yào
P	政见	zhèng jiàn
P	政论	zhèng lùn
P	政风	zhèng fēng
P	故伎	gù jì
P	故地	gù dì
P	故知	gù zhī
P	故纵	gù zòng
P	故都	gù dū
P	效应	xiào yìng
P	效率	xiào lǜ
P	效能	xiào néng
P	敌区	dí qū
P	敌友	dí yǒu
P	敌台	dí tái
P	敌境	dí jìng
P	敌忾	dí kài
P	救险	jiù xiǎn
P	教书	jiāo shū
P	教旨	jiào zhǐ
P	教民	jiào mín
P	教法	jiào fǎ
P	教理	jiào lǐ
P	教研	jiào yán
P	教给	jiāo gěi
P	教辅	jiào fǔ
P	敞篷	chǎng péng
P	敞车	chǎng chē
P	敢干	gǎn gàn
P	敢当	gǎn dāng
P	敢想	gǎn xiǎng
P	敢问	gǎn wèn
P	散乱	sǎn luàn
P	散亡	sàn wáng
P	散件	sǎn jiàn
P	散伙	sàn huǒ
P	散会	sàn huì
P	散体	sǎn tǐ
P	散佚	sàn yì
P	散光	sǎn guāng
P	散兵	sǎn bīng
P	散剂	sǎn jì
P	散发	sàn fà
P	散场	sàn chǎng
P	散失	sàn shī
P	散学	sàn xué
P	散射	sǎn shè
P	散居	sǎn jū
P	散工	sǎn gōng
P	散布	sàn bù
P	散席	sàn xí
P	散座	sǎn zuò
P	散开	sàn kāi
P	散心	sàn xīn
P	散戏	sàn xì
P	散户	sǎn hù
P	散播	sàn bō
P	散放	sàn fàng
P	散文	sǎn wén
P	散曲	sǎn qǔ
P	散板	sǎn bǎn
P	散架	sǎn jià
P	散步	sàn bù
P	散水	sàn shuǐ
P	散沙	sǎn shā
P	散漫	sǎn màn
P	散碎	sǎn suì
P	散置	sàn zhì
P	散落	sàn luò
P	散装	sǎn zhuāng
P	散见	sǎn jiàn
P	散记	sǎn jì
P	散钱	sàn qián
P	散闷	sàn mèn
P	敦促	dūn cù
P	敦劝	dūn quàn
P	敦化	dūn huà
P	敦厚	dūn hòu
P	敦实	dūn shí
P	敦朴	dūn piáo
P	敦煌	dūn huáng
P	敦睦	dūn mù
P	敦聘	dūn pìn
P	敦请	dūn qǐng
P	敬仰	jìng yǎng
P	敬候	jìng hòu
P	敬服	jìng fú
P	敬语	jìng yǔ
P	敬重	jìng zhòng
P	数九	shǔ jiǔ
P	数位	shù wèi
P	数值	shù zhí
P	数列	shù liè
P	数制	shù zhì
P	数叨	shù dāo
P	数字	shù zì
P	数学	shù xué
P	数据	shù jù
P	数数	shǔ shù
P	数珠	shù zhū
P	数目	shù mù
P	数码	shù mǎ
P	数落	shǔ luò
P	数表	shù biǎo
P	数论	shù lùn
P	数词	shù cí
P	数说	shǔ shuō
P	数量	shù liàng
P	数额	shù é
P	敲打	qiāo dǎ
P	整个	zhěng gè
P	整体	zhěng tǐ
P	整地	zhěng dì
P	整垮	zhěng kuǎ
P	整复	zhěng fù
P	整宿	zhěng sù
P	整数	zhěng shù
P	整月	zhěng yuè
P	整机	zhěng jī
P	整枝	zhěng zhī
P	整版	zhěng bǎn
P	整纪	zhěng jì
P	整风	zhěng fēng
P	整齐	zhěng qí
P	敷用	fū yòng
P	敷药	fū yào
P	文传	wén chuán
P	文体	wén tǐ
P	文化	wén huà
P	文华	wén huá
P	文卷	wén juàn
P	文句	wén jù
P	文号	wén hào
P	文员	wén yuán
P	文场	wén chǎng
P	文契	wén qì
P	文思	wén sī
P	文戏	wén xì
P	文教	wén jiào
P	文斗	wén dòu
P	文石	wén shí
P	文脉	wén mài
P	文蛤	wén gé
P	文论	wén lùn
P	文采	wén cǎi
P	文风	wén fēng
P	斋期	zhāi qī
P	斐然	fěi rán
P	斑纹	bān wén
P	斗争	dòu zhēng
P	斗勇	dòu yǒng
P	斗嘴	dòu zuǐ
P	斗士	dòu shì
P	斗子	dǒu zi
P	斗室	dǒu shì
P	斗富	dòu fù
P	斗志	dòu zhì
P	斗拱	dǒu gǒng
P	斗方	dǒu fāng
P	斗智	dòu zhì
P	斗殴	dòu ōu
P	斗气	dòu qì
P	斗法	dòu fǎ
P	斗渠	dǒu qú
P	斗牌	dòu pái
P	斗牛	dòu niú
P	斗眼	dòu yǎn
P	斗笠	dǒu lì
P	斗箕	dòu jī
P	斗篷	dǒu péng
P	斗胆	dǒu dǎn
P	斗艳	dòu yàn
P	斗车	dǒu chē
P	斗门	dǒu mén
P	斗鸡	dòu jī
P	料斗	liào dǒu
P	料石	liào shí
P	料量	liào liàng
P	斜街	xié jiē
P	斡旋	wò xuán
P	斤斗	jīn dǒu
P	斧头	fǔ tóu
P	斧正	fǔ zhèng
P	断句	duàn jù
P	断片	duàn piàn
P	断种	duàn zhǒng
P	断臂	duàn bì
P	断语	duàn yǔ
P	新丁	xīn dīng
P	新乐	xīn lè
P	新任	xīn rèn
P	新低	xīn dī
P	新体	xīn tǐ
P	新兴	xīn xīng
P	新化	xīn huà
P	新区	xīn qū
P	新医	xīn yī
P	新奇	xīn qí
P	新姿	xīn zī
P	新教	xīn jiào
P	新正	xīn zhēng
P	新疆	xīn jiāng
P	新知	xīn zhī
P	新绿	xīn lǜ
P	新著	xīn zhù
P	新论	xīn lùn
P	新语	xīn yǔ
P	新郎	xīn láng
P	新雨	xīn yǔ
P	新颜	xīn yán
P	新风	xīn fēng
P	新鲜	xīn xiān
P	方便	fāng biàn
P	方凳	fāng dèng
P	方头	fāng tóu
P	方家	fāng jiā
P	方尺	fāng chǐ
P	方差	fāng chà
P	方术	fāng shù
P	方正	fāng zhèng
P	方砖	fāng zhuān
P	方队	fāng duì
P	於菟	wū tú
P	施与	shī yǔ
P	施为	shī wéi
P	施予	shī yǔ
P	施教	shī jiào
P	施洗	shī xǐ
P	施行	shī xíng
P	旁人	páng rén
P	旁侧	páng cè
P	旁出	páng chū
P	旁及	páng jí
P	旁听	páng tīng
P	旁坐	páng zuò
P	旁支	páng zhī
P	旁注	páng zhù
P	旁白	páng bái
P	旁落	páng luò
P	旁观	páng guān
P	旁证	páng zhèng
P	旁路	páng lù
P	旁边	páng biān
P	旁通	páng tōng
P	旁门	páng mén
P	旁顾	páng gù
P	旁骛	páng wù
P	旅舍	lǚ shè
P	旅行	lǚ xíng
P	旅贲	lǚ bēn
P	旋儿	xuán er
P	旗号	qí hào
P	旗杆	qí gān
P	旗语	qí yǔ
P	无上	wú shàng
P	无不	wú bù
P	无为	wú wéi
P	无从	wú cóng
P	无价	wú jià
P	无任	wú rèn
P	无何	wú hé
P	无几	wú jǐ
P	无华	wú huá
P	无可	wú kě
P	无处	wú chǔ
P	无宁	wú nìng
P	无尽	wú jìn
P	无干	wú gān
P	无度	wú dù
P	无数	wú shù
P	无期	wú qī
P	无照	wú zhào
P	无疆	wú jiāng
P	无疑	wú yí
P	无相	wú xiāng
P	无着	wú zhuó
P	无知	wú zhī
P	无稽	wú jī
P	无缝	wú fèng
P	无能	wú néng
P	无臭	wú xiù
P	无行	wú xíng
P	无论	wú lùn
P	无趣	wú qù
P	无过	wú guò
P	无邪	wú xié
P	无量	wú liàng
P	无间	wú jiàn
P	无阻	wú zǔ
P	无风	wú fēng
P	日中	rì zhōng
P	日内	rì nèi
P	日华	rì huá
P	日场	rì chǎng
P	日均	rì jūn
P	日头	rì tou
P	日子	rì zi
P	日射	rì shè
P	日晒	rì shài
P	日晕	rì yùn
P	日期	rì qī
P	日没	rì mò
P	日渐	rì jiàn
P	日落	rì luò
P	日见	rì jiàn
P	日语	rì yǔ
P	日趋	rì qū
P	日间	rì jiān
P	日食	rì shí
P	旦角	dàn jué
P	旧体	jiù tǐ
P	旧地	jiù dì
P	旧好	jiù hǎo
P	旧家	jiù jiā
P	旧恶	jiù è
P	旧教	jiù jiào
P	旧知	jiù zhī
P	旧约	jiù yuē
P	旧观	jiù guān
P	旧识	jiù shí
P	旧说	jiù shuō
P	旧都	jiù dū
P	旧雨	jiù yǔ
P	旨要	zhǐ yào
P	旨趣	zhǐ qù
P	早上	zǎo shàng
P	早场	zǎo chǎng
P	早朝	zǎo cháo
P	早期	zǎo qī
P	早知	zǎo zhī
P	早衰	zǎo shuāi
P	早车	zǎo chē
P	早间	zǎo jiān
P	旱区	hàn qū
P	旱地	hàn dì
P	旱魔	hàn mó
P	时令	shí lìng
P	时价	shí jià
P	时会	shí huì
P	时兴	shí xīng
P	时分	shí fēn
P	时区	shí qū
P	时差	shí chà
P	时期	shí qī
P	时空	shí kōng
P	时节	shí jié
P	时行	shí xíng
P	时调	shí diào
P	时长	shí cháng
P	时间	shí jiān
P	时风	shí fēng
P	时鲜	shí xiān
P	旷远	kuàng yuǎn
P	旺盛	wàng shèng
P	昂藏	áng cáng
P	昆曲	kūn qǔ
P	昌乐	chāng lè
P	昌盛	chāng shèng
P	明丽	míng lì
P	明了	míng liǎo
P	明令	míng lìng
P	明净	míng jìng
P	明处	míng chù
P	明度	míng dù
P	明抢	míng qiǎng
P	明教	míng jiào
P	明春	míng chūn
P	明朝	míng cháo
P	明渠	míng qú
P	明王	míng wáng
P	明瓦	míng wǎ
P	明知	míng zhī
P	明补	míng bǔ
P	明说	míng shuō
P	明面	míng miàn
P	昏晕	hūn yūn
P	易位	yì wèi
P	易地	yì dì
P	易损	yì sǔn
P	易燃	yì rán
P	易爆	yì bào
P	易货	yì huò
P	星体	xīng tǐ
P	星占	xīng zhān
P	星号	xīng hào
P	星宿	xīng xiù
P	星散	xīng sàn
P	星斗	xīng dǒu
P	星期	xīng qī
P	星相	xīng xiàng
P	星空	xīng kōng
P	星系	xīng xì
P	映射	yìng shè
P	春上	chūn shàng
P	春令	chūn lìng
P	春假	chūn jià
P	春分	chūn fēn
P	春化	chūn huà
P	春卷	chūn juǎn
P	春景	chūn jǐng
P	春种	chūn zhòng
P	春节	chūn jié
P	春雨	chūn yǔ
P	春风	chūn fēng
P	昭苏	zhāo sū
P	昭著	zhāo zhù
P	是否	shì fǒu
P	昵称	nì chēng
P	显得	xiǎn de
P	显能	xiǎn néng
P	显著	xiǎn zhù
P	显要	xiǎn yào
P	显见	xiǎn jiàn
P	显豁	xiǎn huò
P	显露	xiǎn lù
P	晃动	huàng dòng
P	晃悠	huàng yōu
P	晃摇	huàng yáo
P	晃晃	huàng huàng
P	晃眼	huǎng yǎn
P	晃荡	huàng dàng
P	晋见	jìn jiàn
P	晒台	shài tái
P	晒场	shài cháng
P	晓得	xiǎo de
P	晕倒	yūn dǎo
P	晕厥	yūn jué
P	晕场	yùn chǎng
P	晕影	yùn yǐng
P	晕池	yùn chí
P	晕眩	yūn xuàn
P	晕船	yùn chuán
P	晕车	yùn chē
P	晕针	yùn zhēn
P	晕高	yùn gāo
P	晚班	wǎn bān
P	晤见	wù jiàn
P	晨雾	chén wù
P	晨霜	chén shuāng
P	晨风	chén fēng
P	普度	pǔ dù
P	普教	pǔ jiào
P	普查	pǔ chá
P	普降	pǔ jiàng
P	景仰	jǐng yǎng
P	景况	jǐng kuàng
P	景区	jǐng qū
P	景天	jǐng tiān
P	景慕	jǐng mù
P	景教	jǐng jiào
P	景气	jǐng qì
P	景深	jǐng shēn
P	景点	jǐng diǎn
P	景片	jǐng piàn
P	景物	jǐng wù
P	景致	jǐng zhì
P	景色	jǐng sè
P	景行	jǐng xíng
P	景观	jǐng guān
P	景象	jǐng xiàng
P	景遇	jǐng yù
P	晴和	qíng hé
P	晴好	qíng hǎo
P	晴空	qíng kōng
P	晶体	jīng tǐ
P	晶石	jīng shí
P	智囊	zhì náng
P	智擒	zhì qín
P	智术	zhì shù
P	晾台	liàng tái
P	晾干	liàng gān
P	暂住	zàn zhù
P	暂用	zàn yòng
P	暂行	zàn xíng
P	暑假	shǔ jià
P	暑期	shǔ qī
P	暖冬	nuǎn dōng
P	暖和	nuǎn huo
P	暖风	nuǎn fēng
P	暗中	àn zhōng
P	暗号	àn hào
P	暗合	àn hé
P	暗地	àn dì
P	暗场	àn chǎng
P	暗处	àn chù
P	暗红	àn hóng
P	暗绿	àn lǜ
P	暗藏	àn cáng
P	暗补	àn bǔ
P	暗语	àn yǔ
P	暗转	àn zhuǎn
P	暮景	mù jǐng
P	暴乱	bào luàn
P	暴光	bào guāng
P	暴利	bào lì
P	暴力	bào lì
P	暴动	bào dòng
P	暴卒	bào zú
P	暴发	bào fā
P	暴吏	bào lì
P	暴君	bào jūn
P	暴客	bào kè
P	暴富	bào fù
P	暴尸	bào shī
P	暴徒	bào tú
P	暴怒	bào nù
P	暴戾	bào lì
P	暴政	bào zhèng
P	暴敛	bào liǎn
P	暴晒	pù shài
P	暴死	bào sǐ
P	暴毙	bào bì
P	暴民	bào mín
P	暴涨	bào zhǎng
P	暴烈	bào liè
P	暴病	bào bìng
P	暴突	bào tū
P	暴虐	bào nüè
P	暴行	bào xíng
P	暴跌	bào diē
P	暴跳	bào tiào
P	暴躁	bào zào
P	暴雨	bào yǔ
P	暴露	bào lù
P	暴风	bào fēng
P	曝光	bào guāng
P	曝晒	pù shài
P	曝露	pù lù
P	曲剧	qǔ jù
P	曲子	qǔ zi
P	曲尺	qū chǐ
P	曲度	qǔ dù
P	曲张	qǔ zhāng
P	曲径	qū jìng
P	曲折	qū zhé
P	曲曲	qū qū
P	曲柄	qū bǐng
P	曲水	qǔ shuǐ
P	曲江	qǔ jiāng
P	曲池	qǔ chí
P	曲泉	qǔ quán
P	曲泽	qǔ zé
P	曲牌	qǔ pái
P	曲率	qū lǜ
P	曲目	qǔ mù
P	曲直	qū zhí
P	曲笔	qū bǐ
P	曲线	qū xiàn
P	曲艺	qǔ yì
P	曲蟮	qǔ shàn
P	曲解	qū jiě
P	曲调	qǔ diào
P	曲谱	qǔ pǔ
P	曲阜	qū fù
P	曲霉	qū méi
P	曲面	qū miàn
P	更为	gèng wéi
P	更事	gēng shì
P	更其	gèng qí
P	更加	gèng jiā
P	更动	gēng dòng
P	更卒	gēng zú
P	更名	gēng míng
P	更夫	gēng fū
P	更始	gēng shǐ
P	更定	gēng dìng
P	更张	gēng zhāng
P	更换	gēng huàn
P	更改	gēng gǎi
P	更新	gēng xīn
P	更易	gēng yì
P	更替	gēng tì
P	更次	gēng cì
P	更正	gēng zhèng
P	更深	gēng shēn
P	更生	gēng shēng
P	更番	gēng fān
P	更衣	gēng yī
P	更迭	gēng dié
P	更鼓	gēng gǔ
P	曼舞	màn wǔ
P	曾孙	zēng sūn
P	曾祖	zēng zǔ
P	曾经	céng jīng
P	替考	tì kǎo
P	最快	zuì kuài
P	月中	yuè zhōng
P	月产	yuè chǎn
P	月令	yuè lìng
P	月份	yuè fèn
P	月华	yuè huá
P	月台	yuè tái
P	月均	yuè jūn
P	月尾	yuè wěi
P	月底	yuè dǐ
P	月度	yuè dù
P	月晕	yuè yùn
P	月氏	yuè zhī
P	月相	yuè xiàng
P	月石	yuè shí
P	月票	yuè piào
P	月食	yuè shí
P	有为	yǒu wéi
P	有事	yǒu shì
P	有些	yǒu xiē
P	有人	yǒu rén
P	有余	yǒu yú
P	有偿	yǒu cháng
P	有关	yǒu guān
P	有利	yǒu lì
P	有力	yǒu lì
P	有功	yǒu gōng
P	有劲	yǒu jìn
P	有劳	yǒu láo
P	有变	yǒu biàn
P	有司	yǒu sī
P	有名	yǒu míng
P	有味	yǒu wèi
P	有喜	yǒu xǐ
P	有声	yǒu shēng
P	有奖	yǒu jiǎng
P	有如	yǒu rú
P	有害	yǒu hài
P	有年	yǒu nián
P	有幸	yǒu xìng
P	有序	yǒu xù
P	有底	yǒu dǐ
P	有形	yǒu xíng
P	有待	yǒu dài
P	有得	yǒu dé
P	有德	yǒu dé
P	有心	yǒu xīn
P	有志	yǒu zhì
P	有性	yǒu xìng
P	有恒	yǒu héng
P	有情	yǒu qíng
P	有意	yǒu yì
P	有感	yǒu gǎn
P	有愧	yǒu kuì
P	有戏	yǒu xì
P	有成	yǒu chéng
P	有据	yǒu jù
P	有效	yǒu xiào
P	有救	yǒu jiù
P	有数	yǒu shù
P	有方	yǒu fāng
P	有无	yǒu wú
P	有旧	yǒu jiù
P	有时	yǒu shí
P	有望	yǒu wàng
P	有机	yǒu jī
P	有染	yǒu rǎn
P	有气	yǒu qì
P	有点	yǒu diǎn
P	有理	yǒu lǐ
P	有生	yǒu shēng
P	有用	yǒu yòng
P	有病	yǒu bìng
P	有的	yǒu de
P	有益	yǒu yì
P	有盼	yǒu pàn
P	有着	yǒu zhe
P	有碍	yǒu ài
P	有礼	yǒu lǐ
P	有神	yǒu shén
P	有种	yǒu zhǒng
P	有穷	yǒu qióng
P	有空	yǒu kòng
P	有缘	yǒu yuán
P	有罪	yǒu zuì
P	有脸	yǒu liǎn
P	有致	yǒu zhì
P	有色	yǒu sè
P	有节	yǒu jié
P	有若	yǒu ruò
P	有言	yǒu yán
P	有识	yǒu shí
P	有请	yǒu qǐng
P	有赖	yǒu lài
P	有趣	yǒu qù
P	有辙	yǒu zhé
P	有道	yǒu dào
P	有钱	yǒu qián
P	有闲	yǒu xián
P	有限	yǒu xiàn
P	有零	yǒu líng
P	有顷	yǒu qǐng
P	有鬼	yǒu guǐ
P	服丧	fú sāng
P	服人	fú rén
P	服从	fú cóng
P	服众	fú zhòng
P	服侍	fú shì
P	服刑	fú xíng
P	服务	fú wù
P	服勤	fú qín
P	服帖	fú tiē
P	服式	fú shì
P	服役	fú yì
P	服毒	fú dú
P	服气	fú qì
P	服法	fú fǎ
P	服满	fú mǎn
P	服用	fú yòng
P	服罪	fú zuì
P	服老	fú lǎo
P	服膺	fú yīng
P	服色	fú sè
P	服药	fú yào
P	服装	fú zhuāng
P	服贴	fú tiē
P	服软	fú ruǎn
P	服输	fú shū
P	服饰	fú shì
P	朔风	shuò fēng
P	朗读	lǎng dú
P	朝上	cháo shàng
P	朝代	cháo dài
P	朝会	zhāo huì
P	朝向	cháo xiàng
P	朝圣	cháo shèng
P	朝夕	zhāo xī
P	朝天	cháo tiān
P	朝廷	cháo tíng
P	朝拜	cháo bài
P	朝政	cháo zhèng
P	朝日	zhāo rì
P	朝晖	zhāo huī
P	朝暮	zhāo mù
P	朝服	cháo fú
P	朝气	zhāo qì
P	朝着	cháo zhe
P	朝纲	cháo gāng
P	朝臣	cháo chén
P	朝见	cháo jiàn
P	朝觐	cháo jìn
P	朝贡	cháo gòng
P	朝野	cháo yě
P	朝阳	cháo yáng || zhāo yáng
P	朝霞	zhāo xiá
P	朝露	zhāo lù
P	期中	qī zhōng
P	期冀	qī jì
P	期刊	qī kān
P	期年	jī nián
P	期待	qī dài
P	期数	qī shù
P	期望	qī wàng
P	期期	qī qī
P	期末	qī mò
P	期权	qī quán
P	期求	qī qiú
P	期满	qī mǎn
P	期盼	qī pàn
P	期票	qī piào
P	期考	qī kǎo
P	期许	qī xǔ
P	期货	qī huò
P	期门	qī mén
P	期间	qī jiān
P	期限	qī xiàn
P	木塞	mù sāi
P	木头	mù tou
P	木尺	mù chǐ
P	木排	mù pái
P	木杆	mù gǎn
P	木杠	mù gàng
P	木条	mù tiáo
P	木栅	mù shān
P	木桥	mù qiáo
P	木棍	mù gùn
P	木棒	mù bàng
P	木模	mù mú
P	木瓦	mù wǎ
P	木笼	mù lóng
P	木钻	mù zuàn
P	未了	wèi liǎo
P	未便	wèi biàn
P	未几	wèi jǐ
P	未卜	wèi bǔ
P	未可	wèi kě
P	未曾	wèi céng
P	未有	wèi yǒu
P	未详	wèi xiáng
P	末了	mò liǎo
P	末叶	mò yè
P	末尾	mò wěi
P	末期	mò qī
P	末梢	mò shāo
P	末节	mò jié
P	本体	běn tǐ
P	本册	běn cè
P	本分	běn fèn
P	本县	běn xiàn
P	本地	běn dì
P	本家	běn jiā
P	本就	běn jiù
P	本底	běn dǐ
P	本当	běn dāng
P	本戏	běn xì
P	本族	běn zú
P	本条	běn tiáo
P	本校	běn xiào
P	本相	běn xiàng
P	本省	běn shěng
P	本着	běn zhe
P	本票	běn piào
P	本纪	běn jì
P	本能	běn néng
P	本行	běn háng
P	术业	shù yè
P	术后	shù hòu
P	术士	shù shì
P	术科	shù kē
P	术语	shù yǔ
P	朱墨	zhū mò
P	朱批	zhū pī
P	朱文	zhū wén
P	朱槿	zhū jǐn
P	朱漆	zhū qī
P	朱熹	zhū xī
P	朱砂	zhū shā
P	朱笔	zhū bǐ
P	朱红	zhū hóng
P	朱诺	zhū nuò
P	朱门	zhū mén
P	朱雀	zhū què
P	朱鹦	zhū yīng
P	朴刀	pō dāo
P	朴厚	pǔ hòu
P	朴学	pǔ xué
P	朴实	pǔ shí
P	朴拙	pǔ zhuō
P	朴直	pǔ zhí
P	朴硝	pò xiāo
P	朴素	pǔ sù
P	朴茂	pǔ mào
P	朴质	pǔ zhì
P	朴陋	pǔ lòu
P	机会	jī huì
P	机位	jī wèi
P	机体	jī tǐ
P	机化	jī huà
P	机场	jī chǎng
P	机型	jī xíng
P	机种	jī zhǒng
P	机织	jī zhī
P	机能	jī néng
P	机要	jī yào
P	机车	jī chē
P	机轴	jī zhóu
P	机载	jī zài
P	机长	jī zhǎng
P	机降	jī jiàng
P	朽坏	xiǔ huài
P	杀价	shā jià
P	杀头	shā tóu
P	杀毒	shā dú
P	杀菌	shā jūn
P	杂处	zá chǔ
P	杂家	zá jiā
P	杂差	zá chà
P	杂拌	zá bàn
P	杂毛	zá máo
P	杂沓	zá tà
P	杂症	zá zhèng
P	杂种	zá zhǒng
P	杂说	zá shuō
P	杂食	zá shí
P	权且	quán qiě
P	权作	quán zuò
P	权数	quán shù
P	权术	quán shù
P	权欲	quán yù
P	权能	quán néng
P	权重	quán zhòng
P	杆塔	gān tǎ
P	杆子	gān zi
P	杆秤	gǎn chèng
P	杆菌	gǎn jūn
P	杈子	chā zǐ
P	杉木	shā mù
P	杉树	shān shù
P	李子	lǐ zi
P	杏核	xìng hé
P	杏红	xìng hóng
P	杏花	xìng huā
P	村上	cūn shàng
P	村夫	cūn fū
P	村头	cūn tóu
P	村容	cūn róng
P	村舍	cūn shè
P	村落	cūn luò
P	村貌	cūn mào
P	村长	cūn zhǎng
P	束发	shù fà
P	杠夫	gàng fū
P	杠头	gàng tóu
P	杠子	gàng zi
P	杠杆	gàng gǎn
P	杠杠	gàng gàng
P	杠铃	gàng líng
P	条令	tiáo lìng
P	条件	tiáo jiàn
P	条例	tiáo lì
P	条几	tiáo jī
P	条凳	tiáo dèng
P	条子	tiáo zi
P	条幅	tiáo fú
P	条干	tiáo gàn
P	条形	tiáo xíng
P	条播	tiáo bō
P	条文	tiáo wén
P	条条	tiáo tiáo
P	条案	tiáo àn
P	条桌	tiáo zhuō
P	条款	tiáo kuǎn
P	条状	tiáo zhuàng
P	条理	tiáo lǐ
P	条畅	tiáo chàng
P	条痕	tiáo hén
P	条目	tiáo mù
P	条石	tiáo shí
P	条约	tiáo yuē
P	条纹	tiáo wén
P	条绒	tiáo róng
P	条规	tiáo guī
P	条贯	tiáo guàn
P	条陈	tiáo chén
P	来信	lái xìn
P	来劲	lái jìn
P	来头	lái tou
P	来得	lái de
P	来料	lái liào
P	来着	lái zhe
P	来苏	lái sū
P	杨木	yáng mù
P	杯子	bēi zi
P	松劲	sōng jìn
P	松叶	sōng yè
P	松散	sōng sǎn
P	松枝	sōng zhī
P	松柏	sōng bǎi
P	松节	sōng jié
P	板刷	bǎn shuā
P	板子	bǎn zi
P	板正	bǎn zhèng
P	板结	bǎn jié
P	板车	bǎn chē
P	板铺	bǎn pù
P	极为	jí wéi
P	极乐	jí lè
P	极其	jí qí
P	极化	jí huà
P	极圈	jí quān
P	极地	jí dì
P	极大	jí dà
P	极好	jí hǎo
P	极左	jí zuǒ
P	极度	jí dù
P	极恶	jí è
P	极盛	jí shèng
P	极量	jí liàng
P	构思	gòu sī
P	构筑	gòu zhù
P	析疑	xī yí
P	枕头	zhěn tou
P	枕藉	zhěn jiè
P	枕骨	zhěn gǔ
P	林冠	lín guān
P	林区	lín qū
P	林地	lín dì
P	林场	lín chǎng
P	林甸	lín diàn
P	果干	guǒ gàn
P	果料	guǒ liào
P	果枝	guǒ zhī
P	果核	guǒ hé
P	枝丫	zhī yā
P	枝叶	zhī yè
P	枝头	zhī tóu
P	枝子	zhī zi
P	枝干	zhī gàn
P	枝接	zhī jiē
P	枝杈	zhī chà
P	枝条	zhī tiáo
P	枝柯	zhī kē
P	枝梢	zhī shāo
P	枝梧	zhī wú
P	枝节	zhī jié
P	枝蔓	zhī màn
P	枞树	cōng shù
P	枞阳	zōng yáng
P	枢要	shū yào
P	枢轴	shū zhóu
P	枣子	zǎo zi
P	枣核	zǎo hé
P	枣泥	zǎo ní
P	枣红	zǎo hóng
P	枪刺	qiāng cì
P	枪弹	qiāng dàn
P	枪把	qiāng bà
P	枪术	qiāng shù
P	枪杆	qiāng gǎn
P	枪枝	qiāng zhī
P	枪炮	qiāng pào
P	枫叶	fēng yè
P	枭将	xiāo jiàng
P	枯叶	kū yè
P	枯干	kū gān
P	枯枝	kū zhī
P	枯萎	kū wěi
P	枯骨	kū gǔ
P	枳壳	zhǐ ké
P	架子	jià zi
P	架空	jià kōng
P	枸杞	gǒu qǐ
P	枸橘	gōu jú
P	枸橼	jǔ yuán
P	柏乡	bǎi xiāng
P	柏林	bó lín
P	柏油	bǎi yóu
P	某个	mǒu gè
P	某些	mǒu xiē
P	某地	mǒu dì
P	染坊	rǎn fáng
P	染毒	rǎn dú
P	柔化	róu huà
P	柔和	róu hé
P	柔术	róu shù
P	柚子	yòu zi
P	柚木	yóu mù
P	柜上	guì shàng
P	柜台	guì tái
P	柜子	guì zi
P	柜房	guì fáng
P	柜橱	guì chú
P	柞木	zuò mù
P	柞树	zuò shù
P	柞水	zhà shuǐ
P	柞绸	zuò chóu
P	柞蚕	zuò cán
P	查体	chá tǐ
P	查办	chá bàn
P	查勘	chá kān
P	查勤	chá qín
P	查哨	chá shào
P	查处	chá chǔ
P	查夜	chá yè
P	查实	chá shí
P	查对	chá duì
P	查寻	chá xún
P	查封	chá fēng
P	查岗	chá gǎng
P	查帐	chá zhàng
P	查房	chá fáng
P	查扣	chá kòu
P	查找	chá zhǎo
P	查抄	chá chāo
P	查收	chá shōu
P	查明	chá míng
P	查查	zhā zhā
P	查核	chá hé
P	查案	chá àn
P	查检	chá jiǎn
P	查清	chá qīng
P	查点	chá diǎn
P	查照	chá zhào
P	查看	chá kàn
P	查票	chá piào
P	查禁	chá jìn
P	查私	chá sī
P	查究	chá jiū
P	查缉	chá jī
P	查缴	chá jiǎo
P	查考	chá kǎo
P	查获	chá huò
P	查访	chá fǎng
P	查证	chá zhèng
P	查询	chá xún
P	查账	chá zhàng
P	查铺	chá pù
P	查问	chá wèn
P	查阅	chá yuè
P	查验	chá yàn
P	柩车	jiù chē
P	柬帖	jiǎn tiě
P	柱石	zhù shí
P	柳体	liǔ tǐ
P	柳叶	liǔ yè
P	柳巷	liǔ xiàng
P	柳条	liǔ tiáo
P	柳枝	liǔ zhī
P	柳梢	liǔ shāo
P	柳荫	liǔ yīn
P	柴垛	chái duǒ
P	柿子	shì zi
P	栅子	zhà zi
P	栅极	shān jí
P	栅栏	zhà lán
P	栅门	zhà mén
P	标价	biāo jià
P	标号	biāo hào
P	标尺	biāo chǐ
P	标底	biāo dǐ
P	标度	biāo dù
P	标杆	biāo gān
P	标样	biāo yàng
P	标榜	biāo bǎng
P	标的	biāo dì
P	标称	biāo chēng
P	标识	biāo shí
P	标语	biāo yǔ
P	标量	biāo liàng
P	栎木	lì mù
P	栎树	lì shù
P	栏干	lán gān
P	栏杆	lán gān
P	栏柜	lán guì
P	栏栅	lán shān
P	树冠	shù guān
P	树叶	shù yè
P	树干	shù gàn
P	树杈	shù chà
P	树枝	shù zhī
P	树梢	shù shāo
P	树种	shù zhǒng
P	树荫	shù yīn
P	树龄	shù líng
P	栓塞	shuān sè
P	栖居	qī jū
P	栖息	qī xī
P	栖栖	xī xī
P	栖止	qī zhǐ
P	栖身	qī shēn
P	栖霞	qī xiá
P	栗子	lì zi
P	栗暴	lì bào
P	校准	jiào zhǔn
P	校刊	xiào kān
P	校务	xiào wù
P	校勘	jiào kān
P	校医	xiào yī
P	校友	xiào yǒu
P	校史	xiào shǐ
P	校园	xiào yuán
P	校场	jiào chǎng
P	校址	xiào zhǐ
P	校官	xiào guān
P	校对	jiào duì
P	校尉	xiào wèi
P	校工	xiào gōng
P	校庆	xiào qìng
P	校徽	xiào huī
P	校改	jiào gǎi
P	校旗	xiào qí
P	校服	xiào fú
P	校本	jiào běn
P	校样	jiào yàng
P	校核	jiào hé
P	校歌	xiào gē
P	校正	jiào zhèng
P	校注	jiào zhù
P	校点	jiào diǎn
P	校舍	xiào shè
P	校花	xiào huā
P	校规	xiào guī
P	校订	jiào dìng
P	校训	xiào xùn
P	校长	xiào zhǎng
P	校门	xiào mén
P	校阅	jiào yuè
P	校风	xiào fēng
P	校验	jiào yàn
P	株型	zhū xíng
P	样带	yàng dài
P	样片	yàng piàn
P	核仁	hé rén
P	核儿	hú ér
P	核准	hé zhǔn
P	核减	hé jiǎn
P	核发	hé fā
P	核子	hé zǐ
P	核定	hé dìng
P	核实	hé shí
P	核审	hé shěn
P	核对	hé duì
P	核弹	hé dàn
P	核心	hé xīn
P	核果	hé guǒ
P	核查	hé chá
P	核桃	hé táo
P	核算	hé suàn
P	核能	hé néng
P	核膜	hé mó
P	核计	hé jì
P	核账	hé zhàng
P	核资	hé zī
P	核酸	hé suān
P	核销	hé xiāo
P	核验	hé yàn
P	根号	gēn hào
P	根底	gēn dǐ
P	根据	gēn jù
P	根系	gēn xì
P	格斗	gé dòu
P	格纸	gé zhǐ
P	格调	gé diào
P	栽倒	zāi dǎo
P	栽树	zāi shù
P	栽种	zāi zhòng
P	桁架	héng jià
P	桂冠	guì guān
P	桂枝	guì zhī
P	桃核	táo hé
P	桃红	táo hóng
P	桃酥	táo sū
P	桄榔	guāng láng
P	桅杆	wéi gān
P	框定	kuāng dìng
P	案值	àn zhí
P	案卷	àn juàn
P	案子	àn zi
P	桌子	zhuō zi
P	桌椅	zhuō yǐ
P	桐树	tóng shù
P	桐籽	tóng zǐ
P	桑叶	sāng yè
P	桑椹	sāng shèn
P	桑葚	sāng shèn
P	桔梗	jié gěng
P	桔槔	jié gāo
P	桠杈	yā chà
P	桠枝	yā zhī
P	桡骨	ráo gǔ
P	桥台	qiáo tái
P	桥头	qiáo tóu
P	桥拱	qiáo gǒng
P	桥栏	qiáo lán
P	桥身	qiáo shēn
P	桨叶	jiǎng yè
P	梅雨	méi yǔ
P	梆子	bāng zi
P	梗塞	gěng sè
P	梯子	tī zi
P	梳子	shū zi
P	梵刹	fàn chà
P	梵呗	fàn bài
P	梼杌	táo wù
P	棉区	mián qū
P	棉被	mián bèi
P	棋类	qí lèi
P	棋苑	qí yuàn
P	棋风	qí fēng
P	棍子	gùn zi
P	棍棒	gùn bàng
P	棒喝	bàng hè
P	棒头	bàng tóu
P	棒针	bàng zhēn
P	棘刺	jí cì
P	棚圈	péng juàn
P	棚车	péng chē
P	棠棣	táng dì
P	棣棠	dì táng
P	棱柱	léng zhù
P	棱线	léng xiàn
P	棱角	léng jiǎo
P	棱锥	léng zhuī
P	棱镜	léng jìng
P	椅垫	yǐ diàn
P	椅子	yǐ zi
P	植棉	zhí mián
P	椰子	yē zi
P	椰树	yē shù
P	椴树	duàn shù
P	椿树	chūn shù
P	楔子	xiē zi
P	楚剧	chǔ jù
P	楚王	chǔ wáng
P	楞伽	léng qié
P	楞场	léng chǎng
P	楦头	xuàn tóu
P	楷书	kǎi shū
P	楷体	kǎi tǐ
P	楷模	kǎi mó
P	楼上	lóu shàng
P	楼区	lóu qū
P	楼台	lóu tái
P	楼群	lóu qún
P	楼观	lóu guàn
P	概括	gài kuò
P	概数	gài shù
P	概率	gài lǜ
P	概略	gài lüè
P	概算	gài suàn
P	概要	gài yào
P	概观	gài guān
P	概论	gài lùn
P	概说	gài shuō
P	概貌	gài mào
P	榆中	yú zhōng
P	榆钱	yú qián
P	榔头	láng tou
P	榜书	bǎng shū
P	榜文	bǎng wén
P	榜样	bǎng yàng
P	榜眼	bǎng yǎn
P	榜额	bǎng é
P	榜首	bǎng shǒu
P	榧子	fěi zi
P	榫头	sǔn tou
P	榫子	sǔn zi
P	榴弹	liú dàn
P	榾柮	gǔ duò
P	槁木	gǎo mù
P	槐花	huái huā
P	槟子	bīn zi
P	槟榔	bīng láng
P	槽坊	cáo fāng
P	槽头	cáo tóu
P	槽子	cáo zi
P	槽车	cáo chē
P	槽钢	cáo gāng
P	樊笼	fán lóng
P	樊篱	fán lí
P	模仿	mó fǎng
P	模具	mú jù
P	模印	mó yìn
P	模型	mó xíng
P	模子	mú zi
P	模式	mó shì
P	模拟	mó nǐ
P	模本	mó běn
P	模板	mú bǎn
P	模样	mú yàng
P	模棱	mó léng
P	模糊	mó hú
P	模范	mó fàn
P	横事	hèng shì
P	横亘	héng gèn
P	横列	héng liè
P	横加	héng jiā
P	横匾	héng biǎn
P	横向	héng xiàng
P	横尸	héng shī
P	横幅	héng fú
P	横心	héng xīn
P	横恣	héng zì
P	横扫	héng sǎo
P	横批	héng pī
P	横披	héng pī
P	横排	héng pái
P	横断	héng duàn
P	横是	héng shì
P	横暴	hèng bào
P	横木	héng mù
P	横标	héng biāo
P	横梁	héng liáng
P	横死	hèng sǐ
P	横渡	héng dù
P	横溢	héng yì
P	横生	héng shēng
P	横直	héng zhí
P	横眉	héng méi
P	横祸	hèng huò
P	横空	héng kōng
P	横穿	héng chuān
P	横竖	héng shù
P	横笛	héng dí
P	横联	héng lián
P	横肉	héng ròu
P	横蛮	hèng mán
P	横行	héng xíng
P	横街	héng jiē
P	横议	hèng yì
P	横话	hèng huà
P	横财	hèng cái
P	横贯	héng guàn
P	横越	héng yuè
P	横跨	héng kuà
P	横轴	héng zhóu
P	横过	héng guò
P	横逆	hèng nì
P	横遭	héng zāo
P	横队	héng duì
P	横隔	héng gé
P	横额	héng é
P	樵夫	qiáo fū
P	橘子	jú zi
P	橘汁	jú zhī
P	橘红	jú hóng
P	橘络	jú luò
P	橘黄	jú huáng
P	橙红	chéng hóng
P	橛子	jué zi
P	橱柜	chú guì
P	檀木	tán mù
P	檀郎	tán láng
P	檐下	yán xià
P	檐口	yán kǒu
P	檐头	yán tóu
P	檐溜	yán liù
P	檩子	lǐn zi
P	檩条	lǐn tiáo
P	欠条	qiàn tiáo
P	欠火	qiàn huǒ
P	次数	cì shù
P	次要	cì yào
P	次长	cì zhǎng
P	欢乐	huān lè
P	欢场	huān chǎng
P	欢好	huān hǎo
P	欢度	huān dù
P	欢愉	huān yú
P	欢跳	huān tiào
P	欣闻	xīn wén
P	欧体	ōu tǐ
P	欧化	ōu huà
P	欧风	ōu fēng
P	欺压	qī yā
P	欺哄	qī hǒng
P	欺瞒	qī mán
P	欺蒙	qī méng
P	款型	kuǎn xíng
P	款待	kuǎn dài
P	款曲	kuǎn qū
P	款爷	kuǎn yé
P	款识	kuǎn zhì
P	歃血	shà xuè
P	歇凉	xiē liáng
P	歇宿	xiē sù
P	歇枝	xiē zhī
P	歌会	gē huì
P	歌女	gē nǚ
P	歌带	gē dài
P	歌曲	gē qǔ
P	歌行	gē xíng
P	歙县	shè xiàn
P	止泻	zhǐ xiè
P	止血	zhǐ xuè
P	正业	zhèng yè
P	正中	zhèng zhōng
P	正义	zhèng yì
P	正书	zhèng shū
P	正事	zhèng shì
P	正传	zhèng zhuàn
P	正位	zhèng wèi
P	正体	zhèng tǐ
P	正值	zhèng zhí
P	正像	zhèng xiàng
P	正册	zhèng cè
P	正凶	zhèng xiōng
P	正出	zhèng chū
P	正切	zhèng qiē
P	正则	zhèng zé
P	正剧	zhèng jù
P	正割	zhèng gē
P	正午	zhèng wǔ
P	正厅	zhèng tīng
P	正史	zhèng shǐ
P	正号	zhèng hào
P	正名	zhèng míng
P	正向	zhèng xiàng
P	正告	zhèng gào
P	正品	zhèng pǐn
P	正在	zhèng zài
P	正堂	zhèng táng
P	正大	zhèng dà
P	正好	zhèng hǎo
P	正始	zhèng shǐ
P	正字	zhèng zì
P	正宗	zhèng zōng
P	正定	zhèng dìng
P	正室	zhèng shì
P	正宫	zhèng gōng
P	正屋	zhèng wū
P	正巧	zhèng qiǎo
P	正常	zhèng cháng
P	正座	zhèng zuò
P	正式	zhèng shì
P	正弦	zhèng xián
P	正当	zhèng dāng
P	正德	zhèng dé
P	正心	zhèng xīn
P	正房	zhèng fáng
P	正手	zhèng shǒu
P	正教	zhèng jiào
P	正数	zhèng shù
P	正文	zhèng wén
P	正方	zhèng fāng
P	正日	zhèng rì
P	正旦	zhēng dàn
P	正时	zhèng shí
P	正是	zhèng shì
P	正月	zhēng yuè
P	正朔	zhēng shuò
P	正本	zhèng běn
P	正极	zhèng jí
P	正果	zhèng guǒ
P	正格	zhèng gé
P	正梁	zhèng liáng
P	正楷	zhèng kǎi
P	正步	zhèng bù
P	正殿	zhèng diàn
P	正比	zhèng bǐ
P	正气	zhèng qì
P	正治	zhèng zhì
P	正法	zhèng fǎ
P	正派	zhèng pài
P	正点	zhèng diǎn
P	正片	zhèng piàn
P	正牌	zhèng pái
P	正犯	zhèng fàn
P	正理	zhèng lǐ
P	正用	zhèng yòng
P	正电	zhèng diàn
P	正盐	zhèng yán
P	正直	zhèng zhí
P	正眼	zhèng yǎn
P	正确	zhèng què
P	正经	zhèng jīng
P	正统	zhèng tǒng
P	正编	zhèng biān
P	正职	zhèng zhí
P	正色	zhèng sè
P	正行	zhèng xíng
P	正要	zhèng yào
P	正见	zhèng jiàn
P	正规	zhèng guī
P	正视	zhèng shì
P	正解	zhèng jiě
P	正论	zhèng lùn
P	正话	zhèng huà
P	正误	zhèng wù
P	正课	zhèng kè
P	正负	zhèng fù
P	正路	zhèng lù
P	正身	zhèng shēn
P	正轨	zhèng guǐ
P	正途	zhèng tú
P	正道	zhèng dào
P	正门	zhèng mén
P	正阳	zhèng yáng
P	正面	zhèng miàn
P	正音	zhèng yīn
P	正题	zhèng tí
P	正餐	zhèng cān
P	正骨	zhèng gǔ
P	此人	cǐ rén
P	此地	cǐ dì
P	此间	cǐ jiān
P	步行	bù xíng
P	步调	bù diào
P	武场	wǔ chǎng
P	武夫	wǔ fū
P	武将	wǔ jiàng
P	武戏	wǔ xì
P	武打	wǔ dǎ
P	武斗	wǔ dòu
P	武术	wǔ shù
P	武行	wǔ háng
P	歪曲	wāi qū
P	歪风	wāi fēng
P	歹念	dǎi niàn
P	歹毒	dǎi dú
P	死亡	sǐ wáng
P	死信	sǐ xìn
P	死别	sǐ bié
P	死地	sǐ dì
P	死契	sǐ qì
P	死巷	sǐ xiàng
P	死当	sǐ dàng
P	死性	sǐ xìng
P	死期	sǐ qī
P	死症	sǐ zhèng
P	死结	sǐ jié
P	死节	sǐ jié
P	死角	sǐ jiǎo
P	死钱	sǐ qián
P	死难	sǐ nàn
P	歼敌	jiān dí
P	殆尽	dài jìn
P	殉教	xùn jiào
P	殉节	xùn jié
P	殉难	xùn nàn
P	残匪	cán fěi
P	残卷	cán juàn
P	残旧	cán jiù
P	残暴	cán bào
P	残次	cán cì
P	残毒	cán dú
P	残片	cán piàn
P	残迹	cán jì
P	殡车	bìn chē
P	殴打	ōu dǎ
P	殴斗	ōu dòu
P	段落	duàn luò
P	段长	duàn zhǎng
P	殷切	yīn qiè
P	殷勤	yīn qín
P	殷商	yīn shāng
P	殷墟	yīn xū
P	殷实	yīn shí
P	殷富	yīn fù
P	殷忧	yīn yōu
P	殷殷	yīn yīn
P	殷红	yān hóng
P	殷鉴	yīn jiàn
P	毁坏	huǐ huài
P	毁约	huǐ yuē
P	毁证	huǐ zhèng
P	毋宁	wú nìng
P	母亲	mǔ qīn
P	母体	mǔ tǐ
P	母带	mǔ dài
P	母教	mǔ jiào
P	母校	mǔ xiào
P	母畜	mǔ chù
P	母系	mǔ xì
P	母语	mǔ yǔ
P	每当	měi dāng
P	毒刑	dú xíng
P	毒刺	dú cì
P	毒剂	dú jì
P	毒化	dú huà
P	毒品	dú pǐn
P	毒害	dú hài
P	毒性	dú xìng
P	毒手	dú shǒu
P	毒打	dú dǎ
P	毒杀	dú shā
P	毒死	dú sǐ
P	毒气	dú qì
P	毒汁	dú zhī
P	毒液	dú yè
P	毒焰	dú yàn
P	毒牙	dú yá
P	毒物	dú wù
P	毒犯	dú fàn
P	毒瘤	dú liú
P	毒瘾	dú yǐn
P	毒箭	dú jiàn
P	毒素	dú sù
P	毒腺	dú xiàn
P	毒草	dú cǎo
P	毒药	dú yào
P	毒菌	dú jūn
P	毒蕈	dú xùn
P	毒虫	dú chóng
P	毒蛇	dú shé
P	毒蛾	dú é
P	毒计	dú jì
P	毒谋	dú móu
P	毒辣	dú là
P	毒酒	dú jiǔ
P	毒雾	dú wù
P	毒饵	dú ěr
P	毒龙	dú lóng
P	比价	bǐ jià
P	比兴	bǐ xīng
P	比分	bǐ fēn
P	比划	bǐ huà
P	比干	bǐ gān
P	比率	bǐ lǜ
P	比重	bǐ zhòng
P	比量	bǐ liáng
P	毕剥	bì bāo
P	毕肖	bì xiào
P	毕露	bì lù
P	毛刷	máo shuā
P	毛刺	máo cì
P	毛发	máo fà
P	毛呢	máo ní
P	毛囊	máo náng
P	毛头	máo tóu
P	毛拉	máo lā
P	毛条	máo tiáo
P	毛活	máo huó
P	毛渠	máo qú
P	毛片	máo piàn
P	毛石	máo shí
P	毛票	máo piào
P	毛葛	máo gě
P	毛蚶	máo hān
P	毛遂	máo suí
P	毛重	máo zhòng
P	毡子	zhān zi
P	毯子	tǎn zi
P	氏族	shì zú
P	民乐	mín yuè
P	民夫	mín fū
P	民家	mín jiā
P	民校	mín xiào
P	民约	mín yuē
P	民间	mín jiān
P	民风	mín fēng
P	民食	mín shí
P	气体	qì tǐ
P	气化	qì huà
P	气压	qì yā
P	气囊	qì náng
P	气圈	qì quān
P	气层	qì céng
P	气度	qì dù
P	气数	qì shù
P	气旋	qì xuán
P	气泡	qì pào
P	气盛	qì shèng
P	气脉	qì mài
P	气节	qì jié
P	气血	qì xuè
P	气量	qì liàng
P	气闷	qì mèn
P	气阀	qì fá
P	氢弹	qīng dàn
P	氦气	hài qì
P	氧化	yǎng huà
P	氧吧	yǎng bā
P	水上	shuǐ shàng
P	水冷	shuǐ lěng
P	水分	shuǐ fèn
P	水剂	shuǐ jì
P	水区	shuǐ qū
P	水压	shuǐ yā
P	水发	shuǐ fā
P	水合	shuǐ hé
P	水吧	shuǐ ba
P	水地	shuǐ dì
P	水头	shuǐ tóu
P	水尺	shuǐ chǐ
P	水房	shuǐ fáng
P	水斗	shuǐ dòu
P	水景	shuǐ jǐng
P	水暖	shuǐ nuǎn
P	水杉	shuǐ shān
P	水柜	shuǐ guì
P	水栅	shuǐ shān
P	水样	shuǐ yàng
P	水泊	shuǐ pō
P	水法	shuǐ fǎ
P	水泡	shuǐ pào
P	水泥	shuǐ ní
P	水泽	shuǐ zé
P	水浒	shuǐ hǔ
P	水渠	shuǐ qú
P	水溜	shuǐ liù
P	水炮	shuǐ pào
P	水磨	shuǐ mó
P	水系	shuǐ xì
P	水红	shuǐ hóng
P	水纹	shuǐ wén
P	水绿	shuǐ lǜ
P	水肥	shuǐ féi
P	水能	shuǐ néng
P	水蛇	shuǐ shé
P	水解	shuǐ jiě
P	水车	shuǐ chē
P	水量	shuǐ liàng
P	水靴	shuǐ xuē
P	永别	yǒng bié
P	永宁	yǒng níng
P	永远	yǒng yuǎn
P	永驻	yǒng zhù
P	求亲	qiú qīn
P	求助	qiú zhù
P	求和	qiú hé
P	求师	qiú shī
P	求教	qiú jiào
P	求新	qiú xīn
P	求治	qiú zhì
P	求真	qiú zhēn
P	求知	qiú zhī
P	求稳	qiú wěn
P	求胜	qiú shèng
P	求见	qiú jiàn
P	求解	qiú jiě
P	求诊	qiú zhěn
P	求降	qiú xiáng
P	求雨	qiú yǔ
P	汆子	cuān zi
P	汇价	huì jià
P	汇兑	huì duì
P	汇合	huì hé
P	汇展	huì zhǎn
P	汇率	huì lǜ
P	汇票	huì piào
P	汉中	hàn zhōng
P	汉家	hàn jiā
P	汉显	hàn xiǎn
P	汉王	hàn wáng
P	汉语	hàn yǔ
P	汊港	chà gǎng
P	汗斑	hàn bān
P	汗毛	hàn máo
P	汗水	hàn shuǐ
P	汗液	hàn yè
P	汗渍	hàn zì
P	汗珠	hàn zhū
P	汗碱	hàn jiǎn
P	汗脚	hàn jiǎo
P	汗腺	hàn xiàn
P	汗衫	hàn shān
P	汗褂	hàn guà
P	汗青	hàn qīng
P	汗颜	hàn yán
P	汛期	xùn qī
P	江北	jiāng běi
P	江南	jiāng nán
P	江宁	jiāng níng
P	江苏	jiāng sū
P	江都	jiāng dū
P	污泥	wū ní
P	污物	wū wù
P	汤剂	tāng jì
P	汤勺	tāng sháo
P	汤包	tāng bāo
P	汤匙	tāng chí
P	汤团	tāng tuán
P	汤圆	tāng yuán
P	汤头	tāng tóu
P	汤水	tāng shuǐ
P	汤池	tāng chí
P	汤泉	tāng quán
P	汤碗	tāng wǎn
P	汤罐	tāng guàn
P	汤药	tāng yào
P	汤锅	tāng guō
P	汤面	tāng miàn
P	汩汩	gǔ gǔ
P	汩没	gǔ mò
P	汶上	wèn shàng
P	汹涌	xiōng yǒng
P	汽化	qì huà
P	汽车	qì chē
P	沃地	wò dì
P	沈思	shěn sī
P	沉底	chén dǐ
P	沉思	chén sī
P	沉毅	chén yì
P	沉没	chén mò
P	沉溺	chén nì
P	沉着	chén zhuó
P	沉重	chén zhòng
P	沉闷	chén mèn
P	沏茶	qī chá
P	沓子	tà zǐ
P	沙丘	shā qiū
P	沙俄	shā é
P	沙包	shā bāo
P	沙化	shā huà
P	沙参	shā shēn
P	沙发	shā fā
P	沙哑	shā yǎ
P	沙囊	shā náng
P	沙土	shā tǔ
P	沙地	shā dì
P	沙场	shā chǎng
P	沙坑	shā kēng
P	沙坝	shā bà
P	沙堆	shā duī
P	沙子	shā zi
P	沙害	shā hài
P	沙尘	shā chén
P	沙岸	shā àn
P	沙市	shā shì
P	沙弥	shā mí
P	沙拉	shā lā
P	沙暴	shā bào
P	沙果	shā guǒ
P	沙枣	shā zǎo
P	沙柳	shā liǔ
P	沙梨	shā lí
P	沙棘	shā jí
P	沙沙	shā shā
P	沙洲	shā zhōu
P	沙浴	shā yù
P	沙滩	shā tān
P	沙漏	shā lòu
P	沙漠	shā mò
P	沙灾	shā zāi
P	沙田	shā tián
P	沙皇	shā huáng
P	沙盘	shā pán
P	沙眼	shā yǎn
P	沙石	shā shí
P	沙砾	shā lì
P	沙碛	shā qì
P	沙船	shā chuán
P	沙荒	shā huāng
P	沙虫	shā chóng
P	沙袋	shā dài
P	沙质	shā zhì
P	沙金	shā jīn
P	沙锅	shā guō
P	沙门	shā mén
P	沙雕	shā diāo
P	沙鱼	shā yú
P	沙鸡	shā jī
P	沙鸥	shā ōu
P	沙龙	shā lóng
P	沟坎	gōu kǎn
P	沟堑	gōu qiàn
P	沟渠	gōu qú
P	没世	mò shì
P	没事	méi shì
P	没人	méi rén
P	没入	mò rù
P	没劲	méi jìn
P	没味	méi wèi
P	没命	méi mìng
P	没完	méi wán
P	没底	méi dǐ
P	没戏	méi xì
P	没收	mò shōu
P	没救	méi jiù
P	没有	méi yǒu
P	没用	méi yòng
P	没空	méi kòng
P	没缘	méi yuán
P	没羞	méi xiū
P	没脸	méi liǎn
P	没臊	méi sāo
P	没药	mò yào
P	没落	mò luò
P	没趣	méi qù
P	没过	mò guò
P	没齿	mò chǐ
P	沤肥	òu féi
P	沦丧	lún sàng
P	沦亡	lún wáng
P	沦没	lún mò
P	沦落	lún luò
P	沫儿	mò er
P	沫子	mò zi
P	沮丧	jǔ sàng
P	沮洳	jù rù
P	河内	hé nèi
P	河北	hé běi
P	河南	hé nán
P	河坝	hé bà
P	河底	hé dǐ
P	河曲	hé qū
P	河沙	hé shā
P	河泥	hé ní
P	河渠	hé qú
P	河港	hé gǎng
P	河系	hé xì
P	河蚌	hé bàng
P	河间	hé jiān
P	河鲜	hé xiān
P	油区	yóu qū
P	油品	yóu pǐn
P	油坊	yóu fáng
P	油星	yóu xīng
P	油条	yóu tiáo
P	油桶	yóu tǒng
P	油泥	yóu ní
P	油炸	yóu zhá
P	油石	yóu shí
P	油管	yóu guǎn
P	油篓	yóu lǒu
P	油绿	yóu lǜ
P	油罐	yóu guàn
P	油膏	yóu gāo
P	油藏	yóu cáng
P	油质	yóu zhì
P	油车	yóu chē
P	油迹	yóu jì
P	治丧	zhì sāng
P	治家	zhì jiā
P	治山	zhì shān
P	治服	zhì fú
P	治污	zhì wū
P	治沙	zhì shā
P	治穷	zhì qióng
P	治黄	zhì huáng
P	沼地	zhǎo dì
P	沼泽	zhǎo zé
P	沾亲	zhān qīn
P	沾化	zhān huà
P	沿条	yán tiáo
P	沿着	yán zhe
P	泄劲	xiè jìn
P	泄密	xiè mì
P	泄底	xiè dǐ
P	泄恨	xiè hèn
P	泄愤	xiè fèn
P	泄气	xiè qì
P	泄水	xiè shuǐ
P	泄沓	xiè tà
P	泄泻	xiè xiè
P	泄洪	xiè hóng
P	泄漏	xiè lòu
P	泄露	xiè lòu
P	泉涌	quán yǒng
P	泊位	bó wèi
P	泊地	pō dì
P	泊车	bó chē
P	泌阳	bì yáng
P	法令	fǎ lìng
P	法会	fǎ huì
P	法号	fǎ hào
P	法场	fǎ chǎng
P	法家	fǎ jiā
P	法帖	fǎ tiè
P	法度	fǎ dù
P	法拉	fǎ lā
P	法术	fǎ shù
P	法王	fǎ wáng
P	法相	fǎ xiàng
P	法纪	fǎ jì
P	法语	fǎ yǔ
P	法郎	fǎ láng
P	泛化	fàn huà
P	泛称	fàn chēng
P	泛论	fàn lùn
P	泡制	pào zhì
P	泡妞	pào niū
P	泡子	pāo zǐ
P	泡影	pào yǐng
P	泡桐	pāo tóng
P	泡汤	pào tāng
P	泡沫	pào mò
P	泡泡	pào pào
P	泡涨	pào zhàng
P	泡漩	pào xuán
P	泡澡	pào zǎo
P	泡茶	pào chá
P	泡菜	pào cài
P	泡货	pāo huò
P	泡饭	pào fàn
P	波折	bō zhé
P	波纹	bō wén
P	波长	bō cháng
P	泣血	qì xuè
P	泥丸	ní wán
P	泥人	ní rén
P	泥古	nì gǔ
P	泥土	ní tǔ
P	泥坑	ní kēng
P	泥坯	ní pī
P	泥垢	ní gòu
P	泥塑	ní sù
P	泥塘	ní táng
P	泥子	nì zǐ
P	泥封	ní fēng
P	泥岩	ní yán
P	泥巴	ní bā
P	泥水	ní shuǐ
P	泥污	ní wū
P	泥沙	ní shā
P	泥沼	ní zhǎo
P	泥泞	ní nìng
P	泥浆	ní jiāng
P	泥淖	ní nào
P	泥滩	ní tān
P	泥潭	ní tán
P	泥灰	ní huī
P	泥炭	ní tàn
P	泥胎	ní tāi
P	泥鳅	ní qiū
P	注射	zhù shè
P	注解	zhù jiě
P	注重	zhù zhòng
P	泯没	mǐn mò
P	泰和	tài hé
P	泰宁	tài níng
P	泰斗	tài dǒu
P	泰语	tài yǔ
P	泻肚	xiè dù
P	泼剌	pō là
P	泼洒	pō sǎ
P	泽兰	zé lán
P	泽国	zé guó
P	泽泻	zé xiè
P	洁净	jié jìng
P	洁肤	jié fū
P	洋化	yáng huà
P	洋场	yáng chǎng
P	洋服	yáng fú
P	洋相	yáng xiàng
P	洋红	yáng hóng
P	洋行	yáng háng
P	洋车	yáng chē
P	洋酒	yáng jiǔ
P	洒家	sǎ jiā
P	洒扫	sǎ sǎo
P	洒泪	sǎ lèi
P	洒洒	sǎ sǎ
P	洒脱	sǎ tuō
P	洒落	sǎ luò
P	洗三	xǐ sān
P	洗冤	xǐ yuān
P	洗净	xǐ jìng
P	洗刷	xǐ shuā
P	洗剂	xǐ jì
P	洗劫	xǐ jié
P	洗印	xǐ yìn
P	洗发	xǐ fà
P	洗头	xǐ tóu
P	洗尘	xǐ chén
P	洗手	xǐ shǒu
P	洗染	xǐ rǎn
P	洗洗	xǐ xǐ
P	洗浴	xǐ yù
P	洗涤	xǐ dí
P	洗涮	xǐ shuàn
P	洗漱	xǐ shù
P	洗澡	xǐ zǎo
P	洗濯	xǐ zhuó
P	洗烫	xǐ tàng
P	洗煤	xǐ méi
P	洗牌	xǐ pái
P	洗礼	xǐ lǐ
P	洗练	xǐ liàn
P	洗肠	xǐ cháng
P	洗胃	xǐ wèi
P	洗脱	xǐ tuō
P	洗衣	xǐ yī
P	洗钱	xǐ qián
P	洗雪	xǐ xuě
P	洛夫	luò fū
P	洞见	dòng jiàn
P	津要	jīn yào
P	洪大	hóng dà
P	洪泽	hóng zé
P	洪量	hóng liàng
P	活似	huó sì
P	活体	huó tǐ
P	活佛	huó fó
P	活便	huó biàn
P	活儿	huó er
P	活分	huó fēn
P	活化	huó huà
P	活埋	huó mái
P	活塞	huó sāi
P	活期	huó qī
P	活着	huó zhe
P	活结	huó jié
P	活络	huó luò
P	活血	huó xuè
P	活食	huó shí
P	洼地	wā dì
P	派别	pài bié
P	派发	pài fā
P	派员	pài yuán
P	派头	pài tóu
P	派系	pài xì
P	流丽	liú lì
P	流云	liú yún
P	流亡	liú wáng
P	流传	liú chuán
P	流体	liú tǐ
P	流别	liú bié
P	流化	liú huà
P	流弹	liú dàn
P	流散	liú sàn
P	流毒	liú dú
P	流氓	liú máng
P	流汗	liú hàn
P	流沙	liú shā
P	流淌	liú tǎng
P	流苏	liú sū
P	流落	liú luò
P	流血	liú xiě
P	流行	liú xíng
P	流转	liú zhuǎn
P	流量	liú liàng
P	流露	liú lù
P	流风	liú fēng
P	流食	liú shí
P	浅学	qiǎn xué
P	浅尝	qiǎn cháng
P	浅明	qiǎn míng
P	浅易	qiǎn yì
P	浅显	qiǎn xiǎn
P	浅水	qiǎn shuǐ
P	浅浅	qiǎn qiǎn
P	浅海	qiǎn hǎi
P	浅淡	qiǎn dàn
P	浅滩	qiǎn tān
P	浅白	qiǎn bái
P	浅笑	qiǎn xiào
P	浅耕	qiǎn gēng
P	浅色	qiǎn sè
P	浅薄	qiǎn bó
P	浅表	qiǎn biǎo
P	浅见	qiǎn jiàn
P	浅说	qiǎn shuō
P	浅谈	qiǎn tán
P	浅近	qiǎn jìn
P	浅陋	qiǎn lòu
P	浅露	qiǎn lù
P	浆果	jiāng guǒ
P	浆汁	jiāng zhī
P	浆洗	jiāng xǐ
P	浆液	jiāng yè
P	浆糊	jiāng hú
P	浇地	jiāo dì
P	浇头	jiāo tóu
P	浇洒	jiāo sǎ
P	浇薄	jiāo bó
P	浊度	zhuó dù
P	浊水	zhuó shuǐ
P	浊浪	zhuó làng
P	测光	cè guāng
P	测度	cè duó
P	测查	cè chá
P	测距	cè jù
P	测速	cè sù
P	测量	cè liáng
P	测震	cè zhèn
P	济世	jì shì
P	济事	jì shì
P	济公	jì gōng
P	济助	jì zhù
P	济南	jǐ nán
P	济宁	jǐ níng
P	济济	jì jì
P	济私	jì sī
P	济贫	jì pín
P	浑似	hún sì
P	浑家	hún jiā
P	浑朴	hún piáo
P	浓度	nóng dù
P	浓绿	nóng lǜ
P	浓缩	nóng suō
P	浓荫	nóng yīn
P	浓重	nóng zhòng
P	浓阴	nóng yīn
P	浩大	hào dà
P	浩繁	hào fán
P	浪头	làng tou
P	浪峰	làng fēng
P	浮华	fú huá
P	浮夸	fú kuā
P	浮浅	fú qiǎn
P	浮漂	fú piāo
P	浮石	fú shí
P	浴佛	yù fó
P	浴场	yù chǎng
P	浴血	yù xuè
P	海上	hǎi shàng
P	海兽	hǎi shòu
P	海内	hǎi nèi
P	海区	hǎi qū
P	海南	hǎi nán
P	海参	hǎi shēn
P	海员	hǎi yuán
P	海地	hǎi dì
P	海岭	hǎi lǐng
P	海底	hǎi dǐ
P	海扇	hǎi shàn
P	海港	hǎi gǎng
P	海燕	hǎi yàn
P	海疆	hǎi jiāng
P	海禁	hǎi jìn
P	海苔	hǎi tái
P	海蛇	hǎi shé
P	海角	hǎi jiǎo
P	海量	hǎi liàng
P	海钓	hǎi diào
P	海难	hǎi nàn
P	海风	hǎi fēng
P	海鱼	hǎi yú
P	海鲜	hǎi xiān
P	海鳗	hǎi mán
P	海龟	hǎi guī
P	浸没	jìn mò
P	浸泡	jìn pào
P	浸洗	jìn xǐ
P	浸种	jìn zhǒng
P	涂抹	tú mǒ
P	涂片	tú piàn
P	消亡	xiāo wáng
P	消化	xiāo huà
P	消散	xiāo sàn
P	消毒	xiāo dú
P	消磁	xiāo cí
P	消磨	xiāo mó
P	消解	xiāo jiě
P	消长	xiāo zhǎng
P	消食	xiāo shí
P	涌出	yǒng chū
P	涌动	yǒng dòng
P	涌泉	yǒng quán
P	涌流	yǒng liú
P	涌浪	yǒng làng
P	涌潮	yǒng cháo
P	涌现	yǒng xiàn
P	涌进	yǒng jìn
P	涡旋	wō xuán
P	涡河	guō hé
P	涡流	wō liú
P	涣散	huàn sàn
P	涤卡	dí kǎ
P	涤纶	dí lún
P	润泽	rùn zé
P	涨价	zhǎng jià
P	涨水	zhǎng shuǐ
P	涨潮	zhǎng cháo
P	涨红	zhàng hóng
P	涨落	zhǎng luò
P	涨钱	zhǎng qián
P	涨风	zhǎng fēng
P	涮洗	shuàn xǐ
P	涮肉	shuàn ròu
P	淋浴	lín yù
P	淋淋	lín lín
P	淋病	lìn bìng
P	淋雨	lín yǔ
P	淌汗	tǎng hàn
P	淑女	shū nǚ
P	淘洗	táo xǐ
P	淡化	dàn huà
P	淡泊	dàn bó
P	淡红	dàn hóng
P	淡绿	dàn lǜ
P	淡薄	dàn bó
P	淡青	dàn qīng
P	淤塞	yū sè
P	淤泥	yū ní
P	淤血	yū xuè
P	淫雨	yín yǔ
P	深为	shēn wéi
P	深切	shēn qiè
P	深化	shēn huà
P	深巷	shēn xiàng
P	深广	shēn guǎng
P	深度	shēn dù
P	深思	shēn sī
P	深恐	shēn kǒng
P	深浅	shēn qiǎn
P	深省	shēn xǐng
P	深翻	shēn fān
P	深远	shēn yuǎn
P	深长	shēn cháng
P	淳于	chún yú
P	淳化	chún huà
P	淳厚	chún hòu
P	淳美	chún měi
P	混养	hùn yǎng
P	混双	hùn shuāng
P	混和	hùn hé
P	混声	hùn shēng
P	混子	hùn zǐ
P	混帐	hùn zhàng
P	混活	hún huó
P	混浊	hùn zhuó
P	混混	hùn hùn
P	混血	hùn xuè
P	混饭	hùn fàn
P	淹埋	yān mái
P	淹没	yān mò
P	淹溺	yān nì
P	添丁	tiān dīng
P	添彩	tiān cǎi
P	添色	tiān sè
P	清寒	qīng hán
P	清库	qīng kù
P	清挖	qīng wā
P	清欠	qīng qiàn
P	清淤	qīng yū
P	清肺	qīng fèi
P	清障	qīng zhàng
P	渎职	dú zhí
P	渐显	jiàn xiǎn
P	渐染	jiān rǎn
P	渐洳	jiān rù
P	渐渍	jiān zì
P	渑池	miǎn chí
P	渔政	yú zhèng
P	渠道	qú dào
P	渡头	dù tóu
P	渣土	zhā tǔ
P	温和	wēn hé
P	温宿	wēn sù
P	温差	wēn chà
P	温度	wēn dù
P	温控	wēn kòng
P	温觉	wēn jué
P	港元	gǎng yuán
P	港务	gǎng wù
P	港口	gǎng kǒu
P	港商	gǎng shāng
P	港客	gǎng kè
P	港币	gǎng bì
P	港汊	gǎng chà
P	港湾	gǎng wān
P	港澳	gǎng ào
P	港警	gǎng jǐng
P	港货	gǎng huò
P	港资	gǎng zī
P	渴念	kě niàn
P	渴盼	kě pàn
P	游兴	yóu xìng
P	游勇	yóu yǒng
P	游医	yóu yī
P	游园	yóu yuán
P	游廊	yóu láng
P	游程	yóu chéng
P	游说	yóu shuì
P	游鱼	yóu yú
P	渺渺	miǎo miǎo
P	渺远	miǎo yuǎn
P	湔洗	jiān xǐ
P	湖光	hú guāng
P	湖北	hú běi
P	湖南	hú nán
P	湖广	hú guǎng
P	湖心	hú xīn
P	湖汊	hú chà
P	湖泊	hú pō
P	湖泽	hú zé
P	湖田	hú tián
P	湖笔	hú bǐ
P	湖绿	hú lǜ
P	湖色	hú sè
P	湖蓝	hú lán
P	湘莲	xiāng lián
P	湘语	xiāng yǔ
P	湫隘	jiǎo ài
P	湮没	yān mò
P	湮灭	yān miè
P	湾头	wān tóu
P	湾泊	wān bó
P	湿地	shī dì
P	湿度	shī dù
P	湿热	shī rè
P	溃乱	kuì luàn
P	溃兵	kuì bīng
P	溃军	kuì jūn
P	溃决	kuì jué
P	溃围	kuì wéi
P	溃堤	kuì dī
P	溃散	kuì sàn
P	溃民	kuì mín
P	溃灭	kuì miè
P	溃烂	kuì làn
P	溃疡	kuì yáng
P	溃脓	huì nóng
P	溃败	kuì bài
P	溃退	kuì tuì
P	溃逃	kuì táo
P	溅射	jiàn shè
P	溅水	jiàn shuǐ
P	溅污	jiàn wū
P	溅湿	jiàn shī
P	溅落	jiàn luò
P	溏便	táng biàn
P	源地	yuán dì
P	源头	yuán tóu
P	源源	yuán yuán
P	溜光	liū guāng
P	溜冰	liū bīng
P	溜号	liū hào
P	溜圆	liū yuán
P	溜子	liū zi
P	溜开	liū kāi
P	溜掉	liū diào
P	溜槽	liū cáo
P	溜溜	liū liū
P	溜滑	liū huá
P	溜索	liū suǒ
P	溜走	liū zǒu
P	溜边	liū biān
P	溜达	liū dá
P	溢价	yì jià
P	溢美	yì měi
P	溪水	xī shuǐ
P	溵溜	yīn liū
P	溶化	róng huà
P	溶合	róng hé
P	溶斗	róng dòu
P	溶溶	róng róng
P	溶血	róng xuè
P	溶解	róng jiě
P	溺婴	nì yīng
P	溺死	nì sǐ
P	溺水	nì shuǐ
P	溺爱	nì ài
P	溽暑	rù shǔ
P	溽热	rù rè
P	滇剧	diān jù
P	滋长	zī zhǎng
P	滋阴	zī yīn
P	滑头	huá tóu
P	滑嫩	huá nèn
P	滑润	huá rùn
P	滑溜	huá liū
P	滑爽	huá shuǎng
P	滑石	huá shí
P	滑稽	huá jī
P	滑落	huá luò
P	滑行	huá xíng
P	滑车	huá chē
P	滑道	huá dào
P	滔天	tāo tiān
P	滚木	gǔn mù
P	滚梯	gǔn tī
P	滚热	gǔn rè
P	滚翻	gǔn fān
P	滚落	gǔn luò
P	滚轮	gǔn lún
P	滚轴	gǔn zhóu
P	滚雷	gǔn léi
P	滞洪	zhì hóng
P	满分	mǎn fēn
P	满勤	mǎn qín
P	满员	mǎn yuán
P	满处	mǎn chǔ
P	满期	mǎn qī
P	满载	mǎn zài
P	滤过	lǜ guò
P	滥发	làn fā
P	滥捕	làn bǔ
P	滥调	làn diào
P	滩地	tān dì
P	滩头	tān tóu
P	滩羊	tān yáng
P	滴淌	dī tǎng
P	滴答	dī dā
P	滴落	dī luò
P	滴虫	dī chóng
P	漂亮	piào liàng
P	漂儿	piāo ér
P	漂染	piǎo rǎn
P	漂泊	piāo bó
P	漂洗	piǎo xǐ
P	漂流	piāo liú
P	漂浮	piāo fú
P	漂海	piāo hǎi
P	漂游	piāo yóu
P	漂漂	piāo piāo
P	漂白	piǎo bái
P	漂砾	piāo lì
P	漂移	piāo yí
P	漆匠	qī jiàng
P	漆画	qī huà
P	漆皮	qī pí
P	漏光	lòu guāng
P	漏夜	lòu yè
P	漏子	lòu zi
P	漏报	lòu bào
P	漏斗	lòu dǒu
P	漏检	lòu jiǎn
P	漏泄	lòu xiè
P	漏网	lòu wǎng
P	漏风	lòu fēng
P	演化	yǎn huà
P	演员	yǎn yuán
P	演戏	yǎn xì
P	演期	yǎn qī
P	演说	yǎn shuō
P	漠北	mò běi
P	漠南	mò nán
P	漠漠	mò mò
P	漢藏	hàn zàng
P	漩涡	xuán wō
P	漫卷	màn juǎn
P	漫流	màn liú
P	漫灌	màn guàn
P	漫笔	màn bǐ
P	漫话	màn huà
P	漫说	màn shuō
P	漫谈	màn tán
P	漫道	màn dào
P	漫长	màn cháng
P	漯河	tà hé
P	漱洗	shù xǐ
P	潇洒	xiāo sǎ
P	潇潇	xiāo xiāo
P	潋滟	liàn yàn
P	潜回	qián huí
P	潜流	qián liú
P	潜能	qián néng
P	潜航	qián háng
P	潜藏	qián cáng
P	潜血	qián xuè
P	潜行	qián xíng
P	潜返	qián fǎn
P	潜隐	qián yǐn
P	潦倒	liáo dǎo
P	潦草	liáo cǎo
P	潮剧	cháo jù
P	潮头	cháo tóu
P	潮差	cháo chā
P	潮涌	cháo yǒng
P	潮润	cháo rùn
P	潮红	cháo hóng
P	潮解	cháo jiě
P	潸潸	shān shān
P	潸然	shān rán
P	澄净	chéng jìng
P	澄明	chéng míng
P	澄江	chéng jiāng
P	澄汰	chéng tài
P	澄沙	dèng shā
P	澄清	chéng qīng
P	澄澈	chéng chè
P	澄碧	chéng bì
P	澄结	dèng jié
P	澄莹	chéng yíng
P	澳抗	ào kàng
P	澹台	tán tái
P	澹澹	dàn dàn
P	激切	jī qiè
P	激化	jī huà
P	激发	jī fā
P	激变	jī biàn
P	激将	jī jiàng
P	激扬	jī yáng
P	濯濯	zhuó zhuó
P	瀑布	pù bù
P	瀚海	hàn hǎi
P	瀛台	yíng tái
P	灌制	guàn zhì
P	灌区	guàn qū
P	灌洗	guàn xǐ
P	灌浆	guàn jiāng
P	灌渠	guàn qú
P	灌装	guàn zhuāng
P	灌顶	guàn dǐng
P	火化	huǒ huà
P	火场	huǒ chǎng
P	火夫	huǒ fū
P	火头	huǒ tóu
P	火并	huǒ bìng
P	火把	huǒ bǎ
P	火拼	huǒ pīn
P	火捻	huǒ niǎn
P	火炮	huǒ pào
P	火燵	huǒ tā
P	火石	huǒ shí
P	火种	huǒ zhǒng
P	火笼	huǒ lóng
P	火红	huǒ hóng
P	火蛇	huǒ shé
P	火车	huǒ chē
P	灭亡	miè wáng
P	灭种	miè zhǒng
P	灭菌	miè jūn
P	灯会	dēng huì
P	灯台	dēng tái
P	灯头	dēng tóu
P	灯捻	dēng niǎn
P	灯晕	dēng yùn
P	灯泡	dēng pào
P	灯笼	dēng lóng
P	灯箱	dēng xiāng
P	灯节	dēng jié
P	灯芯	dēng xīn
P	灯语	dēng yǔ
P	灯饰	dēng shì
P	灰分	huī fēn
P	灰化	huī huà
P	灰沙	huī shā
P	灰浆	huī jiāng
P	灰质	huī zhì
P	灵便	líng biàn
P	灵猫	líng māo
P	灵蛇	líng shé
P	灵车	líng chē
P	灶台	zào tái
P	灶头	zào tou
P	灶间	zào jiān
P	灼见	zhuó jiàn
P	灾区	zāi qū
P	灾难	zāi nàn
P	炉台	lú tái
P	炉瓦	lú wǎ
P	炉门	lú mén
P	炎凉	yán liáng
P	炎症	yán zhèng
P	炕几	kàng jǐ
P	炕头	kàng tóu
P	炕梢	kàng shāo
P	炫弄	xuàn nòng
P	炭化	tàn huà
P	炮仗	pào zhàng
P	炮位	pào wèi
P	炮兵	pào bīng
P	炮击	pào jī
P	炮制	páo zhì
P	炮口	pào kǒu
P	炮台	pào tái
P	炮塔	pào tǎ
P	炮座	pào zuò
P	炮弹	pào dàn
P	炮战	pào zhàn
P	炮手	pào shǒu
P	炮楼	pào lóu
P	炮火	pào huǒ
P	炮灰	pào huī
P	炮烙	páo luò
P	炮眼	pào yǎn
P	炮竹	pào zhú
P	炮膛	pào táng
P	炮舰	pào jiàn
P	炮艇	pào tǐng
P	炮衣	pào yī
P	炮车	pào chē
P	炸弹	zhà dàn
P	炸毁	zhà huǐ
P	炸破	zhà pò
P	炸碎	zhà suì
P	炸窝	zhà wō
P	炸糕	zhá gāo
P	炸药	zhà yào
P	炸虾	zhá xiā
P	炸裂	zhà liè
P	炸酱	zhá jiàng
P	炸锅	zhà guō
P	炸雷	zhà léi
P	炸鱼	zhá yú
P	点化	diǎn huà
P	点发	diǎn fā
P	点号	diǎn hào
P	点头	diǎn tóu
P	点射	diǎn shè
P	点将	diǎn jiàng
P	点数	diǎn shù
P	点灯	diǎn dēng
P	点炮	diǎn pào
P	点着	diǎn zháo
P	点种	diǎn zhòng
P	炼句	liàn jù
P	炼钢	liàn gāng
P	炽盛	chì shèng
P	烂泥	làn ní
P	烂糊	làn hú
P	烈女	liè nǚ
P	烈属	liè shǔ
P	烈度	liè dù
P	烈风	liè fēng
P	烘干	hōng gān
P	烘房	hōng fáng
P	烘笼	hōng lóng
P	烙印	lào yìn
P	烙痕	lào hén
P	烙花	lào huā
P	烙铁	lào tiě
P	烙饼	lào bǐng
P	烛台	zhú tái
P	烟卷	yān juǎn
P	烟叶	yān yè
P	烟头	yān tóu
P	烟斗	yān dǒu
P	烟杆	yān gǎn
P	烟毒	yān dú
P	烟泡	yān pào
P	烟熏	yān xūn
P	烟筒	yān tóng
P	烟膏	yān gāo
P	烟雨	yān yǔ
P	烤制	kǎo zhì
P	烦渎	fán dú
P	烦闷	fán mèn
P	烦难	fán nán
P	烧化	shāo huà
P	烧结	shāo jié
P	烩饼	huì bǐng
P	烫发	tàng fà
P	烫头	tàng tóu
P	烫洗	tàng xǐ
P	热中	rè zhōng
P	热切	rè qiè
P	热化	rè huà
P	热压	rè yā
P	热和	rè huo
P	热地	rè dì
P	热度	rè dù
P	热播	rè bō
P	热毒	rè dú
P	热汤	rè tāng
P	热症	rè zhèng
P	热络	rè luò
P	热能	rè néng
P	热菜	rè cài
P	热血	rè xuè
P	热量	rè liàng
P	热风	rè fēng
P	烹调	pēng tiáo
P	焊缝	hàn fèng
P	焙干	bèi gān
P	焚化	fén huà
P	焚风	fén fēng
P	焦化	jiāo huà
P	焦干	jiāo gān
P	焦思	jiāo sī
P	焦煳	jiāo hú
P	焦糊	jiāo hú
P	煎炸	jiān zhá
P	煎熬	jiān áo
P	煞住	shā zhù
P	煞尾	shā wěi
P	煞星	shà xīng
P	煞气	shā qì
P	煞白	shà bái
P	煞神	shà shén
P	煞笔	shā bǐ
P	煞车	shā chē
P	煤尘	méi chén
P	煤毒	méi dú
P	煤熏	méi xùn
P	煤饼	méi bǐng
P	照会	zhào huì
P	照发	zhào fā
P	照射	zhào shè
P	照应	zhào yìng
P	照度	zhào dù
P	照拂	zhào fú
P	照片	zhào piān
P	照相	zhào xiàng
P	照看	zhào kàn
P	照着	zhào zhe
P	照见	zhào jiàn
P	照说	zhào shuō
P	熊猫	xióng māo
P	熏倒	xùn dǎo
P	熏制	xūn zhì
P	熏染	xūn rǎn
P	熏熏	xūn xūn
P	熏着	xùn zháo
P	熏蒸	xūn zhēng
P	熏透	xūn tòu
P	熏陶	xūn táo
P	熏风	xūn fēng
P	熏香	xūn xiāng
P	熏鱼	xūn yú
P	熏鸡	xūn jī
P	熔化	róng huà
P	熔解	róng jiě
P	熙和	xī hé
P	熟化	shú huà
P	熟地	shú dì
P	熟思	shú sī
P	熟知	shú zhī
P	熟识	shú shí
P	熟语	shú yǔ
P	熟食	shú shí
P	熨帖	yù tiē
P	熨斗	yùn dǒu
P	熨烫	yùn tàng
P	熬夜	áo yè
P	熬心	áo xīn
P	熬煎	áo jiān
P	熬熬	áo áo
P	燎原	liáo yuán
P	燎泡	liáo pào
P	燕京	yān jīng
P	燕儿	yàn ér
P	燕子	yàn zi
P	燕尔	yàn ěr
P	燕尾	yàn wěi
P	燕居	yàn jū
P	燕山	yān shān
P	燕窝	yàn wō
P	燕赵	yān zhào
P	燕雀	yàn què
P	燕麦	yàn mài
P	燥裂	zào liè
P	燧石	suì shí
P	爆发	bào fā
P	爆炸	bào zhà
P	爆裂	bào liè
P	爪儿	zhuǎ ér
P	爪哇	zhǎo wā
P	爪子	zhuǎ zi
P	爪牙	zhǎo yá
P	爬坡	pá pō
P	爬行	pá xíng
P	爱好	ài hào
P	爱称	ài chēng
P	父业	fù yè
P	父亲	fù qīn
P	父兄	fù xiōng
P	父子	fù zǐ
P	父执	fù zhí
P	父本	fù běn
P	父权	fù quán
P	父母	fù mǔ
P	父系	fù xì
P	父老	fù lǎo
P	父训	fù xùn
P	父辈	fù bèi
P	片儿	piān er
P	片刻	piàn kè
P	片剂	piàn jì
P	片头	piàn tóu
P	片子	piān zi
P	片断	piàn duàn
P	片时	piàn shí
P	片段	piàn duàn
P	片瓦	piàn wǎ
P	片言	piàn yán
P	片语	piàn yǔ
P	片酬	piàn chóu
P	片面	piàn miàn
P	版筑	bǎn zhù
P	牌价	pái jià
P	牌儿	pái er
P	牌号	pái hào
P	牌坊	pái fāng
P	牌子	pái zi
P	牌风	pái fēng
P	牙刷	yá shuā
P	牙石	yá shí
P	牙碜	yá chěn
P	牙缝	yá fèng
P	牙缸	yá gāng
P	牙膏	yá gāo
P	牙龈	yá yín
P	牛仔	niú zǎi
P	牛劲	niú jìn
P	牛圈	niú juàn
P	牛头	niú tóu
P	牛扒	niú bā
P	牛排	niú pái
P	牛瘟	niú wēn
P	牛肚	niú dǔ
P	牛角	niú jiǎo
P	牛车	niú chē
P	牛郎	niú láng
P	牛鞅	niú yàng
P	牟利	móu lì
P	牟取	móu qǔ
P	牟平	mù píng
P	牢度	láo dù
P	牢笼	láo lóng
P	牢骚	láo sāo
P	牧区	mù qū
P	牧地	mù dì
P	牧场	mù chǎng
P	牧畜	mù xù
P	牧羊	mù yáng
P	物价	wù jià
P	物体	wù tǐ
P	物化	wù huà
P	物华	wù huá
P	物种	wù zhǒng
P	物耗	wù hào
P	牯牛	gǔ niú
P	牲畜	shēng chù
P	牵头	qiān tóu
P	牵强	qiān qiǎng
P	牵拉	qiān lā
P	牵系	qiān xì
P	牵累	qiān lěi
P	特为	tè wèi
P	特价	tè jià
P	特优	tè yōu
P	特体	tè tǐ
P	特准	tè zhǔn
P	特别	tè bié
P	特区	tè qū
P	特困	tè kùn
P	特地	tè dì
P	特徵	tè zhǐ
P	特批	tè pī
P	特有	tè yǒu
P	特种	tè zhǒng
P	特约	tè yuē
P	特聘	tè pìn
P	特行	tè xíng
P	特许	tè xǔ
P	特长	tè cháng
P	犀角	xī jiǎo
P	犁杖	lí zhàng
P	犁田	lí tián
P	犄角	jī jiǎo
P	犍为	qián wéi
P	犍牛	jiān niú
P	犟劲	jiàng jìn
P	犯上	fàn shàng
P	犯急	fàn jí
P	犯疑	fàn yí
P	犯禁	fàn jìn
P	犯难	fàn nán
P	状语	zhuàng yǔ
P	犹大	yóu dà
P	犹疑	yóu yí
P	犹若	yóu ruò
P	狂奔	kuáng bēn
P	狂暴	kuáng bào
P	狂舞	kuáng wǔ
P	狂风	kuáng fēng
P	狐疑	hú yí
P	狐皮	hú pí
P	狐臊	hú sāo
P	狐臭	hú chòu
P	狗头	gǒu tóu
P	狗胆	gǒu dǎn
P	狞恶	níng è
P	狠劲	hěn jìn
P	狠抓	hěn zhuā
P	狠毒	hěn dú
P	狠话	hěn huà
P	独个	dú gè
P	独体	dú tǐ
P	独创	dú chuàng
P	独占	dú zhàn
P	独处	dú chǔ
P	独夫	dú fū
P	独女	dú nǚ
P	独家	dú jiā
P	独有	dú yǒu
P	独行	dú xíng
P	独角	dú jiǎo
P	狭巷	xiá xiàng
P	狭缝	xiá fèng
P	狭长	xiá cháng
P	狮子	shī zi
P	狱医	yù yī
P	狱卒	yù zú
P	狱警	yù jǐng
P	狴犴	bì àn
P	狸猫	lí māo
P	狼头	láng tóu
P	狼毒	láng dú
P	狼藉	láng jí
P	猎装	liè zhuāng
P	猛可	měng kě
P	猛将	měng jiàng
P	猛男	měng nán
P	猜度	cāi duó
P	猜着	cāi zháo
P	猜透	cāi tòu
P	猩红	xīng hóng
P	猪排	zhū pái
P	猪窝	zhū wō
P	猪肚	zhū dǔ
P	猪舍	zhū shě
P	献上	xiàn shàng
P	献演	xiàn yǎn
P	献给	xiàn gěi
P	献血	xiàn xiě
P	猴头	hóu tóu
P	猴子	hóu zi
P	猴戏	hóu xì
P	猴王	hóu wáng
P	獐子	zhāng zi
P	獭祭	tǎ jì
P	玄参	xuán cān
P	玄奥	xuán ào
P	玄孙	xuán sūn
P	玄思	xuán sī
P	玄秘	xuán mì
P	玄远	xuán yuǎn
P	率先	shuài xiān
P	率军	shuài jūn
P	率尔	shuài ěr
P	率性	shuài xìng
P	率然	shuài rán
P	率直	shuài zhí
P	率真	shuài zhēn
P	率部	lǜ bù
P	率队	shuài duì
P	率领	shuài lǐng
P	玉体	yù tǐ
P	玉佛	yù fó
P	玉女	yù nǚ
P	玉石	yù shí
P	玉镯	yù zhuó
P	玉食	yù shí
P	王位	wáng wèi
P	王侯	wáng hóu
P	王储	wáng chǔ
P	王八	wáng bā
P	王公	wáng gōng
P	王冠	wáng guān
P	王台	wáng tái
P	王后	wáng hòu
P	王国	wáng guó
P	王妃	wáng fēi
P	王子	wáng zǐ
P	王孙	wáng sūn
P	王官	wáng guān
P	王室	wáng shì
P	王宫	wáng gōng
P	王府	wáng fǔ
P	王政	wáng zhèng
P	王族	wáng zú
P	王朝	wáng cháo
P	王权	wáng quán
P	王水	wáng shuǐ
P	王法	wáng fǎ
P	王浆	wáng jiāng
P	王爷	wáng yé
P	王牌	wáng pái
P	王相	wáng xiàng
P	王者	wáng zhě
P	王蒙	wáng méng
P	王蛇	wáng shé
P	王道	wáng dào
P	玩乐	wán lè
P	玩兴	wán xìng
P	玩弄	wán nòng
P	环中	huán zhōng
P	环伺	huán sì
P	环合	huán hé
P	环晕	huán yùn
P	环节	huán jié
P	环行	huán xíng
P	环食	huán shí
P	现买	xiàn mǎi
P	现价	xiàn jià
P	现任	xiàn rèn
P	现出	xiàn chū
P	现卖	xiàn mài
P	现地	xiàn dì
P	现场	xiàn chǎng
P	现有	xiàn yǒu
P	现期	xiàn qī
P	现汇	xiàn huì
P	现行	xiàn xíng
P	现量	xiàn liàng
P	玻璃	bō lí
P	珍奇	zhēn qí
P	珍摄	zhēn shè
P	珍藏	zhēn cáng
P	珍重	zhēn zhòng
P	珠蚌	zhū bàng
P	珠被	zhū bèi
P	班期	bān qī
P	班禅	bān chán
P	班车	bān chē
P	班长	bān zhǎng
P	球市	qiú shì
P	球操	qiú cāo
P	球果	qiú guǒ
P	球迷	qiú mí
P	理发	lǐ fà
P	琢磨	zhuó mó
P	琴声	qín shēng
P	琴弓	qín gōng
P	琴曲	qín qǔ
P	琼浆	qióng jiāng
P	瑗珲	yuàn huī
P	瑜伽	yú jiā
P	瑟缩	sè suō
P	瑰丽	guī lì
P	瑰奇	guī qí
P	瑶民	yáo mín
P	璧还	bì huán
P	瓜分	guā fēn
P	瓜期	guā qī
P	瓜架	guā jià
P	瓜片	guā piàn
P	瓜秧	guā yāng
P	瓜葛	guā gé
P	瓜蔓	guā wàn
P	瓜藤	guā téng
P	瓣儿	bàn er
P	瓤子	ráng zi
P	瓦全	wǎ quán
P	瓦刀	wà dāo
P	瓦匠	wǎ jiàng
P	瓦器	wǎ qì
P	瓦圈	wǎ quān
P	瓦垄	wǎ lǒng
P	瓦屋	wǎ wū
P	瓦工	wǎ gōng
P	瓦当	wǎ dāng
P	瓦房	wǎ fáng
P	瓦斯	wǎ sī
P	瓦松	wǎ sōng
P	瓦楞	wǎ léng
P	瓦沟	wǎ gōu
P	瓦灰	wǎ huī
P	瓦片	wǎ piàn
P	瓦特	wǎ tè
P	瓦盆	wǎ pén
P	瓦砾	wǎ lì
P	瓦窑	wǎ yáo
P	瓦罐	wǎ guàn
P	瓦舍	wǎ shè
P	瓦蓝	wǎ lán
P	瓦解	wǎ jiě
P	瓶塞	píng sāi
P	瓶子	píng zi
P	瓶盖	píng gài
P	瓶胆	píng dǎn
P	瓶颈	píng jǐng
P	瓷缸	cí gāng
P	甄别	zhēn bié
P	甑子	zèng zi
P	甘为	gān wéi
P	甘休	gān xiū
P	甘当	gān dāng
P	甘结	gān jié
P	甘醇	gān chún
P	甘雨	gān yǔ
P	甘露	gān lù
P	甚且	shèn qiě
P	甚为	shèn wéi
P	甚么	shén me
P	甚于	shén yú
P	甚或	shèn huò
P	甚而	shèn ér
P	甚至	shèn zhì
P	甚麼	shén me
P	甜椒	tián jiāo
P	生于	shēng yú
P	生分	shēng fēn
P	生化	shēng huà
P	生发	shēng fà
P	生吃	shēng chī
P	生员	shēng yuán
P	生地	shēng dì
P	生殖	shēng zhí
P	生父	shēng fù
P	生番	shēng fān
P	生疑	shēng yí
P	生肖	shēng xiào
P	生角	shēng jué
P	生趣	shēng qù
P	生还	shēng huán
P	生长	shēng zhǎng
P	生风	shēng fēng
P	生鲜	shēng xiān
P	甥女	shēng nǚ
P	用做	yòng zuò
P	用刑	yòng xíng
P	用劲	yòng jìn
P	用地	yòng dì
P	用场	yòng chǎng
P	用处	yòng chǔ
P	用度	yòng dù
P	用材	yòng cái
P	用语	yòng yǔ
P	田地	tián dì
P	田头	tián tóu
P	田契	tián qì
P	田家	tián jiā
P	田父	tián fǔ
P	田舍	tián shè
P	田间	tián jiān
P	由头	yóu tou
P	由得	yóu de
P	甲壳	jiǎ qiào
P	甲骨	jiǎ gǔ
P	申令	shēn lìng
P	申曲	shēn qǔ
P	申论	shēn lùn
P	申说	shēn shuō
P	电价	diàn jià
P	电传	diàn chuán
P	电信	diàn xìn
P	电函	diàn hán
P	电刨	diàn bào
P	电厂	diàn chǎng
P	电压	diàn yā
P	电台	diàn tái
P	电场	diàn chǎng
P	电声	diàn shēng
P	电大	diàn dà
P	电扇	diàn shàn
P	电教	diàn jiào
P	电晕	diàn yūn
P	电杆	diàn gān
P	电椅	diàn yǐ
P	电石	diàn shí
P	电磨	diàn mó
P	电示	diàn shì
P	电算	diàn suàn
P	电耗	diàn hào
P	电能	diàn néng
P	电荷	diàn hè
P	电解	diàn jiě
P	电费	diàn fèi
P	电车	diàn chē
P	电量	diàn liàng
P	电钻	diàn zuàn
P	男丁	nán dīng
P	男乒	nán pīng
P	男仆	nán pú
P	男女	nán nǚ
P	男家	nán jiā
P	男宾	nán bīn
P	男式	nán shì
P	男模	nán mó
P	男科	nán kē
P	甸子	diàn zi
P	画卷	huà juàn
P	画夹	huà jiā
P	画家	huà jiā
P	画屏	huà píng
P	画帖	huà tiè
P	画片	huà piàn
P	画画	huà huà
P	画论	huà lùn
P	画轴	huà zhóu
P	畅行	chàng xíng
P	界内	jiè nèi
P	界外	jiè wài
P	界尺	jiè chǐ
P	界石	jiè shí
P	界约	jiè yuē
P	界说	jiè shuō
P	畏光	wèi guāng
P	畏寒	wèi hán
P	畏服	wèi fú
P	畏缩	wèi suō
P	畏难	wèi nán
P	留任	liú rèn
P	留传	liú chuán
P	留利	liú lì
P	留别	liú bié
P	留宿	liú sù
P	留待	liú dài
P	留种	liú zhǒng
P	留空	liú kòng
P	留落	liú luò
P	留难	liú nàn
P	畚斗	běn dǒu
P	畜产	xù chǎn
P	畜养	xù yǎng
P	畜力	chù lì
P	畜圈	chù juàn
P	畜栏	chù lán
P	畜牧	xù mù
P	畜牲	chù shēng
P	畜生	chù sheng
P	畜疫	chù yì
P	畜禽	chù qín
P	畜类	chù lèi
P	畜肥	chù féi
P	番号	fān hào
P	番将	fān jiàng
P	番椒	fān jiāo
P	番瓜	fān guā
P	番禺	pān yú
P	番茄	fān qié
P	番菜	fān cài
P	番薯	fān shǔ
P	番邦	fān bāng
P	疆土	jiāng tǔ
P	疆场	jiāng chǎng
P	疆域	jiāng yù
P	疆界	jiāng jiè
P	疏勒	shū lè
P	疏散	shū sàn
P	疏浅	shū qiǎn
P	疏浚	shū jùn
P	疏落	shū luò
P	疏解	shū jiě
P	疏远	shū yuǎn
P	疑为	yí wéi
P	疑义	yí yì
P	疑云	yí yún
P	疑似	yí sì
P	疑兵	yí bīng
P	疑团	yí tuán
P	疑心	yí xīn
P	疑忌	yí jì
P	疑念	yí niàn
P	疑惑	yí huò
P	疑惧	yí jù
P	疑案	yí àn
P	疑点	yí diǎn
P	疑窦	yí dòu
P	疑虑	yí lǜ
P	疑问	yí wèn
P	疑阵	yí zhèn
P	疑难	yí nán
P	疔毒	dīng dú
P	疖子	jiē zi
P	疙疤	gē bā
P	疙瘩	gē da
P	疟子	yào zǐ
P	疟疾	nüè jí
P	疟蚊	nüè wén
P	疫区	yì qū
P	疫疠	yì lì
P	疯枝	fēng zhī
P	疯长	fēng zhǎng
P	疲态	pí tài
P	疲沓	pí tà
P	疲累	pí lèi
P	疾行	jí xíng
P	疾风	jí fēng
P	病体	bìng tǐ
P	病假	bìng jià
P	病区	bìng qū
P	病员	bìng yuán
P	病毒	bìng dú
P	病疫	bìng yì
P	病症	bìng zhèng
P	病重	bìng zhòng
P	病革	bìng jí
P	症候	zhèng hòu
P	症状	zhèng zhuàng
P	症瘕	zhēng jiǎ
P	症结	zhēng jié
P	痛切	tòng qiè
P	痛处	tòng chù
P	痛恶	tòng wù
P	痛打	tòng dǎ
P	痛觉	tòng jué
P	痛风	tòng fēng
P	痞子	pǐ zi
P	痱子	fèi zi
P	痴恋	chī liàn
P	痹症	bì zhèng
P	瘀血	yū xuè
P	瘅暑	dān shǔ
P	瘅热	dān rè
P	瘊子	hóu zi
P	瘠薄	jí bó
P	瘦削	shòu xuē
P	瘦长	shòu cháng
P	瘪三	biē sān
P	瘴疠	zhàng lì
P	瘸子	qué zi
P	瘾头	yǐn tóu
P	癌症	ái zhèng
P	癌肿	ái zhǒng
P	癖好	pǐ hào
P	登台	dēng tái
P	登场	dēng cháng
P	登载	dēng zǎi
P	登顶	dēng dǐng
P	白丁	bái dīng
P	白体	bái tǐ
P	白净	bái jìng
P	白区	bái qū
P	白卷	bái juàn
P	白发	bái fà
P	白地	bái dì
P	白头	bái tóu
P	白术	bái zhú
P	白条	bái tiáo
P	白汤	bái tāng
P	白相	bái xiàng
P	白票	bái piào
P	白种	bái zhǒng
P	白胖	bái pàng
P	白苏	bái sū
P	白蛇	bái shé
P	白血	bái xuè
P	白露	bái lù
P	白食	bái shí
P	白骨	bái gǔ
P	白鲢	bái lián
P	百万	bǎi wàn
P	百会	bǎi huì
P	百分	bǎi fēn
P	百叶	bǎi yè
P	百合	bǎi hé
P	百度	bǎi dù
P	百戏	bǎi xì
P	皂化	zào huà
P	皂角	zào jiǎo
P	皂隶	zào lì
P	的哥	dī gē
P	的士	dī shì
P	的当	dí dàng
P	的确	dí què
P	皇上	huáng shàng
P	皇亲	huáng qīn
P	皇冠	huáng guān
P	皇妃	huáng fēi
P	皇家	huáng jiā
P	皇朝	huáng cháo
P	皋兰	gāo lán
P	皮件	pí jiàn
P	皮囊	pí náng
P	皮垫	pí diàn
P	皮夹	pí jiā
P	皮尺	pí chǐ
P	皮帽	pí mào
P	皮条	pí tiáo
P	皮相	pí xiàng
P	皮糖	pí táng
P	皮试	pí shì
P	皮重	pí zhòng
P	皱纹	zhòu wén
P	皱缩	zhòu suō
P	皴裂	cūn liè
P	盆地	pén dì
P	盆景	pén jǐng
P	盆汤	pén tāng
P	益发	yì fā
P	益处	yì chù
P	盐分	yán fèn
P	盐场	yán chǎng
P	盐巴	yán bā
P	盐矿	yán kuàng
P	盐类	yán lèi
P	监事	jiān shì
P	监利	jiàn lì
P	监制	jiān zhì
P	监听	jiān tīng
P	监场	jiān chǎng
P	监守	jiān shǒu
P	监察	jiān chá
P	监工	jiān gōng
P	监房	jiān fáng
P	监护	jiān hù
P	监押	jiān yā
P	监控	jiān kòng
P	监测	jiān cè
P	监牢	jiān láo
P	监犯	jiān fàn
P	监狱	jiān yù
P	监理	jiān lǐ
P	监生	jiàn shēng
P	监督	jiān dū
P	监票	jiān piào
P	监禁	jiān jìn
P	监管	jiān guǎn
P	监考	jiān kǎo
P	监规	jiān guī
P	监视	jiān shì
P	监造	jiān zào
P	监院	jiān yuàn
P	盒子	hé zi
P	盒式	hé shì
P	盒装	hé zhuāng
P	盖世	gài shì
P	盖头	gài tou
P	盖子	gài zi
P	盖帘	gài lián
P	盖房	gài fáng
P	盖造	gài zào
P	盖饭	gài fàn
P	盗运	dào yùn
P	盘子	pán zi
P	盘曲	pán qū
P	盘活	pán huó
P	盘石	pán shí
P	盛器	chéng qì
P	盛菜	chéng cài
P	盛饭	chéng fàn
P	盟员	méng yuán
P	盟约	méng yuē
P	盥洗	guàn xǐ
P	目标	mù biāo
P	目的	mù dì
P	目见	mù jiàn
P	目论	mù lùn
P	目语	mù yǔ
P	盯梢	dīng shāo
P	盱眙	xū yí
P	盲从	máng cóng
P	盲女	máng nǚ
P	盲童	máng tóng
P	盲道	máng dào
P	直冲	zhí chōng
P	直击	zhí jī
P	直射	zhí shè
P	直尺	zhí chǐ
P	直属	zhí shǔ
P	直待	zhí dài
P	直拍	zhí pāi
P	直拨	zhí bō
P	直溜	zhí liū
P	直率	zhí shuài
P	直系	zhí xì
P	直落	zhí luò
P	直行	zhí xíng
P	直观	zhí guān
P	直觉	zhí jué
P	直角	zhí jiǎo
P	直说	zhí shuō
P	直逼	zhí bī
P	相与	xiāng yǔ
P	相中	xiāng zhòng
P	相乘	xiāng chéng
P	相书	xiàng shū
P	相争	xiāng zhēng
P	相互	xiāng hù
P	相交	xiāng jiāo
P	相亲	xiāng qīn
P	相仿	xiāng fǎng
P	相会	xiāng huì
P	相传	xiāng chuán
P	相伴	xiāng bàn
P	相似	xiāng sì
P	相位	xiàng wèi
P	相依	xiāng yī
P	相信	xiāng xìn
P	相偕	xiāng xié
P	相像	xiāng xiàng
P	相克	xiāng kè
P	相公	xiàng gōng
P	相关	xiāng guān
P	相册	xiàng cè
P	相劝	xiāng quàn
P	相助	xiāng zhù
P	相去	xiāng qù
P	相反	xiāng fǎn
P	相合	xiāng hé
P	相同	xiāng tóng
P	相向	xiāng xiàng
P	相命	xiāng mìng
P	相商	xiāng shāng
P	相国	xiàng guó
P	相图	xiàng tú
P	相士	xiàng shì
P	相声	xiàng shēng
P	相处	xiāng chǔ
P	相契	xiāng qì
P	相好	xiāng hǎo
P	相安	xiāng ān
P	相宜	xiāng yí
P	相容	xiāng róng
P	相对	xiāng duì
P	相左	xiāng zuǒ
P	相差	xiāng chà
P	相帮	xiāng bāng
P	相干	xiāng gān
P	相应	xiāng yìng
P	相异	xiāng yì
P	相当	xiāng dāng
P	相形	xiāng xíng
P	相待	xiāng dài
P	相得	xiāng de
P	相态	xiāng tài
P	相思	xiāng sī
P	相恋	xiāng liàn
P	相悖	xiāng bèi
P	相悦	xiāng yuè
P	相成	xiāng chéng
P	相扑	xiāng pū
P	相托	xiāng tuō
P	相扰	xiāng rǎo
P	相承	xiāng chéng
P	相投	xiāng tóu
P	相抵	xiāng dǐ
P	相持	xiāng chí
P	相接	xiāng jiē
P	相撞	xiāng zhuàng
P	相救	xiāng jiù
P	相映	xiāng yìng
P	相望	xiāng wàng
P	相术	xiàng shù
P	相机	xiàng jī
P	相比	xiāng bǐ
P	相沿	xiāng yán
P	相烦	xiāng fán
P	相熟	xiāng shú
P	相爱	xiāng ài
P	相片	xiàng piān
P	相率	xiāng shuài
P	相生	xiāng shēng
P	相看	xiāng kàn
P	相瞒	xiāng mán
P	相知	xiāng zhī
P	相碰	xiāng pèng
P	相称	xiāng chèn
P	相符	xiāng fú
P	相等	xiāng děng
P	相类	xiāng lèi
P	相约	xiāng yuē
P	相纸	xiàng zhǐ
P	相继	xiāng jì
P	相聚	xiāng jù
P	相若	xiāng ruò
P	相见	xiāng jiàn
P	相视	xiāng shì
P	相角	xiàng jiǎo
P	相认	xiāng rèn
P	相让	xiāng ràng
P	相许	xiāng xǔ
P	相识	xiāng shí
P	相貌	xiàng mào
P	相距	xiāng jù
P	相近	xiāng jìn
P	相违	xiāng wéi
P	相连	xiāng lián
P	相送	xiāng sòng
P	相通	xiāng tōng
P	相逢	xiāng féng
P	相遇	xiāng yù
P	相邀	xiāng yāo
P	相邻	xiāng lín
P	相配	xiāng pèi
P	相间	xiāng jiàn
P	相随	xiāng suí
P	相隔	xiāng gé
P	相面	xiàng miàn
P	相顾	xiāng gù
P	相马	xiàng mǎ
P	盹儿	dǔn er
P	盼头	pàn tou
P	省事	shěng shì
P	省亲	xǐng qīn
P	省份	shěng fèn
P	省会	shěng huì
P	省便	shěng biàn
P	省俭	shěng jiǎn
P	省内	shěng nèi
P	省力	shěng lì
P	省区	shěng qū
P	省却	shěng què
P	省城	shěng chéng
P	省墓	xǐng mù
P	省察	xǐng chá
P	省府	shěng fǔ
P	省得	shěng de
P	省心	shěng xīn
P	省志	shěng zhì
P	省悟	xǐng wù
P	省报	shěng bào
P	省治	shěng zhì
P	省略	shěng lüè
P	省视	xǐng shì
P	省道	shěng dào
P	省钱	shěng qián
P	省长	shěng zhǎng
P	眉头	méi tóu
P	眉梢	méi shāo
P	看上	kàn shàng
P	看中	kàn zhòng
P	看书	kàn shū
P	看作	kàn zuò
P	看做	kàn zuò
P	看出	kàn chū
P	看台	kàn tái
P	看吧	kàn ba
P	看头	kàn tou
P	看好	kàn hǎo
P	看守	kān shǒu
P	看官	kàn guān
P	看客	kàn kè
P	看家	kān jiā
P	看座	kàn zuò
P	看开	kàn kāi
P	看待	kàn dài
P	看戏	kàn xì
P	看成	kàn chéng
P	看扁	kàn biǎn
P	看护	kān hù
P	看押	kān yā
P	看望	kàn wàng
P	看来	kàn lái
P	看板	kàn bǎn
P	看死	kàn sǐ
P	看法	kàn fǎ
P	看涨	kàn zhǎng
P	看清	kàn qīng
P	看漏	kàn lòu
P	看点	kàn diǎn
P	看病	kàn bìng
P	看盘	kàn pán
P	看相	kàn xiàng
P	看看	kàn kàn
P	看破	kàn pò
P	看穿	kàn chuān
P	看管	kān guǎn
P	看茶	kàn chá
P	看见	kàn jiàn
P	看跌	kàn diē
P	看轻	kàn qīng
P	看透	kàn tòu
P	看重	kàn zhòng
P	看门	kān mén
P	看青	kān qīng
P	看顾	kàn gù
P	看齐	kàn qí
P	真个	zhēn gè
P	真传	zhēn chuán
P	真倔	zhēn juè
P	真切	zhēn qiè
P	真数	zhēn shù
P	真正	zhēn zhèng
P	真率	zhēn shuài
P	真相	zhēn xiàng
P	真知	zhēn zhī
P	真空	zhēn kōng
P	真菌	zhēn jūn
P	眩晕	xuàn yūn
P	眸子	móu zi
P	眼晕	yǎn yùn
P	眼见	yǎn jiàn
P	着凉	zháo liáng
P	着力	zhuó lì
P	着墨	zhuó mò
P	着忙	zháo máng
P	着急	zháo jí
P	着想	zhuó xiǎng
P	着意	zhuó yì
P	着慌	zháo huāng
P	着手	zhuó shǒu
P	着数	zhāo shù
P	着水	zhe shuǐ
P	着法	zhāo fǎ
P	着火	zháo huǒ
P	着眼	zhuó yǎn
P	着笔	zhuó bǐ
P	着色	zhuó sè
P	着落	zhuó luò
P	着装	zhuó zhuāng
P	着边	zhuó biān
P	着迷	zháo mí
P	着重	zhuó zhòng
P	着陆	zhuó lù
P	着风	zháo fēng
P	着魔	zháo mó
P	睡容	shuì róng
P	睡椅	shuì yǐ
P	睡相	shuì xiàng
P	睡着	shuì zháo
P	睡觉	shuì jiào
P	督率	dū shuài
P	督脉	dū mài
P	睥睨	pì nì
P	睹咒	dǔ zhòu
P	瞅见	chǒu jiàn
P	瞎子	xiā zi
P	瞎炮	xiā pào
P	瞎蒙	xiā mēng
P	瞎说	xiā shuō
P	瞒产	mán chǎn
P	瞒哄	mán hǒng
P	瞥见	piē jiàn
P	瞧见	qiáo jiàn
P	瞬间	shùn jiān
P	瞭望	liào wàng
P	瞻仰	zhān yǎng
P	瞿然	jù rán
P	瞿麦	qú mài
P	矛头	máo tóu
P	矜夸	jīn kuā
P	矜持	jīn chí
P	矜贵	jīn guì
P	矢石	shǐ shí
P	矢量	shǐ liàng
P	知了	zhī liǎo
P	知事	zhī shì
P	知交	zhī jiāo
P	知人	zhī rén
P	知会	zhī huì
P	知县	zhī xiàn
P	知友	zhī yǒu
P	知名	zhī míng
P	知命	zhī mìng
P	知州	zhī zhōu
P	知己	zhī jǐ
P	知底	zhī dǐ
P	知府	zhī fǔ
P	知心	zhī xīn
P	知性	zhī xìng
P	知悉	zhī xī
P	知情	zhī qíng
P	知晓	zhī xiǎo
P	知照	zhī zhào
P	知者	zhī zhě
P	知能	zhī néng
P	知觉	zhī jué
P	知识	zhī shí
P	知趣	zhī qù
P	知足	zhī zú
P	知遇	zhī yù
P	知道	zhī dào
P	知青	zhī qīng
P	知音	zhī yīn
P	矩尺	jǔ chǐ
P	矩形	jǔ xíng
P	短传	duǎn chuán
P	短发	duǎn fà
P	短句	duǎn jù
P	短号	duǎn hào
P	短处	duǎn chù
P	短寿	duǎn shòu
P	短少	duǎn shǎo
P	短打	duǎn dǎ
P	短期	duǎn qī
P	短浅	duǎn qiǎn
P	短片	duǎn piàn
P	短裙	duǎn qún
P	短见	duǎn jiàn
P	短训	duǎn xùn
P	短语	duǎn yǔ
P	短跑	duǎn pǎo
P	短长	duǎn cháng
P	短骨	duǎn gǔ
P	矮个	ǎi gè
P	石像	shí xiàng
P	石关	shí guān
P	石刀	shí dāo
P	石刻	shí kè
P	石匠	shí jiàng
P	石印	shí yìn
P	石台	shí tái
P	石器	shí qì
P	石坊	shí fāng
P	石坎	shí kǎn
P	石块	shí kuài
P	石城	shí chéng
P	石堰	shí yàn
P	石墨	shí mò
P	石墩	shí dūn
P	石壁	shí bì
P	石头	shí tou
P	石女	shí nǚ
P	石子	shí zǐ
P	石室	shí shì
P	石屋	shí wū
P	石屏	shí píng
P	石山	shí shān
P	石工	shí gōng
P	石弓	shí gōng
P	石径	shí jìng
P	石担	shí dàn
P	石料	shí liào
P	石斛	shí hú
P	石斧	shí fǔ
P	石方	shí fāng
P	石材	shí cái
P	石板	shí bǎn
P	石林	shí lín
P	石柱	shí zhù
P	石栏	shí lán
P	石栗	shí lì
P	石桥	shí qiáo
P	石棉	shí mián
P	石棺	shí guān
P	石楠	shí nán
P	石楼	shí lóu
P	石榴	shí liú
P	石槽	shí cáo
P	石油	shí yóu
P	石泉	shí quán
P	石洞	shí dòng
P	石渠	shí qú
P	石灰	shí huī
P	石炭	shí tàn
P	石版	shí bǎn
P	石盐	shí yán
P	石碑	shí bēi
P	石碓	shí duì
P	石磙	shí gǔn
P	石磨	shí mò
P	石窟	shí kū
P	石竹	shí zhú
P	石笋	shí sǔn
P	石笔	shí bǐ
P	石笼	shí lóng
P	石级	shí jí
P	石经	shí jīng
P	石羊	shí yáng
P	石膏	shí gāo
P	石臼	shí jiù
P	石舫	shí fǎng
P	石英	shí yīng
P	石蕊	shí ruǐ
P	石蜡	shí là
P	石锁	shí suǒ
P	石门	shí mén
P	石雕	shí diāo
P	石青	shí qīng
P	石韦	shí wéi
P	石首	shí shǒu
P	石鼓	shí gǔ
P	矸石	gān shí
P	矾石	fán shí
P	矿体	kuàng tǐ
P	矿区	kuàng qū
P	矿石	kuàng shí
P	矿脉	kuàng mài
P	矿芯	kuàng xìn
P	矿藏	kuàng cáng
P	矿车	kuàng chē
P	矿长	kuàng zhǎng
P	矿难	kuàng nàn
P	码垛	mǎ duǒ
P	码头	mǎ tóu
P	砂囊	shā náng
P	砂浆	shā jiāng
P	砂石	shā shí
P	砌块	qì kuài
P	砌筑	qì zhù
P	研习	yán xí
P	研判	yán pàn
P	研制	yán zhì
P	研拟	yán nǐ
P	研析	yán xī
P	研求	yán qiú
P	研磨	yán mó
P	研究	yán jiū
P	研讨	yán tǎo
P	研读	yán dú
P	砖厂	zhuān chǎng
P	砖头	zhuān tóu
P	砚台	yàn tāi
P	砚石	yàn shí
P	砥石	dǐ shí
P	砭石	biān shí
P	砭骨	biān gǔ
P	破坏	pò huài
P	破家	pò jiā
P	破片	pò piàn
P	破相	pò xiàng
P	破约	pò yuē
P	破网	pò wǎng
P	破落	pò luò
P	破裂	pò liè
P	破解	pò jiě
P	破读	pò dú
P	砺石	lì shí
P	砾石	lì shí
P	础石	chǔ shí
P	硕果	shuò guǒ
P	硝化	xiāo huà
P	硝盐	xiāo yán
P	硝石	xiāo shí
P	硫化	liú huà
P	硬充	yìng chōng
P	硬面	yìng miàn
P	硬顶	yìng dǐng
P	确信	què xìn
P	确切	què qiè
P	确当	què dàng
P	确系	què xì
P	确非	què fēi
P	碇泊	dìng bó
P	碉堡	diāo bǎo
P	碌碌	lù lù
P	碌碡	liù zhóu
P	碍难	ài nán
P	碎片	suì piàn
P	碎石	suì shí
P	碎裂	suì liè
P	碑帖	bēi tiè
P	碑拓	bēi tà
P	碑石	bēi shí
P	碑碣	bēi jié
P	碑身	bēi shēn
P	碗柜	wǎn guì
P	碗橱	wǎn chú
P	碘盐	diǎn yán
P	碘酊	diǎn dīng
P	碟子	dié zi
P	碣石	jié shí
P	碧空	bì kōng
P	碧绿	bì lǜ
P	碧血	bì xuè
P	碰头	pèng tóu
P	碰见	pèng jiàn
P	碱地	jiǎn dì
P	碴儿	chá ér
P	碴口	chá kǒu
P	碾压	niǎn yā
P	碾场	niǎn cháng
P	碾坊	niǎn fáng
P	碾磨	niǎn mó
P	磁体	cí tǐ
P	磁化	cí huà
P	磁场	cí chǎng
P	磁头	cí tóu
P	磁暴	cí bào
P	磁石	cí shí
P	磅礴	páng bó
P	磅秤	bàng chèng
P	磊落	lěi luò
P	磐石	pán shí
P	磕头	kē tóu
P	磕打	kē dǎ
P	磨光	mó guāng
P	磨具	mó jù
P	磨制	mó zhì
P	磨叨	mò dāo
P	磨合	mó hé
P	磨嘴	mó zuǐ
P	磨坊	mò fáng
P	磨子	mò zǐ
P	磨快	mó kuài
P	磨房	mò fáng
P	磨扇	mó shàn
P	磨折	mó zhé
P	磨损	mó sǔn
P	磨擦	mó cā
P	磨洗	mó xǐ
P	磨灭	mó miè
P	磨炼	mó liàn
P	磨烦	mò fán
P	磨牙	mó yá
P	磨盘	mò pán
P	磨石	mó shí
P	磨砺	mó lì
P	磨磨	mó mó
P	磨米	mò mǐ
P	磨练	mó liàn
P	磨耗	mó hào
P	磨菇	mó gū
P	磨蚀	mó shí
P	磨蹭	mó cèng
P	磨难	mó nàn
P	磨面	mò miàn
P	礁石	jiāo shí
P	礞石	méng shí
P	示爱	shì ài
P	礼乐	lǐ yuè
P	礼佛	lǐ fó
P	礼券	lǐ quàn
P	礼单	lǐ dān
P	礼帖	lǐ tiě
P	礼教	lǐ jiào
P	礼数	lǐ shù
P	礼服	lǐ fú
P	礼炮	lǐ pào
P	礼节	lǐ jié
P	社会	shè huì
P	社区	shè qū
P	社员	shè yuán
P	社戏	shè xì
P	社论	shè lùn
P	社长	shè zhǎng
P	祆教	xiān jiào
P	祈盼	qí pàn
P	祈雨	qí yǔ
P	祖上	zǔ shàng
P	祖传	zǔ chuán
P	祖孙	zǔ sūn
P	祖父	zǔ fù
P	祖率	zǔ lǜ
P	祛斑	qū bān
P	祛暑	qū shǔ
P	祛疑	qū yí
P	祛病	qū bìng
P	祛邪	qū xié
P	祛风	qū fēng
P	神会	shén huì
P	神似	shén sì
P	神佛	shén fó
P	神化	shén huà
P	神奇	shén qí
P	神女	shén nǚ
P	神思	shén sī
P	神曲	shén qǔ
P	神棍	shén gùn
P	神父	shén fù
P	神祇	shén qí
P	神秘	shén mì
P	神采	shén cǎi
P	神阙	shén quē
P	祥和	xiáng hé
P	票款	piào kuǎn
P	祭品	jì pǐn
P	禀帖	bǐng tiě
P	禁书	jìn shū
P	禁令	jìn lìng
P	禁例	jìn lì
P	禁军	jìn jūn
P	禁制	jìn zhì
P	禁区	jìn qū
P	禁卫	jìn wèi
P	禁受	jīn shòu
P	禁售	jìn shòu
P	禁地	jìn dì
P	禁子	jìn zi
P	禁律	jìn lǜ
P	禁忌	jìn jì
P	禁放	jìn fàng
P	禁条	jìn tiáo
P	禁果	jìn guǒ
P	禁欲	jìn yù
P	禁止	jìn zhǐ
P	禁毁	jìn huǐ
P	禁渔	jìn yú
P	禁火	jìn huǒ
P	禁烟	jìn yān
P	禁牧	jìn mù
P	禁物	jìn wù
P	禁猎	jìn liè
P	禁用	jìn yòng
P	禁绝	jìn jué
P	禁脔	jìn luán
P	禁赌	jìn dǔ
P	禁赛	jìn sài
P	禁足	jìn zú
P	禁运	jìn yùn
P	禁酒	jìn jiǔ
P	禁锢	jìn gù
P	禁闭	jìn bì
P	禁阻	jìn zǔ
P	禁食	jìn shí
P	禅堂	chán táng
P	禅学	chán xué
P	禅宗	chán zōng
P	禅定	chán dìng
P	禅师	chán shī
P	禅心	chán xīn
P	禅悟	chán wù
P	禅意	chán yì
P	禅房	chán fáng
P	禅机	chán jī
P	禅杖	chán zhàng
P	禅林	chán lín
P	禅让	shàn ràng
P	禅门	chán mén
P	禅院	chán yuàn
P	福分	fú fēn
P	福地	fú dì
P	福将	fú jiàng
P	福相	fú xiàng
P	离任	lí rèn
P	离休	lí xiū
P	离别	lí bié
P	离合	lí hé
P	离奇	lí qí
P	离家	lí jiā
P	离岗	lí gǎng
P	离散	lí sàn
P	离解	lí jiě
P	离间	lí jiàn
P	离骚	lí sāo
P	禾场	hé cháng
P	秀丽	xiù lì
P	秀发	xiù fà
P	私了	sī liǎo
P	私仇	sī chóu
P	私会	sī huì
P	私分	sī fēn
P	私囊	sī náng
P	私处	sī chǔ
P	私奔	sī bēn
P	私家	sī jiā
P	私斗	sī dòu
P	私藏	sī cáng
P	私见	sī jiàn
P	私车	sī chē
P	秃发	tū fà
P	秃头	tū tóu
P	秆儿	gǎn er
P	秉正	bǐng zhèng
P	秋令	qiū lìng
P	秋凉	qiū liáng
P	秋分	qiū fēn
P	秋叶	qiū yè
P	秋景	qiū jǐng
P	秋种	qiū zhǒng
P	秋莱	qiū lái
P	秋蝉	qiū chán
P	秋装	qiū zhuāng
P	秋风	qiū fēng
P	种下	zhòng xià
P	种别	zhǒng bié
P	种地	zhòng dì
P	种姓	zhǒng xìng
P	种子	zhǒng zi
P	种属	zhǒng shǔ
P	种差	zhǒng chà
P	种族	zhǒng zú
P	种树	zhòng shù
P	种植	zhòng zhí
P	种牛	zhǒng niú
P	种猪	zhǒng zhū
P	种田	zhòng tián
P	种畜	zhǒng chù
P	种痘	zhòng dòu
P	种禽	zhǒng qín
P	种种	zhǒng zhǒng
P	种稻	zhòng dào
P	种类	zhǒng lèi
P	种籽	zhǒng zǐ
P	种系	zhǒng xì
P	种羊	zhǒng yáng
P	种群	zhǒng qún
P	种花	zhòng huā
P	种苗	zhǒng miáo
P	种草	zhòng cǎo
P	种菜	zhòng cài
P	种蛋	zhǒng dàn
P	种马	zhǒng mǎ
P	种麻	zhǒng má
P	科协	kē xié
P	科员	kē yuán
P	科委	kē wěi
P	科教	kē jiào
P	科研	kē yán
P	科贸	kē mào
P	科长	kē zhǎng
P	秘书	mì shū
P	秘传	mì chuán
P	秘史	mì shǐ
P	秘宝	mì bǎo
P	秘密	mì mì
P	秘方	mì fāng
P	秘本	mì běn
P	秘籍	mì jí
P	秘藏	mì cáng
P	秘诀	mì jué
P	秘鲁	bì lǔ
P	租价	zū jià
P	租佃	zū diàn
P	租地	zū dì
P	租种	zū zhǒng
P	租约	zū yuē
P	秤杆	chèng gǎn
P	秦岭	qín lǐng
P	秦桧	qín guì
P	秦艽	qín jiāo
P	积分	jī fēn
P	积压	jī yā
P	积攒	jī zǎn
P	积数	jī shù
P	积累	jī lěi
P	积蓄	jī xù
P	积雨	jī yǔ
P	积食	jī shí
P	称为	chēng wéi
P	称作	chēng zuò
P	称便	chēng biàn
P	称兵	chēng bīng
P	称号	chēng hào
P	称叹	chēng tàn
P	称呼	chēng hū
P	称奇	chēng qí
P	称帝	chēng dì
P	称引	chēng yǐn
P	称心	chèn xīn
P	称快	chēng kuài
P	称意	chēng yì
P	称愿	chèn yuàn
P	称手	chèn shǒu
P	称扬	chēng yáng
P	称王	chēng wáng
P	称病	chēng bìng
P	称绝	chēng jué
P	称羡	chēng xiàn
P	称职	chèn zhí
P	称臣	chēng chén
P	称誉	chēng yù
P	称许	chēng xǔ
P	称说	chēng shuō
P	称谓	chēng wèi
P	称谢	chēng xiè
P	称贷	chēng dài
P	称贺	chēng hè
P	称赏	chēng shǎng
P	称赞	chēng zàn
P	称身	chèn shēn
P	称述	chēng shù
P	称道	chēng dào
P	称重	chēng zhòng
P	称量	chēng liáng
P	称雄	chēng xióng
P	称霸	chēng bà
P	称颂	chēng sòng
P	移入	yí rù
P	移解	yí jiè
P	稀奇	xī qí
P	稀少	xī shǎo
P	稀拉	xī lā
P	稀有	xī yǒu
P	稀泥	xī ní
P	稀落	xī luò
P	稀薄	xī bó
P	程度	chéng dù
P	稍为	shāo wéi
P	稍事	shāo shì
P	稍加	shāo jiā
P	稍后	shāo hòu
P	稍微	shāo wēi
P	稍息	shào xī
P	稍稍	shāo shāo
P	稍许	shāo xǔ
P	稍逊	shāo xùn
P	稍顷	shāo qǐng
P	税单	shuì dān
P	税卡	shuì qiǎ
P	税契	shuì qì
P	税案	shuì àn
P	税率	shuì lǜ
P	税票	shuì piào
P	税种	shuì zhǒng
P	税费	shuì fèi
P	稔知	rěn zhī
P	稠度	chóu dù
P	稠糊	chóu hū
P	稳便	wěn biàn
P	稳当	wěn dāng
P	稳重	wěn zhòng
P	稻子	dào zi
P	稻种	dào zhǒng
P	稽察	jī chá
P	稽延	jī yán
P	稽征	jī zhēng
P	稽查	jī chá
P	稽核	jī hé
P	稽留	jī liú
P	稽考	jī kǎo
P	稽首	qǐ shǒu
P	稿子	gǎo zi
P	稿源	gǎo yuán
P	稿约	gǎo yuē
P	穴头	xué tóu
P	究诘	jiū jié
P	穷尽	qióng jìn
P	穷期	qióng qī
P	空中	kōng zhōng
P	空乏	kōng fá
P	空位	kòng wèi
P	空余	kòng yú
P	空儿	kòng ér
P	空军	kōng jūn
P	空出	kòng chū
P	空前	kōng qián
P	空勤	kōng qín
P	空口	kōng kǒu
P	空名	kōng míng
P	空喊	kōng hǎn
P	空地	kòng dì
P	空场	kōng chǎng
P	空城	kōng chéng
P	空域	kōng yù
P	空壳	kōng ké
P	空头	kōng tóu
P	空姐	kōng jiě
P	空子	kòng zi
P	空寂	kōng jì
P	空幻	kōng huàn
P	空廓	kōng kuò
P	空当	kōng dāng
P	空心	kōng xīn
P	空怀	kōng huái
P	空想	kōng xiǎng
P	空战	kōng zhàn
P	空房	kòng fáng
P	空手	kōng shǒu
P	空投	kōng tóu
P	空拳	kōng quán
P	空挡	kōng dǎng
P	空文	kōng wén
P	空无	kōng wú
P	空旷	kōng kuàng
P	空明	kōng míng
P	空暇	kòng xiá
P	空有	kōng yǒu
P	空格	kòng gé
P	空档	kōng dàng
P	空气	kōng qì
P	空泛	kōng fàn
P	空洞	kōng dòng
P	空海	kōng hǎi
P	空灵	kōng líng
P	空炮	kōng pào
P	空疏	kōng shū
P	空瘪	kōng biě
P	空白	kòng bái
P	空穴	kōng xué
P	空空	kōng kōng
P	空竹	kōng zhú
P	空缺	kòng quē
P	空耗	kōng hào
P	空肠	kōng cháng
P	空腔	kōng qiāng
P	空腹	kōng fù
P	空荡	kōng dàng
P	空落	kōng luò
P	空虚	kōng xū
P	空袭	kōng xí
P	空言	kōng yán
P	空论	kōng lùn
P	空话	kōng huà
P	空调	kōng tiáo
P	空谈	kōng tán
P	空谷	kōng gǔ
P	空身	kōng shēn
P	空转	kōng zhuàn
P	空运	kōng yùn
P	空速	kōng sù
P	空门	kōng mén
P	空闲	kòng xián
P	空间	kōng jiān
P	空阔	kōng kuò
P	空防	kōng fáng
P	空际	kōng jì
P	空降	kōng jiàng
P	空隙	kòng xì
P	空难	kōng nàn
P	空额	kòng é
P	空驶	kōng shǐ
P	穿刺	chuān cì
P	穿着	chuān zhe
P	穿行	chuān xíng
P	突入	tū rù
P	突发	tū fā
P	突地	tū dì
P	突审	tū shěn
P	突遇	tū yù
P	窃据	qiè jù
P	窄幅	zhǎi fú
P	窈窕	yǎo tiǎo
P	窑顶	yáo dǐng
P	窖藏	jiào cáng
P	窗台	chuāng tái
P	窗扇	chuāng shàn
P	窗机	chuāng jī
P	窗沿	chuāng yán
P	窘相	jiǒng xiàng
P	窘迫	jiǒng pò
P	窝囊	wō nāng
P	窝头	wō tóu
P	窝家	wō jiā
P	窝藏	wō cáng
P	窝铺	wō pù
P	窥伺	kuī sì
P	窥度	kuī duó
P	窥看	kuī kàn
P	窥见	kuī jiàn
P	立于	lì yú
P	立传	lì zhuàn
P	立体	lì tǐ
P	立地	lì dì
P	立场	lì chǎng
P	立射	lì shè
P	立新	lì xīn
P	立柜	lì guì
P	立正	lì zhèng
P	立碑	lì bēi
P	立约	lì yuē
P	立论	lì lùn
P	立轴	lì zhóu
P	站台	zhàn tái
P	站相	zhàn xiàng
P	站票	zhàn piào
P	站长	zhàn zhǎng
P	竞买	jìng mǎi
P	竞卖	jìng mài
P	竞投	jìng tóu
P	竞标	jìng biāo
P	竞聘	jìng pìn
P	竟是	jìng shì
P	竟购	jìng gòu
P	童仆	tóng pú
P	童便	tóng biàn
P	童女	tóng nǚ
P	童蒙	tóng méng
P	童趣	tóng qù
P	童车	tóng chē
P	童音	tóng yīn
P	竭尽	jié jìn
P	端丽	duān lì
P	端正	duān zhèng
P	端相	duān xiāng
P	端节	duān jié
P	端详	duān xiáng
P	端重	duān zhòng
P	端量	duān liáng
P	竹凳	zhú dèng
P	竹叶	zhú yè
P	竹排	zhú pái
P	竹杠	zhú gàng
P	竹枝	zhú zhī
P	竹椅	zhú yǐ
P	竹笼	zhú lóng
P	竹筷	zhú kuài
P	竹节	zhú jié
P	竹荪	zhú sūn
P	笃信	dǔ xìn
P	笃行	dǔ xíng
P	笆斗	bā dǒu
P	笋干	sǔn gān
P	笑场	xiào chǎng
P	笑纹	xiào wén
P	笑语	xiào yǔ
P	笔会	bǐ huì
P	笔体	bǐ tǐ
P	笔供	bǐ gòng
P	笔划	bǐ huà
P	笔削	bǐ xuē
P	笔杆	bǐ gǎn
P	笔洗	bǐ xǐ
P	笔答	bǐ dá
P	笔调	bǐ diào
P	符合	fú hé
P	符节	fú jié
P	笨伯	bèn bó
P	笨重	bèn zhòng
P	笸箩	pǒ luó
P	笼子	lóng zi
P	笼络	lǒng luò
P	笼统	lǒng tǒng
P	笼罩	lǒng zhào
P	等价	děng jià
P	等份	děng fèn
P	等分	děng fēn
P	等号	děng hào
P	等同	děng tóng
P	等差	děng chà
P	等待	děng dài
P	等量	děng liàng
P	等额	děng é
P	筋斗	jīn dǒu
P	筋络	jīn luò
P	筋脉	jīn mài
P	筋节	jīn jié
P	筋骨	jīn gǔ
P	筒瓦	tǒng wǎ
P	答允	dā yǔn
P	答卷	dá juàn
P	答复	dá fù
P	答对	dá duì
P	答应	dā yìng
P	答拜	dá bài
P	答数	dá shù
P	答案	dá àn
P	答理	dā lǐ
P	答疑	dá yí
P	答礼	dá lǐ
P	答腔	dā qiāng
P	答言	dá yán
P	答讪	dā shàn
P	答词	dá cí
P	答话	dá huà
P	答语	dá yǔ
P	答谢	dá xiè
P	答辩	dá biàn
P	答问	dá wèn
P	答题	dá tí
P	策划	cè huà
P	策应	cè yìng
P	策论	cè lùn
P	筛分	shāi fēn
P	筛号	shāi hào
P	筛子	shāi zi
P	筛洗	shāi xǐ
P	筷子	kuài zi
P	筹划	chóu huà
P	筹组	chóu zǔ
P	签单	qiān dān
P	签发	qiān fā
P	签子	qiān zi
P	签条	qiān tiáo
P	简任	jiǎn rèn
P	简便	jiǎn biàn
P	简况	jiǎn kuàng
P	简化	jiǎn huà
P	简单	jiǎn dān
P	简图	jiǎn tú
P	简帖	jiǎn tiē
P	简括	jiǎn kuò
P	简政	jiǎn zhèng
P	简朴	jiǎn piáo
P	简省	jiǎn shěng
P	简称	jiǎn chēng
P	简约	jiǎn yuē
P	简缩	jiǎn suō
P	简要	jiǎn yào
P	简评	jiǎn píng
P	箍儿	gū er
P	箕斗	jī dǒu
P	算了	suàn le
P	算尺	suàn chǐ
P	算得	suàn dé
P	算数	suàn shù
P	算术	suàn shù
P	管乐	guǎn yuè
P	管区	guǎn qū
P	管家	guǎn jiā
P	管教	guǎn jiào
P	管片	guǎn piàn
P	管见	guǎn jiàn
P	箩筐	luó kuāng
P	箭垛	jiàn duǒ
P	箭头	jiàn tóu
P	箱体	xiāng tǐ
P	箱包	xiāng bāo
P	箱子	xiāng zi
P	箱底	xiāng dǐ
P	箱式	xiāng shì
P	箱笼	xiāng lǒng
P	篆体	zhuàn tǐ
P	篇什	piān shí
P	篓子	lǒu zi
P	篙头	gāo tou
P	篮坛	lán tán
P	篮子	lán zi
P	篱栅	lí zhà
P	篱落	lí luò
P	篷车	péng chē
P	篾片	miè piàn
P	簪子	zān zi
P	簸动	bǒ dòng
P	簸弄	bǒ nòng
P	簸箕	bò jī
P	簸箩	bǒ luó
P	簸荡	bǒ dàng
P	簿册	bù cè
P	簿子	bù zi
P	簿籍	bù jí
P	簿记	bù jì
P	籍没	jí mò
P	籍茅	jiè máo
P	米尺	mǐ chǐ
P	米汤	mǐ tāng
P	米糕	mǐ gāo
P	类似	lèi sì
P	类别	lèi bié
P	类同	lèi tóng
P	籽种	zǐ zhǒng
P	粉刷	fěn shuā
P	粉刺	fěn cì
P	粉坊	fěn fáng
P	粉彩	fěn cǎi
P	粉条	fěn tiáo
P	粉沙	fěn shā
P	粉状	fěn zhuàng
P	粉红	fěn hóng
P	粒状	lì zhuàng
P	粗厚	cū hòu
P	粗暴	cū bào
P	粗浅	cū qiǎn
P	粗硬	cū yìng
P	粗黑	cū hēi
P	粘土	nián tǔ
P	粘液	nián yè
P	粘牙	zhān yá
P	粘稠	nián chóu
P	粘结	nián jié
P	粘贴	zhān tiē
P	粘连	zhān lián
P	粟子	sù zi
P	粪便	fèn biàn
P	粪车	fèn chē
P	粮区	liáng qū
P	粮囤	liáng dùn
P	粮油	liáng yóu
P	粮田	liáng tián
P	粮票	liáng piào
P	粮行	liáng háng
P	粮食	liáng shí
P	粽子	zòng zi
P	精华	jīng huá
P	精干	jīng gàn
P	精度	jīng dù
P	精当	jīng dàng
P	精纺	jīng fǎng
P	精编	jīng biān
P	精血	jīng xuè
P	精要	jīng yào
P	精读	jīng dú
P	精辟	jīng pì
P	精采	jīng cǎi
P	精馏	jīng liú
P	糅合	róu hé
P	糊口	hú kǒu
P	糊弄	hù nòng
P	糊涂	hú tú
P	糊精	hú jīng
P	糊糊	hū hū
P	糌粑	zān bā
P	糕干	gāo gān
P	糖业	táng yè
P	糖包	táng bāo
P	糖化	táng huà
P	糖厂	táng chǎng
P	糖尿	táng niào
P	糖弹	táng dàn
P	糖蒜	táng suàn
P	糖食	táng shí
P	糜子	méi zǐ
P	糜烂	mí làn
P	糜费	mí fèi
P	糨糊	jiàng hù
P	系列	xì liè
P	系好	jì hǎo
P	系带	jì dài
P	系念	xì niàn
P	系恋	xì liàn
P	系数	xì shù
P	系泊	jì bó
P	系紧	jì jǐn
P	系统	xì tǒng
P	系绳	jì shéng
P	系缚	xì fù
P	系词	xì cí
P	系谱	xì pǔ
P	素净	sù jìng
P	素数	sù shù
P	素服	sù fú
P	素朴	sù piáo
P	素称	sù chēng
P	素食	sù shí
P	索价	suǒ jià
P	索要	suǒ yào
P	索解	suǒ jiě
P	索还	suǒ huán
P	索酬	suǒ chóu
P	紧俏	jǐn qiào
P	紧着	jǐn zhe
P	紧缩	jǐn suō
P	紧要	jǐn yào
P	紧迫	jǐn pò
P	紫红	zǐ hóng
P	紫菀	zǐ wǎn
P	紫衫	zǐ shān
P	累乏	lèi fá
P	累了	lèi le
P	累人	lèi rén
P	累加	lěi jiā
P	累卵	lěi luǎn
P	累及	lěi jí
P	累手	lèi shǒu
P	累次	lěi cì
P	累活	lèi huó
P	累着	lèi zhe
P	累积	lěi jī
P	累累	lěi lěi
P	累计	lěi jì
P	累赘	léi zhuì
P	絮叨	xù dāo
P	絮语	xù yǔ
P	繁丽	fán lì
P	繁乱	fán luàn
P	繁体	fán tǐ
P	繁冗	fán rǒng
P	繁华	fán huá
P	繁博	fán bó
P	繁复	fán fù
P	繁多	fán duō
P	繁密	fán mì
P	繁忙	fán máng
P	繁文	fán wén
P	繁昌	fán chāng
P	繁星	fán xīng
P	繁杂	fán zá
P	繁殖	fán zhí
P	繁琐	fán suǒ
P	繁盛	fán shèng
P	繁简	fán jiǎn
P	繁缛	fán rù
P	繁育	fán yù
P	繁芜	fán wú
P	繁花	fán huā
P	繁苛	fán kē
P	繁茂	fán mào
P	繁荣	fán róng
P	繁衍	fán yǎn
P	繁重	fán zhòng
P	繁难	fán nán
P	繇役	yáo yì
P	纠合	jiū hé
P	纠正	jiū zhèng
P	纠结	jiū jié
P	纠葛	jiū gé
P	纠风	jiū fēng
P	红专	hóng zhuān
P	红云	hóng yún
P	红人	hóng rén
P	红军	hóng jūn
P	红利	hóng lì
P	红包	hóng bāo
P	红区	hóng qū
P	红参	hóng shēn
P	红叶	hóng yè
P	红土	hóng tǔ
P	红场	hóng chǎng
P	红壤	hóng rǎng
P	红头	hóng tóu
P	红女	hóng nǚ
P	红妆	hóng zhuāng
P	红娘	hóng niáng
P	红学	hóng xué
P	红尘	hóng chén
P	红岩	hóng yán
P	红布	hóng bù
P	红心	hóng xīn
P	红教	hóng jiào
P	红旗	hóng qí
P	红日	hóng rì
P	红星	hóng xīng
P	红晕	hóng yùn
P	红曲	hóng qǔ
P	红木	hóng mù
P	红杉	hóng shān
P	红松	hóng sōng
P	红枣	hóng zǎo
P	红柳	hóng liǔ
P	红树	hóng shù
P	红桃	hóng táo
P	红案	hóng àn
P	红桥	hóng qiáo
P	红棉	hóng mián
P	红楼	hóng lóu
P	红榜	hóng bǎng
P	红汞	hóng gǒng
P	红河	hóng hé
P	红海	hóng hǎi
P	红润	hóng rùn
P	红潮	hóng cháo
P	红火	hóng huǒ
P	红灯	hóng dēng
P	红烧	hóng shāo
P	红焖	hóng mèn
P	红牌	hóng pái
P	红狐	hóng hú
P	红玉	hóng yù
P	红生	hóng shēng
P	红皮	hóng pí
P	红盘	hóng pán
P	红眼	hóng yǎn
P	红票	hóng piào
P	红粉	hóng fěn
P	红糖	hóng táng
P	红红	hóng hóng
P	红线	hóng xiàn
P	红肿	hóng zhǒng
P	红脸	hóng liǎn
P	红色	hóng sè
P	红艳	hóng yàn
P	红花	hóng huā
P	红苕	hóng sháo
P	红茶	hóng chá
P	红莲	hóng lián
P	红薯	hóng shǔ
P	红藤	hóng téng
P	红虫	hóng chóng
P	红蛋	hóng dàn
P	红螺	hóng luó
P	红衣	hóng yī
P	红袖	hóng xiù
P	红装	hóng zhuāng
P	红豆	hóng dòu
P	红货	hóng huò
P	红运	hóng yùn
P	红铜	hóng tóng
P	红霞	hóng xiá
P	红颜	hóng yán
P	红鱼	hóng yú
P	红麻	hóng má
P	纤夫	qiàn fū
P	纤小	xiān xiǎo
P	纤尘	xiān chén
P	纤巧	xiān qiǎo
P	纤度	xiān dù
P	纤弱	xiān ruò
P	纤微	xiān wēi
P	纤悉	xiān xī
P	纤手	qiàn shǒu
P	纤柔	xiān róu
P	纤毛	xiān máo
P	纤毫	xiān háo
P	纤瘦	xiān shòu
P	纤秀	xiān xiù
P	纤纤	xiān xiān
P	纤细	xiān xì
P	纤绳	qiàn shéng
P	纤维	xiān wéi
P	纤长	xiān cháng
P	纥繨	gē da
P	约会	yuē huì
P	约分	yuē fēn
P	约同	yuē tóng
P	约定	yuē dìng
P	约摸	yuē mō
P	约数	yuē shù
P	约旦	yuē dàn
P	约期	yuē qī
P	约束	yuē shù
P	约法	yuē fǎ
P	约略	yuē lüè
P	约稿	yuē gǎo
P	约莫	yuē mò
P	约见	yuē jiàn
P	约言	yuē yán
P	约计	yuē jì
P	约请	yuē qǐng
P	约谈	yuē tán
P	约集	yuē jí
P	级任	jí rèn
P	级别	jí bié
P	级差	jí chà
P	级数	jí shù
P	纨扇	wán shàn
P	纪事	jì shì
P	纪元	jì yuán
P	纪委	jì wěi
P	纪实	jì shí
P	纪年	jì nián
P	纪录	jì lù
P	纪律	jì lǜ
P	纪念	jì niàn
P	纪检	jì jiǎn
P	纪纲	jì gāng
P	纪行	jì xíng
P	纪要	jì yào
P	纬度	wěi dù
P	纯净	chún jìng
P	纯化	chún huà
P	纯度	chún dù
P	纯朴	chún piáo
P	纯正	chún zhèng
P	纯毛	chún máo
P	纯水	chún shuǐ
P	纯种	chún zhǒng
P	纯钢	chún gāng
P	纰漏	pī lòu
P	纰缪	pī miù
P	纱厂	shā chǎng
P	纱笼	shā lóng
P	纲纪	gāng jì
P	纲要	gāng yào
P	纳凉	nà liáng
P	纳采	nà cǎi
P	纳闷	nà mèn
P	纳降	nà xiáng
P	纵令	zòng lìng
P	纵使	zòng shǐ
P	纵向	zòng xiàng
P	纵声	zòng shēng
P	纵容	zòng róng
P	纵情	zòng qíng
P	纵横	zòng héng
P	纵欲	zòng yù
P	纵步	zòng bù
P	纵波	zòng bō
P	纵深	zòng shēn
P	纵火	zòng huǒ
P	纵然	zòng rán
P	纵目	zòng mù
P	纵荡	zòng dàng
P	纵观	zòng guān
P	纵览	zòng lǎn
P	纵论	zòng lùn
P	纵谈	zòng tán
P	纵贯	zòng guàn
P	纵身	zòng shēn
P	纵酒	zòng jiǔ
P	纵队	zòng duì
P	纵马	zòng mǎ
P	纶巾	guān jīn
P	纷繁	fēn fán
P	纸夹	zhǐ jiā
P	纸捻	zhǐ niǎn
P	纸条	zhǐ tiáo
P	纸浆	zhǐ jiāng
P	纸票	zhǐ piào
P	纸面	zhǐ miàn
P	纹样	wén yàng
P	纹理	wén lǐ
P	纹路	wén lù
P	纹身	wén shēn
P	纹银	wén yín
P	纹饰	wén shì
P	纺机	fǎng jī
P	纺线	fǎng xiàn
P	纺织	fǎng zhī
P	纺车	fǎng chē
P	纽结	niǔ jié
P	线呢	xiàn ne
P	线圈	xiàn quān
P	线型	xiàn xíng
P	线头	xiàn tóu
P	线条	xiàn tiáo
P	线板	xiàn bǎn
P	线衣	xiàn yī
P	线袜	xiàn wà
P	线裤	xiàn kù
P	线轴	xiàn zhóu
P	练漂	liàn piāo
P	组分	zǔ fèn
P	组办	zǔ bàn
P	组合	zǔ hé
P	组员	zǔ yuán
P	组团	zǔ tuán
P	组曲	zǔ qǔ
P	组织	zǔ zhī
P	组长	zǔ zhǎng
P	组雕	zǔ diāo
P	细别	xì bié
P	细发	xì fà
P	细挑	xì tiāo
P	细条	xì tiáo
P	细瓷	xì cí
P	细看	xì kàn
P	细节	xì jié
P	细菌	xì jūn
P	细语	xì yǔ
P	细说	xì shuō
P	细读	xì dú
P	细长	xì cháng
P	细问	xì wèn
P	细雨	xì yǔ
P	织品	zhī pǐn
P	织女	zhī nǚ
P	织布	zhī bù
P	织成	zhī chéng
P	织机	zhī jī
P	织染	zhī rǎn
P	织物	zhī wù
P	织花	zhī huā
P	织补	zhī bǔ
P	织造	zhī zào
P	织金	zhī jīn
P	织锦	zhī jǐn
P	终了	zhōng liǎo
P	终场	zhōng chǎng
P	终将	zhōng jiāng
P	终结	zhōng jié
P	绊倒	bàn dǎo
P	绊儿	bàn er
P	绍兴	shào xīng
P	经传	jīng zhuàn
P	经卷	jīng juàn
P	经幢	jīng chuáng
P	经度	jīng dù
P	经期	jīng qī
P	经济	jīng jì
P	经纪	jīng jì
P	经纶	jīng lún
P	经络	jīng luò
P	经脉	jīng mài
P	经血	jīng xuè
P	经过	jīng guò
P	绑扎	bǎng zhā
P	绑票	bǎng piào
P	结业	jié yè
P	结义	jié yì
P	结交	jié jiāo
P	结亲	jié qīn
P	结仇	jié chóu
P	结伙	jié huǒ
P	结伴	jié bàn
P	结余	jié yú
P	结冰	jié bīng
P	结发	jié fà
P	结合	jié hé
P	结喉	jié hóu
P	结垢	jié gòu
P	结婚	jié hūn
P	结子	jié zǐ
P	结存	jié cún
P	结实	jiē shí
P	结尾	jié wěi
P	结局	jié jú
P	结巴	jiē ba
P	结帐	jié zhàng
P	结幕	jié mù
P	结庐	jié lú
P	结彩	jié cǎi
P	结怨	jié yuàn
P	结成	jié chéng
P	结扎	jié zā
P	结拜	jié bài
P	结晶	jié jīng
P	结束	jié shù
P	结构	jié gòu
P	结果	jié guǒ
P	结核	jié hé
P	结案	jié àn
P	结汇	jié huì
P	结清	jié qīng
P	结点	jié diǎn
P	结疤	jié bā
P	结痂	jié jiā
P	结盟	jié méng
P	结石	jié shí
P	结社	jié shè
P	结算	jié suàn
P	结缘	jié yuán
P	结网	jié wǎng
P	结肠	jié cháng
P	结膜	jié mó
P	结舌	jié shé
P	结节	jié jié
P	结论	jié lùn
P	结识	jié shí
P	结语	jié yǔ
P	结账	jié zhàng
P	结队	jié duì
P	结集	jié jí
P	绕场	rào chǎng
P	绕行	rào xíng
P	绘划	huì huà
P	给与	jǐ yǔ
P	给予	jǐ yǔ
P	给付	jǐ fù
P	给以	gěi yǐ
P	给体	jǐ tǐ
P	给养	jǐ yǎng
P	给定	gěi dìng
P	给水	jǐ shuǐ
P	给钱	gěi qián
P	绚丽	xuàn lì
P	绛红	jiàng hóng
P	络子	lào zi
P	络绎	luò yì
P	络脉	luò mài
P	络腮	luò sāi
P	绝倒	jué dǎo
P	绝地	jué dì
P	绝收	jué shōu
P	绝景	jué jǐng
P	绝症	jué zhèng
P	绝着	jué zhāo
P	绝种	jué zhǒng
P	绝食	jué shí
P	绞车	jiǎo chē
P	统共	tǒng gòng
P	统包	tǒng bāo
P	统属	tǒng shǔ
P	统招	tǒng zhāo
P	统括	tǒng kuò
P	统摄	tǒng shè
P	统收	tǒng shōu
P	统率	tǒng shuài
P	统称	tǒng chēng
P	统编	tǒng biān
P	统观	tǒng guān
P	绢扇	juàn shàn
P	绢画	juàn huà
P	绣制	xiù zhì
P	绣品	xiù pǐn
P	绥宁	suí níng
P	绥远	suí yuǎn
P	继任	jì rèn
P	继父	jì fù
P	续会	xù huì
P	续建	xù jiàn
P	续稿	xù gǎo
P	续聘	xù pìn
P	绰号	chuò hào
P	绰约	chuò yuē
P	绰绰	chuò chuò
P	绳子	shéng zi
P	绷子	bēng zi
P	绷带	bēng dài
P	绷簧	bēng huáng
P	绷脸	běng liǎn
P	绸缪	chóu móu
P	综合	zōng hé
P	综述	zōng shù
P	绿化	lǜ huà
P	绿林	lù lín
P	绿野	lǜ yě
P	缆车	lǎn chē
P	缉凶	jī xiōng
P	缉拿	jī ná
P	缉捕	jī bǔ
P	缉查	jī chá
P	缉私	jī sī
P	缉获	jī huò
P	缓冲	huǎn chōng
P	缓和	huǎn hé
P	缓建	huǎn jiàn
P	缓期	huǎn qī
P	缓破	huǎn pò
P	缓行	huǎn xíng
P	缓解	huǎn jiě
P	缔合	dì hé
P	缔约	dì yuē
P	缔结	dì jié
P	编内	biān nèi
P	编创	biān chuàng
P	编发	biān fā
P	编号	biān hào
P	编后	biān hòu
P	编委	biān wěi
P	编排	biān pái
P	编校	biān jiào
P	编织	biān zhī
P	编结	biān jié
P	编绘	biān huì
P	编著	biān zhù
P	缘簿	yuán bù
P	缝儿	fèng er
P	缝制	féng zhì
P	缝合	féng hé
P	缝子	fèng zi
P	缝工	fèng gōng
P	缝穷	fèng qióng
P	缝纫	féng rèn
P	缝线	féng xiàn
P	缝缀	féng zhuì
P	缝衣	féng yī
P	缝补	féng bǔ
P	缝际	fèng jì
P	缝隙	fèng xì
P	缠磨	chán mó
P	缠结	chán jié
P	缥缈	piāo miǎo
P	缨子	yīng zi
P	缩写	suō xiě
P	缩减	suō jiǎn
P	缩印	suō yìn
P	缩回	suō huí
P	缩图	suō tú
P	缩头	suō tóu
P	缩小	suō xiǎo
P	缩尺	suō chǐ
P	缩影	suō yǐng
P	缩微	suō wēi
P	缩手	suō shǒu
P	缩水	suō shuǐ
P	缩略	suō lüè
P	缩短	suō duǎn
P	缩砂	sù shā
P	缩简	suō jiǎn
P	缩紧	suō jǐn
P	缩编	suō biān
P	缩缩	suō suō
P	缩聚	suō jù
P	缩进	suō jìn
P	缩颈	suō jǐng
P	缴付	jiǎo fù
P	缴枪	jiǎo qiāng
P	缴械	jiǎo xiè
P	缴款	jiǎo kuǎn
P	缴租	jiǎo zū
P	缴税	jiǎo shuì
P	缴纳	jiǎo nà
P	缴获	jiǎo huò
P	缴销	jiǎo xiāo
P	缸瓦	gāng wǎ
P	缸盖	gāng gài
P	缺员	quē yuán
P	缺少	quē shǎo
P	缺阵	quē zhèn
P	罄尽	qìng jìn
P	罐头	guàn tou
P	网子	wǎng zi
P	网状	wǎng zhuàng
P	网络	wǎng luò
P	网绳	wǎng shéng
P	网迷	wǎng mí
P	罕有	hǎn yǒu
P	罕见	hǎn jiàn
P	罗刹	luó chà
P	罗勒	luó lè
P	罗圈	luó quān
P	罗拉	luó lā
P	罗甸	luó diàn
P	罗纹	luó wén
P	罗织	luó zhī
P	罚没	fá mò
P	罡风	gāng fēng
P	罢演	bà yǎn
P	罢赛	bà sài
P	罪恶	zuì è
P	罪行	zuì xíng
P	罪过	zuì guò
P	置信	zhì xìn
P	置疑	zhì yí
P	罹难	lí nàn
P	羊倌	yáng guān
P	羊圈	yáng juàn
P	羊城	yáng chéng
P	羊头	yáng tóu
P	羊工	yáng gōng
P	羊桃	yáng táo
P	羊毛	yáng máo
P	羊毫	yáng háo
P	羊水	yáng shuǐ
P	羊羔	yáng gāo
P	羊羹	yáng gēng
P	羊肚	yáng dǔ
P	羊肠	yáng cháng
P	羊脂	yáng zhī
P	羊膜	yáng mó
P	羊角	yáng jiǎo
P	羊齿	yáng chǐ
P	美丽	měi lì
P	美化	měi huà
P	美地	měi dì
P	美女	měi nǚ
P	美好	měi hǎo
P	美差	měi chāi
P	美景	měi jǐng
P	美术	měi shù
P	美称	měi chēng
P	美观	měi guān
P	美语	měi yǔ
P	美食	měi shí
P	羔羊	gāo yáng
P	羞于	xiū yú
P	羞恶	xiū wù
P	羞臊	xiū sào
P	群体	qún tǐ
P	群星	qún xīng
P	群殴	qún ōu
P	群氓	qún méng
P	群起	qún qǐ
P	群雕	qún diāo
P	羯羊	jié yáng
P	羹匙	gēng chí
P	羹汤	gēng tāng
P	羽冠	yǔ guān
P	羽化	yǔ huà
P	羽坛	yǔ tán
P	羽扇	yǔ shàn
P	翅膀	chì bǎng
P	翅鞘	chì qiào
P	翘企	qiáo qǐ
P	翘望	qiáo wàng
P	翘棱	qiáo lēng
P	翘楚	qiáo chǔ
P	翘盼	qiáo pàn
P	翘翘	qiào qiào
P	翘起	qiào qǐ
P	翘首	qiáo shǒu
P	翠柏	cuì bǎi
P	翠绿	cuì lǜ
P	翻供	fān gòng
P	翻倒	fān dǎo
P	翻卷	fān juǎn
P	翻地	fān dì
P	翻弄	fān nòng
P	翻斗	fān dǒu
P	翻查	fān chá
P	翻浆	fān jiāng
P	翻涌	fān yǒng
P	翻牌	fān pái
P	翻番	fān fān
P	翻盖	fān gài
P	翻车	fān chē
P	翻转	fān zhuǎn
P	翼侧	yì cè
P	耀目	yào mù
P	老亲	lǎo qīn
P	老伯	lǎo bó
P	老几	lǎo jǐ
P	老化	lǎo huà
P	老区	lǎo qū
P	老大	lǎo dà
P	老夫	lǎo fū
P	老头	lǎo tóu
P	老子	lǎo zi
P	老家	lǎo jiā
P	老将	lǎo jiàng
P	老少	lǎo shào
P	老底	lǎo dǐ
P	老弟	lǎo dì
P	老景	lǎo jǐng
P	老汤	lǎo tāng
P	老泪	lǎo lèi
P	老父	lǎo fù
P	老相	lǎo xiāng
P	老窖	lǎo jiào
P	老调	lǎo diào
P	考中	kǎo zhōng
P	考分	kǎo fēn
P	考区	kǎo qū
P	考卷	kǎo juàn
P	考场	kǎo chǎng
P	考学	kǎo xué
P	考据	kǎo jù
P	考期	kǎo qī
P	考查	kǎo chá
P	考核	kǎo hé
P	考点	kǎo diǎn
P	考量	kǎo liáng
P	考风	kǎo fēng
P	耆宿	qí sù
P	耆老	qí lǎo
P	而且	ér qiě
P	耍弄	shuǎ nòng
P	耍横	shuǎ hèng
P	耐看	nài kàn
P	耐磨	nài mó
P	耐饥	nài jī
P	耕地	gēng dì
P	耕畜	gēng chù
P	耕种	gēng zhòng
P	耕织	gēng zhī
P	耕读	gēng dú
P	耗子	hào zi
P	耗尽	hào jìn
P	耗散	hào sàn
P	耗油	hào yóu
P	耗用	hào yòng
P	耗电	hào diàn
P	耗神	hào shén
P	耙地	bà dì
P	耙子	pá zi
P	耥耙	tǎng bà
P	耳塞	ěr sāi
P	耳石	ěr shí
P	耳背	ěr bèi
P	耳语	ěr yǔ
P	耳食	ěr shí
P	耶教	yē jiào
P	耶稣	yē sū
P	耷拉	dā lā
P	耸峙	sǒng zhì
P	耻于	chǐ yú
P	耻骨	chǐ gǔ
P	耽搁	dān gē
P	耽溺	dān nì
P	聊表	liáo biǎo
P	聋子	lóng zi
P	职大	zhí dà
P	职教	zhí jiào
P	职校	zhí xiào
P	联体	lián tǐ
P	联华	lián huá
P	联句	lián jù
P	联合	lián hé
P	联唱	lián chàng
P	联大	lián dà
P	联奏	lián zòu
P	联展	lián zhǎn
P	联检	lián jiǎn
P	联票	lián piào
P	联系	lián xì
P	联结	lián jié
P	联络	lián luò
P	联销	lián xiāo
P	聘任	pìn rèn
P	聘期	pìn qī
P	聘约	pìn yuē
P	聚会	jù huì
P	聚合	jù hé
P	聚头	jù tóu
P	聚散	jù sàn
P	聚结	jù jié
P	聚落	jù luò
P	聚齐	jù qí
P	肃毒	sù dú
P	肆应	sì yìng
P	肆行	sì xíng
P	肉丁	ròu dīng
P	肉体	ròu tǐ
P	肉冠	ròu guān
P	肉头	ròu tóu
P	肉干	ròu gān
P	肉排	ròu pái
P	肉泥	ròu ní
P	肉片	ròu piàn
P	肉畜	ròu chù
P	肉票	ròu piào
P	肉禽	ròu qín
P	肉糜	ròu mí
P	肉红	ròu hóng
P	肉铺	ròu pù
P	肉食	ròu shí
P	肋木	lèi mù
P	肋条	lèi tiáo
P	肋骨	lèi gǔ
P	肌体	jī tǐ
P	肌骨	jī gǔ
P	肖像	xiào xiàng
P	肚丝	dǔ sī
P	肚兜	dù dōu
P	肚子	dǔ zi
P	肚带	dù dài
P	肚片	dǔ piàn
P	肚皮	dù pí
P	肚肠	dù cháng
P	肚脐	dù qí
P	肚量	dù liàng
P	肝风	gān fēng
P	肠子	cháng zi
P	股份	gǔ fèn
P	股分	gǔ fèn
P	股票	gǔ piào
P	股评	gǔ píng
P	股长	gǔ zhǎng
P	股骨	gǔ gǔ
P	肢体	zhī tǐ
P	肢解	zhī jiě
P	肤浅	fū qiǎn
P	肤觉	fū jué
P	肥大	féi dà
P	肥差	féi chà
P	肥硕	féi shuò
P	肩头	jiān tóu
P	肩挑	jiān tiāo
P	肩背	jiān bèi
P	肮脏	āng zāng
P	肯于	kěn yú
P	肯干	kěn gàn
P	肯綮	kěn qìng
P	肱骨	gōng gǔ
P	育婴	yù yīng
P	育种	yù zhǒng
P	肺叶	fèi yè
P	肺泡	fèi pào
P	肾囊	shèn náng
P	肿大	zhǒng dà
P	胀痛	zhàng tòng
P	胁从	xié cóng
P	胁迫	xié pò
P	胆囊	dǎn náng
P	胆子	dǎn zi
P	胆识	dǎn shí
P	胆量	dǎn liàng
P	背书	bèi shū
P	背人	bèi rén
P	背信	bèi xìn
P	背债	bēi zhài
P	背光	bèi guāng
P	背包	bēi bāo
P	背叛	bèi pàn
P	背后	bèi hòu
P	背向	bèi xiàng
P	背囊	bèi náng
P	背地	bèi dì
P	背子	bēi zi
P	背带	bēi dài
P	背弃	bèi qì
P	背影	bèi yǐng
P	背心	bèi xīn
P	背时	bèi shí
P	背景	bèi jǐng
P	背榜	bēi bǎng
P	背气	bèi qì
P	背熟	bèi shú
P	背离	bèi lí
P	背筐	bēi kuāng
P	背篓	bēi lǒu
P	背篼	bèi dōu
P	背约	bèi yuē
P	背脊	bèi jǐ
P	背街	bèi jiē
P	背袋	bèi dài
P	背诵	bèi sòng
P	背谬	bèi miù
P	背负	bēi fù
P	背运	bèi yùn
P	背部	bèi bù
P	背阴	bèi yīn
P	背静	bèi jìng
P	背靠	bèi kào
P	背面	bèi miàn
P	背风	bèi fēng
P	背鳍	bèi qí
P	胎发	tāi fà
P	胎教	tāi jiào
P	胎毒	tāi dú
P	胖子	pàng zi
P	胚轴	pēi zhóu
P	胜任	shèng rèn
P	胜似	shèng sì
P	胜券	shèng quàn
P	胜地	shèng dì
P	胜局	shèng jú
P	胜景	shèng jǐng
P	胜朝	shèng cháo
P	胜过	shèng guò
P	胞妹	bāo mèi
P	胞姐	bāo jiě
P	胞弟	bāo dì
P	胡同	hú tòng
P	胡杨	hú yáng
P	胡说	hú shuō
P	胫骨	jìng gǔ
P	胭红	yān hóng
P	胯骨	kuà gǔ
P	胳肢	gē zhī
P	胳膊	gē bó
P	胳臂	gē bei
P	胴体	dòng tǐ
P	胶丸	jiāo wán
P	胶体	jiāo tǐ
P	胶卷	jiāo juǎn
P	胶合	jiāo hé
P	胶囊	jiāo náng
P	胶泥	jiāo ní
P	胶片	jiāo piàn
P	胶着	jiāo zhuó
P	胶纸	jiāo zhǐ
P	胶结	jiāo jié
P	胸中	xiōng zhōng
P	胸像	xiōng xiàng
P	胸卡	xiōng kǎ
P	胸椎	xiōng zhuī
P	胸片	xiōng piàn
P	胸牌	xiōng pái
P	胸科	xiōng kē
P	胸脯	xiōng pú
P	胸闷	xiōng mēn
P	胸饰	xiōng shì
P	胸骨	xiōng gǔ
P	能事	néng shì
P	能人	néng rén
P	能力	néng lì
P	能动	néng dòng
P	能否	néng fǒu
P	能够	néng gòu
P	能干	néng gàn
P	能手	néng shǒu
P	能效	néng xiào
P	能源	néng yuán
P	能耐	néng nài
P	能耗	néng hào
P	能量	néng liàng
P	脂膏	zhī gāo
P	脆弱	cuì ruò
P	脆枣	cuì zǎo
P	脆骨	cuì gǔ
P	脉冲	mài chōng
P	脉动	mài dòng
P	脉压	mài yā
P	脉息	mài xī
P	脉搏	mài bó
P	脉案	mài àn
P	脉理	mài lǐ
P	脉石	mài shí
P	脉管	mài guǎn
P	脉络	mài luò
P	脉脉	mò mò
P	脉象	mài xiàng
P	脉门	mài mén
P	脊椎	jǐ zhuī
P	脊背	jǐ bèi
P	脊骨	jǐ gǔ
P	脏了	zāng le
P	脏话	zāng huà
P	脑壳	nǎo ké
P	脑子	nǎo zi
P	脑浆	nǎo jiāng
P	脑涨	nǎo zhàng
P	脓血	nóng xuè
P	脖子	bó zi
P	脖颈	bó gěng
P	脚链	jiǎo liàn
P	脱发	tuō fà
P	脱困	tuō kùn
P	脱壳	tuō ké
P	脱盐	tuō yán
P	脸热	liǎn rè
P	腈纶	jīng lún
P	腊八	là bā
P	腊味	là wèi
P	腊日	là rì
P	腊月	là yuè
P	腊梅	là méi
P	腊肉	là ròu
P	腊肠	là cháng
P	腋臭	yè chòu
P	腌制	yān zhì
P	腌渍	yān zì
P	腌肉	yān ròu
P	腌臜	ā zā
P	腌臢	ā zā
P	腌菜	yān cài
P	腐化	fǔ huà
P	腐坏	fǔ huài
P	腐恶	fǔ è
P	腐臭	fǔ chòu
P	腓骨	féi gǔ
P	腔调	qiāng diào
P	腕骨	wàn gǔ
P	腥膻	xīng shān
P	腥臊	xīng sāo
P	腥臭	xīng chòu
P	腭裂	è liè
P	腮红	sāi hóng
P	腰俞	yāo yú
P	腰杆	yāo gǎn
P	腰椎	yāo zhuī
P	腰背	yāo bèi
P	腰袋	yāo dài
P	腰酸	yāo suān
P	腱鞘	jiàn qiào
P	腹内	fù nèi
P	腹地	fù dì
P	腹胀	fù zhàng
P	腺瘤	xiàn liú
P	腾冲	téng chōng
P	腾涌	téng yǒng
P	腾空	téng kōng
P	膀胱	páng guāng
P	膀臂	bǎng bì
P	膊裂	bó liè
P	膏剂	gāo jì
P	膏子	gāo zi
P	膏泽	gāo zé
P	膏粱	gāo liáng
P	膏肓	gāo huāng
P	膏腴	gāo yú
P	膏药	gāo yào
P	膏血	gāo xuè
P	膝头	xī tóu
P	膝盖	xī gài
P	膝行	xī xíng
P	膨化	péng huà
P	膨大	péng dà
P	膳宿	shàn sù
P	膳食	shàn shí
P	膻中	dàn zhōng
P	膻味	shān wèi
P	膻气	shān qì
P	臂力	bì lì
P	臂助	bì zhù
P	臂弯	bì wān
P	臂章	bì zhāng
P	臂肘	bì zhǒu
P	臂腕	bì wàn
P	臂膀	bì bǎng
P	臂膊	bì bó
P	臆度	yì duó
P	臆见	yì jiàn
P	臆说	yì shuō
P	臊子	sào zi
P	臣仆	chén pú
P	臣服	chén fú
P	臧否	zāng pǐ
P	自乘	zì chéng
P	自产	zì chǎn
P	自从	zì cóng
P	自传	zì zhuàn
P	自供	zì gòng
P	自便	zì biàn
P	自信	zì xìn
P	自净	zì jìng
P	自分	zì fèn
P	自助	zì zhù
P	自发	zì fā
P	自嘲	zì cháo
P	自大	zì dà
P	自夸	zì kuā
P	自家	zì jiā
P	自尽	zì jìn
P	自强	zì qiáng
P	自当	zì dāng
P	自得	zì dé
P	自打	zì dǎ
P	自旋	zì xuán
P	自查	zì chá
P	自汗	zì hàn
P	自渎	zì dú
P	自省	zì xǐng
P	自矜	zì jīn
P	自知	zì zhī
P	自禁	zì jīn
P	自称	zì chēng
P	自筹	zì chóu
P	自纠	zì jiū
P	自给	zì jǐ
P	自若	zì ruò
P	自行	zì xíng
P	自觉	zì jué
P	自许	zì xǔ
P	自谋	zì móu
P	自转	zì zhuàn
P	自重	zì zhòng
P	自量	zì liàng
P	自销	zì xiāo
P	自食	zì shí
P	臭名	chòu míng
P	臭味	chòu wèi
P	臭棋	chòu qí
P	臭椿	chòu chūn
P	臭气	chòu qì
P	臭氧	chòu yǎng
P	臭美	chòu měi
P	臭虫	chòu chóng
P	臭骂	chòu mà
P	至上	zhì shàng
P	至为	zhì wéi
P	至亲	zhì qīn
P	至好	zhì hǎo
P	至少	zhì shǎo
P	至当	zhì dāng
P	至正	zhì zhèng
P	至深	zhì shēn
P	至若	zhì ruò
P	舂米	chōng mǐ
P	舅父	jiù fù
P	舆论	yú lùn
P	舌头	shé tou
P	舌苔	shé tāi
P	舍亲	shè qīn
P	舍去	shě qù
P	舍己	shě jǐ
P	舍弃	shě qì
P	舍得	shě de
P	舍监	shè jiān
P	舒卷	shū juǎn
P	舒散	shū sàn
P	舒服	shū fú
P	舒松	shū sōng
P	舔食	tiǎn shí
P	舞会	wǔ huì
P	舞台	wǔ tái
P	舞场	wǔ chǎng
P	舞女	wǔ nǚ
P	舞弄	wǔ nòng
P	舞星	wǔ xīng
P	舞曲	wǔ qǔ
P	舞美	wǔ měi
P	舟车	zhōu chē
P	航务	háng wù
P	航校	háng xiào
P	航模	háng mó
P	航测	háng cè
P	航空	háng kōng
P	航行	háng xíng
P	航路	háng lù
P	般桓	pán huán
P	般若	bō rě
P	舰只	jiàn zhī
P	舰炮	jiàn pào
P	舱室	cāng shì
P	船只	chuán zhī
P	船夫	chuán fū
P	船底	chuán dǐ
P	船期	chuán qī
P	船桅	chuán wéi
P	船艇	chuán tǐng
P	船长	chuán zhǎng
P	船龄	chuán líng
P	良好	liáng hǎo
P	良家	liáng jiā
P	良将	liáng jiàng
P	良知	liáng zhī
P	良种	liáng zhǒng
P	良能	liáng néng
P	艰难	jiān nán
P	色子	shǎi zǐ
P	色差	sè chà
P	色带	sè dài
P	色度	sè dù
P	色拉	sè lā
P	色散	sè sàn
P	色晕	sè yùn
P	色泽	sè zé
P	色相	sè xiàng
P	色觉	sè jué
P	色调	sè diào
P	艳丽	yàn lì
P	艳服	yàn fú
P	艳称	yàn chēng
P	艳红	yàn hóng
P	艺术	yì shù
P	艺能	yì néng
P	节下	jié xià
P	节令	jié lìng
P	节余	jié yú
P	节俭	jié jiǎn
P	节假	jié jià
P	节减	jié jiǎn
P	节制	jié zhì
P	节哀	jié āi
P	节奏	jié zòu
P	节妇	jié fù
P	节子	jiē zǐ
P	节庆	jié qìng
P	节度	jié dù
P	节录	jié lù
P	节律	jié lǜ
P	节拍	jié pāi
P	节操	jié cāo
P	节支	jié zhī
P	节日	jié rì
P	节本	jié běn
P	节欲	jié yù
P	节气	jié qì
P	节水	jié shuǐ
P	节油	jié yóu
P	节流	jié liú
P	节烈	jié liè
P	节片	jié piàn
P	节理	jié lǐ
P	节用	jié yòng
P	节略	jié lüè
P	节目	jié mù
P	节省	jié shěng
P	节礼	jié lǐ
P	节约	jié yuē
P	节育	jié yù
P	节能	jié néng
P	节节	jié jié
P	节选	jié xuǎn
P	节间	jié jiān
P	节食	jié shí
P	芋头	yù tou
P	芒刺	máng cì
P	芒种	máng zhòng
P	芜荑	wú yí
P	芤脉	kōu mài
P	芥子	jiè zǐ
P	芥末	jiè mò
P	芥菜	jiè cài
P	芥蒂	jiè dì
P	芥蓝	jiè lán
P	芦丁	lú dīng
P	芦柑	lú gān
P	芫花	yuán huā
P	芫荽	yán suī
P	芯子	xìn zǐ
P	花会	huā huì
P	花俏	huā qiào
P	花冠	huā guān
P	花卷	huā juǎn
P	花呢	huā ní
P	花期	huā qī
P	花架	huā jià
P	花炮	huā pào
P	花红	huā hóng
P	花绸	huā chóu
P	花被	huā bèi
P	花车	huā chē
P	花露	huā lù
P	芳华	fāng huá
P	芳泽	fāng zé
P	芳菲	fāng fēi
P	芽子	yá zi
P	苇丛	wěi cóng
P	苍凉	cāng liáng
P	苍劲	cāng jìng
P	苍哑	cāng yǎ
P	苍头	cāng tóu
P	苍术	cāng zhú
P	苍松	cāng sōng
P	苍空	cāng kōng
P	苍绿	cāng lǜ
P	苏丹	sū dān
P	苏俄	sū é
P	苏剧	sū jù
P	苏区	sū qū
P	苏堤	sū dī
P	苏子	sū zǐ
P	苏打	sū dá
P	苏木	sū mù
P	苏白	sū bái
P	苏秦	sū qín
P	苏绣	sū xiù
P	苏醒	sū xǐng
P	苔藓	tái xiǎn
P	苕帚	tiáo zhǒu
P	苗头	miáo tou
P	苗寨	miáo zhài
P	苗期	miáo qī
P	苗条	miáo tiáo
P	苗语	miáo yǔ
P	苛刻	kē kè
P	苛待	kē dài
P	苛政	kē zhèng
P	苛求	kē qiú
P	苛细	kē xì
P	苛责	kē zé
P	苜蓿	mù xu
P	苟且	gǒu qiě
P	苟合	gǒu hé
P	苟同	gǒu tóng
P	苤蓝	piě lán
P	若何	ruò hé
P	若夫	ruò fú
P	若干	ruò gān
P	若是	ruò shì
P	若果	ruò guǒ
P	若非	ruò fēi
P	苦参	kǔ shēn
P	苦处	kǔ chǔ
P	苦夏	kǔ xià
P	苦头	kǔ tóu
P	苦差	kǔ chāi
P	苦干	kǔ gàn
P	苦思	kǔ sī
P	苦想	kǔ xiǎng
P	苦撑	kǔ chēng
P	苦斗	kǔ dòu
P	苦熬	kǔ áo
P	苦相	kǔ xiàng
P	苦短	kǔ duǎn
P	苦行	kǔ xíng
P	苦读	kǔ dú
P	苦闷	kǔ mèn
P	苦难	kǔ nàn
P	苦雨	kǔ yǔ
P	苫布	shàn bù
P	苫盖	shàn gài
P	英华	yīng huá
P	英尺	yīng chǐ
P	英模	yīng mó
P	英石	yīng shí
P	英语	yīng yǔ
P	苹果	píng guǒ
P	茁长	zhuó zhǎng
P	茂盛	mào shèng
P	范蠡	fàn lǐ
P	茄子	qié zi
P	茅台	máo tái
P	茅舍	máo shè
P	茎干	jīng gàn
P	茔地	yíng dì
P	茜草	qiàn cǎo
P	茱萸	zhū yú
P	茶会	chá huì
P	茶几	chá jī
P	茶匙	chá chí
P	茶叶	chá yè
P	茶场	chá chǎng
P	茶坊	chá fāng
P	茶桌	chá zhuō
P	茶汤	chá tāng
P	茶炉	chá lú
P	茶瓯	chá ōu
P	茶盅	chá zhōng
P	茶盏	chá zhǎn
P	茶盘	chá pán
P	茶铛	chá chēng
P	茶食	chá shí
P	荆条	jīng tiáo
P	荆芥	jīng jiè
P	草体	cǎo tǐ
P	草创	cǎo chuàng
P	草地	cǎo dì
P	草场	cǎo chǎng
P	草垛	cǎo duǒ
P	草泽	cǎo zé
P	草滩	cǎo tān
P	草率	cǎo shuài
P	草窝	cǎo wō
P	草约	cǎo yuē
P	草绿	cǎo lǜ
P	草芥	cǎo jiè
P	草苫	cǎo shān
P	荒丘	huāng qiū
P	荒凉	huāng liáng
P	荒地	huāng dì
P	荒坡	huāng pō
P	荒沙	huāng shā
P	荒落	huāng luò
P	荔枝	lì zhī
P	荣任	róng rèn
P	荣华	róng huá
P	荣立	róng lì
P	荣记	róng jì
P	荤粥	xūn zhōu
P	荤食	hūn shí
P	荥阳	xíng yáng
P	荧屏	yíng píng
P	荨麻	xún má
P	荫凉	yìn liáng
P	荫庇	yìn bì
P	荫翳	yīn yì
P	荫蔽	yīn bì
P	药具	yào jù
P	药单	yào dān
P	药厂	yào chǎng
P	药害	yào hài
P	药工	yào gōng
P	药捻	yào niǎn
P	药浴	yào yù
P	药液	yào yè
P	药片	yào piàn
P	药王	yào wáng
P	药石	yào shí
P	药膏	yào gāo
P	药茶	yào chá
P	药针	yào zhēn
P	药铺	yào pù
P	药面	yào miàn
P	荷叶	hé yè
P	荷塘	hé táng
P	荷载	hè zài
P	荷重	hè zhòng
P	荷锄	hè chú
P	荸荠	bí qí
P	荼毒	tú dú
P	莎草	suō cǎo
P	莘庄	xīn zhuāng
P	莘莘	shēn shēn
P	莞尔	wǎn ěr
P	莞莞	wǎn wǎn
P	莨绸	liáng chóu
P	莨菪	làng dàng
P	莫不	mò bù
P	莫名	mò míng
P	莫大	mò dà
P	莫如	mò rú
P	莫逆	mò nì
P	莫非	mò fēi
P	莱案	lái àn
P	莲台	lián tái
P	莳罗	shí luó
P	莳萝	shí luó
P	莴苣	wō jù
P	获得	huò dé
P	获知	huò zhī
P	获选	huò xuǎn
P	莺语	yīng yǔ
P	菜单	cài dān
P	菜叶	cài yè
P	菜店	cài diàn
P	菜摊	cài tān
P	菜点	cài diǎn
P	菜窖	cài jiào
P	菜羊	cài yáng
P	菲仪	fěi yí
P	菲材	fěi cái
P	菲礼	fěi lǐ
P	菲菲	fēi fēi
P	菲薄	fěi bó
P	萎靡	wěi mǐ
P	萝卜	luó bo
P	营区	yíng qū
P	萼片	è piàn
P	落下	là xià
P	落了	là le
P	落价	lào jià
P	落伍	luò wǔ
P	落体	luò tǐ
P	落俗	luò sú
P	落单	luò dān
P	落发	luò fà
P	落叶	luò yè
P	落后	luò hòu
P	落地	luò dì
P	落墨	luò mò
P	落套	luò tào
P	落子	lào zi
P	落实	luò shí
P	落寞	luò mò
P	落尘	luò chén
P	落山	luò shān
P	落差	luò chà
P	落市	luò shì
P	落帐	luò zhàng
P	落幕	luò mù
P	落座	luò zuò
P	落得	luò de
P	落成	luò chéng
P	落户	luò hù
P	落拓	luò tuò
P	落日	luò rì
P	落枕	lào zhěn
P	落榜	luò bǎng
P	落槌	luò chuí
P	落款	luò kuǎn
P	落水	luò shuǐ
P	落泊	luò bó
P	落泪	luò lèi
P	落潮	luò cháo
P	落炕	lào kàng
P	落点	luò diǎn
P	落照	luò zhào
P	落空	luò kōng
P	落笔	luò bǐ
P	落第	luò dì
P	落籍	luò jí
P	落网	luò wǎng
P	落聘	luò pìn
P	落脚	luò jiǎo
P	落膘	luò biāo
P	落色	lào shǎi
P	落花	luò huā
P	落英	luò yīng
P	落草	luò cǎo
P	落荒	luò huāng
P	落选	luò xuǎn
P	落锁	luò suǒ
P	落难	luò nàn
P	落霞	luò xiá
P	落音	luò yīn
P	落马	luò mǎ
P	落魄	luò pò
P	著文	zhù wén
P	葛布	gé bù
P	葛根	gé gēn
P	葛粉	gé fěn
P	葛藤	gé téng
P	葫芦	hú lú
P	葱头	cōng tóu
P	葱绿	cōng lǜ
P	葵扇	kuí shàn
P	蒙事	mēng shì
P	蒙人	méng rén
P	蒙冤	méng yuān
P	蒙医	méng yī
P	蒙受	méng shòu
P	蒙哄	méng hǒng
P	蒙垢	méng gòu
P	蒙尘	méng chén
P	蒙师	méng shī
P	蒙恩	méng ēn
P	蒙昧	méng mèi
P	蒙混	méng hùn
P	蒙皮	méng pí
P	蒙眬	méng lóng
P	蒙着	mēng zháo
P	蒙羞	méng xiū
P	蒙胧	méng lóng
P	蒙药	méng yào
P	蒙蒙	méng méng
P	蒙蔽	méng bì
P	蒙语	méng yǔ
P	蒙难	méng nàn
P	蒙面	méng miàn
P	蒙骗	mēng piàn
P	蒜头	suàn tóu
P	蒜泥	suàn ní
P	蒜黄	suàn huáng
P	蒲扇	pú shàn
P	蒲节	pú jié
P	蒸发	zhēng fā
P	蒸散	zhēng sàn
P	蒸笼	zhēng lóng
P	蒸食	zhēng shí
P	蒸饼	zhēng bǐng
P	蒸馏	zhēng liú
P	蒺藜	jí lí
P	蒿子	hāo zi
P	蒿草	hāo cǎo
P	蓄势	xù shì
P	蓄发	xù fà
P	蓄能	xù néng
P	蓊郁	wěng yù
P	蓍占	shī zhān
P	蓝调	lán diào
P	蓦地	mò dì
P	蓬勃	péng bó
P	蔓儿	màn er
P	蔓延	màn yán
P	蔓生	màn shēng
P	蔓草	màn cǎo
P	蔓衍	màn yǎn
P	蔗田	zhè tián
P	蔚县	yù xiàn
P	蔚然	wèi rán
P	蔫巴	niān bā
P	蔽塞	bì sè
P	蕃王	fān wáng
P	蕃茄	fān qié
P	蕲蛇	qí shé
P	蕴意	yùn yì
P	蕴结	yùn jié
P	蕴藉	yùn jiè
P	蕴藏	yùn cáng
P	薄产	bó chǎn
P	薄利	bó lì
P	薄命	bó mìng
P	薄层	báo céng
P	薄幸	bó xìng
P	薄弱	bó ruò
P	薄待	bó dài
P	薄情	bó qíng
P	薄技	bó jì
P	薄晓	bó xiǎo
P	薄暮	bó mù
P	薄板	báo bǎn
P	薄片	báo piàn
P	薄田	bó tián
P	薄纱	báo shā
P	薄脆	báo cuì
P	薄膜	báo mó
P	薄荷	bò hé
P	薄葬	bó zàng
P	薄薄	báo báo
P	薄酒	bó jiǔ
P	薄酬	bó chóu
P	薄雾	bó wù
P	薄面	bó miàn
P	薄饼	báo bǐng
P	薅草	hāo cǎo
P	薪传	xīn chuán
P	薪给	xīn gěi
P	薪饷	xīn xiǎng
P	薯类	shǔ lèi
P	薯莨	shǔ liáng
P	薰风	xūn fēng
P	藉以	jiè yǐ
P	藉口	jiè kǒu
P	藏书	cáng shū
P	藏人	zàng rén
P	藏医	cáng yī
P	藏匿	cáng nì
P	藏历	zàng lì
P	藏奸	cáng jiān
P	藏富	cáng fù
P	藏府	zàng fǔ
P	藏戏	zàng xì
P	藏拙	cáng zhuō
P	藏掖	cáng yè
P	藏族	zàng zú
P	藏獒	zàng áo
P	藏胞	cáng bāo
P	藏药	zàng yào
P	藏蓝	zàng lán
P	藏袍	cáng páo
P	藏踪	cáng zōng
P	藏身	cáng shēn
P	藏躲	cáng duǒ
P	藏锋	cáng fēng
P	藏青	zàng qīng
P	藏香	zàng xiāng
P	藕粉	ǒu fěn
P	藕色	ǒu sè
P	藕节	ǒu jié
P	藕荷	ǒu hé
P	藤子	téng zi
P	藤条	téng tiáo
P	藤椅	téng yǐ
P	藤牌	téng pái
P	藤箱	téng xiāng
P	藤编	téng biān
P	藤萝	téng luó
P	藤蔓	téng wàn
P	藩属	fān shǔ
P	藻井	zǎo jǐng
P	藻思	zǎo sī
P	藻饰	zǎo shì
P	虎劲	hǔ jìn
P	虎将	hǔ jiàng
P	虎尾	hǔ wěi
P	虎胆	hǔ dǎn
P	虎贲	hǔ bēn
P	虎跑	hǔ páo
P	虎骨	hǔ gǔ
P	虐待	nüè dài
P	虔信	qián xìn
P	虚汗	xū hàn
P	虚空	xū kōng
P	虫卵	chóng luǎn
P	虱子	shī zi
P	虽说	suī shuō
P	虾子	xiā zi
P	虾蟆	há má
P	蚁后	yǐ hòu
P	蚁王	yǐ wáng
P	蚂蚁	mǎ yǐ
P	蚂蚱	mà zhà
P	蚂蜂	mǎ fēng
P	蚂蝗	mǎ huáng
P	蚂螂	mā láng
P	蚂蟥	mǎ huáng
P	蚊子	wén zi
P	蚌埠	bèng bù
P	蚕沙	cán shā
P	蚕种	cán zhǒng
P	蚕蛾	cán é
P	蚕食	cán shí
P	蚤休	zǎo xiū
P	蚶子	hān zi
P	蛇行	shé xíng
P	蛋青	dàn qīng
P	蛋鸭	dàn yā
P	蛏子	chēng zi
P	蛤粉	gé fěn
P	蛤蚌	gé bàng
P	蛤蚧	gé jiè
P	蛤蜊	gé lí
P	蛤蟆	há ma
P	蛮劲	mán jìn
P	蛮干	mán gàn
P	蛮横	mán hèng
P	蛹期	yǒng qī
P	蛾子	é zi
P	蛾眉	é méi
P	蜂毒	fēng dú
P	蜂王	fēng wáng
P	蜈蚣	wú gōng
P	蜕化	tuì huà
P	蜗旋	wō xuán
P	蜗角	wō jiǎo
P	蜚语	fēi yǔ
P	蜜供	mì gòng
P	蜜语	mì yǔ
P	蜜露	mì lù
P	蜡台	là tái
P	蜷曲	quán qū
P	蜷缩	quán suō
P	蝇头	yíng tóu
P	蝇拍	yíng pāi
P	蝍蛆	jí qū
P	蝎子	xiē zi
P	蝮蛇	fù shé
P	蝰蛇	kuí shé
P	蝶骨	dié gǔ
P	融会	róng huì
P	融化	róng huà
P	融合	róng hé
P	融和	róng hé
P	融解	róng jiě
P	螟蛾	míng é
P	螫针	shì zhēn
P	螺号	luó hào
P	螺旋	luó xuán
P	螺杆	luó gǎn
P	螺纹	luó wén
P	螺钉	luó dīng
P	蟒蛇	mǎng shé
P	蟒袍	mǎng páo
P	蟠曲	pán qū
P	蟹苗	xiè miáo
P	蠕行	rú xíng
P	蠡县	lǐ xiàn
P	血丝	xuè sī
P	血书	xuè shū
P	血亏	xuè kuī
P	血亲	xuè qīn
P	血仇	xuè chóu
P	血债	xuè zhài
P	血刃	xuè rèn
P	血印	xuè yìn
P	血压	xuè yā
P	血口	xuè kǒu
P	血嗣	xuè sì
P	血块	xuè kuài
P	血型	xuè xíng
P	血尿	xuè niào
P	血崩	xuè bēng
P	血库	xuè kù
P	血性	xuè xìng
P	血战	xuè zhàn
P	血斑	xuè bān
P	血晕	xiě yùn
P	血本	xuè běn
P	血染	xuè rǎn
P	血栓	xuè shuān
P	血样	xuè yàng
P	血案	xuè àn
P	血气	xuè qì
P	血水	xuè shuǐ
P	血汗	xuè hàn
P	血污	xuè wū
P	血沉	xuè chén
P	血泊	xuè pō
P	血泡	xuè pào
P	血泪	xuè lèi
P	血洗	xuè xǐ
P	血流	xuè liú
P	血浆	xuè jiāng
P	血海	xuè hǎi
P	血液	xuè yè
P	血清	xuè qīng
P	血渍	xuè zì
P	血球	xuè qiú
P	血痂	xuè jiā
P	血痕	xuè hén
P	血痢	xuè lì
P	血痨	xuè láo
P	血瘕	xuè jiǎ
P	血癌	xuè ái
P	血祭	xuè jì
P	血竭	xuè jié
P	血管	xuè guǎn
P	血粉	xuè fěn
P	血糖	xuè táng
P	血红	xuè hóng
P	血统	xuè tǒng
P	血缘	xuè yuán
P	血肉	xuè ròu
P	血肿	xuè zhǒng
P	血脂	xuè zhī
P	血脉	xuè mài
P	血腥	xuè xīng
P	血色	xuè sè
P	血花	xuè huā
P	血虚	xuè xū
P	血衣	xuè yī
P	血证	xuè zhèng
P	血象	xuè xiàng
P	血账	xuè zhàng
P	血路	xuè lù
P	血迹	xuè jì
P	血量	xuè liàng
P	血防	xuè fáng
P	行业	háng yè
P	行东	háng dōng
P	行为	xíng wéi
P	行乐	xíng lè
P	行乞	xíng qǐ
P	行书	xíng shū
P	行事	xíng shì
P	行人	xíng rén
P	行令	xíng lìng
P	行伍	háng wǔ
P	行会	háng huì
P	行使	xíng shǐ
P	行军	xíng jūn
P	行凶	xíng xiōng
P	行刑	xíng xíng
P	行列	háng liè
P	行刺	xíng cì
P	行动	xíng dòng
P	行劫	xíng jié
P	行包	xíng bāo
P	行医	xíng yī
P	行号	háng háo
P	行吟	xíng yín
P	行唐	xíng táng
P	行商	xíng shāng
P	行善	xíng shàn
P	行囊	xíng náng
P	行头	xíng tou
P	行好	xíng hǎo
P	行宫	xíng gōng
P	行家	háng jia
P	行将	xíng jiāng
P	行市	háng shì
P	行帮	háng bāng
P	行年	xíng nián
P	行当	háng dāng
P	行径	xíng jìng
P	行情	háng qíng
P	行房	xíng fáng
P	行抢	xíng qiǎng
P	行政	xíng zhèng
P	行文	xíng wén
P	行旅	xíng lǚ
P	行时	xíng shí
P	行星	xíng xīng
P	行期	xíng qī
P	行李	xíng lǐ
P	行板	xíng bǎn
P	行栈	háng zhàn
P	行楷	xíng kǎi
P	行款	háng kuǎn
P	行止	xíng zhǐ
P	行灶	xíng zào
P	行状	xíng zhuàng
P	行猎	xíng liè
P	行省	xíng shěng
P	行礼	xíng lǐ
P	行程	xíng chéng
P	行窃	xíng qiè
P	行笔	xíng bǐ
P	行箧	xíng qiè
P	行经	xíng jīng
P	行署	xíng shǔ
P	行者	xíng zhě
P	行聘	xíng pìn
P	行脚	xíng jiǎo
P	行腔	xíng qiāng
P	行舟	xíng zhōu
P	行船	xíng chuán
P	行色	xíng sè
P	行草	xíng cǎo
P	行营	xíng yíng
P	行藏	xíng cáng
P	行装	xíng zhuāng
P	行规	háng guī
P	行诈	xíng zhà
P	行话	háng huà
P	行货	háng huò
P	行贩	xíng fàn
P	行贾	xíng gǔ
P	行贿	xíng huì
P	行赏	xíng shǎng
P	行走	xíng zǒu
P	行距	háng jù
P	行路	xíng lù
P	行踪	xíng zōng
P	行车	xíng chē
P	行辈	háng bèi
P	行辕	xíng yuán
P	行运	xíng yùn
P	行进	xíng jìn
P	行述	xíng shù
P	行迹	xíng jì
P	行道	háng dào
P	行都	xíng dū
P	行销	xíng xiāo
P	行长	háng zhǎng
P	行间	háng jiān
P	行风	xíng fēng
P	行驶	xíng shǐ
P	行骗	xíng piàn
P	衍射	yǎn shè
P	街上	jiē shàng
P	街区	jiē qū
P	街坊	jiē fāng
P	街头	jiē tóu
P	街巷	jiē xiàng
P	街景	jiē jǐng
P	街角	jiē jiǎo
P	衙内	yá nèi
P	衡量	héng liáng
P	衣冠	yī guān
P	衣分	yī fēn
P	衣摆	yī bǎi
P	衣服	yī fú
P	衣柜	yī guì
P	衣着	yī zhuó
P	衣蛾	yī é
P	衣裤	yī kù
P	衣裳	yī shang
P	衣食	yī shí
P	补丁	bǔ dīng
P	补交	bǔ jiāo
P	补休	bǔ xiū
P	补假	bǔ jià
P	补写	bǔ xiě
P	补剂	bǔ jì
P	补助	bǔ zhù
P	补发	bǔ fā
P	补台	bǔ tái
P	补差	bǔ chà
P	补正	bǔ zhèng
P	补漏	bǔ lòu
P	补票	bǔ piào
P	补种	bǔ zhòng
P	补给	bǔ jǐ
P	补编	bǔ biān
P	补血	bǔ xuè
P	补角	bǔ jiǎo
P	补记	bǔ jì
P	补语	bǔ yǔ
P	补过	bǔ guò
P	补酒	bǔ jiǔ
P	补钉	bǔ dīng
P	表亲	biǎo qīn
P	表头	biǎo tóu
P	表尺	biǎo chǐ
P	表弟	biǎo dì
P	表徵	biǎo zhēng
P	表率	biǎo shuài
P	表观	biǎo guān
P	表解	biǎo jiě
P	表语	biǎo yǔ
P	表露	biǎo lù
P	衬布	chèn bù
P	衬映	chèn yìng
P	衬纸	chèn zhǐ
P	衬领	chèn lǐng
P	衰乏	shuāi fá
P	衰亡	shuāi wáng
P	衰减	shuāi jiǎn
P	衰变	shuāi biàn
P	衰少	shuāi shǎo
P	衰年	shuāi nián
P	衰弱	shuāi ruò
P	衰微	shuāi wēi
P	衰惫	shuāi bèi
P	衰朽	shuāi xiǔ
P	衰竭	shuāi jié
P	衰老	shuāi lǎo
P	衰草	shuāi cǎo
P	衰萎	shuāi wěi
P	衰落	shuāi luò
P	衰衣	shuāi yī
P	衰败	shuāi bài
P	衰迈	shuāi mài
P	衰退	shuāi tuì
P	衰颓	shuāi tuí
P	衷曲	zhōng qū
P	袅娜	niǎo nuó
P	袋子	dài zi
P	袋装	dài zhuāng
P	袍子	páo zi
P	袍服	páo fú
P	袍泽	páo zé
P	袒露	tǎn lù
P	袖头	xiù tóu
P	袜子	wà zi
P	袜筒	wà tǒng
P	被俘	bèi fú
P	被刺	bèi cì
P	被动	bèi dòng
P	被单	bèi dān
P	被卧	bèi wò
P	被告	bèi gào
P	被头	bèi tóu
P	被套	bèi tào
P	被子	bèi zi
P	被害	bèi hài
P	被服	bèi fú
P	被絮	bèi xù
P	被罩	bèi zhào
P	被袋	bèi dài
P	被覆	bèi fù
P	被里	bèi lǐ
P	被难	bèi nàn
P	被面	bèi miàn
P	袭来	xí lái
P	袷袢	qiā pàn
P	裁员	cái yuán
P	裁处	cái chǔ
P	裁并	cái bìng
P	裁度	cái duó
P	裁缝	cái féng
P	裁量	cái liàng
P	裂变	liè biàn
P	裂口	liè kǒu
P	裂帛	liè bó
P	裂开	liè kāi
P	裂果	liè guǒ
P	裂片	liè piàn
P	裂璺	liè wèn
P	裂痕	liè hén
P	裂纹	liè wén
P	裂缝	liè fèng
P	裂谷	liè gǔ
P	裂隙	liè xì
P	装潢	zhuāng huáng
P	装箱	zhuāng xiāng
P	装载	zhuāng zài
P	裕如	yù rú
P	裙子	qún zi
P	裤头	kù tóu
P	裤子	kù zi
P	裤线	kù xiàn
P	裤缝	kù fèng
P	裤脚	kù jiǎo
P	裤衩	kù chǎ
P	裨将	pí jiàng
P	裨益	bì yì
P	裨补	bì bǔ
P	裱糊	biǎo hú
P	裳裳	cháng cháng
P	裸体	luǒ tǐ
P	裸露	luǒ lù
P	裹挟	guǒ xié
P	褥单	rù dān
P	褥套	rù tào
P	褥子	rù zi
P	褪去	tùn qù
P	褪色	tuì shǎi
P	褶子	zhě zi
P	襄助	xiāng zhù
P	西乐	xī yuè
P	西化	xī huà
P	西北	xī běi
P	西华	xī huá
P	西南	xī nán
P	西头	xī tóu
P	西服	xī fú
P	西法	xī fǎ
P	西王	xī wáng
P	西藏	xī zàng
P	西裤	xī kù
P	西语	xī yǔ
P	西风	xī fēng
P	要不	yào bù
P	要么	yào me
P	要义	yào yì
P	要事	yào shì
P	要人	yào rén
P	要件	yào jiàn
P	要价	yào jià
P	要位	yào wèi
P	要冲	yào chōng
P	要击	yāo jī
P	要则	yào zé
P	要务	yào wù
P	要员	yào yuán
P	要命	yào mìng
P	要图	yào tú
P	要地	yào dì
P	要塞	yào sài
P	要好	yào hǎo
P	要子	yào zi
P	要害	yào hài
P	要强	yào qiáng
P	要得	yào de
P	要挟	yāo xié
P	要旨	yào zhǐ
P	要是	yào shì
P	要案	yào àn
P	要死	yào sǐ
P	要求	yāo qiú
P	要津	yào jīn
P	要点	yào diǎn
P	要犯	yào fàn
P	要略	yào lüè
P	要目	yào mù
P	要端	yào duān
P	要素	yào sù
P	要紧	yào jǐn
P	要约	yāo yuē
P	要职	yào zhí
P	要脸	yào liǎn
P	要览	yào lǎn
P	要言	yào yán
P	要诀	yào jué
P	要谎	yào huǎng
P	要账	yào zhàng
P	要路	yào lù
P	要道	yào dào
P	要钱	yào qián
P	要闻	yào wén
P	要隘	yào ài
P	要领	yào lǐng
P	要饭	yào fàn
P	覆亡	fù wáng
P	覆核	fù hé
P	覆没	fù mò
P	覆盖	fù gài
P	覆被	fù bèi
P	见习	jiàn xí
P	见于	jiàn yú
P	见到	jiàn dào
P	见告	jiàn gào
P	见地	jiàn dì
P	见外	jiàn wài
P	见天	jiàn tiān
P	见好	jiàn hǎo
P	见得	jiàn dé
P	见怪	jiàn guài
P	见报	jiàn bào
P	见效	jiàn xiào
P	见教	jiàn jiào
P	见新	jiàn xīn
P	见方	jiàn fāng
P	见机	jiàn jī
P	见爱	jiàn ài
P	见礼	jiàn lǐ
P	见称	jiàn chēng
P	见笑	jiàn xiào
P	见罪	jiàn zuì
P	见老	jiàn lǎo
P	见背	jiàn bèi
P	见解	jiàn jiě
P	见证	jiàn zhèng
P	见识	jiàn shí
P	见诸	jiàn zhū
P	见谅	jiàn liàng
P	见长	jiàn zhǎng
P	见闻	jiàn wén
P	见面	jiàn miàn
P	见鬼	jiàn guǐ
P	观众	guān zhòng
P	观光	guān guāng
P	观察	guān chá
P	观念	guān niàn
P	观感	guān gǎn
P	观战	guān zhàn
P	观摩	guān mó
P	观望	guān wàng
P	观止	guān zhǐ
P	观测	guān cè
P	观潮	guān cháo
P	观火	guān huǒ
P	观点	guān diǎn
P	观照	guān zhào
P	观看	guān kàn
P	观瞻	guān zhān
P	观礼	guān lǐ
P	观览	guān lǎn
P	观赏	guān shǎng
P	观赛	guān sài
P	观阵	guān zhèn
P	观音	guān yīn
P	观风	guān fēng
P	规划	guī huà
P	规模	guī mó
P	规正	guī zhèng
P	规矩	guī jǔ
P	规约	guī yuē
P	觅食	mì shí
P	视唱	shì chàng
P	视差	shì chà
P	视点	shì diǎn
P	视觉	shì jué
P	视角	shì jiǎo
P	觉察	jué chá
P	觉得	jué de
P	觉悟	jué wù
P	觉醒	jué xǐng
P	觐见	jìn jiàn
P	角力	jué lì
P	角化	jiǎo huà
P	角子	jiǎo zǐ
P	角尺	jiǎo chǐ
P	角度	jiǎo dù
P	角斗	jué dòu
P	角楼	jiǎo lóu
P	角球	jiǎo qiú
P	角票	jiǎo piào
P	角膜	jiǎo mó
P	角色	jué sè
P	角落	jiǎo luò
P	角质	jiǎo zhì
P	角逐	jué zhú
P	角钢	jiǎo gāng
P	角铁	jiǎo tiě
P	角门	jiǎo mén
P	解下	jiě xià
P	解严	jiě yán
P	解乏	jiě fá
P	解事	jiě shì
P	解任	jiě rèn
P	解体	jiě tǐ
P	解元	jiè yuán
P	解决	jiě jué
P	解冻	jiě dòng
P	解剖	jiě pōu
P	解劝	jiě quàn
P	解危	jiě wēi
P	解吸	jiě xī
P	解嘲	jiě cháo
P	解囊	jiě náng
P	解困	jiě kùn
P	解围	jiě wéi
P	解套	jiě tào
P	解密	jiě mì
P	解差	jiè chāi
P	解开	jiě kāi
P	解忧	jiě yōu
P	解恨	jiě hèn
P	解悟	jiě wù
P	解惑	jiě huò
P	解愁	jiě chóu
P	解手	jiě shǒu
P	解放	jiě fàng
P	解救	jiě jiù
P	解散	jiě sàn
P	解数	xiè shù
P	解暑	jiě shǔ
P	解构	jiě gòu
P	解析	jiě xī
P	解梦	jiě mèng
P	解款	jiè kuǎn
P	解毒	jiě dú
P	解气	jiě qì
P	解池	xiè chí
P	解法	xiè fǎ
P	解渴	jiě kě
P	解热	jiě rè
P	解甲	jiě jiǎ
P	解疑	jiě yí
P	解码	jiě mǎ
P	解禁	jiě jìn
P	解离	jiě lí
P	解答	jiě dá
P	解约	jiě yuē
P	解缆	jiě lǎn
P	解职	jiě zhí
P	解聘	jiě pìn
P	解脱	jiě tuō
P	解药	jiě yào
P	解表	jiě biǎo
P	解解	jiě jiě
P	解说	jiě shuō
P	解调	jiě tiáo
P	解谜	jiě mí
P	解运	jiě yùn
P	解送	jiè sòng
P	解郁	jiě yù
P	解酒	jiě jiǔ
P	解释	jiě shì
P	解闷	jiě mèn
P	解除	jiě chú
P	解难	jiě nán
P	解雇	jiě gù
P	解颐	jiě yí
P	解题	jiě tí
P	解饿	jiě è
P	解馋	jiě chán
P	触发	chù fā
P	触觉	chù jué
P	触角	chù jiǎo
P	触雷	chù léi
P	言中	yán zhōng
P	言传	yán chuán
P	言和	yán hé
P	言教	yán jiào
P	言行	yán xíng
P	言论	yán lùn
P	言语	yán yǔ
P	言说	yán shuō
P	言重	yán zhòng
P	訇然	hōng rán
P	誉为	yù wéi
P	誓约	shì yuē
P	謦欬	qǐng kài
P	警句	jǐng jù
P	警号	jǐng hào
P	警员	jǐng yuán
P	警服	jǐng fú
P	警棍	jǐng gùn
P	警灯	jǐng dēng
P	警种	jǐng zhǒng
P	警纪	jǐng jì
P	警觉	jǐng jué
P	警语	jǐng yǔ
P	警车	jǐng chē
P	警长	jǐng zhǎng
P	警风	jǐng fēng
P	譬若	pì ruò
P	计划	jì huà
P	计息	jì xī
P	计税	jì shuì
P	计量	jì liàng
P	订单	dìng dān
P	订正	dìng zhèng
P	订约	dìng yuē
P	认为	rèn wéi
P	认亲	rèn qīn
P	认可	rèn kě
P	认同	rèn tóng
P	认头	rèn tóu
P	认得	rèn de
P	认知	rèn zhī
P	认识	rèn shí
P	认负	rèn fù
P	讥刺	jī cì
P	讥嘲	jī cháo
P	讥弹	jī tán
P	讨亲	tǎo qīn
P	讨价	tǎo jià
P	讨好	tǎo hǎo
P	讨教	tǎo jiào
P	讨要	tǎo yào
P	讨论	tǎo lùn
P	讨还	tǎo huán
P	让与	ràng yǔ
P	让价	ràng jià
P	让利	ràng lì
P	训令	xùn lìng
P	训条	xùn tiáo
P	议价	yì jià
P	议会	yì huì
P	议员	yì yuán
P	议和	yì hé
P	议场	yì chǎng
P	议论	yì lùn
P	议长	yì zhǎng
P	讯号	xùn hào
P	记仇	jì chóu
P	记分	jì fēn
P	记号	jì hào
P	记得	jì de
P	记时	jì shí
P	记要	jì yào
P	记载	jì zǎi
P	记过	jì guò
P	讲价	jiǎng jià
P	讲台	jiǎng tái
P	讲和	jiǎng hé
P	讲好	jiǎng hǎo
P	讲解	jiǎng jiě
P	许下	xǔ xià
P	许久	xǔ jiǔ
P	许亲	xǔ qīn
P	许可	xǔ kě
P	许多	xǔ duō
P	许婚	xǔ hūn
P	许愿	xǔ yuàn
P	许昌	xǔ chāng
P	许是	xǔ shì
P	许诺	xǔ nuò
P	许身	xǔ shēn
P	许配	xǔ pèi
P	讹传	é chuán
P	讹误	é wù
P	论争	lùn zhēng
P	论交	lùn jiāo
P	论价	lùn jià
P	论列	lùn liè
P	论剑	lùn jiàn
P	论及	lùn jí
P	论坛	lùn tán
P	论处	lùn chǔ
P	论战	lùn zhàn
P	论据	lùn jù
P	论敌	lùn dí
P	论文	lùn wén
P	论断	lùn duàn
P	论点	lùn diǎn
P	论理	lùn lǐ
P	论罪	lùn zuì
P	论著	lùn zhù
P	论证	lùn zhèng
P	论语	lún yǔ
P	论说	lùn shuō
P	论调	lùn diào
P	论辩	lùn biàn
P	论述	lùn shù
P	论道	lùn dào
P	论难	lùn nàn
P	论集	lùn jí
P	论题	lùn tí
P	讼棍	sòng gùn
P	讽刺	fěng cì
P	设卡	shè kǎ
P	设点	shè diǎn
P	设若	shè ruò
P	设障	shè zhàng
P	访友	fǎng yǒu
P	访查	fǎng chá
P	诀别	jué bié
P	证券	zhèng quàn
P	证据	zhèng jù
P	证见	zhèng jiàn
P	诃子	hē zǐ
P	评价	píng jià
P	评传	píng zhuàn
P	评估	píng gū
P	评分	píng fēn
P	评卷	píng juàn
P	评委	píng wěi
P	评弹	píng tán
P	评戏	píng xì
P	评析	píng xī
P	评标	píng biāo
P	评聘	píng pìn
P	评论	píng lùn
P	评语	píng yǔ
P	评说	píng shuō
P	评量	píng liàng
P	识别	shí bié
P	识字	shí zì
P	识才	shí cái
P	识相	shí xiàng
P	识破	shí pò
P	识羞	shí xiū
P	识见	shí jiàn
P	识记	shí jì
P	识货	shí huò
P	识趣	shí qù
P	诈唬	zhà hǔ
P	诈称	zhà chēng
P	诈语	zhà yǔ
P	诈降	zhà xiáng
P	诉说	sù shuō
P	诊脉	zhěn mài
P	词令	cí lìng
P	词句	cí jù
P	词头	cí tóu
P	词尾	cí wěi
P	词曲	cí qǔ
P	词条	cí tiáo
P	词语	cí yǔ
P	词调	cí diào
P	诏令	zhào lìng
P	译员	yì yuán
P	译著	yì zhù
P	试养	shì yǎng
P	试卷	shì juàn
P	试场	shì chǎng
P	试射	shì shè
P	试机	shì jī
P	试片	shì piàn
P	试看	shì kàn
P	试种	shì zhòng
P	试行	shì xíng
P	试讲	shì jiǎng
P	试读	shì dú
P	试车	shì chē
P	诗会	shī huì
P	诗体	shī tǐ
P	诗兴	shī xìng
P	诗刊	shī kān
P	诗句	shī jù
P	诗节	shī jié
P	诗行	shī háng
P	诗论	shī lùn
P	诗风	shī fēng
P	诘屈	jí qū
P	诘朝	jí cháo
P	诘责	jié zé
P	诘问	jié wèn
P	诘难	jié nán
P	诚信	chéng xìn
P	诚招	chéng zhāo
P	诚服	chéng fú
P	诚朴	chéng piáo
P	诚邀	chéng yāo
P	话别	huà bié
P	话头	huà tóu
P	话语	huà yǔ
P	话说	huà shuō
P	诡奇	guǐ qí
P	诡秘	guǐ mì
P	诡称	guǐ chēng
P	询查	xún chá
P	该当	gāi dāng
P	该着	gāi zháo
P	详图	xiáng tú
P	详备	xiáng bèi
P	详实	xiáng shí
P	详密	xiáng mì
P	详察	xiáng chá
P	详尽	xiáng jìn
P	详悉	xiáng xī
P	详情	xiáng qíng
P	详明	xiáng míng
P	详略	xiáng lüè
P	详细	xiáng xì
P	详解	xiáng jiě
P	详谈	xiáng tán
P	详述	xiáng shù
P	诨号	hùn hào
P	语云	yǔ yún
P	语体	yǔ tǐ
P	语句	yǔ jù
P	语塞	yǔ sè
P	语境	yǔ jìng
P	语声	yǔ shēng
P	语序	yǔ xù
P	语录	yǔ lù
P	语态	yǔ tài
P	语意	yǔ yì
P	语感	yǔ gǎn
P	语文	yǔ wén
P	语族	yǔ zú
P	语气	yǔ qì
P	语汇	yǔ huì
P	语法	yǔ fǎ
P	语源	yǔ yuán
P	语病	yǔ bìng
P	语种	yǔ zhǒng
P	语系	yǔ xì
P	语素	yǔ sù
P	语言	yǔ yán
P	语词	yǔ cí
P	语调	yǔ diào
P	语速	yǔ sù
P	语音	yǔ yīn
P	误会	wù huì
P	误传	wù chuán
P	误信	wù xìn
P	误场	wù chǎng
P	误差	wù chā
P	误期	wù qī
P	误称	wù chēng
P	误解	wù jiě
P	误认	wù rèn
P	误车	wù chē
P	误食	wù shí
P	误餐	wù cān
P	诱供	yòu gòng
P	诱发	yòu fā
P	诱掖	yòu yè
P	诱迫	yòu pò
P	诱降	yòu xiáng
P	诳语	kuáng yǔ
P	说书	shuō shū
P	说亲	shuō qīn
P	说合	shuō hé
P	说和	shuō hé
P	说唱	shuō chàng
P	说嘴	shuō zuǐ
P	说头	shuō tóu
P	说好	shuō hǎo
P	说媒	shuō méi
P	说客	shuō kè
P	说开	shuō kāi
P	说情	shuō qíng
P	说戏	shuō xì
P	说教	shuō jiào
P	说明	shuō míng
P	说是	shuō shì
P	说服	shuō fú
P	说死	shuō sǐ
P	说法	shuō fǎ
P	说理	shuō lǐ
P	说白	shuō bái
P	说破	shuō pò
P	说穿	shuō chuān
P	说笑	shuō xiào
P	说词	shuō cí
P	说话	shuō huà
P	说谎	shuō huǎng
P	说辞	shuō cí
P	说道	shuō dào
P	说错	shuō cuò
P	说项	shuō xiàng
P	诵读	sòng dú
P	请便	qǐng biàn
P	请假	qǐng jià
P	请帖	qǐng tiě
P	请教	qǐng jiào
P	请见	qǐng jiàn
P	请调	qǐng diào
P	请降	qǐng xiáng
P	诸侯	zhū hóu
P	诸葛	zhū gě
P	读书	dú shū
P	读数	dú shù
P	读本	dú běn
P	读法	dú fǎ
P	读物	dú wù
P	读破	dú pò
P	读秒	dú miǎo
P	读经	dú jīng
P	读者	dú zhě
P	读若	dú ruò
P	读音	dú yīn
P	课卷	kè juàn
P	课长	kè zhǎng
P	课间	kè jiān
P	诿过	wěi guò
P	谁个	shuí gè
P	谁家	shuí jiā
P	谁的	shéi de
P	谁都	shéi dōu
P	调人	tiáo rén
P	调令	diào lìng
P	调价	tiáo jià
P	调任	diào rèn
P	调侃	tiáo kǎn
P	调值	diào zhí
P	调停	tiáo tíng
P	调光	tiáo guāng
P	调养	tiáo yǎng
P	调准	tiáo zhǔn
P	调函	diào hán
P	调制	tiáo zhì
P	调剂	tiáo jì
P	调动	diào dòng
P	调匀	tiáo yún
P	调包	diào bāo
P	调协	tiáo xié
P	调卷	diào juàn
P	调取	diào qǔ
P	调号	diào hào
P	调合	tiáo hé
P	调味	tiáo wèi
P	调和	tiáo hé
P	调唆	tiáo suō
P	调回	diào huí
P	调处	tiáo chǔ
P	调头	diào tóu
P	调子	diào zi
P	调幅	tiáo fú
P	调干	diào gàn
P	调度	diào dù
P	调弄	tiáo nòng
P	调式	diào shì
P	调息	tiáo xī
P	调情	tiáo qíng
P	调戏	tiáo xì
P	调护	tiáo hù
P	调拨	diào bō
P	调换	diào huàn
P	调控	tiáo kòng
P	调摄	tiáo shè
P	调教	tiáo jiào
P	调整	tiáo zhěng
P	调料	tiáo liào
P	调查	diào chá
P	调档	tiáo dàng
P	调正	tiáo zhèng
P	调治	tiáo zhì
P	调派	diào pài
P	调温	tiáo wēn
P	调演	diào yǎn
P	调焦	tiáo jiāo
P	调理	tiáo lǐ
P	调用	diào yòng
P	调皮	tiáo pí
P	调研	diào yán
P	调离	diào lí
P	调笑	tiáo xiào
P	调级	tiáo jí
P	调经	tiáo jīng
P	调羹	tiáo gēng
P	调职	diào zhí
P	调色	tiáo sè
P	调节	tiáo jié
P	调解	tiáo jiě
P	调试	tiáo shì
P	调调	tiáo diào
P	调谐	tiáo xié
P	调谑	tiáo xuè
P	调资	tiáo zī
P	调转	diào zhuǎn
P	调运	diào yùn
P	调适	tiáo shì
P	调遣	diào qiǎn
P	调配	diào pèi
P	调门	diào mén
P	调阅	diào yuè
P	调防	diào fáng
P	调集	diào jí
P	调音	tiáo yīn
P	调频	tiáo pín
P	谅解	liàng jiě
P	谈兴	tán xìng
P	谈助	tán zhù
P	谈吐	tán tǔ
P	谈开	tán kāi
P	谈论	tán lùn
P	谋划	móu huà
P	谎称	huǎng chēng
P	谎言	huǎng yán
P	谢帖	xiè tiě
P	谣传	yáo chuán
P	谣谚	yáo yàn
P	谣风	yáo fēng
P	谥号	shì hào
P	谦冲	qiān chōng
P	谦和	qiān hé
P	谦称	qiān chēng
P	谨上	jǐn shàng
P	谩骂	màn mà
P	谬种	miù zhǒng
P	谬论	miù lùn
P	谬说	miù shuō
P	谱号	pǔ hào
P	谱曲	pǔ qǔ
P	谱系	pǔ xì
P	谵语	zhān yǔ
P	谶语	chèn yǔ
P	谷地	gǔ dì
P	谷坊	gǔ fáng
P	谷底	gǔ dǐ
P	谷雨	gǔ yǔ
P	豁亮	huò liàng
P	豁免	huò miǎn
P	豁出	huō chū
P	豁口	huō kǒu
P	豁嘴	huō zuǐ
P	豁子	huō zi
P	豁拳	huá quán
P	豁朗	huò lǎng
P	豁然	huò rán
P	豁达	huò dá
P	豆沙	dòu shā
P	豆泡	dòu pāo
P	豆浆	dòu jiāng
P	豆粒	dòu lì
P	豆绿	dòu lǜ
P	豆腐	dòu fǔ
P	豆角	dòu jiǎo
P	豆豉	dòu chǐ
P	豪兴	háo xìng
P	豪华	háo huá
P	豪强	háo qiáng
P	豪横	háo hèng
P	豪语	háo yǔ
P	豪雨	háo yǔ
P	豫见	yù jiàn
P	貉子	háo zi
P	貉绒	háo róng
P	貌似	mào sì
P	貌相	mào xiàng
P	贝勒	bèi lè
P	贝壳	bèi ké
P	贞女	zhēn nǚ
P	贞节	zhēn jié
P	贞观	zhēn guàn
P	负号	fù hào
P	负担	fù dān
P	负数	fù shù
P	负片	fù piàn
P	负累	fù lèi
P	负约	fù yuē
P	负荷	fù hè
P	负载	fù zài
P	负重	fù zhòng
P	贡酒	gòng jiǔ
P	财会	cái kuài
P	财界	cái jiè
P	财长	cái zhǎng
P	责令	zé lìng
P	责任	zé rèn
P	责打	zé dǎ
P	责难	zé nàn
P	贤契	xián qì
P	贤弟	xián dì
P	贤能	xián néng
P	败亡	bài wáng
P	败兴	bài xìng
P	败兵	bài bīng
P	败北	bài běi
P	败叶	bài yè
P	败坏	bài huài
P	败家	bài jiā
P	败将	bài jiàng
P	败毒	bài dú
P	败落	bài luò
P	败血	bài xuè
P	败露	bài lù
P	账务	zhàng wù
P	账单	zhàng dān
P	账号	zhàng hào
P	账簿	zhàng bù
P	货价	huò jià
P	货单	huò dān
P	货场	huò chǎng
P	货柜	huò guì
P	货检	huò jiǎn
P	货殖	huò zhí
P	货流	huò liú
P	货票	huò piào
P	货箱	huò xiāng
P	货车	huò chē
P	货郎	huò láng
P	质优	zhì yōu
P	质体	zhì tǐ
P	质地	zhì dì
P	质当	zhì dàng
P	质数	zhì shù
P	质朴	zhì piáo
P	质疑	zhì yí
P	质的	zhì dì
P	质量	zhì liàng
P	贩假	fàn jiǎ
P	贩夫	fàn fū
P	贩毒	fàn dú
P	贩黄	fàn huáng
P	贪占	tān zhàn
P	贪睡	tān shuì
P	贪食	tān shí
P	贫化	pín huà
P	贫血	pín xuè
P	贬价	biǎn jià
P	贬称	biǎn chēng
P	购得	gòu dé
P	贮藏	zhù cáng
P	贮运	zhù yùn
P	贮量	zhù liàng
P	贱价	jiàn jià
P	贱内	jiàn nèi
P	贲临	bì lín
P	贲星	bēn xīng
P	贲溃	bēn kuì
P	贲门	bēn mén
P	贴切	tiē qiè
P	贴合	tiē hé
P	贴着	tiē zhe
P	贵体	guì tǐ
P	贵处	guì chù
P	贵妃	guì fēi
P	贵干	guì gàn
P	贵重	guì zhòng
P	费劲	fèi jìn
P	费解	fèi jiě
P	费难	fèi nán
P	贺信	hè xìn
P	贺卡	hè kǎ
P	贻累	yí lèi
P	贼胆	zéi dǎn
P	贼风	zéi fēng
P	贽见	zhì jiàn
P	贾人	gǔ rén
P	贾勇	jiǎ yǒng
P	贾官	jiǎ guān
P	贾欺	jiǎ qī
P	贾用	gǔ yòng
P	贾田	jiǎ tián
P	贾祸	gǔ huò
P	贾贷	jiǎ dài
P	贾贸	gǔ mào
P	贾资	jiǎ zī
P	贾道	jiǎ dào
P	贾马	gǔ mǎ
P	贿金	huì jīn
P	资信	zī xìn
P	资助	zī zhù
P	赅括	gāi kuò
P	赋予	fù yǔ
P	赋有	fù yǒu
P	赌场	dǔ chǎng
P	赌棍	dǔ gùn
P	赌瘾	dǔ yǐn
P	赌风	dǔ fēng
P	赎当	shú dàng
P	赏花	shǎng huā
P	赏识	shǎng shí
P	赐予	cì yǔ
P	赐教	cì jiào
P	赐给	cì gěi
P	赔还	péi huán
P	赚头	zhuàn tou
P	赚得	zuàn de
P	赛会	sài huì
P	赛似	sài sì
P	赛制	sài zhì
P	赛区	sài qū
P	赛场	sài chǎng
P	赛期	sài qī
P	赛球	sài qiú
P	赛跑	sài pǎo
P	赛车	sài chē
P	赛过	sài guò
P	赞助	zàn zhù
P	赞同	zàn tóng
P	赞许	zàn xǔ
P	赞语	zàn yǔ
P	赠与	zèng yǔ
P	赠书	zèng shū
P	赠予	zèng yǔ
P	赠别	zèng bié
P	赠券	zèng quàn
P	赠答	zèng dá
P	赠给	zèng gěi
P	赢家	yíng jiā
P	赢得	yíng dé
P	赤地	chì dì
P	赤红	chì hóng
P	赤背	chì bèi
P	赤露	chì lù
P	赫兹	hè zī
P	赭石	zhě shí
P	走俏	zǒu qiào
P	走卒	zǒu zú
P	走台	zǒu tái
P	走吧	zǒu ba
P	走好	zǒu hǎo
P	走散	zǒu sàn
P	走红	zǒu hóng
P	走读	zǒu dú
P	走调	zǒu diào
P	走账	zǒu zhàng
P	走遍	zǒu biàn
P	走风	zǒu fēng
P	走高	zǒu gāo
P	赴任	fù rèn
P	赴会	fù huì
P	赴约	fù yuē
P	赴难	fù nàn
P	赵体	zhào tǐ
P	赶上	gǎn shàng
P	赶会	gǎn huì
P	赶写	gǎn xiě
P	赶制	gǎn zhì
P	赶场	gǎn cháng
P	赶着	gǎn zhe
P	赶趟	gǎn tàng
P	赶跑	gǎn pǎo
P	赶车	gǎn chē
P	赶驴	gǎn lǘ
P	起价	qǐ jià
P	起兴	qǐ xìng
P	起劲	qǐ jìn
P	起哄	qǐ hòng
P	起头	qǐ tóu
P	起家	qǐ jiā
P	起拍	qǐ pāi
P	起泡	qǐ pào
P	起疑	qǐ yí
P	起皱	qǐ zhòu
P	起网	qǐ wǎng
P	起落	qǐ luò
P	起行	qǐ xíng
P	起见	qǐ jiàn
P	起解	qǐ jiè
P	起跑	qǐ pǎo
P	起跳	qǐ tiào
P	起重	qǐ zhòng
P	起降	qǐ jiàng
P	起风	qǐ fēng
P	趁便	chèn biàn
P	趁空	chèn kòng
P	超乎	chāo hū
P	超假	chāo jiǎ
P	超员	chāo yuán
P	超市	chāo shì
P	超度	chāo dù
P	超收	chāo shōu
P	超期	chāo qī
P	超薄	chāo báo
P	超车	chāo chē
P	超载	chāo zài
P	超过	chāo guò
P	超采	chāo cǎi
P	超重	chāo zhòng
P	超量	chāo liàng
P	超长	chāo cháng
P	越是	yuè shì
P	趋利	qū lì
P	趋势	qū shì
P	趋向	qū xiàng
P	趋奉	qū fèng
P	趋时	qū shí
P	趋紧	qū jǐn
P	趋近	qū jìn
P	趋避	qū bì
P	趋附	qū fù
P	趑趄	zī jū
P	趔趄	liè qiè
P	趟地	tāng dì
P	趟水	tāng shuǐ
P	趟马	tàng mǎ
P	趣事	qù shì
P	趣剧	qù jù
P	趣味	qù wèi
P	趣话	qù huà
P	趣谈	qù tán
P	足底	zú dǐ
P	足见	zú jiàn
P	足跟	zú gēn
P	趿拉	tā lā
P	跄踉	qiàng liàng
P	跌价	diē jià
P	跌倒	diē dǎo
P	跌势	diē shì
P	跌落	diē luò
P	跑光	pǎo guāng
P	跑动	pǎo dòng
P	跑反	pǎo fǎn
P	跑堂	pǎo táng
P	跑墒	pǎo shāng
P	跑外	pǎo wài
P	跑步	pǎo bù
P	跑电	pǎo diàn
P	跑肚	pǎo dù
P	跑腿	pǎo tuǐ
P	跑街	pǎo jiē
P	跑表	pǎo biǎo
P	跑调	pǎo diào
P	跑车	pǎo chē
P	跑道	pǎo dào
P	跑鞋	pǎo xié
P	跑题	pǎo tí
P	跑马	pǎo mǎ
P	跛子	bǒ zi
P	跛行	bǒ xíng
P	跟上	gēn shàng
P	跟从	gēn cóng
P	跟头	gēn tou
P	跟差	gēn chāi
P	跟斗	gēn dǒu
P	跟着	gēn zhe
P	跨度	kuà dù
P	跪倒	guì dǎo
P	路上	lù shàng
P	路卡	lù qiǎ
P	路头	lù tóu
P	路子	lù zi
P	路数	lù shù
P	路旁	lù páng
P	路条	lù tiáo
P	路祭	lù jì
P	路网	lù wǎng
P	路过	lù guò
P	路风	lù fēng
P	跳井	tiào jǐng
P	跳伞	tiào sǎn
P	跳出	tiào chū
P	跳动	tiào dòng
P	跳台	tiào tái
P	跳崖	tiào yá
P	跳月	tiào yuè
P	跳板	tiào bǎn
P	跳栏	tiào lán
P	跳梁	tiào liáng
P	跳棋	tiào qí
P	跳槽	tiào cáo
P	跳水	tiào shuǐ
P	跳河	tiào hé
P	跳班	tiào bān
P	跳神	tiào shén
P	跳空	tiào kōng
P	跳箱	tiào xiāng
P	跳级	tiào jí
P	跳绳	tiào shéng
P	跳脚	tiào jiǎo
P	跳脱	tiào tuō
P	跳舞	tiào wǔ
P	跳荡	tiào dàng
P	跳虫	tiào chóng
P	跳蚤	tiào zǎo
P	跳行	tiào háng
P	跳越	tiào yuè
P	跳跃	tiào yuè
P	跳踉	tiào liáng
P	跳远	tiào yuǎn
P	跳闸	tiào zhá
P	跳马	tiào mǎ
P	跳高	tiào gāo
P	跳鼠	tiào shǔ
P	践约	jiàn yuē
P	践行	jiàn xíng
P	踉跄	liàng qiàng
P	踏看	tà kàn
P	踏空	tà kōng
P	踝骨	huái gǔ
P	踢打	tī dǎ
P	踩点	cǎi diǎn
P	蹊跷	qī qiāo
P	蹓跶	liū da
P	蹦跳	bèng tiào
P	蹦跶	bèng da
P	蹭蹬	cèng dèng
P	蹼泳	pǔ yǒng
P	蹿跳	cuān tiào
P	身上	shēn shàng
P	身亡	shēn wáng
P	身价	shēn jià
P	身份	shēn fèn
P	身体	shēn tǐ
P	身分	shēn fèn
P	身子	shēn zi
P	身家	shēn jiā
P	身居	shēn jū
P	身教	shēn jiào
P	身条	shēn tiáo
P	身量	shēn liàng
P	身长	shēn cháng
P	躬亲	gōng qīn
P	躬行	gōng xíng
P	躯体	qū tǐ
P	躯壳	qū qiào
P	躯干	qū gàn
P	躲藏	duǒ cáng
P	躲风	duǒ fēng
P	躺倒	tǎng dǎo
P	躺柜	tǎng guì
P	躺椅	tǎng yǐ
P	车主	chē zhǔ
P	车价	chē jià
P	车体	chē tǐ
P	车况	chē kuàng
P	车刀	chē dāo
P	车削	chē xiāo
P	车前	chē qián
P	车厢	chē xiāng
P	车圈	chē quān
P	车场	chē chǎng
P	车夫	chē fū
P	车头	chē tóu
P	车子	chē zi
P	车尾	chē wěi
P	车工	chē gōng
P	车市	chē shì
P	车帮	chē bāng
P	车床	chē chuáng
P	车库	chē kù
P	车座	chē zuò
P	车手	chē shǒu
P	车技	chē jì
P	车把	chē bǎ
P	车掌	chē zhǎng
P	车条	chē tiáo
P	车架	chē jià
P	车检	chē jiǎn
P	车棚	chē péng
P	车次	chē cì
P	车流	chē liú
P	车灯	chē dēng
P	车照	chē zhào
P	车皮	chē pí
P	车盖	chē gài
P	车盘	chē pán
P	车票	chē piào
P	车祸	chē huò
P	车种	chē zhǒng
P	车窗	chē chuāng
P	车站	chē zhàn
P	车筐	chē kuāng
P	车箱	chē xiāng
P	车篷	chē péng
P	车组	chē zǔ
P	车胎	chē tāi
P	车船	chē chuán
P	车行	chē háng
P	车裂	chē liè
P	车费	chē fèi
P	车身	chē shēn
P	车轮	chē lún
P	车轴	chē zhóu
P	车载	chē zài
P	车辆	chē liàng
P	车辐	chē fú
P	车辕	chē yuán
P	车辖	chē xiá
P	车辙	chē zhé
P	车速	chē sù
P	车道	chē dào
P	车钩	chē gōu
P	车钱	chē qián
P	车铃	chē líng
P	车门	chē mén
P	车间	chē jiān
P	车闸	chē zhá
P	车队	chē duì
P	车险	chē xiǎn
P	车马	chē mǎ
P	车驾	chē jià
P	轧场	yà cháng
P	轧机	zhá jī
P	轧账	gá zhàng
P	轧辊	zhá gǔn
P	轧钢	zhá gāng
P	轨度	guǐ dù
P	转世	zhuǎn shì
P	转业	zhuǎn yè
P	转为	zhuǎn wéi
P	转义	zhuǎn yì
P	转乘	zhuǎn chéng
P	转交	zhuǎn jiāo
P	转产	zhuǎn chǎn
P	转任	zhuǎn rèn
P	转体	zhuǎn tǐ
P	转借	zhuǎn jiè
P	转入	zhuǎn rù
P	转写	zhuǎn xiě
P	转制	zhuǎn zhì
P	转动	zhuǎn dòng
P	转包	zhuǎn bāo
P	转化	zhuǎn huà
P	转卖	zhuǎn mài
P	转发	zhuǎn fā
P	转变	zhuǎn biàn
P	转口	zhuǎn kǒu
P	转台	zhuàn tái
P	转向	zhuǎn xiàng
P	转呈	zhuǎn chéng
P	转告	zhuǎn gào
P	转回	zhuǎn huí
P	转圈	zhuàn quān
P	转圜	zhuǎn huán
P	转场	zhuǎn chǎng
P	转头	zhuǎn tóu
P	转嫁	zhuǎn jià
P	转子	zhuàn zǐ
P	转存	zhuǎn cún
P	转学	zhuǎn xué
P	转寄	zhuǎn jì
P	转导	zhuǎn dǎo
P	转岗	zhuǎn gǎng
P	转帐	zhuǎn zhàng
P	转干	zhuǎn gàn
P	转年	zhuǎn nián
P	转引	zhuǎn yǐn
P	转弯	zhuǎn wān
P	转徙	zhuǎn xǐ
P	转念	zhuǎn niàn
P	转悠	zhuàn yōu
P	转战	zhuǎn zhàn
P	转手	zhuǎn shǒu
P	转托	zhuǎn tuō
P	转折	zhuǎn zhé
P	转换	zhuǎn huàn
P	转捩	zhuǎn liè
P	转接	zhuǎn jiē
P	转播	zhuǎn bō
P	转文	zhuǎi wén
P	转晴	zhuǎn qíng
P	转暖	zhuǎn nuǎn
P	转机	zhuǎn jī
P	转椅	zhuàn yǐ
P	转正	zhuǎn zhèng
P	转注	zhuǎn zhù
P	转炉	zhuàn lú
P	转生	zhuǎn shēng
P	转盘	zhuàn pán
P	转眼	zhuǎn yǎn
P	转瞬	zhuǎn shùn
P	转矩	zhuàn jǔ
P	转磨	zhuàn mò
P	转科	zhuǎn kē
P	转租	zhuǎn zū
P	转移	zhuǎn yí
P	转筋	zhuàn jīn
P	转职	zhuǎn zhí
P	转脸	zhuǎn liǎn
P	转船	zhuǎn chuán
P	转行	zhuǎn háng
P	转角	zhuǎn jiǎo
P	转让	zhuǎn ràng
P	转诊	zhuǎn zhěn
P	转译	zhuǎn yì
P	转调	zhuǎn diào
P	转账	zhuǎn zhàng
P	转赠	zhuǎn zèng
P	转身	zhuǎn shēn
P	转车	zhuǎn chē
P	转转	zhuǎn zhuǎn
P	转轮	zhuàn lún
P	转轴	zhuàn zhóu
P	转载	zhuǎn zǎi
P	转达	zhuǎn dá
P	转运	zhuǎn yùn
P	转述	zhuǎn shù
P	转送	zhuǎn sòng
P	转递	zhuǎn dì
P	转速	zhuàn sù
P	转道	zhuǎn dào
P	转门	zhuàn mén
P	转阴	zhuǎn yīn
P	轮休	lún xiū
P	轮台	lún tái
P	轮圈	lún quān
P	轮岗	lún gǎng
P	轮椅	lún yǐ
P	轮番	lún fān
P	轮种	lún zhòng
P	轮空	lún kōng
P	轮转	lún zhuàn
P	轮轴	lún zhóu
P	软化	ruǎn huà
P	软和	ruǎn huo
P	软尺	ruǎn chǐ
P	软椅	ruǎn yǐ
P	软泥	ruǎn ní
P	软片	ruǎn piàn
P	软磨	ruǎn mó
P	软禁	ruǎn jìn
P	软肋	ruǎn lèi
P	软膏	ruǎn gāo
P	软风	ruǎn fēng
P	软食	ruǎn shí
P	软驱	ruǎn qū
P	软骨	ruǎn gǔ
P	轰炸	hōng zhà
P	轰隆	hōng lōng
P	轴子	zhóu zi
P	轴心	zhóu xīn
P	轴承	zhóu chéng
P	轴瓦	zhóu wǎ
P	轴线	zhóu xiàn
P	轴衬	zhóu chèn
P	轸宿	zhěn xiù
P	轻便	qīng biàn
P	轻俏	qīng qiào
P	轻信	qīng xìn
P	轻判	qīng pàn
P	轻吟	qīng yín
P	轻度	qīng dù
P	轻拂	qīng fú
P	轻率	qīng shuài
P	轻省	qīng shěng
P	轻看	qīng kàn
P	轻纺	qīng fǎng
P	轻薄	qīng bó
P	轻重	qīng zhòng
P	轻风	qīng fēng
P	载体	zài tǐ
P	载客	zài kè
P	载波	zài bō
P	载荷	zài hè
P	载誉	zài yù
P	载货	zài huò
P	载运	zài yùn
P	载重	zài zhòng
P	载频	zài pín
P	轿夫	jiào fū
P	轿子	jiào zi
P	轿车	jiào chē
P	较为	jiào wéi
P	较之	jiào zhī
P	较劲	jiào jìn
P	较场	jiào chǎng
P	较大	jiào dà
P	较好	jiào hǎo
P	较差	jiào chà
P	较著	jiào zhù
P	较量	jiào liàng
P	辅助	fǔ zhù
P	辅相	fǔ xiàng
P	辈分	bèi fēn
P	辈子	bèi zi
P	辈数	bèi shù
P	辉石	huī shí
P	辊轴	gǔn zhóu
P	辎重	zī zhòng
P	辐射	fú shè
P	辐条	fú tiáo
P	辑佚	jí yì
P	辑要	jí yào
P	输家	shū jiā
P	输血	shū xuè
P	辔头	pèi tóu
P	辖区	xiá qū
P	辗转	zhǎn zhuǎn
P	辞令	cí lìng
P	辞别	cí bié
P	辞句	cí jù
P	辞条	cí tiáo
P	辞行	cí xíng
P	辟举	bì jǔ
P	辟书	bì shū
P	辟召	bì zhào
P	辟地	pì dì
P	辟引	bì yǐn
P	辟谣	pì yáo
P	辟谷	bì gǔ
P	辟邪	bì xié
P	辟除	pì chú
P	辨别	biàn bié
P	辨正	biàn zhèng
P	辨识	biàn shí
P	辩手	biàn shǒu
P	辩正	biàn zhèng
P	辩解	biàn jiě
P	辩论	biàn lùn
P	辩说	biàn shuō
P	辩难	biàn nàn
P	辫子	biàn zi
P	辱没	rǔ mò
P	边上	biān shàng
P	边区	biān qū
P	边卡	biān qiǎ
P	边地	biān dì
P	边塞	biān sài
P	边疆	biān jiāng
P	边角	biān jiǎo
P	边远	biān yuǎn
P	辽远	liáo yuǎn
P	达摩	dá mó
P	达观	dá guān
P	迁出	qiān chū
P	迁都	qiān dū
P	迂曲	yū qū
P	迂论	yū lùn
P	迅跑	xùn pǎo
P	迆逦	yǐ lǐ
P	过世	guò shì
P	过于	guò yú
P	过人	guò rén
P	过从	guò cóng
P	过付	guò fù
P	过份	guò fèn
P	过关	guò guān
P	过冬	guò dōng
P	过冷	guò lěng
P	过分	guò fèn
P	过剩	guò shèng
P	过劲	guò jìn
P	过午	guò wǔ
P	过半	guò bàn
P	过厅	guò tīng
P	过去	guò qù
P	过后	guò hòu
P	过场	guò chǎng
P	过堂	guò táng
P	过境	guò jìng
P	过夏	guò xià
P	过多	guò duō
P	过夜	guò yè
P	过大	guò dà
P	过失	guò shī
P	过头	guò tóu
P	过奖	guò jiǎng
P	过客	guò kè
P	过年	guò nián
P	过度	guò dù
P	过当	guò dàng
P	过录	guò lù
P	过往	guò wǎng
P	过心	guò xīn
P	过快	guò kuài
P	过慢	guò màn
P	过户	guò hù
P	过房	guò fáng
P	过手	guò shǒu
P	过敏	guò mǐn
P	过早	guò zǎo
P	过时	guò shí
P	过望	guò wàng
P	过期	guò qī
P	过来	guò lái
P	过桥	guò qiáo
P	过梁	guò liáng
P	过氧	guò yǎng
P	过活	guò huó
P	过渡	guò dù
P	过滤	guò lǜ
P	过激	guò jī
P	过火	guò huǒ
P	过热	guò rè
P	过熟	guò shú
P	过猛	guò měng
P	过甚	guò shèn
P	过电	guò diàn
P	过瘾	guò yǐn
P	过目	guò mù
P	过眼	guò yǎn
P	过硬	guò yìng
P	过磅	guò bàng
P	过礼	guò lǐ
P	过秤	guò chèng
P	过程	guò chéng
P	过筛	guò shāi
P	过细	guò xì
P	过继	guò jì
P	过节	guò jié
P	过虑	guò lǜ
P	过誉	guò yù
P	过访	guò fǎng
P	过话	guò huà
P	过谦	guò qiān
P	过账	guò zhàng
P	过费	guò fèi
P	过路	guò lù
P	过载	guò zài
P	过速	guò sù
P	过道	guò dào
P	过重	guò zhòng
P	过量	guò liàng
P	过错	guò cuò
P	过长	guò cháng
P	过门	guò mén
P	过问	guò wèn
P	迈上	mài shàng
P	迎亲	yíng qīn
P	迎合	yíng hé
P	迎头	yíng tóu
P	迎风	yíng fēng
P	运价	yùn jià
P	运单	yùn dān
P	运思	yùn sī
P	运抵	yùn dǐ
P	运数	yùn shù
P	运能	yùn néng
P	运行	yùn xíng
P	运转	yùn zhuàn
P	运载	yùn zài
P	运量	yùn liàng
P	近亲	jìn qīn
P	近似	jìn sì
P	近场	jìn chǎng
P	近处	jìn chù
P	近旁	jìn páng
P	近景	jìn jǐng
P	近期	jìn qī
P	返城	fǎn chéng
P	返祖	fǎn zǔ
P	返迁	fǎn qiān
P	返还	fǎn huán
P	还乡	huán xiāng
P	还书	huán shū
P	还价	huán jià
P	还俗	huán sú
P	还债	huán zhài
P	还击	huán jī
P	还原	huán yuán
P	还口	huán kǒu
P	还嘴	huán zuǐ
P	还好	hái hǎo
P	还帐	hái zhàng
P	还席	huán xí
P	还情	huán qíng
P	还愿	huán yuàn
P	还手	huán shǒu
P	还报	huán bào
P	还政	hái zhèng
P	还是	hái shì
P	还本	huán běn
P	还款	hái kuǎn
P	还清	huán qīng
P	还珠	huán zhū
P	还田	hái tián
P	还礼	huán lǐ
P	还童	huán tóng
P	还给	huán gěi
P	还账	huán zhàng
P	还贷	huán dài
P	还钱	huán qián
P	还阳	huán yáng
P	还魂	huán hún
P	这个	zhè ge
P	这么	zhè me
P	这些	zhè xiē
P	这儿	zhè ér
P	这样	zhè yàng
P	这次	zhè cì
P	这点	zhè diǎn
P	这般	zhè bān
P	这边	zhè biān
P	这里	zhè lǐ
P	进剿	jìn jiǎo
P	进化	jìn huà
P	进发	jìn fā
P	进场	jìn chǎng
P	进射	jìn shè
P	进尺	jìn chǐ
P	进度	jìn dù
P	进流	jìn liú
P	进港	jìn gǎng
P	进给	jìn jǐ
P	进见	jìn jiàn
P	进食	jìn shí
P	远东	yuǎn dōng
P	远亲	yuǎn qīn
P	远别	yuǎn bié
P	远古	yuǎn gǔ
P	远因	yuǎn yīn
P	远地	yuǎn dì
P	远处	yuǎn chù
P	远大	yuǎn dà
P	远天	yuǎn tiān
P	远客	yuǎn kè
P	远房	yuǎn fáng
P	远扬	yuǎn yáng
P	远方	yuǎn fāng
P	远景	yuǎn jǐng
P	远望	yuǎn wàng
P	远期	yuǎn qī
P	远洋	yuǎn yáng
P	远海	yuǎn hǎi
P	远涉	yuǎn shè
P	远渡	yuǎn dù
P	远略	yuǎn lüè
P	远眺	yuǎn tiào
P	远离	yuǎn lí
P	远程	yuǎn chéng
P	远航	yuǎn háng
P	远虑	yuǎn lǜ
P	远行	yuǎn xíng
P	远见	yuǎn jiàn
P	远视	yuǎn shì
P	远识	yuǎn shí
P	远谋	yuǎn móu
P	远路	yuǎn lù
P	远近	yuǎn jìn
P	远途	yuǎn tú
P	远逝	yuǎn shì
P	远道	yuǎn dào
P	远郊	yuǎn jiāo
P	远销	yuǎn xiāo
P	远门	yuǎn mén
P	远隔	yuǎn gé
P	远非	yuǎn fēi
P	违令	wéi lìng
P	违和	wéi hé
P	违拗	wéi ào
P	违禁	wéi jìn
P	违约	wéi yuē
P	违纪	wéi jì
P	违背	wéi bèi
P	连冠	lián guān
P	连发	lián fā
P	连合	lián hé
P	连杆	lián gǎn
P	连横	lián héng
P	连番	lián fān
P	连累	lián lěi
P	连结	lián jié
P	连翘	lián qiáo
P	连载	lián zǎi
P	连长	lián zhǎng
P	迟疑	chí yí
P	迢远	tiáo yuǎn
P	迤逦	yǐ lǐ
P	迫临	pò lín
P	迫于	pò yú
P	迫令	pò lìng
P	迫使	pò shǐ
P	迫促	pò cù
P	迫击	pǎi jī
P	迫切	pò qiè
P	迫害	pò hài
P	迫肥	pò féi
P	迫近	pò jìn
P	迫降	pò jiàng
P	述语	shù yǔ
P	述说	shù shuō
P	迷信	mí xìn
P	迷糊	mí hū
P	迷蒙	mí méng
P	迸发	bèng fā
P	迸射	bèng shè
P	迸溅	bèng jiàn
P	迸裂	bèng liè
P	迹地	jì dì
P	追兵	zhuī bīng
P	追击	zhuī jī
P	追剿	zhuī jiǎo
P	追加	zhuī jiā
P	追叙	zhuī xù
P	追堵	zhuī dǔ
P	追寻	zhuī xún
P	追尾	zhuī wěi
P	追忆	zhuī yì
P	追念	zhuī niàn
P	追怀	zhuī huái
P	追思	zhuī sī
P	追悔	zhuī huǐ
P	追悼	zhuī dào
P	追想	zhuī xiǎng
P	追捕	zhuī bǔ
P	追捧	zhuī pěng
P	追授	zhuī shòu
P	追查	zhuī chá
P	追根	zhuī gēn
P	追歼	zhuī jiān
P	追比	zhuī bǐ
P	追求	zhuī qiú
P	追溯	zhuī sù
P	追究	zhuī jiū
P	追索	zhuī suǒ
P	追缉	zhuī jī
P	追缴	zhuī jiǎo
P	追肥	zhuī féi
P	追补	zhuī bǔ
P	追认	zhuī rèn
P	追讨	zhuī tǎo
P	追记	zhuī jì
P	追诉	zhuī sù
P	追赃	zhuī zāng
P	追赠	zhuī zèng
P	追赶	zhuī gǎn
P	追踪	zhuī zōng
P	追还	zhuī huán
P	追述	zhuī shù
P	追逐	zhuī zhú
P	追逼	zhuī bī
P	追问	zhuī wèn
P	追随	zhuī suí
P	追风	zhuī fēng
P	追魂	zhuī hún
P	退亲	tuì qīn
P	退休	tuì xiū
P	退佃	tuì diàn
P	退化	tuì huà
P	退团	tuì tuán
P	退场	tuì chǎng
P	退朝	tuì cháo
P	退礼	tuì lǐ
P	退票	tuì piào
P	退缩	tuì suō
P	退行	tuì xíng
P	退还	tuì huán
P	退隐	tuì yǐn
P	送丧	sòng sāng
P	送亲	sòng qīn
P	送信	sòng xìn
P	送别	sòng bié
P	送展	sòng zhǎn
P	送站	sòng zhàn
P	送给	sòng gěi
P	送行	sòng xíng
P	送还	sòng huán
P	送风	sòng fēng
P	适中	shì zhōng
P	适于	shì yú
P	适从	shì cóng
P	适切	shì qiè
P	适合	shì hé
P	适应	shì yìng
P	适度	shì dù
P	适当	shì dàng
P	适量	shì liàng
P	逃亡	táo wáng
P	逃奔	táo bèn
P	逃敌	táo dí
P	逃散	táo sàn
P	逃票	táo piào
P	逃跑	táo pǎo
P	逃难	táo nàn
P	逆差	nì chà
P	逆行	nì xíng
P	逆转	nì zhuǎn
P	逆风	nì fēng
P	选任	xuǎn rèn
P	选区	xuǎn qū
P	选发	xuǎn fā
P	选场	xuǎn chǎng
P	选择	xuǎn zé
P	选料	xuǎn liào
P	选曲	xuǎn qǔ
P	选票	xuǎn piào
P	选种	xuǎn zhǒng
P	选读	xuǎn dú
P	选调	xuǎn diào
P	选载	xuǎn zài
P	透信	tòu xìn
P	透射	tòu shè
P	透底	tòu dǐ
P	透汗	tòu hàn
P	透辟	tòu pì
P	透过	tòu guò
P	透雨	tòu yǔ
P	透露	tòu lù
P	透风	tòu fēng
P	透骨	tòu gǔ
P	逐个	zhú gè
P	逐句	zhú jù
P	逐户	zhú hù
P	逐条	zhú tiáo
P	逐渐	zhú jiàn
P	逐级	zhú jí
P	逐臭	zhú chòu
P	逐项	zhú xiàng
P	递解	dì jiè
P	递降	dì jiàng
P	途中	tú zhōng
P	逗乐	dòu lè
P	逗号	dòu hào
P	逗哏	dòu gén
P	逗弄	dòu nòng
P	逗趣	dòu qù
P	通令	tōng lìng
P	通体	tōng tǐ
P	通便	tōng biàn
P	通信	tōng xìn
P	通假	tōng jiǎ
P	通兑	tōng duì
P	通共	tōng gòng
P	通分	tōng fēn
P	通化	tōng huà
P	通匪	tōng fěi
P	通同	tōng tóng
P	通好	tōng hǎo
P	通存	tōng cún
P	通家	tōng jiā
P	通宿	tōng sù
P	通条	tōng tiáo
P	通知	tōng zhī
P	通票	tōng piào
P	通称	tōng chēng
P	通篇	tōng piān
P	通红	tōng hóng
P	通缉	tōng jī
P	通行	tōng xíng
P	通观	tōng guān
P	通解	tōng jiě
P	通论	tōng lùn
P	通车	tōng chē
P	通过	tōng guò
P	通量	tōng liàng
P	通铺	tōng pù
P	通风	tōng fēng
P	逞强	chěng qiáng
P	逞能	chěng néng
P	速射	sù shè
P	速度	sù dù
P	速率	sù lǜ
P	速生	sù shēng
P	造价	zào jià
P	造假	zào jiǎ
P	造化	zào huà
P	造句	zào jù
P	造市	zào shì
P	逦迤	lǐ yǐ
P	逮捕	dài bǔ
P	逶迤	wēi yí
P	逸乐	yì lè
P	逻辑	luó jí
P	逼供	bī gòng
P	逼和	bī hé
P	逼抢	bī qiǎng
P	逼肖	bī xiào
P	逼迫	bī pò
P	逾分	yú fèn
P	逾期	yú qī
P	遂行	suì xíng
P	遇难	yù nàn
P	遍于	biàn yú
P	遍体	biàn tǐ
P	遍地	biàn dì
P	遐思	xiá sī
P	遒劲	qiú jìng
P	道别	dào bié
P	道号	dào hào
P	道地	dào dì
P	道场	dào chǎng
P	道家	dào jiā
P	道教	dào jiào
P	道术	dào shù
P	道藏	dào zàng
P	道行	dào héng
P	道观	dào guàn
P	道钉	dào dīng
P	道长	dào zhǎng
P	遗书	yí shū
P	遗传	yí chuán
P	遗体	yí tǐ
P	遗使	wèi shǐ
P	遗劳	wèi láo
P	遗少	yí shào
P	遗尿	yí niào
P	遗属	yí shǔ
P	遗毒	yí dú
P	遗落	yí luò
P	遗风	yí fēng
P	遗骨	yí gǔ
P	遣散	qiǎn sàn
P	遥远	yáo yuǎn
P	遭难	zāo nàn
P	遮光	zhē guāng
P	遮挡	zhē dǎng
P	遮盖	zhē gài
P	遮瞒	zhē mán
P	遮荫	zhē yīn
P	遮藏	zhē cáng
P	遵从	zūn cóng
P	遵嘱	zūn zhǔ
P	遵行	zūn xíng
P	避邪	bì xié
P	避难	bì nàn
P	避雨	bì yǔ
P	避风	bì fēng
P	邀约	yāo yuē
P	邃远	suì yuǎn
P	邈远	miǎo yuǎn
P	邋遢	lā tā
P	邢台	xíng tái
P	那个	nà ge
P	那么	nà me
P	那些	nà xiē || nèi xiē
P	那儿	nà ér
P	那末	nà mò
P	那样	nà yàng
P	那般	nà bān
P	那边	nà biān
P	那里	nà lǐ
P	邪乎	xié hū
P	邪心	xié xīn
P	邪念	xié niàn
P	邪恶	xié è
P	邪教	xié jiào
P	邪气	xié qì
P	邪火	xié huǒ
P	邪祟	xié suì
P	邪行	xié xíng
P	邪说	xié shuō
P	邪财	xié cái
P	邪路	xié lù
P	邪道	xié dào
P	邪门	xié mén
P	邪魔	xié mó
P	邮册	yóu cè
P	邮差	yóu chāi
P	邮票	yóu piào
P	邮车	yóu chē
P	邮集	yóu jí
P	邻家	lín jiā
P	邻舍	lín shè
P	邻角	lín jiǎo
P	郁结	yù jié
P	郁闷	yù mèn
P	郊区	jiāo qū
P	郊县	jiāo xiàn
P	郎中	láng zhōng
P	郎君	láng jūn
P	郎当	láng dāng
P	郎舅	láng jiù
P	郑重	zhèng zhòng
P	郡县	jùn xiàn
P	郡王	jùn wáng
P	部分	bù fèn
P	部头	bù tóu
P	部委	bù wěi
P	部将	bù jiàng
P	部属	bù shǔ
P	部落	bù luò
P	部长	bù zhǎng
P	部颁	bù bān
P	都会	dū huì
P	都城	dū chéng
P	都尉	dū wèi
P	都市	dū shì
P	都督	dū dū
P	都统	dū tǒng
P	鄙夫	bǐ fū
P	鄙称	bǐ chēng
P	鄙薄	bǐ bó
P	鄙见	bǐ jiàn
P	酊剂	dīng jì
P	酋长	qiú zhǎng
P	酌处	zhuó chǔ
P	酌量	zhuó liàng
P	配乐	pèi yuè
P	配发	pèi fā
P	配合	pèi hé
P	配属	pèi shǔ
P	配戏	pèi xì
P	配曲	pèi qǔ
P	配楼	pèi lóu
P	配种	pèi zhǒng
P	配称	pèi chèn
P	配给	pèi jǐ
P	配膳	pèi shàn
P	配角	pèi jué
P	配调	pèi diào
P	配载	pèi zǎi
P	配重	pèi zhòng
P	酒令	jiǔ lìng
P	酒会	jiǔ huì
P	酒兴	jiǔ xìng
P	酒刺	jiǔ cì
P	酒劲	jiǔ jìn
P	酒吧	jiǔ bā
P	酒场	jiǔ chǎng
P	酒坊	jiǔ fāng
P	酒家	jiǔ jiā
P	酒晕	jiǔ yùn
P	酒曲	jiǔ qū
P	酒浆	jiǔ jiāng
P	酒涡	jiǔ wō
P	酒瘾	jiǔ yǐn
P	酒量	jiǔ liàng
P	酒铛	jiǔ chēng
P	酒铺	jiǔ pù
P	酒食	jiǔ shí
P	酩酊	mǐng dǐng
P	酬和	chóu hè
P	酬应	chóu yìng
P	酬答	chóu dá
P	酱肉	jiàng ròu
P	酷似	kù sì
P	酷肖	kù xiāo
P	酸胀	suān zhàng
P	酸臭	suān chòu
P	酸雨	suān yǔ
P	醇化	chún huà
P	醇厚	chún hòu
P	醇和	chún hé
P	醇朴	chún piáo
P	醇正	chún zhèng
P	醋精	cù jīng
P	醍醐	tí hú
P	醒脑	xǐng nǎo
P	醒觉	xǐng jué
P	醒豁	xǐng huò
P	醺然	xūn rán
P	采买	cǎi mǎi
P	采伐	cǎi fá
P	采光	cǎi guāng
P	采写	cǎi xiě
P	采制	cǎi zhì
P	采办	cǎi bàn
P	采区	cǎi qū
P	采取	cǎi qǔ
P	采地	cài dì
P	采录	cǎi lù
P	采择	cǎi zé
P	采挖	cǎi wā
P	采掘	cǎi jué
P	采摘	cǎi zhāi
P	采撷	cǎi xié
P	采收	cǎi shōu
P	采暖	cǎi nuǎn
P	采样	cǎi yàng
P	采桑	cǎi sāng
P	采油	cǎi yóu
P	采煤	cǎi méi
P	采用	cǎi yòng
P	采石	cǎi shí
P	采矿	cǎi kuàng
P	采种	cǎi zhǒng
P	采纳	cǎi nà
P	采编	cǎi biān
P	采育	cǎi yù
P	采花	cǎi huā
P	采茶	cǎi chá
P	采药	cǎi yào
P	采蜜	cǎi mì
P	采血	cǎi xiě
P	采访	cǎi fǎng
P	采购	cǎi gòu
P	采运	cǎi yùn
P	采邑	cài yì
P	采采	cǎi cǎi
P	采集	cǎi jí
P	采风	cǎi fēng
P	采食	cǎi shí
P	釉子	yòu zi
P	释卷	shì juàn
P	释教	shì jiào
P	释疑	shì yí
P	里头	lǐ tou
P	里子	lǐ zi
P	里巷	lǐ xiàng
P	里弄	lǐ lòng
P	里拉	lǐ lā
P	里长	lǐ zhǎng
P	里间	lǐ jiān
P	重九	chóng jiǔ
P	重价	zhòng jià
P	重任	zhòng rèn
P	重伤	zhòng shāng
P	重修	chóng xiū
P	重光	chóng guāng
P	重兵	zhòng bīng
P	重典	zhòng diǎn
P	重出	chóng chū
P	重创	zhòng chuāng
P	重利	zhòng lì
P	重力	zhòng lì
P	重办	zhòng bàn
P	重印	chóng yìn
P	重压	zhòng yā
P	重叠	chóng dié
P	重合	chóng hé
P	重名	zhòng míng
P	重听	zhòng tīng
P	重启	chóng qǐ
P	重唱	chóng chàng
P	重围	chóng wéi
P	重圆	chóng yuán
P	重地	zhòng dì
P	重型	zhòng xíng
P	重复	chóng fù
P	重大	zhòng dà
P	重头	chóng tóu
P	重奏	chóng zòu
P	重奖	zhòng jiǎng
P	重婚	chóng hūn
P	重子	zhòng zǐ
P	重孙	chóng sūn
P	重孝	zhòng xiào
P	重审	chóng shěn
P	重工	zhòng gōng
P	重庆	chóng qìng
P	重建	chóng jiàn
P	重张	chóng zhāng
P	重弹	chóng tán
P	重彩	zhòng cǎi
P	重影	chóng yǐng
P	重心	zhòng xīn
P	重惩	zhòng chéng
P	重托	zhòng tuō
P	重担	zhòng dàn
P	重拍	chóng pāi
P	重拳	zhòng quán
P	重提	chóng tí
P	重播	chóng bō
P	重数	chóng shù
P	重新	chóng xīn
P	重映	chóng yìng
P	重望	zhòng wàng
P	重楼	zhòng lóu
P	重檐	zhòng yán
P	重残	zhòng cán
P	重氢	zhòng qīng
P	重水	zhòng shuǐ
P	重沓	chóng tà
P	重油	zhòng yóu
P	重洋	chóng yáng
P	重活	zhòng huó
P	重温	chóng wēn
P	重演	chóng yǎn
P	重炮	zhòng pào
P	重点	zhòng diǎn
P	重版	chóng bǎn
P	重物	zhòng wù
P	重犯	chóng fàn
P	重现	chóng xiàn
P	重生	chóng shēng
P	重申	chóng shēn
P	重睹	zhòng dǔ
P	重税	zhòng shuì
P	重组	chóng zǔ
P	重罚	zhòng fá
P	重罪	zhòng zuì
P	重聚	chóng jù
P	重臂	zhòng bì
P	重臣	zhòng chén
P	重茬	zhòng chá
P	重荷	zhòng hè
P	重获	chóng huò
P	重行	chóng xíng
P	重装	zhòng zhuāng
P	重要	zhòng yào
P	重视	zhòng shì
P	重言	zhòng yán
P	重设	zhòng shè
P	重译	chóng yì
P	重话	zhòng huà
P	重读	chóng dú
P	重负	zhòng fù
P	重责	zhòng zé
P	重赏	zhòng shǎng
P	重载	zhòng zài
P	重返	chóng fǎn
P	重迭	chóng dié
P	重述	chóng shù
P	重选	chóng xuǎn
P	重逢	chóng féng
P	重重	chóng chóng
P	重量	zhòng liàng
P	重金	zhòng jīn
P	重镇	zhòng zhèn
P	重阳	chóng yáng
P	重霄	chóng xiāo
P	重音	zhòng yīn
P	野乘	yě shèng
P	野果	yě guǒ
P	量具	liáng jù
P	量刑	liàng xíng
P	量力	liàng lì
P	量变	liàng biàn
P	量器	liáng qì
P	量子	liàng zǐ
P	量度	liáng dù
P	量杯	liáng bēi
P	量瓶	liáng píng
P	量程	liáng chéng
P	量筒	liáng tǒng
P	量纲	liàng gāng
P	量能	liàng néng
P	量规	liáng guī
P	量计	liáng jì
P	量词	liàng cí
P	金冠	jīn guān
P	金匾	jīn biǎn
P	金华	jīn huá
P	金发	jīn fà
P	金叶	jīn yè
P	金属	jīn shǔ
P	金店	jīn diàn
P	金弹	jīn dàn
P	金曲	jīn qǔ
P	金条	jīn tiáo
P	金枝	jīn zhī
P	金榜	jīn bǎng
P	金正	jīn zhèng
P	金汤	jīn tāng
P	金沙	jīn shā
P	金相	jīn xiàng
P	金盾	jīn dùn
P	金石	jīn shí
P	金蛇	jīn shé
P	金锭	jīn dìng
P	金阙	jīn què
P	金龟	jīn guī
P	鉴别	jiàn bié
P	鉴识	jiàn shí
P	錾子	zàn zi
P	针刺	zhēn cì
P	针叶	zhēn yè
P	针头	zhēn tóu
P	针织	zhēn zhī
P	钉住	dìng zhù
P	钉头	dīng tóu
P	钉子	dīng zi
P	钉帽	dīng mào
P	钉牢	dìng láo
P	钉耙	dīng pá
P	钉螺	dīng luó
P	钉锤	dīng chuí
P	钉鞋	dīng xié
P	钓钩	diào gōu
P	钙化	gài huà
P	钙片	gài piàn
P	钛白	tài bái
P	钝化	dùn huà
P	钝器	dùn qì
P	钝角	dùn jiǎo
P	钞票	chāo piào
P	钟头	zhōng tóu
P	钢丝	gāng sī
P	钢刀	gāng dāo
P	钢包	gāng bāo
P	钢印	gāng yìn
P	钢坯	gāng pī
P	钢尺	gāng chǐ
P	钢材	gāng cái
P	钢条	gāng tiáo
P	钢板	gāng bǎn
P	钢枪	gāng qiāng
P	钢水	gāng shuǐ
P	钢渣	gāng zhā
P	钢珠	gāng zhū
P	钢琴	gāng qín
P	钢瓶	gāng píng
P	钢盔	gāng kuī
P	钢砂	gāng shā
P	钢硬	gāng yìng
P	钢种	gāng zhǒng
P	钢笔	gāng bǐ
P	钢筋	gāng jīn
P	钢管	gāng guǎn
P	钢粱	gāng liáng
P	钢精	gāng jīng
P	钢索	gāng suǒ
P	钢缆	gāng lǎn
P	钢花	gāng huā
P	钢轨	gāng guǐ
P	钢针	gāng zhēn
P	钢钎	gāng qiān
P	钢钻	gāng zuān
P	钢铁	gāng tiě
P	钢锭	gāng dìng
P	钢锯	gāng jù
P	钢鞭	gāng biān
P	钢骨	gāng gǔ
P	钥匙	yào shi
P	钦仰	qīn yǎng
P	钦差	qīn chāi
P	钨钢	wū gāng
P	钩子	gōu zi
P	钱夹	qián jiā
P	钱数	qián shù
P	钱柜	qián guì
P	钱款	qián kuǎn
P	钱票	qián piào
P	钻井	zuān jǐng
P	钻具	zuàn jù
P	钻劲	zuān jìn
P	钻台	zuàn tái
P	钻塔	zuàn tǎ
P	钻头	zuàn tóu
P	钻孔	zuān kǒng
P	钻工	zuān gōng
P	钻床	zuàn chuáng
P	钻心	zuān xīn
P	钻戒	zuàn jiè
P	钻探	zuān tàn
P	钻机	zuàn jī
P	钻杆	zuàn gǎn
P	钻洞	zuān dòng
P	钻石	zuàn shí
P	钻研	zuān yán
P	钻空	zuān kòng
P	钻营	zuān yíng
P	钻谋	zuān móu
P	铁厂	tiě chǎng
P	铁岭	tiě lǐng
P	铁打	tiě dǎ
P	铁杆	tiě gǎn
P	铁柜	tiě guì
P	铁椎	tiě chuí
P	铁片	tiě piàn
P	铁石	tiě shí
P	铁笼	tiě lóng
P	铁耙	tiě pá
P	铁臂	tiě bì
P	铁血	tiě xuè
P	铁钉	tiě dīng
P	铁锚	tiě máo
P	铁锤	tiě chuí
P	铁镐	tiě gǎo
P	铁骨	tiě gǔ
P	铃铛	líng dāng
P	铅丝	qiān sī
P	铅丹	qiān dān
P	铅华	qiān huá
P	铅印	qiān yìn
P	铅字	qiān zì
P	铅封	qiān fēng
P	铅山	yán shān
P	铅弹	qiān dàn
P	铅条	qiān tiáo
P	铅板	qiān bǎn
P	铅灰	qiān huī
P	铅版	qiān bǎn
P	铅球	qiān qiú
P	铅直	qiān zhí
P	铅笔	qiān bǐ
P	铅粉	qiān fěn
P	铅铁	qiān tiě
P	铆焊	mǎo hàn
P	铆钉	mǎo dīng
P	铜模	tóng mú
P	铜绿	tóng lǜ
P	铜臭	tóng xiù
P	铜锈	tóng xiù
P	铝锅	lǚ guō
P	铲子	chǎn zi
P	银子	yín zi
P	银行	yín háng
P	银装	yín zhuāng
P	银质	yín zhì
P	银镪	yín qiǎng
P	银须	yín xū
P	银饰	yín shì
P	铺位	pù wèi
P	铺保	pù bǎo
P	铺叙	pū xù
P	铺垫	pū diàn
P	铺子	pù zi
P	铺展	pū zhǎn
P	铺平	pū píng
P	铺床	pū chuáng
P	铺底	pù dǐ
P	铺张	pū zhāng
P	铺户	pù hù
P	铺排	pū pái
P	铺板	pù bǎn
P	铺盖	pū gài
P	铺砌	pū qì
P	铺筑	pù zhù
P	铺衬	pū chèn
P	铺设	pū shè
P	铺路	pū lù
P	铺轨	pū guǐ
P	铺铺	pù pù
P	铺陈	pū chén
P	铺面	pù miàn
P	链子	liàn zi
P	链条	liàn tiáo
P	链结	liàn jiē
P	销价	xiāo jià
P	销假	xiāo jià
P	销号	xiāo hào
P	销差	xiāo chà
P	销纳	xiāo nà
P	销行	xiāo xíng
P	销货	xiāo huò
P	销量	xiāo liàng
P	销钉	xiāo dīng
P	锁上	suǒ shàng
P	锁匙	suǒ chí
P	锁头	suǒ tou
P	锁钥	suǒ yuè
P	锁骨	suǒ gǔ
P	锄地	chú dì
P	锄头	chú tou
P	锅台	guō tái
P	锅子	guō zi
P	锅底	guō dǐ
P	锈菌	xiù jūn
P	锈迹	xiù jì
P	锐眼	ruì yǎn
P	锐角	ruì jiǎo
P	锒铛	láng dāng
P	错处	cuò chǔ
P	错待	cuò dài
P	错综	cuò zōng
P	错落	cuò luò
P	错觉	cuò jué
P	错讹	cuò é
P	错话	cuò huà
P	错车	cuò chē
P	错过	cuò guò
P	锚固	máo gù
P	锚地	máo dì
P	锚泊	máo bó
P	锡器	xī qì
P	锡石	xī shí
P	锤子	chuí zi
P	锤打	chuí dǎ
P	锤骨	chuí gǔ
P	锥体	zhuī tǐ
P	锥度	zhuī dù
P	锦囊	jǐn náng
P	锦屏	jǐn píng
P	锦纶	jǐn lún
P	锭子	dìng zi
P	锯条	jù tiáo
P	锰钢	měng gāng
P	锻制	duàn zhì
P	锻压	duàn yā
P	锻打	duàn dǎ
P	锻模	duàn mú
P	镀铬	dù gè
P	镂空	lòu kōng
P	镂花	lòu huā
P	镇压	zhèn yā
P	镇尺	zhèn chǐ
P	镇服	zhèn fú
P	镇长	zhèn zhǎng
P	镊子	niè zi
P	镍钢	niè gāng
P	镐京	hào jīng
P	镐头	gǎo tóu
P	镖头	biāo tóu
P	镚子	bèng zi
P	镜台	jìng tái
P	镜头	jìng tóu
P	镜子	jìng zi
P	镜片	jìng piàn
P	镢头	jué tóu
P	镫子	dèng zi
P	镯子	zhuó zi
P	长上	zhǎng shàng
P	长久	cháng jiǔ
P	长乐	cháng lè
P	长于	cháng yú
P	长亭	cháng tíng
P	长亲	zhǎng qīn
P	长假	cháng jià
P	长兄	zhǎng xiōng
P	长兴	cháng xīng
P	长出	zhǎng chū
P	长剑	cháng jiàn
P	长势	zhǎng shì
P	长卷	cháng juàn
P	长发	cháng fà
P	长句	cháng jù
P	长号	cháng hào
P	长叹	cháng tàn
P	长吏	zhǎng lì
P	长吟	cháng yín
P	长命	cháng mìng
P	长啸	cháng xiào
P	长圆	cháng yuán
P	长坂	cháng bǎn
P	长城	cháng chéng
P	长处	cháng chù
P	长夏	cháng xià
P	长夜	cháng yè
P	长大	zhǎng dà
P	长天	cháng tiān
P	长女	zhǎng nǚ
P	长子	zhǎng zǐ
P	长存	cháng cún
P	长孙	zhǎng sūn
P	长安	cháng ān
P	长官	zhǎng guān
P	长寿	cháng shòu
P	长局	cháng jú
P	长崎	cháng qí
P	长川	cháng chuān
P	长工	cháng gōng
P	长年	cháng nián
P	长幼	zhǎng yòu
P	长庚	cháng gēng
P	长度	cháng dù
P	长廊	cháng láng
P	长征	cháng zhēng
P	长性	cháng xìng
P	长成	zhǎng chéng
P	长房	zhǎng fáng
P	长拳	cháng quán
P	长揖	cháng yī
P	长斋	cháng zhāi
P	长方	cháng fāng
P	长春	cháng chūn
P	长期	cháng qī
P	长机	cháng jī
P	长条	cháng tiáo
P	长枪	cháng qiāng
P	长款	cháng kuǎn
P	长毛	cháng máo
P	长汀	cháng tīng
P	长江	cháng jiāng
P	长沙	cháng shā
P	长河	cháng hé
P	长法	cháng fǎ
P	长波	cháng bō
P	长活	cháng huó
P	长流	cháng liú
P	长牙	zhǎng yá
P	长物	cháng wù
P	长生	cháng shēng
P	长男	zhǎng nán
P	长相	zhǎng xiàng
P	长眠	cháng mián
P	长矛	cháng máo
P	长短	cháng duǎn
P	长石	cháng shí
P	长程	cháng chéng
P	长空	cháng kōng
P	长笛	cháng dí
P	长策	cháng cè
P	长篇	cháng piān
P	长线	cháng xiàn
P	长统	cháng tǒng
P	长编	cháng biān
P	长缨	cháng yīng
P	长老	zhǎng lǎo
P	长者	zhǎng zhě
P	长脸	zhǎng liǎn
P	长膘	zhǎng biāo
P	长舌	cháng shé
P	长虫	cháng chóng
P	长虹	cháng hóng
P	长街	cháng jiē
P	长衣	cháng yī
P	长衫	cháng shān
P	长袍	cháng páo
P	长袖	cháng xiù
P	长袜	cháng wà
P	长裤	cháng kù
P	长褂	cháng guà
P	长诗	cháng shī
P	长话	cháng huà
P	长调	cháng diào
P	长谈	cháng tán
P	长足	cháng zú
P	长跑	cháng pǎo
P	长跪	cháng guì
P	长辈	zhǎng bèi
P	长辞	cháng cí
P	长进	zhǎng jìn
P	长远	cháng yuǎn
P	长途	cháng tú
P	长逝	cháng shì
P	长长	cháng cháng
P	长门	cháng mén
P	长队	cháng duì
P	长随	cháng suí
P	长青	cháng qīng
P	长音	cháng yīn
P	长项	cháng xiàng
P	长驱	cháng qū
P	长鸣	cháng míng
P	长鼓	cháng gǔ
P	长龙	cháng lóng
P	门丁	mén dīng
P	门上	mén shàng
P	门匾	mén biǎn
P	门号	mén hào
P	门将	mén jiàng
P	门扇	mén shàn
P	门把	mén bà
P	门斗	mén dǒu
P	门槛	mén kǎn
P	门灯	mén dēng
P	门票	mén piào
P	门禁	mén jìn
P	门窗	mén chuāng
P	门缝	mén fèng
P	门钉	mén dīng
P	门镜	mén jìng
P	门风	mén fēng
P	闪射	shǎn shè
P	闪过	shǎn guò
P	闭会	bì huì
P	闭卷	bì juàn
P	闭合	bì hé
P	闭塞	bì sè
P	闭校	bì xiào
P	闭目	bì mù
P	闭馆	bì guǎn
P	问卜	wèn bǔ
P	问及	wèn jí
P	问句	wèn jù
P	问号	wèn hào
P	问好	wèn hǎo
P	问答	wèn dá
P	问难	wèn nàn
P	闯劲	chuǎng jìn
P	闯将	chuǎng jiàng
P	闯王	chuǎng wáng
P	闲散	xián sǎn
P	闲空	xián kòng
P	间作	jiàn zuò
P	间奏	jiàn zòu
P	间或	jiàn huò
P	间接	jiàn jiē
P	间断	jiàn duàn
P	间日	jiàn rì
P	间杂	jiàn zá
P	间架	jiān jià
P	间歇	jiàn xiē
P	间种	jiàn zhòng
P	间色	jiàn sè
P	间苗	jiàn miáo
P	间谍	jiàn dié
P	间距	jiān jù
P	间道	jiàn dào
P	间量	jiān liàng
P	间隔	jiàn gé
P	间隙	jiàn xì
P	闷倦	mèn juàn
P	闷坐	mèn zuò
P	闷声	mēn shēng
P	闷头	mēn tóu
P	闷棍	mèn gùn
P	闷气	mēn qì
P	闷热	mēn rè
P	闷酒	mèn jiǔ
P	闷锄	mēn chú
P	闷雷	mèn léi
P	闸把	zhá bǎ
P	闹哄	nào hōng
P	闹嚷	nào rāng
P	闹场	nào chǎng
P	闹戏	nào xì
P	闺女	guī nǚ
P	闻知	wén zhī
P	闻见	wén jiàn
P	闻风	wén fēng
P	闽侯	mǐn hòu
P	闾巷	lǘ xiàng
P	阁员	gé yuán
P	阄儿	jiū er
P	阅卷	yuè juàn
P	阅看	yuè kàn
P	阅读	yuè dú
P	阑尾	lán wěi
P	阑干	lán gān
P	阔别	kuò bié
P	阔少	kuò shào
P	阔绰	kuò chuò
P	阖家	hé jiā
P	阙下	què xià
P	阙如	quē rú
P	阙文	quē wén
P	阙漏	quē lòu
P	阙疑	quē yí
P	队副	duì fù
P	队员	duì yuán
P	队长	duì zhǎng
P	防伪	fáng wěi
P	防凌	fáng líng
P	防区	fáng qū
P	防地	fáng dì
P	防弹	fáng dàn
P	防暴	fáng bào
P	防毒	fáng dú
P	防污	fáng wū
P	防渗	fáng shèn
P	防病	fáng bìng
P	防皱	fáng zhòu
P	防空	fáng kōng
P	防蛀	fáng zhù
P	防风	fáng fēng
P	阳台	yáng tái
P	阳间	yáng jiān
P	阴凉	yīn liáng
P	阴囊	yīn náng
P	阴干	yīn gān
P	阴核	yīn hé
P	阴模	yīn mó
P	阴毒	yīn dú
P	阴间	yīn jiān
P	阴雨	yīn yǔ
P	阴风	yīn fēng
P	阵亡	zhèn wáng
P	阵发	zhèn fā
P	阵地	zhèn dì
P	阵子	zhèn zi
P	阵雨	zhèn yǔ
P	阵风	zhèn fēng
P	阶地	jiē dì
P	阻塞	zǔ sè
P	阻挡	zǔ dǎng
P	阻难	zǔ nàn
P	阿公	ā gōng
P	阿呆	ā dāi
P	阿哥	ā gē
P	阿妈	ā mā
P	阿妹	ā mèi
P	阿姐	ā jiě
P	阿姨	ā yí
P	阿婆	ā pó
P	阿弟	ā dì
P	阿拉	ā lā
P	阿斗	ā dǒu
P	阿曼	ā màn
P	阿爸	ā bà
P	阿爹	ā diē
P	阿片	ā piàn
P	阿胶	ē jiāo
P	阿蒙	ā méng
P	阿訇	ā hōng
P	阿谀	ē yú
P	阿门	ā mén
P	阿附	ē fù
P	阿飞	ā fēi
P	阿鼻	ā bí
P	陀螺	tuó luó
P	陂塘	bēi táng
P	陂池	bēi chí
P	陂艿	bēi rèng
P	陂陀	pō tuó
P	附上	fù shàng
P	附中	fù zhōng
P	附丽	fù lì
P	附会	fù huì
P	附后	fù hòu
P	附和	fù hè
P	附属	fù shǔ
P	附有	fù yǒu
P	附着	fù zhuó
P	附表	fù biǎo
P	附识	fù zhì
P	附载	fù zǎi
P	际会	jì huì
P	陆万	liù wàn
P	陆上	lù shàng
P	陆仟	lù qiān
P	陆佰	liù bǎi
P	陆圆	liù yuán
P	陆地	lù dì
P	陆拾	liù shí
P	陆风	lù fēng
P	陈说	chén shuō
P	陈酿	chén niàng
P	陋巷	lòu xiàng
P	降下	jiàng xià
P	降世	jiàng shì
P	降临	jiàng lín
P	降价	jiàng jià
P	降伏	xiáng fú
P	降低	jiàng dī
P	降压	jiàng yā
P	降旗	jiàng qí
P	降服	xiáng fú
P	降格	jiàng gé
P	降气	jiàng qì
P	降水	jiàng shuǐ
P	降温	jiàng wēn
P	降火	jiàng huǒ
P	降生	jiàng shēng
P	降等	jiàng děng
P	降级	jiàng jí
P	降耗	jiàng hào
P	降职	jiàng zhí
P	降落	jiàng luò
P	降表	jiàng biǎo
P	降解	jiàng jiě
P	降调	jiàng diào
P	降雨	jiàng yǔ
P	降雪	jiàng xuě
P	降顺	xiáng shùn
P	降香	jiàng xiāng
P	降龙	xiáng lóng
P	限产	xiàn chǎn
P	限令	xiàn lìng
P	限价	xiàn jià
P	限度	xiàn dù
P	限时	xiàn shí
P	限期	xiàn qī
P	限电	xiàn diàn
P	限量	xiàn liàng
P	陡增	dǒu zēng
P	陡度	dǒu dù
P	院子	yuàn zi
P	院落	yuàn luò
P	院长	yuàn zhǎng
P	除丧	chú sāng
P	除了	chú le
P	除号	chú hào
P	除垢	chú gòu
P	除害	chú hài
P	除弊	chú bì
P	除数	chú shù
P	除服	chú fú
P	除湿	chú shī
P	除锈	chú xiù
P	陨石	yǔn shí
P	陨落	yǔn luò
P	险些	xiǎn xiē
P	险地	xiǎn dì
P	险局	xiǎn jú
P	险恶	xiǎn è
P	险棋	xiǎn qí
P	险毒	xiǎn dú
P	险症	xiǎn zhèng
P	险要	xiǎn yào
P	险遭	xiǎn zāo
P	陪同	péi tóng
P	陪祭	péi jì
P	陪都	péi dū
P	陶塑	táo sù
P	陷没	xiàn méi
P	陷落	xiàn luò
P	随和	suí hé
P	随处	suí chù
P	随迁	suí qiān
P	隐蔽	yǐn bì
P	隔别	gé bié
P	隔宿	gé sù
P	隔扇	gé shān
P	隔栅	gé zhà
P	隔行	gé háng
P	隔间	gé jiān
P	隘巷	ài xiàng
P	隙地	xì dì
P	隙缝	xì fèng
P	隶书	lì shū
P	隶农	lì nóng
P	隶卒	lì zú
P	隶字	lì zì
P	隶属	lì shǔ
P	隽永	juàn yǒng
P	隽语	juàn yǔ
P	难为	nán wéi
P	难事	nán shì
P	难于	nán yú
P	难产	nán chǎn
P	难人	nán rén
P	难以	nán yǐ
P	难住	nán zhù
P	难侨	nàn qiáo
P	难保	nán bǎo
P	难倒	nán dǎo
P	难免	nán miǎn
P	难关	nán guān
P	难友	nàn yǒu
P	难受	nán shòu
P	难吃	nán chī
P	难听	nán tīng
P	难堪	nán kān
P	难处	nán chǔ
P	难字	nán zì
P	难属	nàn shǔ
P	难度	nán dù
P	难当	nán dāng
P	难得	nán dé
P	难忍	nán rěn
P	难忘	nán wàng
P	难怪	nán guài
P	难懂	nán dǒng
P	难易	nán yì
P	难民	nàn mín
P	难点	nán diǎn
P	难熬	nán áo
P	难看	nán kàn
P	难缠	nán chán
P	难耐	nán nài
P	难胞	nàn bāo
P	难色	nán sè
P	难解	nán jiě
P	难言	nán yán
P	难说	nán shuō
P	难过	nán guò
P	难道	nán dào
P	难闻	nán wén
P	难题	nán tí
P	雀子	qiāo zǐ
P	雁行	yàn háng
P	雄劲	xióng jìng
P	雄大	xióng dà
P	雄奇	xióng qí
P	雄居	xióng jū
P	雄峙	xióng zhì
P	雄风	xióng fēng
P	雅乐	yǎ yuè
P	雅兴	yǎ xìng
P	雅号	yǎ hào
P	雅思	yǎ sī
P	雅正	yǎ zhèng
P	雅称	yǎ chēng
P	雅观	yǎ guān
P	雅趣	yǎ qù
P	雅量	yǎ liàng
P	集中	jí zhōng
P	集会	jí huì
P	集体	jí tǐ
P	集合	jí hé
P	集宁	jí níng
P	集散	jí sàn
P	集约	jí yuē
P	集结	jí jié
P	雇佣	gù yōng
P	雇员	gù yuán
P	雍和	yōng hé
P	雍正	yōng zhèng
P	雏燕	chú yàn
P	雏鸟	chú niǎo
P	雕琢	diāo zhuó
P	雕砌	diāo qì
P	雨丝	yǔ sī
P	雨云	yǔ yún
P	雨伞	yǔ sǎn
P	雨具	yǔ jù
P	雨凇	yǔ sōng
P	雨前	yǔ qián
P	雨势	yǔ shì
P	雨区	yǔ qū
P	雨声	yǔ shēng
P	雨季	yǔ jì
P	雨布	yǔ bù
P	雨带	yǔ dài
P	雨帽	yǔ mào
P	雨幕	yǔ mù
P	雨情	yǔ qíng
P	雨意	yǔ yì
P	雨披	yǔ pī
P	雨景	yǔ jǐng
P	雨水	yǔ shuǐ
P	雨涝	yǔ lào
P	雨滴	yǔ dī
P	雨点	yǔ diǎn
P	雨燕	yǔ yàn
P	雨珠	yǔ zhū
P	雨脚	yǔ jiǎo
P	雨蓬	yǔ péng
P	雨蛙	yǔ wā
P	雨衣	yǔ yī
P	雨量	yǔ liàng
P	雨雪	yǔ xuě
P	雨雾	yǔ wù
P	雨露	yǔ lù
P	雨靴	yǔ xuē
P	雨鞋	yǔ xié
P	雪地	xuě dì
P	雪夜	xuě yè
P	雪天	xuě tiān
P	雪灾	xuě zāi
P	雪耻	xuě chǐ
P	雪茄	xuě jiā
P	零头	líng tóu
P	零度	líng dù
P	零散	líng sǎn
P	零数	líng shù
P	零落	líng luò
P	零食	líng shí
P	雷同	léi tóng
P	雷场	léi chǎng
P	雷暴	léi bào
P	雷雨	léi yǔ
P	雾化	wù huà
P	需要	xū yào
P	震中	zhèn zhōng
P	震区	zhèn qū
P	震颤	zhèn chàn
P	霉变	méi biàn
P	霉头	méi tóu
P	霉斑	méi bān
P	霉菌	méi jūn
P	霉雨	méi yǔ
P	霍地	huò dì
P	霓裳	ní cháng
P	霖雨	lín yǔ
P	霜叶	shuāng yè
P	霜期	shuāng qī
P	霜降	shuāng jiàng
P	霞石	xiá shí
P	霰弹	xiàn dàn
P	露丑	lòu chǒu
P	露光	lù guāng
P	露刃	lòu rèn
P	露台	lù tái
P	露天	lù tiān
P	露头	lòu tóu
P	露宿	lù sù
P	露富	lòu fù
P	露布	lù bù
P	露底	lòu dǐ
P	露怯	lòu qiè
P	露水	lù shuǐ
P	露洒	lù sǎ
P	露点	lù diǎn
P	露珠	lù zhū
P	露白	lòu bái
P	露相	lòu xiàng
P	露脸	lòu liǎn
P	露苗	lòu miáo
P	露营	lù yíng
P	露酒	lù jiǔ
P	露面	lòu miàn
P	露风	lòu fēng
P	露馅	lòu xiàn
P	露骨	lù gǔ
P	露齿	lù chǐ
P	霹雷	pī léi
P	青下	qīng xià
P	青石	qīng shí
P	青砖	qīng zhuān
P	青绿	qīng lǜ
P	青苔	qīng tái
P	青茶	qīng chá
P	青蛇	qīng shé
P	靓丽	liàng lì
P	靓仔	liàng zǎi
P	靓女	liàng nǚ
P	靓妆	jìng zhuāng
P	靓衣	jìng yī
P	靓饰	jìng shì
P	静乐	jìng lè
P	静场	jìng chǎng
P	静宁	jìng níng
P	静思	jìng sī
P	静脉	jìng mài
P	静观	jìng guān
P	非分	fēi fèn
P	非得	fēi děi
P	非难	fēi nàn
P	靠椅	kào yǐ
P	靠泊	kào bó
P	靠背	kào bèi
P	靡丽	mǐ lì
P	靡费	mí fèi
P	面上	miàn shàng
P	面告	miàn gào
P	面子	miàn zi
P	面朝	miàn cháo
P	面条	miàn tiáo
P	面汤	miàn tāng
P	面相	miàn xiàng
P	面糊	miàn hù
P	面红	miàn hóng
P	面见	miàn jiàn
P	面食	miàn shí
P	革囊	gé náng
P	靴子	xuē zi
P	靶台	bǎ tái
P	靶场	bǎ chǎng
P	靶子	bǎ zi
P	鞋刷	xié shuā
P	鞋子	xié zi
P	鞋底	xié dǐ
P	鞍子	ān zi
P	鞭子	biān zi
P	鞭打	biān dǎ
P	鞭梢	biān shāo
P	鞭炮	biān pào
P	鞭鞘	biān shāo
P	韧劲	rèn jìn
P	韧度	rèn dù
P	音乐	yīn yuè
P	音信	yīn xìn
P	音区	yīn qū
P	音叉	yīn chā
P	音序	yīn xù
P	音强	yīn qiáng
P	音控	yīn kòng
P	音画	yīn huà
P	音系	yīn xì
P	音节	yīn jié
P	音读	yīn dú
P	音调	yīn diào
P	音量	yīn liàng
P	音频	yīn pín
P	韵头	yùn tóu
P	韵尾	yùn wěi
P	韵语	yùn yǔ
P	韵调	yùn diào
P	韶华	sháo huá
P	页数	yè shù
P	顶上	dǐng shàng
P	顶头	dǐng tóu
P	顶数	dǐng shù
P	顶盖	dǐng gài
P	顶角	dǐng jiǎo
P	顶风	dǐng fēng
P	顶骨	dǐng gǔ
P	项圈	xiàng quān
P	项背	xiàng bèi
P	顺乎	shùn hū
P	顺从	shùn cóng
P	顺便	shùn biàn
P	顺化	shùn huà
P	顺和	shùn hé
P	顺差	shùn chā
P	顺应	shùn yìng
P	顺当	shùn dāng
P	顺服	shùn fú
P	顺溜	shùn liū
P	顺风	shùn fēng
P	须发	xū fà
P	须子	xū zi
P	须知	xū zhī
P	须要	xū yào
P	顽强	wán qiáng
P	顽症	wán zhèng
P	顽石	wán shí
P	顾家	gù jiā
P	顿号	dùn hào
P	顿觉	dùn jué
P	颀长	qí cháng
P	颂诗	sòng shī
P	预估	yù gū
P	预卜	yù bǔ
P	预压	yù yā
P	预期	yù qī
P	预检	yù jiǎn
P	预知	yù zhī
P	预约	yù yuē
P	预行	yù xíng
P	预见	yù jiàn
P	领办	lǐng bàn
P	领地	lǐng dì
P	领教	lǐng jiào
P	领舞	lǐng wǔ
P	领花	lǐng huā
P	领赏	lǐng shǎng
P	颉颃	xié háng
P	颊囊	jiá náng
P	颊车	jiá chē
P	颌骨	hé gǔ
P	频仍	pín réng
P	频传	pín chuán
P	频发	pín fā
P	频带	pín dài
P	频度	pín dù
P	频数	pín shuò
P	频次	pín cì
P	频段	pín duàn
P	频率	pín lǜ
P	频繁	pín fán
P	频谱	pín pǔ
P	频道	pín dào
P	频频	pín pín
P	颓丧	tuí sàng
P	颓风	tuí fēng
P	题型	tí xíng
P	题解	tí jiě
P	颚骨	è gǔ
P	颜体	yán tǐ
P	额头	é tóu
P	额度	é dù
P	额数	é shù
P	额枋	é fāng
P	额角	é jiǎo
P	额骨	é gǔ
P	颞骨	niè gǔ
P	颠倒	diān dǎo
P	颠簸	diān bǒ
P	颤动	chàn dòng
P	颤声	chàn shēng
P	颤悠	chàn yōu
P	颤抖	chàn dǒu
P	颤栗	zhàn lì
P	颤音	chàn yīn
P	颤颤	chàn chàn
P	颧骨	quán gǔ
P	风习	fēng xí
P	风仪	fēng yí
P	风传	fēng chuán
P	风俗	fēng sú
P	风光	fēng guāng
P	风凉	fēng liáng
P	风力	fēng lì
P	风动	fēng dòng
P	风势	fēng shì
P	风化	fēng huà
P	风华	fēng huá
P	风压	fēng yā
P	风发	fēng fā
P	风口	fēng kǒu
P	风向	fēng xiàng
P	风味	fēng wèi
P	风土	fēng tǔ
P	风墙	fēng qiáng
P	风声	fēng shēng
P	风头	fēng tou
P	风姿	fēng zī
P	风害	fēng hài
P	风寒	fēng hán
P	风尘	fēng chén
P	风尚	fēng shàng
P	风帆	fēng fān
P	风带	fēng dài
P	风帽	fēng mào
P	风干	fēng gān
P	风府	fēng fǔ
P	风度	fēng dù
P	风情	fēng qíng
P	风扇	fēng shàn
P	风挡	fēng dǎng
P	风斗	fēng dǒu
P	风景	fēng jǐng
P	风暴	fēng bào
P	风月	fēng yuè
P	风机	fēng jī
P	风标	fēng biāo
P	风格	fēng gé
P	风气	fēng qì
P	风水	fēng shuǐ
P	风池	fēng chí
P	风沙	fēng shā
P	风波	fēng bō
P	风洞	fēng dòng
P	风派	fēng pài
P	风流	fēng liú
P	风浪	fēng làng
P	风涛	fēng tāo
P	风湿	fēng shī
P	风源	fēng yuán
P	风潮	fēng cháo
P	风灯	fēng dēng
P	风灾	fēng zāi
P	风烟	fēng yān
P	风物	fēng wù
P	风琴	fēng qín
P	风疹	fēng zhěn
P	风瘫	fēng tān
P	风磨	fēng mò
P	风神	fēng shén
P	风笛	fēng dí
P	风筝	fēng zhēng
P	风管	fēng guǎn
P	风箱	fēng xiāng
P	风纪	fēng jì
P	风能	fēng néng
P	风致	fēng zhì
P	风色	fēng sè
P	风范	fēng fàn
P	风蚀	fēng shí
P	风行	fēng xíng
P	风衣	fēng yī
P	风貌	fēng mào
P	风趣	fēng qù
P	风车	fēng chē
P	风轮	fēng lún
P	风速	fēng sù
P	风道	fēng dào
P	风邪	fēng xié
P	风采	fēng cǎi
P	风量	fēng liàng
P	风钻	fēng zuàn
P	风铃	fēng líng
P	风铲	fēng chǎn
P	风锤	fēng chuí
P	风镐	fēng hào
P	风镜	fēng jìng
P	风门	fēng mén
P	风闸	fēng zhá
P	风闻	fēng wén
P	风险	fēng xiǎn
P	风障	fēng zhàng
P	风雅	fēng yǎ
P	风雨	fēng yǔ
P	风雪	fēng xuě
P	风雷	fēng léi
P	风霜	fēng shuāng
P	风靡	fēng mǐ
P	风韵	fēng yùn
P	风骚	fēng sāo
P	风骨	fēng gǔ
P	风魔	fēng mó
P	风鸟	fēng niǎo
P	飓风	jù fēng
P	飘拂	piāo fú
P	飘散	piāo sàn
P	飘泊	piāo bó
P	飘洒	piāo sǎ
P	飘落	piāo luò
P	飘风	piāo fēng
P	飙车	biāo chē
P	飞临	fēi lín
P	飞地	fēi dì
P	飞奔	fēi bēn
P	飞弹	fēi dàn
P	飞散	fēi sàn
P	飞旋	fēi xuán
P	飞泻	fēi xiè
P	飞洒	fēi sǎ
P	飞涨	fēi zhǎng
P	飞溅	fēi jiàn
P	飞瀑	fēi pù
P	飞燕	fēi yàn
P	飞石	fēi shí
P	飞红	fēi hóng
P	飞落	fēi luò
P	飞蛾	fēi é
P	飞行	fēi xíng
P	飞语	fēi yǔ
P	飞赴	fēi fù
P	飞跑	fēi pǎo
P	飞车	fēi chē
P	飞转	fēi zhuàn
P	飞雨	fēi yǔ
P	飞驶	fēi shǐ
P	食人	shí rén
P	食具	shí jù
P	食口	shí kǒu
P	食品	shí pǐn
P	食堂	shí táng
P	食客	shí kè
P	食宿	shí sù
P	食性	shí xìng
P	食指	shí zhǐ
P	食料	shí liào
P	食槽	shí cáo
P	食欲	shí yù
P	食母	sì mǔ
P	食油	shí yóu
P	食物	shí wù
P	食用	shí yòng
P	食疗	shí liáo
P	食盐	shí yán
P	食盒	shí hé
P	食相	shí xiàng
P	食积	shí jī
P	食管	shí guǎn
P	食粮	shí liáng
P	食糖	shí táng
P	食肉	shí ròu
P	食言	shí yán
P	食谱	shí pǔ
P	食道	shí dào
P	食邑	shí yì
P	食量	shí liàng
P	食饵	shí ěr
P	餐位	cān wèi
P	餐券	cān quàn
P	餐车	cān chē
P	饥荒	jī huāng
P	饥饱	jī bǎo
P	饬令	chì lìng
P	饭勺	fàn sháo
P	饭囊	fàn náng
P	饭票	fàn piào
P	饭量	fàn liàng
P	饭铺	fàn pù
P	饭食	fàn shí
P	饮弹	yǐn dàn
P	饮片	yǐn piàn
P	饮食	yǐn shí
P	饯别	jiàn bié
P	饯行	jiàn xíng
P	饱和	bǎo hé
P	饱经	bǎo jīng
P	饱读	bǎo dú
P	饱食	bǎo shí
P	饵料	ěr liào
P	饶头	ráo tou
P	饶有	ráo yǒu
P	饸饹	hé le
P	饺子	jiǎo zi
P	饼干	bǐng gān
P	饼铛	bǐng chēng
P	饿虎	è hǔ
P	馄饨	hún tún
P	馆员	guǎn yuán
P	馆子	guǎn zi
P	馆所	guǎn suǒ
P	馆长	guǎn zhǎng
P	馋猫	chán māo
P	馏分	liú fèn
P	馒头	mán tou
P	首倡	shǒu chàng
P	首创	shǒu chuàng
P	首发	shǒu fā
P	首场	shǒu chǎng
P	首尾	shǒu wěi
P	首度	shǒu dù
P	首恶	shǒu è
P	首战	shǒu zhàn
P	首播	shǒu bō
P	首相	shǒu xiàng
P	首要	shǒu yào
P	首车	shǒu chē
P	首都	shǒu dū
P	首长	shǒu zhǎng
P	首飞	shǒu fēi
P	香会	xiāng huì
P	香囊	xiāng náng
P	香干	xiāng gān
P	香槟	xiāng bīn
P	香泽	xiāng zé
P	香港	xiāng gǎng
P	香片	xiāng piàn
P	香肚	xiāng dù
P	香臭	xiāng chòu
P	马上	mǎ shàng
P	马仔	mǎ zǎi
P	马刺	mǎ cì
P	马勃	mǎ bó
P	马勒	mǎ lè
P	马号	mǎ hào
P	马圈	mǎ juàn
P	马夫	mǎ fū
P	马头	mǎ tóu
P	马子	mǎ zi
P	马尾	mǎ yǐ
P	马尿	mǎ niào
P	马戏	mǎ xì
P	马扎	mǎ zhá
P	马术	mǎ shù
P	马车	mǎ chē
P	驯化	xùn huà
P	驯服	xùn fú
P	驱散	qū sàn
P	驱车	qū chē
P	驱迫	qū pò
P	驱邪	qū xié
P	驳倒	bó dǎo
P	驳论	bó lùn
P	驴子	lǘ zi
P	驻地	zhù dì
P	驻屯	zhù tún
P	驻扎	zhù zhā
P	驼背	tuó bèi
P	驾车	jià chē
P	驿卒	yì zú
P	骁将	xiāo jiàng
P	骄横	jiāo hèng
P	骄矜	jiāo jīn
P	骄纵	jiāo zòng
P	骈体	pián tǐ
P	骈枝	pián zhī
P	验放	yàn fàng
P	验查	yàn chá
P	验核	yàn hé
P	验照	yàn zhào
P	验看	yàn kàn
P	验票	yàn piào
P	验血	yàn xuè
P	骑乘	qí chéng
P	骑射	qí shè
P	骑缝	qí fèng
P	骗子	piàn zi
P	骗术	piàn shù
P	骚乱	sāo luàn
P	骚人	sāo rén
P	骚体	sāo tǐ
P	骚动	sāo dòng
P	骚客	sāo kè
P	骚扰	sāo rǎo
P	骚气	sāo qì
P	骚货	sāo huò
P	骠勇	piào yǒng
P	骠骑	piào qí
P	骡子	luó zi
P	骤增	zhòu zēng
P	骤起	zhòu qǐ
P	骤降	zhòu jiàng
P	骤雨	zhòu yǔ
P	骨刺	gǔ cì
P	骨力	gǔ lì
P	骨化	gǔ huà
P	骨头	gǔ tou
P	骨子	gǔ zi
P	骨学	gǔ xué
P	骨干	gǔ gàn
P	骨库	gǔ kù
P	骨折	gǔ zhé
P	骨料	gǔ liào
P	骨朵	gū duǒ
P	骨架	gǔ jià
P	骨殖	gǔ shi
P	骨气	gǔ qì
P	骨灰	gǔ huī
P	骨炭	gǔ tàn
P	骨牌	gǔ pái
P	骨痨	gǔ láo
P	骨盆	gǔ pén
P	骨碌	gū lù
P	骨科	gǔ kē
P	骨粉	gǔ fěn
P	骨肉	gǔ ròu
P	骨胶	gǔ jiāo
P	骨膜	gǔ mó
P	骨节	gǔ jié
P	骨董	gǔ dǒng
P	骨血	gǔ xuè
P	骨质	gǔ zhì
P	骨骼	gǔ gé
P	骨髓	gǔ suǐ
P	骨鲠	gǔ gěng
P	骰子	tóu zi
P	骶椎	dǐ zhuī
P	骶骨	dǐ gǔ
P	骸骨	hái gǔ
P	髋骨	kuān gǔ
P	髌骨	bìn gǔ
P	高个	gāo gè
P	高中	gāo zhōng
P	高丽	gāo lí
P	高价	gāo jià
P	高估	gāo gū
P	高兴	gāo xìng
P	高压	gāo yā
P	高参	gāo cān
P	高发	gāo fā
P	高台	gāo tái
P	高地	gāo dì
P	高坡	gāo pō
P	高处	gāo chù
P	高大	gāo dà
P	高崖	gāo yá
P	高差	gāo chà
P	高师	gāo shī
P	高干	gāo gàn
P	高度	gāo dù
P	高强	gāo qiáng
P	高挑	gāo tiǎo
P	高教	gāo jiào
P	高枝	gāo zhī
P	高校	gāo xiào
P	高汤	gāo tāng
P	高涨	gāo zhǎng
P	高看	gāo kàn
P	高着	gāo zhāo
P	高知	gāo zhī
P	高空	gāo kōng
P	高纯	gāo chún
P	高能	gāo néng
P	高腰	gāo yāo
P	高见	gāo jiàn
P	高论	gāo lùn
P	高调	gāo diào
P	高远	gāo yuǎn
P	高难	gāo nán
P	高领	gāo lǐng
P	高频	gāo pín
P	鬃刷	zōng shuā
P	鬈发	quán fà
P	鬈曲	quán qū
P	鬓发	bìn fà
P	鬓角	bìn jiǎo
P	鬼头	guǐ tóu
P	鬼混	guǐ hùn
P	魏阙	wèi què
P	魔头	mó tóu
P	魔女	mó nǚ
P	魔教	mó jiào
P	魔术	mó shù
P	魔爪	mó zhǎo
P	魔王	mó wáng
P	鱼刺	yú cì
P	鱼叉	yú chā
P	鱼头	yú tóu
P	鱼尾	yú wěi
P	鱼汤	yú tāng
P	鱼漂	yú piāo
P	鱼片	yú piàn
P	鱼种	yú zhǒng
P	鱼肚	yú dǔ
P	鱼鲜	yú xiān
P	鲑鱼	guī yú
P	鲜丽	xiān lì
P	鲜亮	xiān liàng
P	鲜卑	xiān bēi
P	鲜味	xiān wèi
P	鲜啤	xiān pí
P	鲜妍	xiān yán
P	鲜嫩	xiān nèn
P	鲜明	xiān míng
P	鲜有	xiǎn yǒu
P	鲜果	xiān guǒ
P	鲜活	xiān huó
P	鲜润	xiān rùn
P	鲜灵	xiān líng
P	鲜甜	xiān tián
P	鲜红	xiān hóng
P	鲜绿	xiān lǜ
P	鲜美	xiān měi
P	鲜肉	xiān ròu
P	鲜艳	xiān yàn
P	鲜花	xiān huā
P	鲜血	xiān xuè
P	鲜见	xiǎn jiàn
P	鲜货	xiān huò
P	鲜食	xiān shí
P	鲜鱼	xiān yú
P	鳇鱼	huáng yú
P	鳊鱼	biān yú
P	鳌头	áo tóu
P	鳏夫	guān fū
P	鳞爪	lín zhǎo
P	鳞片	lín piàn
P	鸟乱	niǎo luàn
P	鸟事	niǎo shì
P	鸟笼	niǎo lóng
P	鸟闹	diǎo nào
P	鸟雀	niǎo què
P	鸠尾	jiū wěi
P	鸡丁	jī dīng
P	鸡冠	jī guān
P	鸡头	jī tóu
P	鸡笼	jī lóng
P	鸡翅	jī chì
P	鸡肋	jī lèi
P	鸢尾	yuān wěi
P	鸣炮	míng pào
P	鸦片	yā piàn
P	鸩毒	zhèn dú
P	鸭子	yā zi
P	鸭肉	yā ròu
P	鸭肫	yā zhūn
P	鸱尾	chī wěi
P	鸽子	gē zi
P	鸽笼	gē lóng
P	鸿爪	hóng zhǎo
P	鸿蒙	hóng méng
P	鹄的	gǔ dì
P	鹅蛋	é dàn
P	鹰爪	yīng zhǎo
P	鹿尾	lù wěi
P	麦垛	mài duǒ
P	麦客	mài kè
P	麦片	mài piàn
P	麦粥	mài zhōu
P	麦蛾	mài é
P	麦角	mài jiǎo
P	麸子	fū zi
P	麻雀	má què
P	黄了	huáng le
P	黄叶	huáng yè
P	黄埔	huáng pǔ
P	黄沙	huáng shā
P	黄泥	huáng ní
P	黄灯	huáng dēng
P	黄疽	huáng jū
P	黄石	huáng shí
P	黄羊	huáng yáng
P	黄陂	huáng pí
P	黄雀	huáng què
P	黏度	nián dù
P	黏着	nián zhuó
P	黏糊	nián hú
P	黏结	nián jié
P	黑体	hēi tǐ
P	黑信	hēi xìn
P	黑发	hēi fà
P	黑地	hēi dì
P	黑头	hēi tóu
P	黑底	hēi dǐ
P	黑瘦	hēi shòu
P	黑种	hēi zhǒng
P	黑窝	hēi wō
P	黑红	hēi hóng
P	黑蛇	hēi shé
P	黑车	hēi chē
P	黑铅	hēi qiān
P	黑雨	hēi yǔ
P	黑面	hēi miàn
P	黑风	hēi fēng
P	黔南	qián nán
P	默契	mò qì
P	默片	mò piàn
P	默许	mò xǔ
P	默读	mò dú
P	黛绿	dài lǜ
P	黾勉	mǐn miǎn
P	鼎峙	dǐng zhì
P	鼎盛	dǐng shèng
P	鼓乐	gǔ yuè
P	鼓劲	gǔ jìn
P	鼓弄	gǔ nòng
P	鼓角	gǔ jiǎo
P	鼓风	gǔ fēng
P	鼠害	shǔ hài
P	鼠类	shǔ lèi
P	鼻塞	bí sè
P	鼻头	bí tóu
P	鼻子	bí zi
P	鼻血	bí xuè
P	齐人	qí rén
P	齐全	qí quán
P	齐发	qí fā
P	齐名	qí míng
P	齐唱	qí chàng
P	齐声	qí shēng
P	齐备	qí bèi
P	齐天	qí tiān
P	齐头	qí tóu
P	齐奏	qí zòu
P	齐家	qí jiā
P	齐射	qí shè
P	齐心	qí xīn
P	齐放	qí fàng
P	齐整	qí zhěng
P	齐明	qí míng
P	齐楚	qí chǔ
P	齐步	qí bù
P	齐眉	qí méi
P	齐肩	qí jiān
P	齐行	qí xíng
P	齐集	qí jí
P	齐齐	qí qí
P	齿冠	chǐ guān
P	齿条	chǐ tiáo
P	齿龈	chǐ yín
P	龇牙	zī yá
P	龙体	lóng tǐ
P	龙华	lóng huá
P	龙卷	lóng juǎn
P	龙头	lóng tóu
P	龙柏	lóng bǎi
P	龙王	lóng wáng
P	龙骨	lóng gǔ
P	龟兹	qiū cí
P	龟头	guī tóu
P	龟板	guī bǎn
P	龟甲	guī jiǎ
P	龟缩	guī suō
P	龟背	guī bèi
P	龟裂	jūn liè
P	龟鉴	guī jiàn
